tissue,m1,m2,delta,n_within,pair
CL:0000236,DNase-seq,ChIP-seq:H3K27ac,0.15299139086997782,6.0,ChIP-seq:H3K27ac x DNase-seq
CL:0000236,DNase-seq,ChIP-seq:H3K27me3,-0.06667818283212597,9.0,ChIP-seq:H3K27me3 x DNase-seq
CL:0000236,DNase-seq,ChIP-seq:H3K36me3,-0.0395800772482756,6.0,ChIP-seq:H3K36me3 x DNase-seq
CL:0000236,DNase-seq,ChIP-seq:H3K4me1,-0.017403996843023593,6.0,ChIP-seq:H3K4me1 x DNase-seq
CL:0000236,DNase-seq,ChIP-seq:H3K4me3,0.08570262508572271,12.0,ChIP-seq:H3K4me3 x DNase-seq
CL:0000236,DNase-seq,ChIP-seq:H3K9ac,0.11954669634501139,3.0,ChIP-seq:H3K9ac x DNase-seq
CL:0000236,DNase-seq,ChIP-seq:H3K9me3,-0.008252043551422387,9.0,ChIP-seq:H3K9me3 x DNase-seq
CL:0000236,DNase-seq,ChIP-seq:CTCF,0.10693488930756193,3.0,ChIP-seq:CTCF x DNase-seq
CL:0000236,DNase-seq,polyA plus RNA-seq,0.035226074386292,6.0,DNase-seq x polyA plus RNA-seq
CL:0000236,ChIP-seq:H3K27ac,DNase-seq,0.18809089765376208,6.0,ChIP-seq:H3K27ac x DNase-seq
CL:0000236,ChIP-seq:H3K27ac,ChIP-seq:H3K27me3,0.006272230511424184,6.0,ChIP-seq:H3K27ac x ChIP-seq:H3K27me3
CL:0000236,ChIP-seq:H3K27ac,ChIP-seq:H3K36me3,0.01426702112984405,4.0,ChIP-seq:H3K27ac x ChIP-seq:H3K36me3
CL:0000236,ChIP-seq:H3K27ac,ChIP-seq:H3K4me1,0.0644357335127768,4.0,ChIP-seq:H3K27ac x ChIP-seq:H3K4me1
CL:0000236,ChIP-seq:H3K27ac,ChIP-seq:H3K4me3,0.1993499589416216,8.0,ChIP-seq:H3K27ac x ChIP-seq:H3K4me3
CL:0000236,ChIP-seq:H3K27ac,ChIP-seq:H3K9ac,0.2086288547515869,2.0,ChIP-seq:H3K27ac x ChIP-seq:H3K9ac
CL:0000236,ChIP-seq:H3K27ac,ChIP-seq:H3K9me3,0.006459696685776729,6.0,ChIP-seq:H3K27ac x ChIP-seq:H3K9me3
CL:0000236,ChIP-seq:H3K27ac,ChIP-seq:CTCF,0.02444601515835186,2.0,ChIP-seq:CTCF x ChIP-seq:H3K27ac
CL:0000236,ChIP-seq:H3K27ac,polyA plus RNA-seq,0.03248717605982264,4.0,ChIP-seq:H3K27ac x polyA plus RNA-seq
CL:0000236,ChIP-seq:H3K27me3,DNase-seq,-0.06136960484260737,9.0,ChIP-seq:H3K27me3 x DNase-seq
CL:0000236,ChIP-seq:H3K27me3,ChIP-seq:H3K27ac,0.020754232694150002,6.0,ChIP-seq:H3K27ac x ChIP-seq:H3K27me3
CL:0000236,ChIP-seq:H3K27me3,ChIP-seq:H3K36me3,0.04045440248711399,6.0,ChIP-seq:H3K27me3 x ChIP-seq:H3K36me3
CL:0000236,ChIP-seq:H3K27me3,ChIP-seq:H3K4me1,0.13954464768234282,6.0,ChIP-seq:H3K27me3 x ChIP-seq:H3K4me1
CL:0000236,ChIP-seq:H3K27me3,ChIP-seq:H3K4me3,-0.01933636947435403,12.0,ChIP-seq:H3K27me3 x ChIP-seq:H3K4me3
CL:0000236,ChIP-seq:H3K27me3,ChIP-seq:H3K9ac,0.014871359070142108,3.0,ChIP-seq:H3K27me3 x ChIP-seq:H3K9ac
CL:0000236,ChIP-seq:H3K27me3,ChIP-seq:H3K9me3,0.12807872381698476,9.0,ChIP-seq:H3K27me3 x ChIP-seq:H3K9me3
CL:0000236,ChIP-seq:H3K27me3,ChIP-seq:CTCF,0.004558677849529675,3.0,ChIP-seq:CTCF x ChIP-seq:H3K27me3
CL:0000236,ChIP-seq:H3K27me3,polyA plus RNA-seq,-0.014718385984357926,6.0,ChIP-seq:H3K27me3 x polyA plus RNA-seq
CL:0000236,ChIP-seq:H3K36me3,DNase-seq,-0.049225575779143535,6.0,ChIP-seq:H3K36me3 x DNase-seq
CL:0000236,ChIP-seq:H3K36me3,ChIP-seq:H3K27ac,-0.009433487580614804,4.0,ChIP-seq:H3K27ac x ChIP-seq:H3K36me3
CL:0000236,ChIP-seq:H3K36me3,ChIP-seq:H3K27me3,0.034659104100589096,6.0,ChIP-seq:H3K27me3 x ChIP-seq:H3K36me3
CL:0000236,ChIP-seq:H3K36me3,ChIP-seq:H3K4me1,-0.008244903096572949,4.0,ChIP-seq:H3K36me3 x ChIP-seq:H3K4me1
CL:0000236,ChIP-seq:H3K36me3,ChIP-seq:H3K4me3,0.025557965743091868,8.0,ChIP-seq:H3K36me3 x ChIP-seq:H3K4me3
CL:0000236,ChIP-seq:H3K36me3,ChIP-seq:H3K9ac,0.053177273869514464,2.0,ChIP-seq:H3K36me3 x ChIP-seq:H3K9ac
CL:0000236,ChIP-seq:H3K36me3,ChIP-seq:H3K9me3,0.044732376207573143,6.0,ChIP-seq:H3K36me3 x ChIP-seq:H3K9me3
CL:0000236,ChIP-seq:H3K36me3,ChIP-seq:CTCF,-0.014654376702207442,2.0,ChIP-seq:CTCF x ChIP-seq:H3K36me3
CL:0000236,ChIP-seq:H3K36me3,polyA plus RNA-seq,-0.016390075741661306,4.0,ChIP-seq:H3K36me3 x polyA plus RNA-seq
CL:0000236,ChIP-seq:H3K4me1,DNase-seq,-0.01945545980634615,6.0,ChIP-seq:H3K4me1 x DNase-seq
CL:0000236,ChIP-seq:H3K4me1,ChIP-seq:H3K27ac,0.07315871309234488,4.0,ChIP-seq:H3K27ac x ChIP-seq:H3K4me1
CL:0000236,ChIP-seq:H3K4me1,ChIP-seq:H3K27me3,0.10046907951091899,6.0,ChIP-seq:H3K27me3 x ChIP-seq:H3K4me1
CL:0000236,ChIP-seq:H3K4me1,ChIP-seq:H3K36me3,0.0005151925697213094,4.0,ChIP-seq:H3K36me3 x ChIP-seq:H3K4me1
CL:0000236,ChIP-seq:H3K4me1,ChIP-seq:H3K4me3,-0.11144896737247142,8.0,ChIP-seq:H3K4me1 x ChIP-seq:H3K4me3
CL:0000236,ChIP-seq:H3K4me1,ChIP-seq:H3K9ac,0.00025671303272247273,2.0,ChIP-seq:H3K4me1 x ChIP-seq:H3K9ac
CL:0000236,ChIP-seq:H3K4me1,ChIP-seq:H3K9me3,0.06457927276132705,6.0,ChIP-seq:H3K4me1 x ChIP-seq:H3K9me3
CL:0000236,ChIP-seq:H3K4me1,ChIP-seq:CTCF,0.030026438312148147,2.0,ChIP-seq:CTCF x ChIP-seq:H3K4me1
CL:0000236,ChIP-seq:H3K4me1,polyA plus RNA-seq,0.00040062221786524993,4.0,ChIP-seq:H3K4me1 x polyA plus RNA-seq
CL:0000236,ChIP-seq:H3K4me3,DNase-seq,0.08335403709140549,12.0,ChIP-seq:H3K4me3 x DNase-seq
CL:0000236,ChIP-seq:H3K4me3,ChIP-seq:H3K27ac,0.13244672961857007,8.0,ChIP-seq:H3K27ac x ChIP-seq:H3K4me3
CL:0000236,ChIP-seq:H3K4me3,ChIP-seq:H3K27me3,-0.011836575494072904,12.0,ChIP-seq:H3K27me3 x ChIP-seq:H3K4me3
CL:0000236,ChIP-seq:H3K4me3,ChIP-seq:H3K36me3,0.07070997440152699,8.0,ChIP-seq:H3K36me3 x ChIP-seq:H3K4me3
CL:0000236,ChIP-seq:H3K4me3,ChIP-seq:H3K4me1,-0.08799054888916798,8.0,ChIP-seq:H3K4me1 x ChIP-seq:H3K4me3
CL:0000236,ChIP-seq:H3K4me3,ChIP-seq:H3K9ac,0.560165159702301,4.0,ChIP-seq:H3K4me3 x ChIP-seq:H3K9ac
CL:0000236,ChIP-seq:H3K4me3,ChIP-seq:H3K9me3,0.005603126330433712,12.0,ChIP-seq:H3K4me3 x ChIP-seq:H3K9me3
CL:0000236,ChIP-seq:H3K4me3,ChIP-seq:CTCF,0.030466771350716647,4.0,ChIP-seq:CTCF x ChIP-seq:H3K4me3
CL:0000236,ChIP-seq:H3K4me3,polyA plus RNA-seq,0.007042221543525899,8.0,ChIP-seq:H3K4me3 x polyA plus RNA-seq
CL:0000236,ChIP-seq:H3K79me2,DNase-seq,-0.0595455099599922,3.0,ChIP-seq:H3K79me2 x DNase-seq
CL:0000236,ChIP-seq:H3K79me2,ChIP-seq:H3K27ac,-0.019605762284734977,2.0,ChIP-seq:H3K27ac x ChIP-seq:H3K79me2
CL:0000236,ChIP-seq:H3K79me2,ChIP-seq:H3K27me3,-0.06140090970472358,3.0,ChIP-seq:H3K27me3 x ChIP-seq:H3K79me2
CL:0000236,ChIP-seq:H3K79me2,ChIP-seq:H3K36me3,0.1132040711307021,2.0,ChIP-seq:H3K36me3 x ChIP-seq:H3K79me2
CL:0000236,ChIP-seq:H3K79me2,ChIP-seq:H3K4me1,0.14278562277392612,2.0,ChIP-seq:H3K4me1 x ChIP-seq:H3K79me2
CL:0000236,ChIP-seq:H3K79me2,ChIP-seq:H3K4me3,0.04507049861943947,4.0,ChIP-seq:H3K4me3 x ChIP-seq:H3K79me2
CL:0000236,ChIP-seq:H3K79me2,ChIP-seq:H3K9ac,0.05094381362199783,1.0,ChIP-seq:H3K79me2 x ChIP-seq:H3K9ac
CL:0000236,ChIP-seq:H3K79me2,ChIP-seq:H3K9me3,0.01039771004562521,3.0,ChIP-seq:H3K79me2 x ChIP-seq:H3K9me3
CL:0000236,ChIP-seq:H3K79me2,ChIP-seq:CTCF,-0.017845443977078178,1.0,ChIP-seq:CTCF x ChIP-seq:H3K79me2
CL:0000236,ChIP-seq:H3K79me2,polyA plus RNA-seq,-0.03471145271603819,2.0,ChIP-seq:H3K79me2 x polyA plus RNA-seq
CL:0000236,ChIP-seq:H3K9ac,DNase-seq,0.07965967821520428,3.0,ChIP-seq:H3K9ac x DNase-seq
CL:0000236,ChIP-seq:H3K9ac,ChIP-seq:H3K27ac,0.18283393072045367,2.0,ChIP-seq:H3K27ac x ChIP-seq:H3K9ac
CL:0000236,ChIP-seq:H3K9ac,ChIP-seq:H3K27me3,0.014958264670152772,3.0,ChIP-seq:H3K27me3 x ChIP-seq:H3K9ac
CL:0000236,ChIP-seq:H3K9ac,ChIP-seq:H3K36me3,0.08217443431180621,2.0,ChIP-seq:H3K36me3 x ChIP-seq:H3K9ac
CL:0000236,ChIP-seq:H3K9ac,ChIP-seq:H3K4me1,0.0046172258469576385,2.0,ChIP-seq:H3K4me1 x ChIP-seq:H3K9ac
CL:0000236,ChIP-seq:H3K9ac,ChIP-seq:H3K4me3,0.46576882870692127,4.0,ChIP-seq:H3K4me3 x ChIP-seq:H3K9ac
CL:0000236,ChIP-seq:H3K9ac,ChIP-seq:H3K9me3,0.002111464738845825,3.0,ChIP-seq:H3K9ac x ChIP-seq:H3K9me3
CL:0000236,ChIP-seq:H3K9ac,ChIP-seq:CTCF,0.05582095654505604,1.0,ChIP-seq:CTCF x ChIP-seq:H3K9ac
CL:0000236,ChIP-seq:H3K9ac,polyA plus RNA-seq,0.0009518698242127407,2.0,ChIP-seq:H3K9ac x polyA plus RNA-seq
CL:0000236,ChIP-seq:H3K9me3,DNase-seq,-0.02739311086012309,9.0,ChIP-seq:H3K9me3 x DNase-seq
CL:0000236,ChIP-seq:H3K9me3,ChIP-seq:H3K27ac,-0.00025006283390842723,6.0,ChIP-seq:H3K27ac x ChIP-seq:H3K9me3
CL:0000236,ChIP-seq:H3K9me3,ChIP-seq:H3K27me3,0.10415518238169937,9.0,ChIP-seq:H3K27me3 x ChIP-seq:H3K9me3
CL:0000236,ChIP-seq:H3K9me3,ChIP-seq:H3K36me3,0.07467684218071967,6.0,ChIP-seq:H3K36me3 x ChIP-seq:H3K9me3
CL:0000236,ChIP-seq:H3K9me3,ChIP-seq:H3K4me1,0.07179247041000478,6.0,ChIP-seq:H3K4me1 x ChIP-seq:H3K9me3
CL:0000236,ChIP-seq:H3K9me3,ChIP-seq:H3K4me3,-0.0029014549305978812,12.0,ChIP-seq:H3K4me3 x ChIP-seq:H3K9me3
CL:0000236,ChIP-seq:H3K9me3,ChIP-seq:H3K9ac,0.016693512201309203,3.0,ChIP-seq:H3K9ac x ChIP-seq:H3K9me3
CL:0000236,ChIP-seq:H3K9me3,ChIP-seq:CTCF,-0.0023391722883068546,3.0,ChIP-seq:CTCF x ChIP-seq:H3K9me3
CL:0000236,ChIP-seq:H3K9me3,polyA plus RNA-seq,-0.009438406928676361,6.0,ChIP-seq:H3K9me3 x polyA plus RNA-seq
CL:0000236,ChIP-seq:CTCF,DNase-seq,0.14651725828185563,3.0,ChIP-seq:CTCF x DNase-seq
CL:0000236,ChIP-seq:CTCF,ChIP-seq:H3K27ac,0.009631752898419124,2.0,ChIP-seq:CTCF x ChIP-seq:H3K27ac
CL:0000236,ChIP-seq:CTCF,ChIP-seq:H3K27me3,-0.0077380368421817655,3.0,ChIP-seq:CTCF x ChIP-seq:H3K27me3
CL:0000236,ChIP-seq:CTCF,ChIP-seq:H3K36me3,0.0016506535528355813,2.0,ChIP-seq:CTCF x ChIP-seq:H3K36me3
CL:0000236,ChIP-seq:CTCF,ChIP-seq:H3K4me1,0.021128923861218278,2.0,ChIP-seq:CTCF x ChIP-seq:H3K4me1
CL:0000236,ChIP-seq:CTCF,ChIP-seq:H3K4me3,0.028714286831190004,4.0,ChIP-seq:CTCF x ChIP-seq:H3K4me3
CL:0000236,ChIP-seq:CTCF,ChIP-seq:H3K9ac,0.0448474383354187,1.0,ChIP-seq:CTCF x ChIP-seq:H3K9ac
CL:0000236,ChIP-seq:CTCF,ChIP-seq:H3K9me3,0.01272937800553854,3.0,ChIP-seq:CTCF x ChIP-seq:H3K9me3
CL:0000236,ChIP-seq:CTCF,polyA plus RNA-seq,0.00994011600979505,2.0,ChIP-seq:CTCF x polyA plus RNA-seq
CL:0000236,polyA plus RNA-seq,DNase-seq,0.028138625664150377,6.0,DNase-seq x polyA plus RNA-seq
CL:0000236,polyA plus RNA-seq,ChIP-seq:H3K27ac,0.02614685453428245,4.0,ChIP-seq:H3K27ac x polyA plus RNA-seq
CL:0000236,polyA plus RNA-seq,ChIP-seq:H3K27me3,-0.028476510411021352,6.0,ChIP-seq:H3K27me3 x polyA plus RNA-seq
CL:0000236,polyA plus RNA-seq,ChIP-seq:H3K36me3,0.01000678965023586,4.0,ChIP-seq:H3K36me3 x polyA plus RNA-seq
CL:0000236,polyA plus RNA-seq,ChIP-seq:H3K4me1,0.0027339350269303293,4.0,ChIP-seq:H3K4me1 x polyA plus RNA-seq
CL:0000236,polyA plus RNA-seq,ChIP-seq:H3K4me3,0.007035653335305883,8.0,ChIP-seq:H3K4me3 x polyA plus RNA-seq
CL:0000236,polyA plus RNA-seq,ChIP-seq:H3K9ac,0.0022710448503494296,2.0,ChIP-seq:H3K9ac x polyA plus RNA-seq
CL:0000236,polyA plus RNA-seq,ChIP-seq:H3K9me3,-0.013202242357900526,6.0,ChIP-seq:H3K9me3 x polyA plus RNA-seq
CL:0000236,polyA plus RNA-seq,ChIP-seq:CTCF,-0.0036041685116459735,2.0,ChIP-seq:CTCF x polyA plus RNA-seq
CL:0001054,DNase-seq,ChIP-seq:H3K27ac,0.07838150433131627,10.0,ChIP-seq:H3K27ac x DNase-seq
CL:0001054,DNase-seq,ChIP-seq:H3K27me3,-0.046503397788124526,15.0,ChIP-seq:H3K27me3 x DNase-seq
CL:0001054,DNase-seq,ChIP-seq:H3K36me3,-0.04924189672268257,10.0,ChIP-seq:H3K36me3 x DNase-seq
CL:0001054,DNase-seq,ChIP-seq:H3K4me1,-0.15199359446926847,10.0,ChIP-seq:H3K4me1 x DNase-seq
CL:0001054,DNase-seq,ChIP-seq:H3K4me3,-0.018413139285056244,15.0,ChIP-seq:H3K4me3 x DNase-seq
CL:0001054,DNase-seq,ChIP-seq:H3K9ac,0.05362758541107177,5.0,ChIP-seq:H3K9ac x DNase-seq
CL:0001054,DNase-seq,ChIP-seq:H3K9me3,-0.021295291202028367,10.0,ChIP-seq:H3K9me3 x DNase-seq
CL:0001054,DNase-seq,ChIP-seq:CTCF,0.02719123194802482,5.0,ChIP-seq:CTCF x DNase-seq
CL:0001054,DNase-seq,polyA plus RNA-seq,0.014265738436327731,40.0,DNase-seq x polyA plus RNA-seq
CL:0001054,ChIP-seq:H3K27ac,DNase-seq,0.03019928189067099,10.0,ChIP-seq:H3K27ac x DNase-seq
CL:0001054,ChIP-seq:H3K27ac,ChIP-seq:H3K27me3,-0.07193663887593937,6.0,ChIP-seq:H3K27ac x ChIP-seq:H3K27me3
CL:0001054,ChIP-seq:H3K27ac,ChIP-seq:H3K36me3,-0.020898229267605872,4.0,ChIP-seq:H3K27ac x ChIP-seq:H3K36me3
CL:0001054,ChIP-seq:H3K27ac,ChIP-seq:H3K4me1,0.2242619698164893,4.0,ChIP-seq:H3K27ac x ChIP-seq:H3K4me1
CL:0001054,ChIP-seq:H3K27ac,ChIP-seq:H3K4me3,0.20726909771771496,6.0,ChIP-seq:H3K27ac x ChIP-seq:H3K4me3
CL:0001054,ChIP-seq:H3K27ac,ChIP-seq:H3K9ac,0.4203803586959839,2.0,ChIP-seq:H3K27ac x ChIP-seq:H3K9ac
CL:0001054,ChIP-seq:H3K27ac,ChIP-seq:H3K9me3,-0.017850069022170324,4.0,ChIP-seq:H3K27ac x ChIP-seq:H3K9me3
CL:0001054,ChIP-seq:H3K27ac,ChIP-seq:CTCF,0.01803820053080343,2.0,ChIP-seq:CTCF x ChIP-seq:H3K27ac
CL:0001054,ChIP-seq:H3K27ac,polyA plus RNA-seq,0.06727205043110138,16.0,ChIP-seq:H3K27ac x polyA plus RNA-seq
CL:0001054,ChIP-seq:H3K27me3,DNase-seq,-0.04281939087492047,15.0,ChIP-seq:H3K27me3 x DNase-seq
CL:0001054,ChIP-seq:H3K27me3,ChIP-seq:H3K27ac,-0.05020965034176844,6.0,ChIP-seq:H3K27ac x ChIP-seq:H3K27me3
CL:0001054,ChIP-seq:H3K27me3,ChIP-seq:H3K36me3,-0.004090352637637441,6.0,ChIP-seq:H3K27me3 x ChIP-seq:H3K36me3
CL:0001054,ChIP-seq:H3K27me3,ChIP-seq:H3K4me1,-0.06703622905174457,6.0,ChIP-seq:H3K27me3 x ChIP-seq:H3K4me1
CL:0001054,ChIP-seq:H3K27me3,ChIP-seq:H3K4me3,-0.04837489519880411,9.0,ChIP-seq:H3K27me3 x ChIP-seq:H3K4me3
CL:0001054,ChIP-seq:H3K27me3,ChIP-seq:H3K9ac,-0.041959863702456156,3.0,ChIP-seq:H3K27me3 x ChIP-seq:H3K9ac
CL:0001054,ChIP-seq:H3K27me3,ChIP-seq:H3K9me3,0.1374213657787614,6.0,ChIP-seq:H3K27me3 x ChIP-seq:H3K9me3
CL:0001054,ChIP-seq:H3K27me3,ChIP-seq:CTCF,-0.021464223522435193,3.0,ChIP-seq:CTCF x ChIP-seq:H3K27me3
CL:0001054,ChIP-seq:H3K27me3,polyA plus RNA-seq,-0.033440243890843886,24.0,ChIP-seq:H3K27me3 x polyA plus RNA-seq
CL:0001054,ChIP-seq:H3K36me3,DNase-seq,-0.03891320336948741,10.0,ChIP-seq:H3K36me3 x DNase-seq
CL:0001054,ChIP-seq:H3K36me3,ChIP-seq:H3K27ac,-0.00787170266917681,4.0,ChIP-seq:H3K27ac x ChIP-seq:H3K36me3
CL:0001054,ChIP-seq:H3K36me3,ChIP-seq:H3K27me3,0.014371371646037046,6.0,ChIP-seq:H3K27me3 x ChIP-seq:H3K36me3
CL:0001054,ChIP-seq:H3K36me3,ChIP-seq:H3K4me1,-0.03897808579717829,4.0,ChIP-seq:H3K36me3 x ChIP-seq:H3K4me1
CL:0001054,ChIP-seq:H3K36me3,ChIP-seq:H3K4me3,-0.0007882948632531323,6.0,ChIP-seq:H3K36me3 x ChIP-seq:H3K4me3
CL:0001054,ChIP-seq:H3K36me3,ChIP-seq:H3K9ac,-0.033283730894327165,2.0,ChIP-seq:H3K36me3 x ChIP-seq:H3K9ac
CL:0001054,ChIP-seq:H3K36me3,ChIP-seq:H3K9me3,0.040776817617136675,4.0,ChIP-seq:H3K36me3 x ChIP-seq:H3K9me3
CL:0001054,ChIP-seq:H3K36me3,ChIP-seq:CTCF,-0.027105870463375776,2.0,ChIP-seq:CTCF x ChIP-seq:H3K36me3
CL:0001054,ChIP-seq:H3K36me3,polyA plus RNA-seq,0.05736602208530937,16.0,ChIP-seq:H3K36me3 x polyA plus RNA-seq
CL:0001054,ChIP-seq:H3K4me1,DNase-seq,-0.16656165339730003,10.0,ChIP-seq:H3K4me1 x DNase-seq
CL:0001054,ChIP-seq:H3K4me1,ChIP-seq:H3K27ac,0.2120936501840627,4.0,ChIP-seq:H3K27ac x ChIP-seq:H3K4me1
CL:0001054,ChIP-seq:H3K4me1,ChIP-seq:H3K27me3,-0.0334641551491858,6.0,ChIP-seq:H3K27me3 x ChIP-seq:H3K4me1
CL:0001054,ChIP-seq:H3K4me1,ChIP-seq:H3K36me3,-0.0314650107667875,4.0,ChIP-seq:H3K36me3 x ChIP-seq:H3K4me1
CL:0001054,ChIP-seq:H3K4me1,ChIP-seq:H3K4me3,-0.004272097083324558,6.0,ChIP-seq:H3K4me1 x ChIP-seq:H3K4me3
CL:0001054,ChIP-seq:H3K4me1,ChIP-seq:H3K9ac,0.021158295720815658,2.0,ChIP-seq:H3K4me1 x ChIP-seq:H3K9ac
CL:0001054,ChIP-seq:H3K4me1,ChIP-seq:H3K9me3,-0.023051127708158013,4.0,ChIP-seq:H3K4me1 x ChIP-seq:H3K9me3
CL:0001054,ChIP-seq:H3K4me1,ChIP-seq:CTCF,0.00035695826529331953,2.0,ChIP-seq:CTCF x ChIP-seq:H3K4me1
CL:0001054,ChIP-seq:H3K4me1,polyA plus RNA-seq,0.04828710643351947,16.0,ChIP-seq:H3K4me1 x polyA plus RNA-seq
CL:0001054,ChIP-seq:H3K4me3,DNase-seq,-0.05526670325886119,15.0,ChIP-seq:H3K4me3 x DNase-seq
CL:0001054,ChIP-seq:H3K4me3,ChIP-seq:H3K27ac,0.18348416926697914,6.0,ChIP-seq:H3K27ac x ChIP-seq:H3K4me3
CL:0001054,ChIP-seq:H3K4me3,ChIP-seq:H3K27me3,-0.03964798614896577,9.0,ChIP-seq:H3K27me3 x ChIP-seq:H3K4me3
CL:0001054,ChIP-seq:H3K4me3,ChIP-seq:H3K36me3,-0.021366331759163523,6.0,ChIP-seq:H3K36me3 x ChIP-seq:H3K4me3
CL:0001054,ChIP-seq:H3K4me3,ChIP-seq:H3K4me1,0.019464081370412542,6.0,ChIP-seq:H3K4me1 x ChIP-seq:H3K4me3
CL:0001054,ChIP-seq:H3K4me3,ChIP-seq:H3K9ac,0.30060531139373775,3.0,ChIP-seq:H3K4me3 x ChIP-seq:H3K9ac
CL:0001054,ChIP-seq:H3K4me3,ChIP-seq:H3K9me3,-0.0038379472394229315,6.0,ChIP-seq:H3K4me3 x ChIP-seq:H3K9me3
CL:0001054,ChIP-seq:H3K4me3,ChIP-seq:CTCF,0.013944586446075317,3.0,ChIP-seq:CTCF x ChIP-seq:H3K4me3
CL:0001054,ChIP-seq:H3K4me3,polyA plus RNA-seq,0.048088262594360186,24.0,ChIP-seq:H3K4me3 x polyA plus RNA-seq
CL:0001054,ChIP-seq:H3K79me2,DNase-seq,-0.06275513663694456,5.0,ChIP-seq:H3K79me2 x DNase-seq
CL:0001054,ChIP-seq:H3K79me2,ChIP-seq:H3K27ac,0.0019945356046190896,2.0,ChIP-seq:H3K27ac x ChIP-seq:H3K79me2
CL:0001054,ChIP-seq:H3K79me2,ChIP-seq:H3K27me3,-0.034041588847664575,3.0,ChIP-seq:H3K27me3 x ChIP-seq:H3K79me2
CL:0001054,ChIP-seq:H3K79me2,ChIP-seq:H3K36me3,-0.014253603540873398,2.0,ChIP-seq:H3K36me3 x ChIP-seq:H3K79me2
CL:0001054,ChIP-seq:H3K79me2,ChIP-seq:H3K4me1,0.10984771759783635,2.0,ChIP-seq:H3K4me1 x ChIP-seq:H3K79me2
CL:0001054,ChIP-seq:H3K79me2,ChIP-seq:H3K4me3,0.058642344295698715,3.0,ChIP-seq:H3K4me3 x ChIP-seq:H3K79me2
CL:0001054,ChIP-seq:H3K79me2,ChIP-seq:H3K9ac,0.002129311561584468,1.0,ChIP-seq:H3K79me2 x ChIP-seq:H3K9ac
CL:0001054,ChIP-seq:H3K79me2,ChIP-seq:H3K9me3,-0.021173553406026776,2.0,ChIP-seq:H3K79me2 x ChIP-seq:H3K9me3
CL:0001054,ChIP-seq:H3K79me2,ChIP-seq:CTCF,-0.024870334368831706,1.0,ChIP-seq:CTCF x ChIP-seq:H3K79me2
CL:0001054,ChIP-seq:H3K79me2,polyA plus RNA-seq,0.037825109073267735,8.0,ChIP-seq:H3K79me2 x polyA plus RNA-seq
CL:0001054,ChIP-seq:H3K9ac,DNase-seq,-0.011690104162538212,5.0,ChIP-seq:H3K9ac x DNase-seq
CL:0001054,ChIP-seq:H3K9ac,ChIP-seq:H3K27ac,0.31235327261575263,2.0,ChIP-seq:H3K27ac x ChIP-seq:H3K9ac
CL:0001054,ChIP-seq:H3K9ac,ChIP-seq:H3K27me3,-0.050312337347830846,3.0,ChIP-seq:H3K27me3 x ChIP-seq:H3K9ac
CL:0001054,ChIP-seq:H3K9ac,ChIP-seq:H3K36me3,-0.042440213657245436,2.0,ChIP-seq:H3K36me3 x ChIP-seq:H3K9ac
CL:0001054,ChIP-seq:H3K9ac,ChIP-seq:H3K4me1,0.030866135848187357,2.0,ChIP-seq:H3K4me1 x ChIP-seq:H3K9ac
CL:0001054,ChIP-seq:H3K9ac,ChIP-seq:H3K4me3,0.2263809005979081,3.0,ChIP-seq:H3K4me3 x ChIP-seq:H3K9ac
CL:0001054,ChIP-seq:H3K9ac,ChIP-seq:H3K9me3,-0.0908571514170929,2.0,ChIP-seq:H3K9ac x ChIP-seq:H3K9me3
CL:0001054,ChIP-seq:H3K9ac,ChIP-seq:CTCF,0.037632462972739956,1.0,ChIP-seq:CTCF x ChIP-seq:H3K9ac
CL:0001054,ChIP-seq:H3K9ac,polyA plus RNA-seq,0.05425128193012827,8.0,ChIP-seq:H3K9ac x polyA plus RNA-seq
CL:0001054,ChIP-seq:H3K9me3,DNase-seq,-0.020636728251135193,10.0,ChIP-seq:H3K9me3 x DNase-seq
CL:0001054,ChIP-seq:H3K9me3,ChIP-seq:H3K27ac,-0.017009239603319893,4.0,ChIP-seq:H3K27ac x ChIP-seq:H3K9me3
CL:0001054,ChIP-seq:H3K9me3,ChIP-seq:H3K27me3,0.11877373854319254,6.0,ChIP-seq:H3K27me3 x ChIP-seq:H3K9me3
CL:0001054,ChIP-seq:H3K9me3,ChIP-seq:H3K36me3,0.04035646626085201,4.0,ChIP-seq:H3K36me3 x ChIP-seq:H3K9me3
CL:0001054,ChIP-seq:H3K9me3,ChIP-seq:H3K4me1,-0.02611419900518949,4.0,ChIP-seq:H3K4me1 x ChIP-seq:H3K9me3
CL:0001054,ChIP-seq:H3K9me3,ChIP-seq:H3K4me3,-0.001658952152225334,6.0,ChIP-seq:H3K4me3 x ChIP-seq:H3K9me3
CL:0001054,ChIP-seq:H3K9me3,ChIP-seq:H3K9ac,-0.09151132762432099,2.0,ChIP-seq:H3K9ac x ChIP-seq:H3K9me3
CL:0001054,ChIP-seq:H3K9me3,ChIP-seq:CTCF,0.009346353276720586,2.0,ChIP-seq:CTCF x ChIP-seq:H3K9me3
CL:0001054,ChIP-seq:H3K9me3,polyA plus RNA-seq,-0.02292447310190854,16.0,ChIP-seq:H3K9me3 x polyA plus RNA-seq
CL:0001054,ChIP-seq:CTCF,DNase-seq,0.006141385552170989,5.0,ChIP-seq:CTCF x DNase-seq
CL:0001054,ChIP-seq:CTCF,ChIP-seq:H3K27ac,-0.012208311940016953,2.0,ChIP-seq:CTCF x ChIP-seq:H3K27ac
CL:0001054,ChIP-seq:CTCF,ChIP-seq:H3K27me3,-0.029923361180157496,3.0,ChIP-seq:CTCF x ChIP-seq:H3K27me3
CL:0001054,ChIP-seq:CTCF,ChIP-seq:H3K36me3,-0.03919010560112025,2.0,ChIP-seq:CTCF x ChIP-seq:H3K36me3
CL:0001054,ChIP-seq:CTCF,ChIP-seq:H3K4me1,-0.0227571906511738,2.0,ChIP-seq:CTCF x ChIP-seq:H3K4me1
CL:0001054,ChIP-seq:CTCF,ChIP-seq:H3K4me3,-0.0032252124707463775,3.0,ChIP-seq:CTCF x ChIP-seq:H3K4me3
CL:0001054,ChIP-seq:CTCF,ChIP-seq:H3K9ac,-0.010872661173343665,1.0,ChIP-seq:CTCF x ChIP-seq:H3K9ac
CL:0001054,ChIP-seq:CTCF,ChIP-seq:H3K9me3,0.0018902078853639138,2.0,ChIP-seq:CTCF x ChIP-seq:H3K9me3
CL:0001054,ChIP-seq:CTCF,polyA plus RNA-seq,0.0011907018878586787,8.0,ChIP-seq:CTCF x polyA plus RNA-seq
CL:0001054,polyA plus RNA-seq,DNase-seq,0.010579518625488529,40.0,DNase-seq x polyA plus RNA-seq
CL:0001054,polyA plus RNA-seq,ChIP-seq:H3K27ac,0.06424905637406414,16.0,ChIP-seq:H3K27ac x polyA plus RNA-seq
CL:0001054,polyA plus RNA-seq,ChIP-seq:H3K27me3,-0.0231520331454003,24.0,ChIP-seq:H3K27me3 x polyA plus RNA-seq
CL:0001054,polyA plus RNA-seq,ChIP-seq:H3K36me3,0.0801693345346148,16.0,ChIP-seq:H3K36me3 x polyA plus RNA-seq
CL:0001054,polyA plus RNA-seq,ChIP-seq:H3K4me1,0.054750457691038895,16.0,ChIP-seq:H3K4me1 x polyA plus RNA-seq
CL:0001054,polyA plus RNA-seq,ChIP-seq:H3K4me3,0.03374680568914458,24.0,ChIP-seq:H3K4me3 x polyA plus RNA-seq
CL:0001054,polyA plus RNA-seq,ChIP-seq:H3K9ac,0.06024145603179932,8.0,ChIP-seq:H3K9ac x polyA plus RNA-seq
CL:0001054,polyA plus RNA-seq,ChIP-seq:H3K9me3,-0.023360196875626814,16.0,ChIP-seq:H3K9me3 x polyA plus RNA-seq
CL:0001054,polyA plus RNA-seq,ChIP-seq:CTCF,-0.004095028752004201,8.0,ChIP-seq:CTCF x polyA plus RNA-seq
CL:0000792,DNase-seq,ChIP-seq:H3K27ac,0.18706955218020782,2.0,ChIP-seq:H3K27ac x DNase-seq
CL:0000792,DNase-seq,ChIP-seq:H3K27me3,-0.05127747855016163,4.0,ChIP-seq:H3K27me3 x DNase-seq
CL:0000792,DNase-seq,ChIP-seq:H3K36me3,-0.039352453910011465,4.0,ChIP-seq:H3K36me3 x DNase-seq
CL:0000792,DNase-seq,ChIP-seq:H3K4me1,0.06103024777510892,2.0,ChIP-seq:H3K4me1 x DNase-seq
CL:0000792,DNase-seq,ChIP-seq:H3K4me3,0.13297856230045035,4.0,ChIP-seq:H3K4me3 x DNase-seq
CL:0000792,DNase-seq,ChIP-seq:H3K9me3,-0.04024130622101896,4.0,ChIP-seq:H3K9me3 x DNase-seq
CL:0000792,DNase-seq,polyA plus RNA-seq,0.03264326302037723,12.0,DNase-seq x polyA plus RNA-seq
CL:0000792,ChIP-seq:H3K27ac,DNase-seq,0.13166603169490382,2.0,ChIP-seq:H3K27ac x DNase-seq
CL:0000792,ChIP-seq:H3K27ac,ChIP-seq:H3K27me3,-0.06968087911605834,2.0,ChIP-seq:H3K27ac x ChIP-seq:H3K27me3
CL:0000792,ChIP-seq:H3K27ac,ChIP-seq:H3K36me3,0.027249758225427103,2.0,ChIP-seq:H3K27ac x ChIP-seq:H3K36me3
CL:0000792,ChIP-seq:H3K27ac,ChIP-seq:H3K4me1,0.06646080088356267,1.0,ChIP-seq:H3K27ac x ChIP-seq:H3K4me1
CL:0000792,ChIP-seq:H3K27ac,ChIP-seq:H3K4me3,0.16369624171301583,2.0,ChIP-seq:H3K27ac x ChIP-seq:H3K4me3
CL:0000792,ChIP-seq:H3K27ac,ChIP-seq:H3K9me3,-0.011012021140013328,2.0,ChIP-seq:H3K27ac x ChIP-seq:H3K9me3
CL:0000792,ChIP-seq:H3K27ac,polyA plus RNA-seq,0.05294227643289427,6.0,ChIP-seq:H3K27ac x polyA plus RNA-seq
CL:0000792,ChIP-seq:H3K27me3,DNase-seq,-0.042879591667160544,4.0,ChIP-seq:H3K27me3 x DNase-seq
CL:0000792,ChIP-seq:H3K27me3,ChIP-seq:H3K27ac,-0.06975509741424042,2.0,ChIP-seq:H3K27ac x ChIP-seq:H3K27me3
CL:0000792,ChIP-seq:H3K27me3,ChIP-seq:H3K36me3,0.05082292421154244,4.0,ChIP-seq:H3K27me3 x ChIP-seq:H3K36me3
CL:0000792,ChIP-seq:H3K27me3,ChIP-seq:H3K4me1,-0.005054514126285263,2.0,ChIP-seq:H3K27me3 x ChIP-seq:H3K4me1
CL:0000792,ChIP-seq:H3K27me3,ChIP-seq:H3K4me3,-0.02870513665898938,4.0,ChIP-seq:H3K27me3 x ChIP-seq:H3K4me3
CL:0000792,ChIP-seq:H3K27me3,ChIP-seq:H3K9me3,0.11005930111394914,4.0,ChIP-seq:H3K27me3 x ChIP-seq:H3K9me3
CL:0000792,ChIP-seq:H3K27me3,polyA plus RNA-seq,-0.027721326031546666,12.0,ChIP-seq:H3K27me3 x polyA plus RNA-seq
CL:0000792,ChIP-seq:H3K36me3,DNase-seq,-0.044186328067300246,4.0,ChIP-seq:H3K36me3 x DNase-seq
CL:0000792,ChIP-seq:H3K36me3,ChIP-seq:H3K27ac,-0.018755890475011167,2.0,ChIP-seq:H3K27ac x ChIP-seq:H3K36me3
CL:0000792,ChIP-seq:H3K36me3,ChIP-seq:H3K27me3,0.057621995891843525,4.0,ChIP-seq:H3K27me3 x ChIP-seq:H3K36me3
CL:0000792,ChIP-seq:H3K36me3,ChIP-seq:H3K4me1,-0.0711207166314125,2.0,ChIP-seq:H3K36me3 x ChIP-seq:H3K4me1
CL:0000792,ChIP-seq:H3K36me3,ChIP-seq:H3K4me3,-0.045268550802405196,4.0,ChIP-seq:H3K36me3 x ChIP-seq:H3K4me3
CL:0000792,ChIP-seq:H3K36me3,ChIP-seq:H3K9me3,0.08277166738856438,4.0,ChIP-seq:H3K36me3 x ChIP-seq:H3K9me3
CL:0000792,ChIP-seq:H3K36me3,polyA plus RNA-seq,0.014931150709373356,12.0,ChIP-seq:H3K36me3 x polyA plus RNA-seq
CL:0000792,ChIP-seq:H3K4me1,DNase-seq,0.04713149848826153,2.0,ChIP-seq:H3K4me1 x DNase-seq
CL:0000792,ChIP-seq:H3K4me1,ChIP-seq:H3K27ac,0.053525897179856716,1.0,ChIP-seq:H3K27ac x ChIP-seq:H3K4me1
CL:0000792,ChIP-seq:H3K4me1,ChIP-seq:H3K27me3,-0.011809610905391829,2.0,ChIP-seq:H3K27me3 x ChIP-seq:H3K4me1
CL:0000792,ChIP-seq:H3K4me1,ChIP-seq:H3K36me3,-0.08500666155543907,2.0,ChIP-seq:H3K36me3 x ChIP-seq:H3K4me1
CL:0000792,ChIP-seq:H3K4me1,ChIP-seq:H3K4me3,0.13071512451795775,2.0,ChIP-seq:H3K4me1 x ChIP-seq:H3K4me3
CL:0000792,ChIP-seq:H3K4me1,ChIP-seq:H3K9me3,0.006676737073413486,2.0,ChIP-seq:H3K4me1 x ChIP-seq:H3K9me3
CL:0000792,ChIP-seq:H3K4me1,polyA plus RNA-seq,0.021880919821020486,6.0,ChIP-seq:H3K4me1 x polyA plus RNA-seq
CL:0000792,ChIP-seq:H3K4me3,DNase-seq,0.11400729986195712,4.0,ChIP-seq:H3K4me3 x DNase-seq
CL:0000792,ChIP-seq:H3K4me3,ChIP-seq:H3K27ac,0.23006710078981188,2.0,ChIP-seq:H3K27ac x ChIP-seq:H3K4me3
CL:0000792,ChIP-seq:H3K4me3,ChIP-seq:H3K27me3,-0.02016243685569082,4.0,ChIP-seq:H3K27me3 x ChIP-seq:H3K4me3
CL:0000792,ChIP-seq:H3K4me3,ChIP-seq:H3K36me3,-0.020347895007087755,4.0,ChIP-seq:H3K36me3 x ChIP-seq:H3K4me3
CL:0000792,ChIP-seq:H3K4me3,ChIP-seq:H3K4me1,0.16857812974763953,2.0,ChIP-seq:H3K4me1 x ChIP-seq:H3K4me3
CL:0000792,ChIP-seq:H3K4me3,ChIP-seq:H3K9me3,0.012542877554394014,4.0,ChIP-seq:H3K4me3 x ChIP-seq:H3K9me3
CL:0000792,ChIP-seq:H3K4me3,polyA plus RNA-seq,0.03319151893905971,12.0,ChIP-seq:H3K4me3 x polyA plus RNA-seq
CL:0000792,ChIP-seq:H3K9me3,DNase-seq,-0.036193021486714945,4.0,ChIP-seq:H3K9me3 x DNase-seq
CL:0000792,ChIP-seq:H3K9me3,ChIP-seq:H3K27ac,-0.01633950975942023,2.0,ChIP-seq:H3K27ac x ChIP-seq:H3K9me3
CL:0000792,ChIP-seq:H3K9me3,ChIP-seq:H3K27me3,0.09237650377409799,4.0,ChIP-seq:H3K27me3 x ChIP-seq:H3K9me3
CL:0000792,ChIP-seq:H3K9me3,ChIP-seq:H3K36me3,0.08039936580985942,4.0,ChIP-seq:H3K36me3 x ChIP-seq:H3K9me3
CL:0000792,ChIP-seq:H3K9me3,ChIP-seq:H3K4me1,0.014433752583420795,2.0,ChIP-seq:H3K4me1 x ChIP-seq:H3K9me3
CL:0000792,ChIP-seq:H3K9me3,ChIP-seq:H3K4me3,0.014388173435614488,4.0,ChIP-seq:H3K4me3 x ChIP-seq:H3K9me3
CL:0000792,ChIP-seq:H3K9me3,polyA plus RNA-seq,-0.033138408004373746,12.0,ChIP-seq:H3K9me3 x polyA plus RNA-seq
CL:0000792,polyA plus RNA-seq,DNase-seq,0.031247227513503374,12.0,DNase-seq x polyA plus RNA-seq
CL:0000792,polyA plus RNA-seq,ChIP-seq:H3K27ac,0.05377001318421383,6.0,ChIP-seq:H3K27ac x polyA plus RNA-seq
CL:0000792,polyA plus RNA-seq,ChIP-seq:H3K27me3,-0.021817371476264228,12.0,ChIP-seq:H3K27me3 x polyA plus RNA-seq
CL:0000792,polyA plus RNA-seq,ChIP-seq:H3K36me3,0.030970197558613258,12.0,ChIP-seq:H3K36me3 x polyA plus RNA-seq
CL:0000792,polyA plus RNA-seq,ChIP-seq:H3K4me1,0.035118284216825515,6.0,ChIP-seq:H3K4me1 x polyA plus RNA-seq
CL:0000792,polyA plus RNA-seq,ChIP-seq:H3K4me3,0.0005766659325156936,12.0,ChIP-seq:H3K4me3 x polyA plus RNA-seq
CL:0000792,polyA plus RNA-seq,ChIP-seq:H3K9me3,-0.030314322179478197,12.0,ChIP-seq:H3K9me3 x polyA plus RNA-seq
CL:0000624,DNase-seq,ChIP-seq:H3K27ac,0.12594953854878743,15.0,ChIP-seq:H3K27ac x DNase-seq
CL:0000624,DNase-seq,ChIP-seq:H3K27me3,-0.06086759183598661,15.0,ChIP-seq:H3K27me3 x DNase-seq
CL:0000624,DNase-seq,ChIP-seq:H3K36me3,-0.028185502857181195,15.0,ChIP-seq:H3K36me3 x DNase-seq
CL:0000624,DNase-seq,ChIP-seq:H3K4me1,-0.012588946111909638,15.0,ChIP-seq:H3K4me1 x DNase-seq
CL:0000624,DNase-seq,ChIP-seq:H3K4me3,0.07823655840376734,15.0,ChIP-seq:H3K4me3 x DNase-seq
CL:0000624,DNase-seq,ChIP-seq:H3K9me3,-0.029324229960137983,15.0,ChIP-seq:H3K9me3 x DNase-seq
CL:0000624,DNase-seq,polyA plus RNA-seq,0.015338659354813801,10.0,DNase-seq x polyA plus RNA-seq
CL:0000624,DNase-seq,RNA-seq,0.013028671487289317,20.0,DNase-seq x RNA-seq
CL:0000624,ChIP-seq:H3K27ac,DNase-seq,0.12846671698929427,15.0,ChIP-seq:H3K27ac x DNase-seq
CL:0000624,ChIP-seq:H3K27ac,ChIP-seq:H3K27me3,-0.03317168326441812,9.0,ChIP-seq:H3K27ac x ChIP-seq:H3K27me3
CL:0000624,ChIP-seq:H3K27ac,ChIP-seq:H3K36me3,0.049314187914485344,9.0,ChIP-seq:H3K27ac x ChIP-seq:H3K36me3
CL:0000624,ChIP-seq:H3K27ac,ChIP-seq:H3K4me1,-0.02186676402268101,9.0,ChIP-seq:H3K27ac x ChIP-seq:H3K4me1
CL:0000624,ChIP-seq:H3K27ac,ChIP-seq:H3K4me3,0.21920667642345637,9.0,ChIP-seq:H3K27ac x ChIP-seq:H3K4me3
CL:0000624,ChIP-seq:H3K27ac,ChIP-seq:H3K9me3,0.005870833732513302,9.0,ChIP-seq:H3K27ac x ChIP-seq:H3K9me3
CL:0000624,ChIP-seq:H3K27ac,polyA plus RNA-seq,0.03141343076966895,6.0,ChIP-seq:H3K27ac x polyA plus RNA-seq
CL:0000624,ChIP-seq:H3K27ac,RNA-seq,0.06938378217173558,12.0,ChIP-seq:H3K27ac x RNA-seq
CL:0000624,ChIP-seq:H3K27me3,DNase-seq,-0.06675783029366365,15.0,ChIP-seq:H3K27me3 x DNase-seq
CL:0000624,ChIP-seq:H3K27me3,ChIP-seq:H3K27ac,-0.018546353860033882,9.0,ChIP-seq:H3K27ac x ChIP-seq:H3K27me3
CL:0000624,ChIP-seq:H3K27me3,ChIP-seq:H3K36me3,0.016639344799321314,9.0,ChIP-seq:H3K27me3 x ChIP-seq:H3K36me3
CL:0000624,ChIP-seq:H3K27me3,ChIP-seq:H3K4me1,-0.024329872685911018,9.0,ChIP-seq:H3K27me3 x ChIP-seq:H3K4me1
CL:0000624,ChIP-seq:H3K27me3,ChIP-seq:H3K4me3,-0.07248733860785972,9.0,ChIP-seq:H3K27me3 x ChIP-seq:H3K4me3
CL:0000624,ChIP-seq:H3K27me3,ChIP-seq:H3K9me3,0.08616335502129219,9.0,ChIP-seq:H3K27me3 x ChIP-seq:H3K9me3
CL:0000624,ChIP-seq:H3K27me3,polyA plus RNA-seq,-0.02663936039722865,6.0,ChIP-seq:H3K27me3 x polyA plus RNA-seq
CL:0000624,ChIP-seq:H3K27me3,RNA-seq,-0.02952293020253088,12.0,ChIP-seq:H3K27me3 x RNA-seq
CL:0000624,ChIP-seq:H3K36me3,DNase-seq,-0.03327095023481361,15.0,ChIP-seq:H3K36me3 x DNase-seq
CL:0000624,ChIP-seq:H3K36me3,ChIP-seq:H3K27ac,0.040518903070025966,9.0,ChIP-seq:H3K27ac x ChIP-seq:H3K36me3
CL:0000624,ChIP-seq:H3K36me3,ChIP-seq:H3K27me3,0.014976262132783504,9.0,ChIP-seq:H3K27me3 x ChIP-seq:H3K36me3
CL:0000624,ChIP-seq:H3K36me3,ChIP-seq:H3K4me1,-0.015687461246500962,9.0,ChIP-seq:H3K36me3 x ChIP-seq:H3K4me1
CL:0000624,ChIP-seq:H3K36me3,ChIP-seq:H3K4me3,-0.004803491636807556,9.0,ChIP-seq:H3K36me3 x ChIP-seq:H3K4me3
CL:0000624,ChIP-seq:H3K36me3,ChIP-seq:H3K9me3,0.05071721422240677,9.0,ChIP-seq:H3K36me3 x ChIP-seq:H3K9me3
CL:0000624,ChIP-seq:H3K36me3,polyA plus RNA-seq,0.054329672282154254,6.0,ChIP-seq:H3K36me3 x polyA plus RNA-seq
CL:0000624,ChIP-seq:H3K36me3,RNA-seq,0.06515669801655938,12.0,ChIP-seq:H3K36me3 x RNA-seq
CL:0000624,ChIP-seq:H3K4me1,DNase-seq,-0.03772437056421718,15.0,ChIP-seq:H3K4me1 x DNase-seq
CL:0000624,ChIP-seq:H3K4me1,ChIP-seq:H3K27ac,-0.011530967387888166,9.0,ChIP-seq:H3K27ac x ChIP-seq:H3K4me1
CL:0000624,ChIP-seq:H3K4me1,ChIP-seq:H3K27me3,-0.033028045719154034,9.0,ChIP-seq:H3K27me3 x ChIP-seq:H3K4me1
CL:0000624,ChIP-seq:H3K4me1,ChIP-seq:H3K36me3,-0.017256502035661796,9.0,ChIP-seq:H3K36me3 x ChIP-seq:H3K4me1
CL:0000624,ChIP-seq:H3K4me1,ChIP-seq:H3K4me3,-0.047494230089426416,9.0,ChIP-seq:H3K4me1 x ChIP-seq:H3K4me3
CL:0000624,ChIP-seq:H3K4me1,ChIP-seq:H3K9me3,0.03719744573669338,9.0,ChIP-seq:H3K4me1 x ChIP-seq:H3K9me3
CL:0000624,ChIP-seq:H3K4me1,polyA plus RNA-seq,0.007442436706712387,6.0,ChIP-seq:H3K4me1 x polyA plus RNA-seq
CL:0000624,ChIP-seq:H3K4me1,RNA-seq,0.03170615909146327,12.0,ChIP-seq:H3K4me1 x RNA-seq
CL:0000624,ChIP-seq:H3K4me3,DNase-seq,0.04444606417701358,15.0,ChIP-seq:H3K4me3 x DNase-seq
CL:0000624,ChIP-seq:H3K4me3,ChIP-seq:H3K27ac,0.21136004659864635,9.0,ChIP-seq:H3K27ac x ChIP-seq:H3K4me3
CL:0000624,ChIP-seq:H3K4me3,ChIP-seq:H3K27me3,-0.05979246700403791,9.0,ChIP-seq:H3K27me3 x ChIP-seq:H3K4me3
CL:0000624,ChIP-seq:H3K4me3,ChIP-seq:H3K36me3,0.007141419124941454,9.0,ChIP-seq:H3K36me3 x ChIP-seq:H3K4me3
CL:0000624,ChIP-seq:H3K4me3,ChIP-seq:H3K4me1,-0.029445845092463698,9.0,ChIP-seq:H3K4me1 x ChIP-seq:H3K4me3
CL:0000624,ChIP-seq:H3K4me3,ChIP-seq:H3K9me3,0.0006140152018019613,9.0,ChIP-seq:H3K4me3 x ChIP-seq:H3K9me3
CL:0000624,ChIP-seq:H3K4me3,polyA plus RNA-seq,-0.000537959245009545,6.0,ChIP-seq:H3K4me3 x polyA plus RNA-seq
CL:0000624,ChIP-seq:H3K4me3,RNA-seq,0.04473169363012501,12.0,ChIP-seq:H3K4me3 x RNA-seq
CL:0000624,ChIP-seq:H3K9me3,DNase-seq,-0.0454420288403829,15.0,ChIP-seq:H3K9me3 x DNase-seq
CL:0000624,ChIP-seq:H3K9me3,ChIP-seq:H3K27ac,0.010580433739556206,9.0,ChIP-seq:H3K27ac x ChIP-seq:H3K9me3
CL:0000624,ChIP-seq:H3K9me3,ChIP-seq:H3K27me3,0.05239744570063447,9.0,ChIP-seq:H3K27me3 x ChIP-seq:H3K9me3
CL:0000624,ChIP-seq:H3K9me3,ChIP-seq:H3K36me3,0.046034085271488126,9.0,ChIP-seq:H3K36me3 x ChIP-seq:H3K9me3
CL:0000624,ChIP-seq:H3K9me3,ChIP-seq:H3K4me1,0.030131494096492815,9.0,ChIP-seq:H3K4me1 x ChIP-seq:H3K9me3
CL:0000624,ChIP-seq:H3K9me3,ChIP-seq:H3K4me3,-0.00929189978257778,9.0,ChIP-seq:H3K4me3 x ChIP-seq:H3K9me3
CL:0000624,ChIP-seq:H3K9me3,polyA plus RNA-seq,-0.008696774581185725,6.0,ChIP-seq:H3K9me3 x polyA plus RNA-seq
CL:0000624,ChIP-seq:H3K9me3,RNA-seq,-0.018696753631035484,12.0,ChIP-seq:H3K9me3 x RNA-seq
CL:0000624,polyA plus RNA-seq,DNase-seq,0.025589802667692108,10.0,DNase-seq x polyA plus RNA-seq
CL:0000624,polyA plus RNA-seq,ChIP-seq:H3K27ac,0.030709427595138547,6.0,ChIP-seq:H3K27ac x polyA plus RNA-seq
CL:0000624,polyA plus RNA-seq,ChIP-seq:H3K27me3,-0.03098383014914633,6.0,ChIP-seq:H3K27me3 x polyA plus RNA-seq
CL:0000624,polyA plus RNA-seq,ChIP-seq:H3K36me3,0.04338566821517674,6.0,ChIP-seq:H3K36me3 x polyA plus RNA-seq
CL:0000624,polyA plus RNA-seq,ChIP-seq:H3K4me1,-0.0011304356021322182,6.0,ChIP-seq:H3K4me1 x polyA plus RNA-seq
CL:0000624,polyA plus RNA-seq,ChIP-seq:H3K4me3,-0.01617271043884922,6.0,ChIP-seq:H3K4me3 x polyA plus RNA-seq
CL:0000624,polyA plus RNA-seq,ChIP-seq:H3K9me3,-0.0037805102486512194,6.0,ChIP-seq:H3K9me3 x polyA plus RNA-seq
CL:0000624,polyA plus RNA-seq,RNA-seq,0.13816785784328686,8.0,RNA-seq x polyA plus RNA-seq
CL:0000624,RNA-seq,DNase-seq,0.025040005969923812,20.0,DNase-seq x RNA-seq
CL:0000624,RNA-seq,ChIP-seq:H3K27ac,0.06090051432450612,12.0,ChIP-seq:H3K27ac x RNA-seq
CL:0000624,RNA-seq,ChIP-seq:H3K27me3,-0.02863734472414543,12.0,ChIP-seq:H3K27me3 x RNA-seq
CL:0000624,RNA-seq,ChIP-seq:H3K36me3,0.05970467088070321,12.0,ChIP-seq:H3K36me3 x RNA-seq
CL:0000624,RNA-seq,ChIP-seq:H3K4me1,0.018834738395152945,12.0,ChIP-seq:H3K4me1 x RNA-seq
CL:0000624,RNA-seq,ChIP-seq:H3K4me3,0.03336006829716231,12.0,ChIP-seq:H3K4me3 x RNA-seq
CL:0000624,RNA-seq,ChIP-seq:H3K9me3,-0.012032788135250855,12.0,ChIP-seq:H3K9me3 x RNA-seq
CL:0000624,RNA-seq,polyA plus RNA-seq,0.20794992221460643,8.0,RNA-seq x polyA plus RNA-seq
CL:0000897,ChIP-seq:H3K27ac,ChIP-seq:H3K27me3,0.01955063662358693,4.0,ChIP-seq:H3K27ac x ChIP-seq:H3K27me3
CL:0000897,ChIP-seq:H3K27ac,ChIP-seq:H3K36me3,0.09223252785833258,2.0,ChIP-seq:H3K27ac x ChIP-seq:H3K36me3
CL:0000897,ChIP-seq:H3K27ac,ChIP-seq:H3K4me1,-0.05990835820716587,4.0,ChIP-seq:H3K27ac x ChIP-seq:H3K4me1
CL:0000897,ChIP-seq:H3K27ac,ChIP-seq:H3K4me3,0.26556882680019483,4.0,ChIP-seq:H3K27ac x ChIP-seq:H3K4me3
CL:0000897,ChIP-seq:H3K27ac,ChIP-seq:H3K9me3,0.0273812117982893,6.0,ChIP-seq:H3K27ac x ChIP-seq:H3K9me3
CL:0000897,ChIP-seq:H3K27ac,polyA plus RNA-seq,0.05453919811525207,12.0,ChIP-seq:H3K27ac x polyA plus RNA-seq
CL:0000897,ChIP-seq:H3K27ac,RNA-seq,0.03540414491120507,8.0,ChIP-seq:H3K27ac x RNA-seq
CL:0000897,ChIP-seq:H3K27me3,ChIP-seq:H3K27ac,0.01847155776268207,4.0,ChIP-seq:H3K27ac x ChIP-seq:H3K27me3
CL:0000897,ChIP-seq:H3K27me3,ChIP-seq:H3K36me3,0.19707912065480884,2.0,ChIP-seq:H3K27me3 x ChIP-seq:H3K36me3
CL:0000897,ChIP-seq:H3K27me3,ChIP-seq:H3K4me1,0.04902213241884617,4.0,ChIP-seq:H3K27me3 x ChIP-seq:H3K4me1
CL:0000897,ChIP-seq:H3K27me3,ChIP-seq:H3K4me3,0.09502893010868091,4.0,ChIP-seq:H3K27me3 x ChIP-seq:H3K4me3
CL:0000897,ChIP-seq:H3K27me3,ChIP-seq:H3K9me3,0.1555513973986165,6.0,ChIP-seq:H3K27me3 x ChIP-seq:H3K9me3
CL:0000897,ChIP-seq:H3K27me3,polyA plus RNA-seq,-0.03530270902143008,12.0,ChIP-seq:H3K27me3 x polyA plus RNA-seq
CL:0000897,ChIP-seq:H3K27me3,RNA-seq,-0.033383671869249905,8.0,ChIP-seq:H3K27me3 x RNA-seq
CL:0000897,ChIP-seq:H3K36me3,ChIP-seq:H3K27ac,0.0690411777229783,2.0,ChIP-seq:H3K27ac x ChIP-seq:H3K36me3
CL:0000897,ChIP-seq:H3K36me3,ChIP-seq:H3K27me3,0.1685264242546899,2.0,ChIP-seq:H3K27me3 x ChIP-seq:H3K36me3
CL:0000897,ChIP-seq:H3K36me3,ChIP-seq:H3K4me1,0.019577579257266775,2.0,ChIP-seq:H3K36me3 x ChIP-seq:H3K4me1
CL:0000897,ChIP-seq:H3K36me3,ChIP-seq:H3K4me3,0.14814185511286013,2.0,ChIP-seq:H3K36me3 x ChIP-seq:H3K4me3
CL:0000897,ChIP-seq:H3K36me3,ChIP-seq:H3K9me3,0.23042987303787404,3.0,ChIP-seq:H3K36me3 x ChIP-seq:H3K9me3
CL:0000897,ChIP-seq:H3K36me3,polyA plus RNA-seq,0.0022445655819298554,6.0,ChIP-seq:H3K36me3 x polyA plus RNA-seq
CL:0000897,ChIP-seq:H3K36me3,RNA-seq,0.05127896875143051,4.0,ChIP-seq:H3K36me3 x RNA-seq
CL:0000897,ChIP-seq:H3K4me1,ChIP-seq:H3K27ac,-0.053617937316805676,4.0,ChIP-seq:H3K27ac x ChIP-seq:H3K4me1
CL:0000897,ChIP-seq:H3K4me1,ChIP-seq:H3K27me3,0.055924683809280396,4.0,ChIP-seq:H3K27me3 x ChIP-seq:H3K4me1
CL:0000897,ChIP-seq:H3K4me1,ChIP-seq:H3K36me3,0.04318191973786605,2.0,ChIP-seq:H3K36me3 x ChIP-seq:H3K4me1
CL:0000897,ChIP-seq:H3K4me1,ChIP-seq:H3K4me3,0.055703447313509256,4.0,ChIP-seq:H3K4me1 x ChIP-seq:H3K4me3
CL:0000897,ChIP-seq:H3K4me1,ChIP-seq:H3K9me3,0.0862971381301737,6.0,ChIP-seq:H3K4me1 x ChIP-seq:H3K9me3
CL:0000897,ChIP-seq:H3K4me1,polyA plus RNA-seq,0.034546550114949545,12.0,ChIP-seq:H3K4me1 x polyA plus RNA-seq
CL:0000897,ChIP-seq:H3K4me1,RNA-seq,0.031401268813539954,8.0,ChIP-seq:H3K4me1 x RNA-seq
CL:0000897,ChIP-seq:H3K4me3,ChIP-seq:H3K27ac,0.36071022993289165,4.0,ChIP-seq:H3K27ac x ChIP-seq:H3K4me3
CL:0000897,ChIP-seq:H3K4me3,ChIP-seq:H3K27me3,0.08020883130175727,4.0,ChIP-seq:H3K27me3 x ChIP-seq:H3K4me3
CL:0000897,ChIP-seq:H3K4me3,ChIP-seq:H3K36me3,0.13148411920196132,2.0,ChIP-seq:H3K36me3 x ChIP-seq:H3K4me3
CL:0000897,ChIP-seq:H3K4me3,ChIP-seq:H3K4me1,0.01725817691595828,4.0,ChIP-seq:H3K4me1 x ChIP-seq:H3K4me3
CL:0000897,ChIP-seq:H3K4me3,ChIP-seq:H3K9me3,0.1725736117541567,6.0,ChIP-seq:H3K4me3 x ChIP-seq:H3K9me3
CL:0000897,ChIP-seq:H3K4me3,polyA plus RNA-seq,0.04326878146848817,12.0,ChIP-seq:H3K4me3 x polyA plus RNA-seq
CL:0000897,ChIP-seq:H3K4me3,RNA-seq,0.026890826470711653,8.0,ChIP-seq:H3K4me3 x RNA-seq
CL:0000897,ChIP-seq:H3K9me3,ChIP-seq:H3K27ac,0.02611720225702408,6.0,ChIP-seq:H3K27ac x ChIP-seq:H3K9me3
CL:0000897,ChIP-seq:H3K9me3,ChIP-seq:H3K27me3,0.13112277553195045,6.0,ChIP-seq:H3K27me3 x ChIP-seq:H3K9me3
CL:0000897,ChIP-seq:H3K9me3,ChIP-seq:H3K36me3,0.23639431794484456,3.0,ChIP-seq:H3K36me3 x ChIP-seq:H3K9me3
CL:0000897,ChIP-seq:H3K9me3,ChIP-seq:H3K4me1,0.06641077637021006,6.0,ChIP-seq:H3K4me1 x ChIP-seq:H3K9me3
CL:0000897,ChIP-seq:H3K9me3,ChIP-seq:H3K4me3,0.21954484167871446,6.0,ChIP-seq:H3K4me3 x ChIP-seq:H3K9me3
CL:0000897,ChIP-seq:H3K9me3,polyA plus RNA-seq,-0.01929987084462447,18.0,ChIP-seq:H3K9me3 x polyA plus RNA-seq
CL:0000897,ChIP-seq:H3K9me3,RNA-seq,0.0007681466142336526,12.0,ChIP-seq:H3K9me3 x RNA-seq
CL:0000897,polyA plus RNA-seq,ChIP-seq:H3K27ac,0.05659490293103962,12.0,ChIP-seq:H3K27ac x polyA plus RNA-seq
CL:0000897,polyA plus RNA-seq,ChIP-seq:H3K27me3,-0.03558449679896945,12.0,ChIP-seq:H3K27me3 x polyA plus RNA-seq
CL:0000897,polyA plus RNA-seq,ChIP-seq:H3K36me3,0.01741571379335303,6.0,ChIP-seq:H3K36me3 x polyA plus RNA-seq
CL:0000897,polyA plus RNA-seq,ChIP-seq:H3K4me1,0.038869188565808344,12.0,ChIP-seq:H3K4me1 x polyA plus RNA-seq
CL:0000897,polyA plus RNA-seq,ChIP-seq:H3K4me3,0.017212927155776936,12.0,ChIP-seq:H3K4me3 x polyA plus RNA-seq
CL:0000897,polyA plus RNA-seq,ChIP-seq:H3K9me3,-0.005002091253890229,18.0,ChIP-seq:H3K9me3 x polyA plus RNA-seq
CL:0000897,polyA plus RNA-seq,RNA-seq,0.11379023196650484,24.0,RNA-seq x polyA plus RNA-seq
CL:0000897,RNA-seq,ChIP-seq:H3K27ac,0.03826546196981987,8.0,ChIP-seq:H3K27ac x RNA-seq
CL:0000897,RNA-seq,ChIP-seq:H3K27me3,-0.020576080807617733,8.0,ChIP-seq:H3K27me3 x RNA-seq
CL:0000897,RNA-seq,ChIP-seq:H3K36me3,0.029327446928149772,4.0,ChIP-seq:H3K36me3 x RNA-seq
CL:0000897,RNA-seq,ChIP-seq:H3K4me1,0.018402487670626144,8.0,ChIP-seq:H3K4me1 x RNA-seq
CL:0000897,RNA-seq,ChIP-seq:H3K4me3,0.025363825888277215,8.0,ChIP-seq:H3K4me3 x RNA-seq
CL:0000897,RNA-seq,ChIP-seq:H3K9me3,0.005805223426792058,12.0,ChIP-seq:H3K9me3 x RNA-seq
CL:0000897,RNA-seq,polyA plus RNA-seq,0.13470836722332497,24.0,RNA-seq x polyA plus RNA-seq
CL:0000625,DNase-seq,ChIP-seq:H3K27ac,0.12086880843831886,10.0,ChIP-seq:H3K27ac x DNase-seq
CL:0000625,DNase-seq,ChIP-seq:H3K27me3,-0.044276094710689856,15.0,ChIP-seq:H3K27me3 x DNase-seq
CL:0000625,DNase-seq,ChIP-seq:H3K36me3,-0.05619706532633897,15.0,ChIP-seq:H3K36me3 x DNase-seq
CL:0000625,DNase-seq,ChIP-seq:H3K4me1,-0.03722417983379993,15.0,ChIP-seq:H3K4me1 x DNase-seq
CL:0000625,DNase-seq,ChIP-seq:H3K4me3,-0.004400511057871689,20.0,ChIP-seq:H3K4me3 x DNase-seq
CL:0000625,DNase-seq,ChIP-seq:H3K9ac,-0.030608586311340336,5.0,ChIP-seq:H3K9ac x DNase-seq
CL:0000625,DNase-seq,ChIP-seq:H3K9me3,-0.04756928418905994,15.0,ChIP-seq:H3K9me3 x DNase-seq
CL:0000625,DNase-seq,polyA plus RNA-seq,0.010723504475331238,10.0,DNase-seq x polyA plus RNA-seq
CL:0000625,DNase-seq,RNA-seq,0.01688058816685396,20.0,DNase-seq x RNA-seq
CL:0000625,ChIP-seq:H3K27ac,DNase-seq,0.12750622142444956,10.0,ChIP-seq:H3K27ac x DNase-seq
CL:0000625,ChIP-seq:H3K27ac,ChIP-seq:H3K27me3,-0.012666885944447297,6.0,ChIP-seq:H3K27ac x ChIP-seq:H3K27me3
CL:0000625,ChIP-seq:H3K27ac,ChIP-seq:H3K36me3,0.001429149762113044,6.0,ChIP-seq:H3K27ac x ChIP-seq:H3K36me3
CL:0000625,ChIP-seq:H3K27ac,ChIP-seq:H3K4me1,-0.07254159859903567,6.0,ChIP-seq:H3K27ac x ChIP-seq:H3K4me1
CL:0000625,ChIP-seq:H3K27ac,ChIP-seq:H3K4me3,0.16029006242752075,8.0,ChIP-seq:H3K27ac x ChIP-seq:H3K4me3
CL:0000625,ChIP-seq:H3K27ac,ChIP-seq:H3K9ac,0.10862581968307494,2.0,ChIP-seq:H3K27ac x ChIP-seq:H3K9ac
CL:0000625,ChIP-seq:H3K27ac,ChIP-seq:H3K9me3,0.008825545565465862,6.0,ChIP-seq:H3K27ac x ChIP-seq:H3K9me3
CL:0000625,ChIP-seq:H3K27ac,polyA plus RNA-seq,0.028352298418908545,4.0,ChIP-seq:H3K27ac x polyA plus RNA-seq
CL:0000625,ChIP-seq:H3K27ac,RNA-seq,0.05341493462815004,8.0,ChIP-seq:H3K27ac x RNA-seq
CL:0000625,ChIP-seq:H3K27me3,DNase-seq,-0.050759010707145134,15.0,ChIP-seq:H3K27me3 x DNase-seq
CL:0000625,ChIP-seq:H3K27me3,ChIP-seq:H3K27ac,-0.0031549259210410328,6.0,ChIP-seq:H3K27ac x ChIP-seq:H3K27me3
CL:0000625,ChIP-seq:H3K27me3,ChIP-seq:H3K36me3,0.09797577880516684,9.0,ChIP-seq:H3K27me3 x ChIP-seq:H3K36me3
CL:0000625,ChIP-seq:H3K27me3,ChIP-seq:H3K4me1,-0.004537217710189917,9.0,ChIP-seq:H3K27me3 x ChIP-seq:H3K4me1
CL:0000625,ChIP-seq:H3K27me3,ChIP-seq:H3K4me3,0.02041854297027648,12.0,ChIP-seq:H3K27me3 x ChIP-seq:H3K4me3
CL:0000625,ChIP-seq:H3K27me3,ChIP-seq:H3K9ac,0.026888048648834227,3.0,ChIP-seq:H3K27me3 x ChIP-seq:H3K9ac
CL:0000625,ChIP-seq:H3K27me3,ChIP-seq:H3K9me3,0.0389389901720778,9.0,ChIP-seq:H3K27me3 x ChIP-seq:H3K9me3
CL:0000625,ChIP-seq:H3K27me3,polyA plus RNA-seq,-0.021485208205473113,6.0,ChIP-seq:H3K27me3 x polyA plus RNA-seq
CL:0000625,ChIP-seq:H3K27me3,RNA-seq,-0.030635346028150295,12.0,ChIP-seq:H3K27me3 x RNA-seq
CL:0000625,ChIP-seq:H3K36me3,DNase-seq,-0.049494224606138296,15.0,ChIP-seq:H3K36me3 x DNase-seq
CL:0000625,ChIP-seq:H3K36me3,ChIP-seq:H3K27ac,-0.003220076979317279,6.0,ChIP-seq:H3K27ac x ChIP-seq:H3K36me3
CL:0000625,ChIP-seq:H3K36me3,ChIP-seq:H3K27me3,0.06230449767861787,9.0,ChIP-seq:H3K27me3 x ChIP-seq:H3K36me3
CL:0000625,ChIP-seq:H3K36me3,ChIP-seq:H3K4me1,0.00992421520207537,9.0,ChIP-seq:H3K36me3 x ChIP-seq:H3K4me1
CL:0000625,ChIP-seq:H3K36me3,ChIP-seq:H3K4me3,0.04241498217642682,12.0,ChIP-seq:H3K36me3 x ChIP-seq:H3K4me3
CL:0000625,ChIP-seq:H3K36me3,ChIP-seq:H3K9ac,0.06471739013989766,3.0,ChIP-seq:H3K36me3 x ChIP-seq:H3K9ac
CL:0000625,ChIP-seq:H3K36me3,ChIP-seq:H3K9me3,0.06578889619396272,9.0,ChIP-seq:H3K36me3 x ChIP-seq:H3K9me3
CL:0000625,ChIP-seq:H3K36me3,polyA plus RNA-seq,0.05144110097129115,6.0,ChIP-seq:H3K36me3 x polyA plus RNA-seq
CL:0000625,ChIP-seq:H3K36me3,RNA-seq,0.03457626383678586,12.0,ChIP-seq:H3K36me3 x RNA-seq
CL:0000625,ChIP-seq:H3K4me1,DNase-seq,-0.04476527393638314,15.0,ChIP-seq:H3K4me1 x DNase-seq
CL:0000625,ChIP-seq:H3K4me1,ChIP-seq:H3K27ac,-0.06512271595914418,6.0,ChIP-seq:H3K27ac x ChIP-seq:H3K4me1
CL:0000625,ChIP-seq:H3K4me1,ChIP-seq:H3K27me3,-0.010201485906067481,9.0,ChIP-seq:H3K27me3 x ChIP-seq:H3K4me1
CL:0000625,ChIP-seq:H3K4me1,ChIP-seq:H3K36me3,0.027901674134229656,9.0,ChIP-seq:H3K36me3 x ChIP-seq:H3K4me1
CL:0000625,ChIP-seq:H3K4me1,ChIP-seq:H3K4me3,-0.03276767089681805,12.0,ChIP-seq:H3K4me1 x ChIP-seq:H3K4me3
CL:0000625,ChIP-seq:H3K4me1,ChIP-seq:H3K9ac,-0.02849030872186025,3.0,ChIP-seq:H3K4me1 x ChIP-seq:H3K9ac
CL:0000625,ChIP-seq:H3K4me1,ChIP-seq:H3K9me3,0.06026981423112485,9.0,ChIP-seq:H3K4me1 x ChIP-seq:H3K9me3
CL:0000625,ChIP-seq:H3K4me1,polyA plus RNA-seq,0.006221821138487616,6.0,ChIP-seq:H3K4me1 x polyA plus RNA-seq
CL:0000625,ChIP-seq:H3K4me1,RNA-seq,0.0208009963760189,12.0,ChIP-seq:H3K4me1 x RNA-seq
CL:0000625,ChIP-seq:H3K4me3,DNase-seq,0.018192874301563605,20.0,ChIP-seq:H3K4me3 x DNase-seq
CL:0000625,ChIP-seq:H3K4me3,ChIP-seq:H3K27ac,0.20400946665994868,8.0,ChIP-seq:H3K27ac x ChIP-seq:H3K4me3
CL:0000625,ChIP-seq:H3K4me3,ChIP-seq:H3K27me3,0.002468520625569355,12.0,ChIP-seq:H3K27me3 x ChIP-seq:H3K4me3
CL:0000625,ChIP-seq:H3K4me3,ChIP-seq:H3K36me3,0.02983918532412103,12.0,ChIP-seq:H3K36me3 x ChIP-seq:H3K4me3
CL:0000625,ChIP-seq:H3K4me3,ChIP-seq:H3K4me1,-0.02899183207379156,12.0,ChIP-seq:H3K4me1 x ChIP-seq:H3K4me3
CL:0000625,ChIP-seq:H3K4me3,ChIP-seq:H3K9ac,0.21675277948379518,4.0,ChIP-seq:H3K4me3 x ChIP-seq:H3K9ac
CL:0000625,ChIP-seq:H3K4me3,ChIP-seq:H3K9me3,0.039909464868713405,12.0,ChIP-seq:H3K4me3 x ChIP-seq:H3K9me3
CL:0000625,ChIP-seq:H3K4me3,polyA plus RNA-seq,0.0038252514506820975,8.0,ChIP-seq:H3K4me3 x polyA plus RNA-seq
CL:0000625,ChIP-seq:H3K4me3,RNA-seq,0.01681451779078035,16.0,ChIP-seq:H3K4me3 x RNA-seq
CL:0000625,ChIP-seq:H3K9ac,DNase-seq,0.00314725869661802,5.0,ChIP-seq:H3K9ac x DNase-seq
CL:0000625,ChIP-seq:H3K9ac,ChIP-seq:H3K27ac,0.1647567049316738,2.0,ChIP-seq:H3K27ac x ChIP-seq:H3K9ac
CL:0000625,ChIP-seq:H3K9ac,ChIP-seq:H3K27me3,0.01687902897253804,3.0,ChIP-seq:H3K27me3 x ChIP-seq:H3K9ac
CL:0000625,ChIP-seq:H3K9ac,ChIP-seq:H3K36me3,0.05839561718575498,3.0,ChIP-seq:H3K36me3 x ChIP-seq:H3K9ac
CL:0000625,ChIP-seq:H3K9ac,ChIP-seq:H3K4me1,-0.04362824946751088,3.0,ChIP-seq:H3K4me1 x ChIP-seq:H3K9ac
CL:0000625,ChIP-seq:H3K9ac,ChIP-seq:H3K4me3,0.23173512715213704,4.0,ChIP-seq:H3K4me3 x ChIP-seq:H3K9ac
CL:0000625,ChIP-seq:H3K9ac,ChIP-seq:H3K9me3,-0.03631575291188022,3.0,ChIP-seq:H3K9ac x ChIP-seq:H3K9me3
CL:0000625,ChIP-seq:H3K9ac,polyA plus RNA-seq,0.020618091596231763,2.0,ChIP-seq:H3K9ac x polyA plus RNA-seq
CL:0000625,ChIP-seq:H3K9ac,RNA-seq,0.031046783310525558,4.0,ChIP-seq:H3K9ac x RNA-seq
CL:0000625,ChIP-seq:H3K9me3,DNase-seq,-0.058842033122009016,15.0,ChIP-seq:H3K9me3 x DNase-seq
CL:0000625,ChIP-seq:H3K9me3,ChIP-seq:H3K27ac,0.00857843998549641,6.0,ChIP-seq:H3K27ac x ChIP-seq:H3K9me3
CL:0000625,ChIP-seq:H3K9me3,ChIP-seq:H3K27me3,0.021097887293132334,9.0,ChIP-seq:H3K27me3 x ChIP-seq:H3K9me3
CL:0000625,ChIP-seq:H3K9me3,ChIP-seq:H3K36me3,0.0895181959120658,9.0,ChIP-seq:H3K36me3 x ChIP-seq:H3K9me3
CL:0000625,ChIP-seq:H3K9me3,ChIP-seq:H3K4me1,0.05875115655135176,9.0,ChIP-seq:H3K4me1 x ChIP-seq:H3K9me3
CL:0000625,ChIP-seq:H3K9me3,ChIP-seq:H3K4me3,0.05318607783542489,12.0,ChIP-seq:H3K4me3 x ChIP-seq:H3K9me3
CL:0000625,ChIP-seq:H3K9me3,ChIP-seq:H3K9ac,-0.01348832815885544,3.0,ChIP-seq:H3K9ac x ChIP-seq:H3K9me3
CL:0000625,ChIP-seq:H3K9me3,polyA plus RNA-seq,0.002911892033750486,6.0,ChIP-seq:H3K9me3 x polyA plus RNA-seq
CL:0000625,ChIP-seq:H3K9me3,RNA-seq,-0.008826409181324291,12.0,ChIP-seq:H3K9me3 x RNA-seq
CL:0000625,polyA plus RNA-seq,DNase-seq,0.021996081223735562,10.0,DNase-seq x polyA plus RNA-seq
CL:0000625,polyA plus RNA-seq,ChIP-seq:H3K27ac,0.02826603432619794,4.0,ChIP-seq:H3K27ac x polyA plus RNA-seq
CL:0000625,polyA plus RNA-seq,ChIP-seq:H3K27me3,-0.025210465422306934,6.0,ChIP-seq:H3K27me3 x polyA plus RNA-seq
CL:0000625,polyA plus RNA-seq,ChIP-seq:H3K36me3,0.02675334697074079,6.0,ChIP-seq:H3K36me3 x polyA plus RNA-seq
CL:0000625,polyA plus RNA-seq,ChIP-seq:H3K4me1,0.0009272970777728165,6.0,ChIP-seq:H3K4me1 x polyA plus RNA-seq
CL:0000625,polyA plus RNA-seq,ChIP-seq:H3K4me3,-0.012492334645874098,8.0,ChIP-seq:H3K4me3 x polyA plus RNA-seq
CL:0000625,polyA plus RNA-seq,ChIP-seq:H3K9ac,0.005377887487411498,2.0,ChIP-seq:H3K9ac x polyA plus RNA-seq
CL:0000625,polyA plus RNA-seq,ChIP-seq:H3K9me3,0.008134199857488554,6.0,ChIP-seq:H3K9me3 x polyA plus RNA-seq
CL:0000625,polyA plus RNA-seq,RNA-seq,0.1694736179183511,8.0,RNA-seq x polyA plus RNA-seq
CL:0000625,RNA-seq,DNase-seq,0.02972198198368023,20.0,DNase-seq x RNA-seq
CL:0000625,RNA-seq,ChIP-seq:H3K27ac,0.04256120814669947,8.0,ChIP-seq:H3K27ac x RNA-seq
CL:0000625,RNA-seq,ChIP-seq:H3K27me3,-0.029886636283548398,12.0,ChIP-seq:H3K27me3 x RNA-seq
CL:0000625,RNA-seq,ChIP-seq:H3K36me3,0.019395906557428073,12.0,ChIP-seq:H3K36me3 x RNA-seq
CL:0000625,RNA-seq,ChIP-seq:H3K4me1,0.010974998712103008,12.0,ChIP-seq:H3K4me1 x RNA-seq
CL:0000625,RNA-seq,ChIP-seq:H3K4me3,0.003122713135660822,16.0,ChIP-seq:H3K4me3 x RNA-seq
CL:0000625,RNA-seq,ChIP-seq:H3K9ac,0.024249059259891508,4.0,ChIP-seq:H3K9ac x RNA-seq
CL:0000625,RNA-seq,ChIP-seq:H3K9me3,-0.005658745851144473,12.0,ChIP-seq:H3K9me3 x RNA-seq
CL:0000625,RNA-seq,polyA plus RNA-seq,0.22376104702580624,8.0,RNA-seq x polyA plus RNA-seq
CL:0000909,ChIP-seq:H3K27ac,ChIP-seq:H3K27me3,0.06908877803520723,1.0,ChIP-seq:H3K27ac x ChIP-seq:H3K27me3
CL:0000909,ChIP-seq:H3K27ac,ChIP-seq:H3K36me3,0.11671507876170309,1.0,ChIP-seq:H3K27ac x ChIP-seq:H3K36me3
CL:0000909,ChIP-seq:H3K27ac,ChIP-seq:H3K4me1,-0.008561487431111544,1.0,ChIP-seq:H3K27ac x ChIP-seq:H3K4me1
CL:0000909,ChIP-seq:H3K27ac,ChIP-seq:H3K4me3,0.2463229212650033,1.0,ChIP-seq:H3K27ac x ChIP-seq:H3K4me3
CL:0000909,ChIP-seq:H3K27ac,ChIP-seq:H3K9me3,0.06492535654041502,1.0,ChIP-seq:H3K27ac x ChIP-seq:H3K9me3
CL:0000909,ChIP-seq:H3K27ac,polyA plus RNA-seq,0.0376530635184136,6.0,ChIP-seq:H3K27ac x polyA plus RNA-seq
CL:0000909,ChIP-seq:H3K27ac,RNA-seq,0.013084093840683209,4.0,ChIP-seq:H3K27ac x RNA-seq
CL:0000909,ChIP-seq:H3K27me3,ChIP-seq:H3K27ac,0.06249149235678308,1.0,ChIP-seq:H3K27ac x ChIP-seq:H3K27me3
CL:0000909,ChIP-seq:H3K27me3,ChIP-seq:H3K36me3,0.22165803658334832,1.0,ChIP-seq:H3K27me3 x ChIP-seq:H3K36me3
CL:0000909,ChIP-seq:H3K27me3,ChIP-seq:H3K4me1,0.13603553175926208,1.0,ChIP-seq:H3K27me3 x ChIP-seq:H3K4me1
CL:0000909,ChIP-seq:H3K27me3,ChIP-seq:H3K4me3,0.14809593197911286,1.0,ChIP-seq:H3K27me3 x ChIP-seq:H3K4me3
CL:0000909,ChIP-seq:H3K27me3,ChIP-seq:H3K9me3,0.26685780816608007,1.0,ChIP-seq:H3K27me3 x ChIP-seq:H3K9me3
CL:0000909,ChIP-seq:H3K27me3,polyA plus RNA-seq,-0.027811755218367644,6.0,ChIP-seq:H3K27me3 x polyA plus RNA-seq
CL:0000909,ChIP-seq:H3K27me3,RNA-seq,-0.020356627891168877,4.0,ChIP-seq:H3K27me3 x RNA-seq
CL:0000909,ChIP-seq:H3K36me3,ChIP-seq:H3K27ac,0.09573198082270445,1.0,ChIP-seq:H3K27ac x ChIP-seq:H3K36me3
CL:0000909,ChIP-seq:H3K36me3,ChIP-seq:H3K27me3,0.20087782361290674,1.0,ChIP-seq:H3K27me3 x ChIP-seq:H3K36me3
CL:0000909,ChIP-seq:H3K36me3,ChIP-seq:H3K4me1,0.16408641312433325,1.0,ChIP-seq:H3K36me3 x ChIP-seq:H3K4me1
CL:0000909,ChIP-seq:H3K36me3,ChIP-seq:H3K4me3,0.19844044821206913,1.0,ChIP-seq:H3K36me3 x ChIP-seq:H3K4me3
CL:0000909,ChIP-seq:H3K36me3,ChIP-seq:H3K9me3,0.3599863317277696,1.0,ChIP-seq:H3K36me3 x ChIP-seq:H3K9me3
CL:0000909,ChIP-seq:H3K36me3,polyA plus RNA-seq,0.007120088477065592,6.0,ChIP-seq:H3K36me3 x polyA plus RNA-seq
CL:0000909,ChIP-seq:H3K36me3,RNA-seq,0.025930291712284087,4.0,ChIP-seq:H3K36me3 x RNA-seq
CL:0000909,ChIP-seq:H3K4me1,ChIP-seq:H3K27ac,0.0016766825207957517,1.0,ChIP-seq:H3K27ac x ChIP-seq:H3K4me1
CL:0000909,ChIP-seq:H3K4me1,ChIP-seq:H3K27me3,0.14001064679839395,1.0,ChIP-seq:H3K27me3 x ChIP-seq:H3K4me1
CL:0000909,ChIP-seq:H3K4me1,ChIP-seq:H3K36me3,0.17333830626387345,1.0,ChIP-seq:H3K36me3 x ChIP-seq:H3K4me1
CL:0000909,ChIP-seq:H3K4me1,ChIP-seq:H3K4me3,0.1256622060786846,1.0,ChIP-seq:H3K4me1 x ChIP-seq:H3K4me3
CL:0000909,ChIP-seq:H3K4me1,ChIP-seq:H3K9me3,0.1887933595312966,1.0,ChIP-seq:H3K4me1 x ChIP-seq:H3K9me3
CL:0000909,ChIP-seq:H3K4me1,polyA plus RNA-seq,0.027241056768790534,6.0,ChIP-seq:H3K4me1 x polyA plus RNA-seq
CL:0000909,ChIP-seq:H3K4me1,RNA-seq,0.007131477905546918,4.0,ChIP-seq:H3K4me1 x RNA-seq
CL:0000909,ChIP-seq:H3K4me3,ChIP-seq:H3K27ac,0.3114593382234927,1.0,ChIP-seq:H3K27ac x ChIP-seq:H3K4me3
CL:0000909,ChIP-seq:H3K4me3,ChIP-seq:H3K27me3,0.14478424191474915,1.0,ChIP-seq:H3K27me3 x ChIP-seq:H3K4me3
CL:0000909,ChIP-seq:H3K4me3,ChIP-seq:H3K36me3,0.19912159976206328,1.0,ChIP-seq:H3K36me3 x ChIP-seq:H3K4me3
CL:0000909,ChIP-seq:H3K4me3,ChIP-seq:H3K4me1,0.07650886022526285,1.0,ChIP-seq:H3K4me1 x ChIP-seq:H3K4me3
CL:0000909,ChIP-seq:H3K4me3,ChIP-seq:H3K9me3,0.24630112515555488,1.0,ChIP-seq:H3K4me3 x ChIP-seq:H3K9me3
CL:0000909,ChIP-seq:H3K4me3,polyA plus RNA-seq,0.04267225481461788,6.0,ChIP-seq:H3K4me3 x polyA plus RNA-seq
CL:0000909,ChIP-seq:H3K4me3,RNA-seq,0.015426809822811801,4.0,ChIP-seq:H3K4me3 x RNA-seq
CL:0000909,ChIP-seq:H3K9me3,ChIP-seq:H3K27ac,0.06798830472024871,1.0,ChIP-seq:H3K27ac x ChIP-seq:H3K9me3
CL:0000909,ChIP-seq:H3K9me3,ChIP-seq:H3K27me3,0.25132024830037897,1.0,ChIP-seq:H3K27me3 x ChIP-seq:H3K9me3
CL:0000909,ChIP-seq:H3K9me3,ChIP-seq:H3K36me3,0.3668956028787713,1.0,ChIP-seq:H3K36me3 x ChIP-seq:H3K9me3
CL:0000909,ChIP-seq:H3K9me3,ChIP-seq:H3K4me1,0.17813150584697723,1.0,ChIP-seq:H3K4me1 x ChIP-seq:H3K9me3
CL:0000909,ChIP-seq:H3K9me3,ChIP-seq:H3K4me3,0.2916344456894453,1.0,ChIP-seq:H3K4me3 x ChIP-seq:H3K9me3
CL:0000909,ChIP-seq:H3K9me3,polyA plus RNA-seq,-0.01732208593815997,6.0,ChIP-seq:H3K9me3 x polyA plus RNA-seq
CL:0000909,ChIP-seq:H3K9me3,RNA-seq,-0.0028516623071011375,4.0,ChIP-seq:H3K9me3 x RNA-seq
CL:0000909,polyA plus RNA-seq,ChIP-seq:H3K27ac,0.03776459512396604,6.0,ChIP-seq:H3K27ac x polyA plus RNA-seq
CL:0000909,polyA plus RNA-seq,ChIP-seq:H3K27me3,-0.02216877630262664,6.0,ChIP-seq:H3K27me3 x polyA plus RNA-seq
CL:0000909,polyA plus RNA-seq,ChIP-seq:H3K36me3,0.019744268948571717,6.0,ChIP-seq:H3K36me3 x polyA plus RNA-seq
CL:0000909,polyA plus RNA-seq,ChIP-seq:H3K4me1,0.03443354130655095,6.0,ChIP-seq:H3K4me1 x polyA plus RNA-seq
CL:0000909,polyA plus RNA-seq,ChIP-seq:H3K4me3,0.019083435082620434,6.0,ChIP-seq:H3K4me3 x polyA plus RNA-seq
CL:0000909,polyA plus RNA-seq,ChIP-seq:H3K9me3,-0.003675882049180843,6.0,ChIP-seq:H3K9me3 x polyA plus RNA-seq
CL:0000909,polyA plus RNA-seq,RNA-seq,0.19510892858692241,24.0,RNA-seq x polyA plus RNA-seq
CL:0000909,RNA-seq,ChIP-seq:H3K27ac,0.014973263037793429,4.0,ChIP-seq:H3K27ac x RNA-seq
CL:0000909,RNA-seq,ChIP-seq:H3K27me3,-0.00398293560878797,4.0,ChIP-seq:H3K27me3 x RNA-seq
CL:0000909,RNA-seq,ChIP-seq:H3K36me3,0.012430277858909808,4.0,ChIP-seq:H3K36me3 x RNA-seq
CL:0000909,RNA-seq,ChIP-seq:H3K4me1,-0.005017358890694122,4.0,ChIP-seq:H3K4me1 x RNA-seq
CL:0000909,RNA-seq,ChIP-seq:H3K4me3,0.007998133468073466,4.0,ChIP-seq:H3K4me3 x RNA-seq
CL:0000909,RNA-seq,ChIP-seq:H3K9me3,0.007426959565944142,4.0,ChIP-seq:H3K9me3 x RNA-seq
CL:0000909,RNA-seq,polyA plus RNA-seq,0.18006976618283035,24.0,RNA-seq x polyA plus RNA-seq
CL:0000084,DNase-seq,ChIP-seq:H3K27ac,0.08777181660687482,5.0,ChIP-seq:H3K27ac x DNase-seq
CL:0000084,DNase-seq,ChIP-seq:H3K27me3,0.0021482086994431236,5.0,ChIP-seq:H3K27me3 x DNase-seq
CL:0000084,DNase-seq,ChIP-seq:H3K36me3,-0.038321118354797366,5.0,ChIP-seq:H3K36me3 x DNase-seq
CL:0000084,DNase-seq,ChIP-seq:H3K4me1,-0.005553927499315011,5.0,ChIP-seq:H3K4me1 x DNase-seq
CL:0000084,DNase-seq,ChIP-seq:H3K4me3,0.054809214292570616,5.0,ChIP-seq:H3K4me3 x DNase-seq
CL:0000084,DNase-seq,ChIP-seq:H3K9me3,-0.020682258379525982,10.0,ChIP-seq:H3K9me3 x DNase-seq
CL:0000084,DNase-seq,RNA-seq,0.005888454168682685,30.0,DNase-seq x RNA-seq
CL:0000084,ChIP-seq:H3K27ac,DNase-seq,0.08590919259306673,5.0,ChIP-seq:H3K27ac x DNase-seq
CL:0000084,ChIP-seq:H3K27ac,ChIP-seq:H3K27me3,0.01276149990206415,1.0,ChIP-seq:H3K27ac x ChIP-seq:H3K27me3
CL:0000084,ChIP-seq:H3K27ac,ChIP-seq:H3K36me3,-0.0015279019153431848,1.0,ChIP-seq:H3K27ac x ChIP-seq:H3K36me3
CL:0000084,ChIP-seq:H3K27ac,ChIP-seq:H3K4me1,-0.011140753110141857,1.0,ChIP-seq:H3K27ac x ChIP-seq:H3K4me1
CL:0000084,ChIP-seq:H3K27ac,ChIP-seq:H3K4me3,0.32416932374932045,1.0,ChIP-seq:H3K27ac x ChIP-seq:H3K4me3
CL:0000084,ChIP-seq:H3K27ac,ChIP-seq:H3K9me3,-0.004553690583929003,2.0,ChIP-seq:H3K27ac x ChIP-seq:H3K9me3
CL:0000084,ChIP-seq:H3K27ac,RNA-seq,0.026755488228854277,6.0,ChIP-seq:H3K27ac x RNA-seq
CL:0000084,ChIP-seq:H3K27me3,DNase-seq,-0.03453492125520459,5.0,ChIP-seq:H3K27me3 x DNase-seq
CL:0000084,ChIP-seq:H3K27me3,ChIP-seq:H3K27ac,0.022832158194096,1.0,ChIP-seq:H3K27ac x ChIP-seq:H3K27me3
CL:0000084,ChIP-seq:H3K27me3,ChIP-seq:H3K36me3,-0.013404726374306177,1.0,ChIP-seq:H3K27me3 x ChIP-seq:H3K36me3
CL:0000084,ChIP-seq:H3K27me3,ChIP-seq:H3K4me1,0.045738285690869976,1.0,ChIP-seq:H3K27me3 x ChIP-seq:H3K4me1
CL:0000084,ChIP-seq:H3K27me3,ChIP-seq:H3K4me3,-0.033531683345520216,1.0,ChIP-seq:H3K27me3 x ChIP-seq:H3K4me3
CL:0000084,ChIP-seq:H3K27me3,ChIP-seq:H3K9me3,0.03760694787322476,2.0,ChIP-seq:H3K27me3 x ChIP-seq:H3K9me3
CL:0000084,ChIP-seq:H3K27me3,RNA-seq,-0.02086580021584288,6.0,ChIP-seq:H3K27me3 x RNA-seq
CL:0000084,ChIP-seq:H3K36me3,DNase-seq,-0.03148502281733922,5.0,ChIP-seq:H3K36me3 x DNase-seq
CL:0000084,ChIP-seq:H3K36me3,ChIP-seq:H3K27ac,0.009447355582206336,1.0,ChIP-seq:H3K27ac x ChIP-seq:H3K36me3
CL:0000084,ChIP-seq:H3K36me3,ChIP-seq:H3K27me3,-0.01709214479408481,1.0,ChIP-seq:H3K27me3 x ChIP-seq:H3K36me3
CL:0000084,ChIP-seq:H3K36me3,ChIP-seq:H3K4me1,0.010877497656189877,1.0,ChIP-seq:H3K36me3 x ChIP-seq:H3K4me1
CL:0000084,ChIP-seq:H3K36me3,ChIP-seq:H3K4me3,0.003206535731983739,1.0,ChIP-seq:H3K36me3 x ChIP-seq:H3K4me3
CL:0000084,ChIP-seq:H3K36me3,ChIP-seq:H3K9me3,0.039829669135242864,2.0,ChIP-seq:H3K36me3 x ChIP-seq:H3K9me3
CL:0000084,ChIP-seq:H3K36me3,RNA-seq,0.06966286728568111,6.0,ChIP-seq:H3K36me3 x RNA-seq
CL:0000084,ChIP-seq:H3K4me1,DNase-seq,-0.03213244959131464,5.0,ChIP-seq:H3K4me1 x DNase-seq
CL:0000084,ChIP-seq:H3K4me1,ChIP-seq:H3K27ac,-0.007099087947956574,1.0,ChIP-seq:H3K27ac x ChIP-seq:H3K4me1
CL:0000084,ChIP-seq:H3K4me1,ChIP-seq:H3K27me3,0.03063903816721656,1.0,ChIP-seq:H3K27me3 x ChIP-seq:H3K4me1
CL:0000084,ChIP-seq:H3K4me1,ChIP-seq:H3K36me3,0.01666613781922742,1.0,ChIP-seq:H3K36me3 x ChIP-seq:H3K4me1
CL:0000084,ChIP-seq:H3K4me1,ChIP-seq:H3K4me3,-0.084938050390676,1.0,ChIP-seq:H3K4me1 x ChIP-seq:H3K4me3
CL:0000084,ChIP-seq:H3K4me1,ChIP-seq:H3K9me3,0.04728397369051779,2.0,ChIP-seq:H3K4me1 x ChIP-seq:H3K9me3
CL:0000084,ChIP-seq:H3K4me1,RNA-seq,-0.0008418840261497683,6.0,ChIP-seq:H3K4me1 x RNA-seq
CL:0000084,ChIP-seq:H3K4me3,DNase-seq,0.0036246722394769892,5.0,ChIP-seq:H3K4me3 x DNase-seq
CL:0000084,ChIP-seq:H3K4me3,ChIP-seq:H3K27ac,0.24394106680964245,1.0,ChIP-seq:H3K27ac x ChIP-seq:H3K4me3
CL:0000084,ChIP-seq:H3K4me3,ChIP-seq:H3K27me3,-0.018850502812049606,1.0,ChIP-seq:H3K27me3 x ChIP-seq:H3K4me3
CL:0000084,ChIP-seq:H3K4me3,ChIP-seq:H3K36me3,-0.01220154077991059,1.0,ChIP-seq:H3K36me3 x ChIP-seq:H3K4me3
CL:0000084,ChIP-seq:H3K4me3,ChIP-seq:H3K4me1,-0.041938669979572296,1.0,ChIP-seq:H3K4me1 x ChIP-seq:H3K4me3
CL:0000084,ChIP-seq:H3K4me3,ChIP-seq:H3K9me3,-0.016267297555323086,2.0,ChIP-seq:H3K4me3 x ChIP-seq:H3K9me3
CL:0000084,ChIP-seq:H3K4me3,RNA-seq,0.024973637175616365,6.0,ChIP-seq:H3K4me3 x RNA-seq
CL:0000084,ChIP-seq:H3K9me3,DNase-seq,-0.032384279950872646,10.0,ChIP-seq:H3K9me3 x DNase-seq
CL:0000084,ChIP-seq:H3K9me3,ChIP-seq:H3K27ac,0.007679091352555487,2.0,ChIP-seq:H3K27ac x ChIP-seq:H3K9me3
CL:0000084,ChIP-seq:H3K9me3,ChIP-seq:H3K27me3,0.020664146678014236,2.0,ChIP-seq:H3K27me3 x ChIP-seq:H3K9me3
CL:0000084,ChIP-seq:H3K9me3,ChIP-seq:H3K36me3,0.030380399133029735,2.0,ChIP-seq:H3K36me3 x ChIP-seq:H3K9me3
CL:0000084,ChIP-seq:H3K9me3,ChIP-seq:H3K4me1,0.0557176736385926,2.0,ChIP-seq:H3K4me1 x ChIP-seq:H3K9me3
CL:0000084,ChIP-seq:H3K9me3,ChIP-seq:H3K4me3,-0.009365895776034788,2.0,ChIP-seq:H3K4me3 x ChIP-seq:H3K9me3
CL:0000084,ChIP-seq:H3K9me3,RNA-seq,-0.0002693192984900006,12.0,ChIP-seq:H3K9me3 x RNA-seq
CL:0000084,RNA-seq,DNase-seq,0.009223867791555661,30.0,DNase-seq x RNA-seq
CL:0000084,RNA-seq,ChIP-seq:H3K27ac,0.011505324654127833,6.0,ChIP-seq:H3K27ac x RNA-seq
CL:0000084,RNA-seq,ChIP-seq:H3K27me3,-0.005235796173413595,6.0,ChIP-seq:H3K27me3 x RNA-seq
CL:0000084,RNA-seq,ChIP-seq:H3K36me3,0.04473378470069484,6.0,ChIP-seq:H3K36me3 x RNA-seq
CL:0000084,RNA-seq,ChIP-seq:H3K4me1,-0.02129739145005959,6.0,ChIP-seq:H3K4me1 x RNA-seq
CL:0000084,RNA-seq,ChIP-seq:H3K4me3,0.010940358943717428,6.0,ChIP-seq:H3K4me3 x RNA-seq
CL:0000084,RNA-seq,ChIP-seq:H3K9me3,-0.0018839473095575068,12.0,ChIP-seq:H3K9me3 x RNA-seq
CL:0000899,DNase-seq,ChIP-seq:H3K27ac,0.02857103097585984,1.0,ChIP-seq:H3K27ac x DNase-seq
CL:0000899,DNase-seq,ChIP-seq:H3K27me3,-0.030437901616096497,1.0,ChIP-seq:H3K27me3 x DNase-seq
CL:0000899,DNase-seq,ChIP-seq:H3K36me3,-0.019670131214355166,1.0,ChIP-seq:H3K36me3 x DNase-seq
CL:0000899,DNase-seq,ChIP-seq:H3K4me1,-0.024742636181738067,1.0,ChIP-seq:H3K4me1 x DNase-seq
CL:0000899,DNase-seq,ChIP-seq:H3K4me3,7.081866957420191e-05,1.0,ChIP-seq:H3K4me3 x DNase-seq
CL:0000899,DNase-seq,ChIP-seq:H3K9me3,-0.062085527947495105,2.0,ChIP-seq:H3K9me3 x DNase-seq
CL:0000899,ChIP-seq:H3K27ac,DNase-seq,-0.050103852712096775,1.0,ChIP-seq:H3K27ac x DNase-seq
CL:0000899,ChIP-seq:H3K27ac,ChIP-seq:H3K27me3,0.0024878570640628987,1.0,ChIP-seq:H3K27ac x ChIP-seq:H3K27me3
CL:0000899,ChIP-seq:H3K27ac,ChIP-seq:H3K36me3,0.25334312445239016,1.0,ChIP-seq:H3K27ac x ChIP-seq:H3K36me3
CL:0000899,ChIP-seq:H3K27ac,ChIP-seq:H3K4me1,0.04053272517478984,1.0,ChIP-seq:H3K27ac x ChIP-seq:H3K4me1
CL:0000899,ChIP-seq:H3K27ac,ChIP-seq:H3K4me3,0.29824782526770305,1.0,ChIP-seq:H3K27ac x ChIP-seq:H3K4me3
CL:0000899,ChIP-seq:H3K27ac,ChIP-seq:H3K9me3,0.01800497046895533,2.0,ChIP-seq:H3K27ac x ChIP-seq:H3K9me3
CL:0000899,ChIP-seq:H3K27me3,DNase-seq,-0.021862210681934897,1.0,ChIP-seq:H3K27me3 x DNase-seq
CL:0000899,ChIP-seq:H3K27me3,ChIP-seq:H3K27ac,0.002274850866308919,1.0,ChIP-seq:H3K27ac x ChIP-seq:H3K27me3
CL:0000899,ChIP-seq:H3K27me3,ChIP-seq:H3K36me3,0.012546344140642568,1.0,ChIP-seq:H3K27me3 x ChIP-seq:H3K36me3
CL:0000899,ChIP-seq:H3K27me3,ChIP-seq:H3K4me1,0.1468459672254065,1.0,ChIP-seq:H3K27me3 x ChIP-seq:H3K4me1
CL:0000899,ChIP-seq:H3K27me3,ChIP-seq:H3K4me3,-0.012078986238948135,1.0,ChIP-seq:H3K27me3 x ChIP-seq:H3K4me3
CL:0000899,ChIP-seq:H3K27me3,ChIP-seq:H3K9me3,0.1507551946453542,2.0,ChIP-seq:H3K27me3 x ChIP-seq:H3K9me3
CL:0000899,ChIP-seq:H3K36me3,DNase-seq,-0.062048283355324925,1.0,ChIP-seq:H3K36me3 x DNase-seq
CL:0000899,ChIP-seq:H3K36me3,ChIP-seq:H3K27ac,0.16963700122303432,1.0,ChIP-seq:H3K27ac x ChIP-seq:H3K36me3
CL:0000899,ChIP-seq:H3K36me3,ChIP-seq:H3K27me3,0.028848421505906365,1.0,ChIP-seq:H3K27me3 x ChIP-seq:H3K36me3
CL:0000899,ChIP-seq:H3K36me3,ChIP-seq:H3K4me1,-0.06170636383087739,1.0,ChIP-seq:H3K36me3 x ChIP-seq:H3K4me1
CL:0000899,ChIP-seq:H3K36me3,ChIP-seq:H3K4me3,0.21018346839172897,1.0,ChIP-seq:H3K36me3 x ChIP-seq:H3K4me3
CL:0000899,ChIP-seq:H3K36me3,ChIP-seq:H3K9me3,0.13325650648697795,2.0,ChIP-seq:H3K36me3 x ChIP-seq:H3K9me3
CL:0000899,ChIP-seq:H3K4me1,DNase-seq,-0.045381956137621006,1.0,ChIP-seq:H3K4me1 x DNase-seq
CL:0000899,ChIP-seq:H3K4me1,ChIP-seq:H3K27ac,0.031094677056427353,1.0,ChIP-seq:H3K27ac x ChIP-seq:H3K4me1
CL:0000899,ChIP-seq:H3K4me1,ChIP-seq:H3K27me3,0.10640868002718146,1.0,ChIP-seq:H3K27me3 x ChIP-seq:H3K4me1
CL:0000899,ChIP-seq:H3K4me1,ChIP-seq:H3K36me3,-0.10104804156642211,1.0,ChIP-seq:H3K36me3 x ChIP-seq:H3K4me1
CL:0000899,ChIP-seq:H3K4me1,ChIP-seq:H3K4me3,0.0721458379265874,1.0,ChIP-seq:H3K4me1 x ChIP-seq:H3K4me3
CL:0000899,ChIP-seq:H3K4me1,ChIP-seq:H3K9me3,0.12175909592119674,2.0,ChIP-seq:H3K4me1 x ChIP-seq:H3K9me3
CL:0000899,ChIP-seq:H3K4me3,DNase-seq,-0.059515440927526336,1.0,ChIP-seq:H3K4me3 x DNase-seq
CL:0000899,ChIP-seq:H3K4me3,ChIP-seq:H3K27ac,0.4001147070048768,1.0,ChIP-seq:H3K27ac x ChIP-seq:H3K4me3
CL:0000899,ChIP-seq:H3K4me3,ChIP-seq:H3K27me3,-0.01925524408844384,1.0,ChIP-seq:H3K27me3 x ChIP-seq:H3K4me3
CL:0000899,ChIP-seq:H3K4me3,ChIP-seq:H3K36me3,0.32098264913809926,1.0,ChIP-seq:H3K36me3 x ChIP-seq:H3K4me3
CL:0000899,ChIP-seq:H3K4me3,ChIP-seq:H3K4me1,0.044630096982354706,1.0,ChIP-seq:H3K4me1 x ChIP-seq:H3K4me3
CL:0000899,ChIP-seq:H3K4me3,ChIP-seq:H3K9me3,0.10513735600023963,2.0,ChIP-seq:H3K4me3 x ChIP-seq:H3K9me3
CL:0000899,ChIP-seq:H3K9me3,DNase-seq,-0.05732209363755959,2.0,ChIP-seq:H3K9me3 x DNase-seq
CL:0000899,ChIP-seq:H3K9me3,ChIP-seq:H3K27ac,0.020287277981822872,2.0,ChIP-seq:H3K27ac x ChIP-seq:H3K9me3
CL:0000899,ChIP-seq:H3K9me3,ChIP-seq:H3K27me3,0.10762737555937334,2.0,ChIP-seq:H3K27me3 x ChIP-seq:H3K9me3
CL:0000899,ChIP-seq:H3K9me3,ChIP-seq:H3K36me3,0.11408810082234834,2.0,ChIP-seq:H3K36me3 x ChIP-seq:H3K9me3
CL:0000899,ChIP-seq:H3K9me3,ChIP-seq:H3K4me1,0.13665209581022678,2.0,ChIP-seq:H3K4me1 x ChIP-seq:H3K9me3
CL:0000899,ChIP-seq:H3K9me3,ChIP-seq:H3K4me3,0.11963088276774383,2.0,ChIP-seq:H3K4me3 x ChIP-seq:H3K9me3
CL:0000127,ChIP-seq:H3K27ac,ChIP-seq:H3K4me3,0.1667020176732263,1.0,ChIP-seq:H3K27ac x ChIP-seq:H3K4me3
CL:0000127,ChIP-seq:H3K27ac,ChIP-seq:H3K9ac,0.47397676706314085,1.0,ChIP-seq:H3K27ac x ChIP-seq:H3K9ac
CL:0000127,ChIP-seq:H3K27ac,ChIP-seq:CTCF,0.0008110393119870503,1.0,ChIP-seq:CTCF x ChIP-seq:H3K27ac
CL:0000127,ChIP-seq:H3K27ac,RNA-seq,0.020046981003580384,2.0,ChIP-seq:H3K27ac x RNA-seq
CL:0000127,ChIP-seq:H3K4me3,ChIP-seq:H3K27ac,0.1819653805391288,1.0,ChIP-seq:H3K27ac x ChIP-seq:H3K4me3
CL:0000127,ChIP-seq:H3K4me3,ChIP-seq:H3K9ac,0.38619202613830567,1.0,ChIP-seq:H3K4me3 x ChIP-seq:H3K9ac
CL:0000127,ChIP-seq:H3K4me3,ChIP-seq:CTCF,0.021032711455844483,1.0,ChIP-seq:CTCF x ChIP-seq:H3K4me3
CL:0000127,ChIP-seq:H3K4me3,RNA-seq,0.02864192642568146,2.0,ChIP-seq:H3K4me3 x RNA-seq
CL:0000127,ChIP-seq:H3K9ac,ChIP-seq:H3K27ac,0.4107121722197827,1.0,ChIP-seq:H3K27ac x ChIP-seq:H3K9ac
CL:0000127,ChIP-seq:H3K9ac,ChIP-seq:H3K4me3,0.3357735090477522,1.0,ChIP-seq:H3K4me3 x ChIP-seq:H3K9ac
CL:0000127,ChIP-seq:H3K9ac,ChIP-seq:CTCF,-0.0033694130350958654,1.0,ChIP-seq:CTCF x ChIP-seq:H3K9ac
CL:0000127,ChIP-seq:H3K9ac,RNA-seq,0.033345816478098304,2.0,ChIP-seq:H3K9ac x RNA-seq
CL:0000127,ChIP-seq:CTCF,ChIP-seq:H3K27ac,0.020025343369738553,1.0,ChIP-seq:CTCF x ChIP-seq:H3K27ac
CL:0000127,ChIP-seq:CTCF,ChIP-seq:H3K4me3,0.04453343265624933,1.0,ChIP-seq:CTCF x ChIP-seq:H3K4me3
CL:0000127,ChIP-seq:CTCF,ChIP-seq:H3K9ac,0.010857281386852265,1.0,ChIP-seq:CTCF x ChIP-seq:H3K9ac
CL:0000127,ChIP-seq:CTCF,RNA-seq,-0.003524771060541586,2.0,ChIP-seq:CTCF x RNA-seq
CL:0000127,RNA-seq,ChIP-seq:H3K27ac,0.004403961661421221,2.0,ChIP-seq:H3K27ac x RNA-seq
CL:0000127,RNA-seq,ChIP-seq:H3K4me3,0.014495007867036863,2.0,ChIP-seq:H3K4me3 x RNA-seq
CL:0000127,RNA-seq,ChIP-seq:H3K9ac,0.030334551632404325,2.0,ChIP-seq:H3K9ac x RNA-seq
CL:0000127,RNA-seq,ChIP-seq:CTCF,-0.011875478445358996,2.0,ChIP-seq:CTCF x RNA-seq
CL:0002328,ChIP-seq:H3K27me3,ChIP-seq:H3K36me3,0.016468645083276848,1.0,ChIP-seq:H3K27me3 x ChIP-seq:H3K36me3
CL:0002328,ChIP-seq:H3K27me3,ChIP-seq:H3K4me3,-0.06627290472388267,1.0,ChIP-seq:H3K27me3 x ChIP-seq:H3K4me3
CL:0002328,ChIP-seq:H3K27me3,RNA-seq,-0.03816377160420742,2.0,ChIP-seq:H3K27me3 x RNA-seq
CL:0002328,ChIP-seq:H3K36me3,ChIP-seq:H3K27me3,0.03724248436364261,1.0,ChIP-seq:H3K27me3 x ChIP-seq:H3K36me3
CL:0002328,ChIP-seq:H3K36me3,ChIP-seq:H3K4me3,-0.029566053976846297,1.0,ChIP-seq:H3K36me3 x ChIP-seq:H3K4me3
CL:0002328,ChIP-seq:H3K36me3,RNA-seq,0.03371382715830479,2.0,ChIP-seq:H3K36me3 x RNA-seq
CL:0002328,ChIP-seq:H3K4me3,ChIP-seq:H3K27me3,-0.05412978983738206,1.0,ChIP-seq:H3K27me3 x ChIP-seq:H3K4me3
CL:0002328,ChIP-seq:H3K4me3,ChIP-seq:H3K36me3,-0.004610150032921843,1.0,ChIP-seq:H3K36me3 x ChIP-seq:H3K4me3
CL:0002328,ChIP-seq:H3K4me3,RNA-seq,0.036761837590494534,2.0,ChIP-seq:H3K4me3 x RNA-seq
CL:0002328,RNA-seq,ChIP-seq:H3K27me3,-0.04454530098221519,2.0,ChIP-seq:H3K27me3 x RNA-seq
CL:0002328,RNA-seq,ChIP-seq:H3K36me3,0.03761930622552571,2.0,ChIP-seq:H3K36me3 x RNA-seq
CL:0002328,RNA-seq,ChIP-seq:H3K4me3,0.025891182519668758,2.0,ChIP-seq:H3K4me3 x RNA-seq
CL:0002548,DNase-seq,ChIP-seq:CTCF,0.014213445051661083,1.0,ChIP-seq:CTCF x DNase-seq
CL:0002548,ChIP-seq:CTCF,DNase-seq,0.02827365355503897,1.0,ChIP-seq:CTCF x DNase-seq
CL:0001059,DNase-seq,ChIP-seq:H3K27ac,0.07067825213991809,22.0,ChIP-seq:H3K27ac x DNase-seq
CL:0001059,DNase-seq,ChIP-seq:H3K27me3,-0.06276534973846225,66.0,ChIP-seq:H3K27me3 x DNase-seq
CL:0001059,DNase-seq,ChIP-seq:H3K36me3,-0.04759480093231649,55.0,ChIP-seq:H3K36me3 x DNase-seq
CL:0001059,DNase-seq,ChIP-seq:H3K4me1,0.004140997173810246,55.0,ChIP-seq:H3K4me1 x DNase-seq
CL:0001059,DNase-seq,ChIP-seq:H3K4me3,0.05698460954608338,66.0,ChIP-seq:H3K4me3 x DNase-seq
CL:0001059,DNase-seq,ChIP-seq:H3K9me3,-0.028637001534138826,55.0,ChIP-seq:H3K9me3 x DNase-seq
CL:0001059,DNase-seq,polyA plus RNA-seq,-0.0031342995476413074,11.0,DNase-seq x polyA plus RNA-seq
CL:0001059,ChIP-seq:H3K27ac,DNase-seq,0.024003746927599462,22.0,ChIP-seq:H3K27ac x DNase-seq
CL:0001059,ChIP-seq:H3K27ac,ChIP-seq:H3K27me3,-0.04354505898833972,12.0,ChIP-seq:H3K27ac x ChIP-seq:H3K27me3
CL:0001059,ChIP-seq:H3K27ac,ChIP-seq:H3K36me3,-0.03134463786758402,10.0,ChIP-seq:H3K27ac x ChIP-seq:H3K36me3
CL:0001059,ChIP-seq:H3K27ac,ChIP-seq:H3K4me1,0.12880355715751649,10.0,ChIP-seq:H3K27ac x ChIP-seq:H3K4me1
CL:0001059,ChIP-seq:H3K27ac,ChIP-seq:H3K4me3,0.15413345382327126,12.0,ChIP-seq:H3K27ac x ChIP-seq:H3K4me3
CL:0001059,ChIP-seq:H3K27ac,ChIP-seq:H3K9me3,-0.0834125047380274,10.0,ChIP-seq:H3K27ac x ChIP-seq:H3K9me3
CL:0001059,ChIP-seq:H3K27ac,polyA plus RNA-seq,0.019713642299175264,2.0,ChIP-seq:H3K27ac x polyA plus RNA-seq
CL:0001059,ChIP-seq:H3K27me3,DNase-seq,-0.04388879345715203,66.0,ChIP-seq:H3K27me3 x DNase-seq
CL:0001059,ChIP-seq:H3K27me3,ChIP-seq:H3K27ac,-0.02014860160664248,12.0,ChIP-seq:H3K27ac x ChIP-seq:H3K27me3
CL:0001059,ChIP-seq:H3K27me3,ChIP-seq:H3K36me3,-0.028494006940113597,30.0,ChIP-seq:H3K27me3 x ChIP-seq:H3K36me3
CL:0001059,ChIP-seq:H3K27me3,ChIP-seq:H3K4me1,-0.07614594653800681,30.0,ChIP-seq:H3K27me3 x ChIP-seq:H3K4me1
CL:0001059,ChIP-seq:H3K27me3,ChIP-seq:H3K4me3,-0.05656123634368654,36.0,ChIP-seq:H3K27me3 x ChIP-seq:H3K4me3
CL:0001059,ChIP-seq:H3K27me3,ChIP-seq:H3K9me3,0.07713341279463334,30.0,ChIP-seq:H3K27me3 x ChIP-seq:H3K9me3
CL:0001059,ChIP-seq:H3K27me3,polyA plus RNA-seq,-0.014311181817735944,6.0,ChIP-seq:H3K27me3 x polyA plus RNA-seq
CL:0001059,ChIP-seq:H3K36me3,DNase-seq,-0.032125550341222976,55.0,ChIP-seq:H3K36me3 x DNase-seq
CL:0001059,ChIP-seq:H3K36me3,ChIP-seq:H3K27ac,-0.010667871383036143,10.0,ChIP-seq:H3K27ac x ChIP-seq:H3K36me3
CL:0001059,ChIP-seq:H3K36me3,ChIP-seq:H3K27me3,0.012109865692623876,30.0,ChIP-seq:H3K27me3 x ChIP-seq:H3K36me3
CL:0001059,ChIP-seq:H3K36me3,ChIP-seq:H3K4me1,-0.037620476881663006,25.0,ChIP-seq:H3K36me3 x ChIP-seq:H3K4me1
CL:0001059,ChIP-seq:H3K36me3,ChIP-seq:H3K4me3,-0.013258341891424994,30.0,ChIP-seq:H3K36me3 x ChIP-seq:H3K4me3
CL:0001059,ChIP-seq:H3K36me3,ChIP-seq:H3K9me3,0.1702405088598078,25.0,ChIP-seq:H3K36me3 x ChIP-seq:H3K9me3
CL:0001059,ChIP-seq:H3K36me3,polyA plus RNA-seq,0.0627767859186445,5.0,ChIP-seq:H3K36me3 x polyA plus RNA-seq
CL:0001059,ChIP-seq:H3K4me1,DNase-seq,-0.004942882527090371,55.0,ChIP-seq:H3K4me1 x DNase-seq
CL:0001059,ChIP-seq:H3K4me1,ChIP-seq:H3K27ac,0.10696557604748269,10.0,ChIP-seq:H3K27ac x ChIP-seq:H3K4me1
CL:0001059,ChIP-seq:H3K4me1,ChIP-seq:H3K27me3,-0.08194412501931887,30.0,ChIP-seq:H3K27me3 x ChIP-seq:H3K4me1
CL:0001059,ChIP-seq:H3K4me1,ChIP-seq:H3K36me3,-0.047364246127425985,25.0,ChIP-seq:H3K36me3 x ChIP-seq:H3K4me1
CL:0001059,ChIP-seq:H3K4me1,ChIP-seq:H3K4me3,0.11481227148146858,30.0,ChIP-seq:H3K4me1 x ChIP-seq:H3K4me3
CL:0001059,ChIP-seq:H3K4me1,ChIP-seq:H3K9me3,-0.02388522820039229,25.0,ChIP-seq:H3K4me1 x ChIP-seq:H3K9me3
CL:0001059,ChIP-seq:H3K4me1,polyA plus RNA-seq,0.066766859463283,5.0,ChIP-seq:H3K4me1 x polyA plus RNA-seq
CL:0001059,ChIP-seq:H3K4me3,DNase-seq,-0.018195163682275917,66.0,ChIP-seq:H3K4me3 x DNase-seq
CL:0001059,ChIP-seq:H3K4me3,ChIP-seq:H3K27ac,0.17519740337664053,12.0,ChIP-seq:H3K27ac x ChIP-seq:H3K4me3
CL:0001059,ChIP-seq:H3K4me3,ChIP-seq:H3K27me3,-0.06917691521244904,36.0,ChIP-seq:H3K27me3 x ChIP-seq:H3K4me3
CL:0001059,ChIP-seq:H3K4me3,ChIP-seq:H3K36me3,-0.028799525063524962,30.0,ChIP-seq:H3K36me3 x ChIP-seq:H3K4me3
CL:0001059,ChIP-seq:H3K4me3,ChIP-seq:H3K4me1,0.1247575327202126,30.0,ChIP-seq:H3K4me1 x ChIP-seq:H3K4me3
CL:0001059,ChIP-seq:H3K4me3,ChIP-seq:H3K9me3,0.004473737695000389,30.0,ChIP-seq:H3K4me3 x ChIP-seq:H3K9me3
CL:0001059,ChIP-seq:H3K4me3,polyA plus RNA-seq,0.007889120067868911,6.0,ChIP-seq:H3K4me3 x polyA plus RNA-seq
CL:0001059,ChIP-seq:H3K9me3,DNase-seq,-0.010344645101465343,55.0,ChIP-seq:H3K9me3 x DNase-seq
CL:0001059,ChIP-seq:H3K9me3,ChIP-seq:H3K27ac,-0.05100900919541068,10.0,ChIP-seq:H3K27ac x ChIP-seq:H3K9me3
CL:0001059,ChIP-seq:H3K9me3,ChIP-seq:H3K27me3,0.08492758845725254,30.0,ChIP-seq:H3K27me3 x ChIP-seq:H3K9me3
CL:0001059,ChIP-seq:H3K9me3,ChIP-seq:H3K36me3,0.150729733538884,25.0,ChIP-seq:H3K36me3 x ChIP-seq:H3K9me3
CL:0001059,ChIP-seq:H3K9me3,ChIP-seq:H3K4me1,-0.014283637205759684,25.0,ChIP-seq:H3K4me1 x ChIP-seq:H3K9me3
CL:0001059,ChIP-seq:H3K9me3,ChIP-seq:H3K4me3,0.01217023633775257,30.0,ChIP-seq:H3K4me3 x ChIP-seq:H3K9me3
CL:0001059,ChIP-seq:H3K9me3,polyA plus RNA-seq,-0.021042090467044288,5.0,ChIP-seq:H3K9me3 x polyA plus RNA-seq
CL:0001059,polyA plus RNA-seq,DNase-seq,-0.007926365852527522,11.0,DNase-seq x polyA plus RNA-seq
CL:0001059,polyA plus RNA-seq,ChIP-seq:H3K27ac,0.025135130569431355,2.0,ChIP-seq:H3K27ac x polyA plus RNA-seq
CL:0001059,polyA plus RNA-seq,ChIP-seq:H3K27me3,-0.012962790609103197,6.0,ChIP-seq:H3K27me3 x polyA plus RNA-seq
CL:0001059,polyA plus RNA-seq,ChIP-seq:H3K36me3,0.042541546078138454,5.0,ChIP-seq:H3K36me3 x polyA plus RNA-seq
CL:0001059,polyA plus RNA-seq,ChIP-seq:H3K4me1,0.04686911900838216,5.0,ChIP-seq:H3K4me1 x polyA plus RNA-seq
CL:0001059,polyA plus RNA-seq,ChIP-seq:H3K4me3,-0.000195908262616111,6.0,ChIP-seq:H3K4me3 x polyA plus RNA-seq
CL:0001059,polyA plus RNA-seq,ChIP-seq:H3K9me3,-0.023240947046063165,5.0,ChIP-seq:H3K9me3 x polyA plus RNA-seq
CL:0000905,ChIP-seq:H3K27ac,ChIP-seq:H3K27me3,0.024719605899669907,1.0,ChIP-seq:H3K27ac x ChIP-seq:H3K27me3
CL:0000905,ChIP-seq:H3K27ac,ChIP-seq:H3K36me3,0.0730569603411775,1.0,ChIP-seq:H3K27ac x ChIP-seq:H3K36me3
CL:0000905,ChIP-seq:H3K27ac,ChIP-seq:H3K4me1,-0.0035926122218370438,1.0,ChIP-seq:H3K27ac x ChIP-seq:H3K4me1
CL:0000905,ChIP-seq:H3K27ac,ChIP-seq:H3K4me3,0.24385058159051942,1.0,ChIP-seq:H3K27ac x ChIP-seq:H3K4me3
CL:0000905,ChIP-seq:H3K27ac,ChIP-seq:H3K9me3,0.033929861585299176,1.0,ChIP-seq:H3K27ac x ChIP-seq:H3K9me3
CL:0000905,ChIP-seq:H3K27me3,ChIP-seq:H3K27ac,0.012484312448420642,1.0,ChIP-seq:H3K27ac x ChIP-seq:H3K27me3
CL:0000905,ChIP-seq:H3K27me3,ChIP-seq:H3K36me3,0.12327745478404195,1.0,ChIP-seq:H3K27me3 x ChIP-seq:H3K36me3
CL:0000905,ChIP-seq:H3K27me3,ChIP-seq:H3K4me1,0.135004460811615,1.0,ChIP-seq:H3K27me3 x ChIP-seq:H3K4me1
CL:0000905,ChIP-seq:H3K27me3,ChIP-seq:H3K4me3,-0.0115996579228099,1.0,ChIP-seq:H3K27me3 x ChIP-seq:H3K4me3
CL:0000905,ChIP-seq:H3K27me3,ChIP-seq:H3K9me3,0.11180152628156874,1.0,ChIP-seq:H3K27me3 x ChIP-seq:H3K9me3
CL:0000905,ChIP-seq:H3K36me3,ChIP-seq:H3K27ac,0.03448957692325851,1.0,ChIP-seq:H3K27ac x ChIP-seq:H3K36me3
CL:0000905,ChIP-seq:H3K36me3,ChIP-seq:H3K27me3,0.10886982489715924,1.0,ChIP-seq:H3K27me3 x ChIP-seq:H3K36me3
CL:0000905,ChIP-seq:H3K36me3,ChIP-seq:H3K4me1,0.010171577658342278,1.0,ChIP-seq:H3K36me3 x ChIP-seq:H3K4me1
CL:0000905,ChIP-seq:H3K36me3,ChIP-seq:H3K4me3,0.04638665782850842,1.0,ChIP-seq:H3K36me3 x ChIP-seq:H3K4me3
CL:0000905,ChIP-seq:H3K36me3,ChIP-seq:H3K9me3,0.13481567402680716,1.0,ChIP-seq:H3K36me3 x ChIP-seq:H3K9me3
CL:0000905,ChIP-seq:H3K4me1,ChIP-seq:H3K27ac,-0.01789317992918285,1.0,ChIP-seq:H3K27ac x ChIP-seq:H3K4me1
CL:0000905,ChIP-seq:H3K4me1,ChIP-seq:H3K27me3,0.12589996511285956,1.0,ChIP-seq:H3K27me3 x ChIP-seq:H3K4me1
CL:0000905,ChIP-seq:H3K4me1,ChIP-seq:H3K36me3,0.0012836960585493815,1.0,ChIP-seq:H3K36me3 x ChIP-seq:H3K4me1
CL:0000905,ChIP-seq:H3K4me1,ChIP-seq:H3K4me3,0.12152739583059799,1.0,ChIP-seq:H3K4me1 x ChIP-seq:H3K4me3
CL:0000905,ChIP-seq:H3K4me1,ChIP-seq:H3K9me3,0.14403000043498146,1.0,ChIP-seq:H3K4me1 x ChIP-seq:H3K9me3
CL:0000905,ChIP-seq:H3K4me3,ChIP-seq:H3K27ac,0.2793395960772479,1.0,ChIP-seq:H3K27ac x ChIP-seq:H3K4me3
CL:0000905,ChIP-seq:H3K4me3,ChIP-seq:H3K27me3,0.004820077680051327,1.0,ChIP-seq:H3K27me3 x ChIP-seq:H3K4me3
CL:0000905,ChIP-seq:H3K4me3,ChIP-seq:H3K36me3,0.06803573950340873,1.0,ChIP-seq:H3K36me3 x ChIP-seq:H3K4me3
CL:0000905,ChIP-seq:H3K4me3,ChIP-seq:H3K4me1,0.12844498909038046,1.0,ChIP-seq:H3K4me1 x ChIP-seq:H3K4me3
CL:0000905,ChIP-seq:H3K4me3,ChIP-seq:H3K9me3,0.10123622351222568,1.0,ChIP-seq:H3K4me3 x ChIP-seq:H3K9me3
CL:0000905,ChIP-seq:H3K9me3,ChIP-seq:H3K27ac,0.02127910672146597,1.0,ChIP-seq:H3K27ac x ChIP-seq:H3K9me3
CL:0000905,ChIP-seq:H3K9me3,ChIP-seq:H3K27me3,0.06875006719069048,1.0,ChIP-seq:H3K27me3 x ChIP-seq:H3K9me3
CL:0000905,ChIP-seq:H3K9me3,ChIP-seq:H3K36me3,0.1455119329063516,1.0,ChIP-seq:H3K36me3 x ChIP-seq:H3K9me3
CL:0000905,ChIP-seq:H3K9me3,ChIP-seq:H3K4me1,0.13552366067533908,1.0,ChIP-seq:H3K4me1 x ChIP-seq:H3K9me3
CL:0000905,ChIP-seq:H3K9me3,ChIP-seq:H3K4me3,0.09995680645454762,1.0,ChIP-seq:H3K4me3 x ChIP-seq:H3K9me3
CL:0002618,DNase-seq,ChIP-seq:H3K27ac,0.14026437754984256,1.0,ChIP-seq:H3K27ac x DNase-seq
CL:0002618,DNase-seq,ChIP-seq:H3K27me3,-0.07558898913008827,2.0,ChIP-seq:H3K27me3 x DNase-seq
CL:0002618,DNase-seq,ChIP-seq:H3K36me3,-0.08054001990117525,1.0,ChIP-seq:H3K36me3 x DNase-seq
CL:0002618,DNase-seq,ChIP-seq:H3K4me3,0.01417964990709869,3.0,ChIP-seq:H3K4me3 x DNase-seq
CL:0002618,DNase-seq,ChIP-seq:H3K9me3,-0.09258608039882447,1.0,ChIP-seq:H3K9me3 x DNase-seq
CL:0002618,DNase-seq,ChIP-seq:CTCF,0.05715933526461979,1.0,ChIP-seq:CTCF x DNase-seq
CL:0002618,DNase-seq,polyA plus RNA-seq,-0.003174500768644768,9.0,DNase-seq x polyA plus RNA-seq
CL:0002618,DNase-seq,RNA-seq,0.01718147983229272,2.0,DNase-seq x RNA-seq
CL:0002618,DNase-seq,ChIP-seq:POLR2A,0.20688783547334505,1.0,ChIP-seq:POLR2A x DNase-seq
CL:0002618,DNase-seq,ChIP-seq:POLR2AphosphoS5,0.3226484389140688,1.0,ChIP-seq:POLR2AphosphoS5 x DNase-seq
CL:0002618,ChIP-seq:H3K27ac,DNase-seq,0.1292507937297723,1.0,ChIP-seq:H3K27ac x DNase-seq
CL:0002618,ChIP-seq:H3K27ac,ChIP-seq:H3K27me3,-0.09890504785946437,2.0,ChIP-seq:H3K27ac x ChIP-seq:H3K27me3
CL:0002618,ChIP-seq:H3K27ac,ChIP-seq:H3K36me3,-0.06885723922597735,1.0,ChIP-seq:H3K27ac x ChIP-seq:H3K36me3
CL:0002618,ChIP-seq:H3K27ac,ChIP-seq:H3K4me3,0.17327641489360257,3.0,ChIP-seq:H3K27ac x ChIP-seq:H3K4me3
CL:0002618,ChIP-seq:H3K27ac,ChIP-seq:H3K9me3,-0.0442943102783627,1.0,ChIP-seq:H3K27ac x ChIP-seq:H3K9me3
CL:0002618,ChIP-seq:H3K27ac,ChIP-seq:CTCF,0.016178743597471488,1.0,ChIP-seq:CTCF x ChIP-seq:H3K27ac
CL:0002618,ChIP-seq:H3K27ac,polyA plus RNA-seq,0.030662600059955435,9.0,ChIP-seq:H3K27ac x polyA plus RNA-seq
CL:0002618,ChIP-seq:H3K27ac,RNA-seq,0.06105665866050006,2.0,ChIP-seq:H3K27ac x RNA-seq
CL:0002618,ChIP-seq:H3K27ac,ChIP-seq:POLR2A,0.1925344038427922,1.0,ChIP-seq:H3K27ac x ChIP-seq:POLR2A
CL:0002618,ChIP-seq:H3K27ac,ChIP-seq:POLR2AphosphoS5,0.21154543140838886,1.0,ChIP-seq:H3K27ac x ChIP-seq:POLR2AphosphoS5
CL:0002618,ChIP-seq:H3K27me3,DNase-seq,-0.03387597469483672,2.0,ChIP-seq:H3K27me3 x DNase-seq
CL:0002618,ChIP-seq:H3K27me3,ChIP-seq:H3K27ac,-0.08580951521426071,2.0,ChIP-seq:H3K27ac x ChIP-seq:H3K27me3
CL:0002618,ChIP-seq:H3K27me3,ChIP-seq:H3K36me3,0.026041562776816518,2.0,ChIP-seq:H3K27me3 x ChIP-seq:H3K36me3
CL:0002618,ChIP-seq:H3K27me3,ChIP-seq:H3K4me3,-0.013563827169892932,6.0,ChIP-seq:H3K27me3 x ChIP-seq:H3K4me3
CL:0002618,ChIP-seq:H3K27me3,ChIP-seq:H3K9me3,-0.09148368040720622,2.0,ChIP-seq:H3K27me3 x ChIP-seq:H3K9me3
CL:0002618,ChIP-seq:H3K27me3,ChIP-seq:CTCF,0.006938442746001594,2.0,ChIP-seq:CTCF x ChIP-seq:H3K27me3
CL:0002618,ChIP-seq:H3K27me3,polyA plus RNA-seq,0.0012127924383732308,18.0,ChIP-seq:H3K27me3 x polyA plus RNA-seq
CL:0002618,ChIP-seq:H3K27me3,RNA-seq,-0.022626394462669203,4.0,ChIP-seq:H3K27me3 x RNA-seq
CL:0002618,ChIP-seq:H3K27me3,ChIP-seq:POLR2A,-0.02476236930018977,2.0,ChIP-seq:H3K27me3 x ChIP-seq:POLR2A
CL:0002618,ChIP-seq:H3K27me3,ChIP-seq:POLR2AphosphoS5,-0.029953517019748688,2.0,ChIP-seq:H3K27me3 x ChIP-seq:POLR2AphosphoS5
CL:0002618,ChIP-seq:H3K36me3,DNase-seq,-0.056694255926308716,1.0,ChIP-seq:H3K36me3 x DNase-seq
CL:0002618,ChIP-seq:H3K36me3,ChIP-seq:H3K27ac,-0.05826665760006434,1.0,ChIP-seq:H3K27ac x ChIP-seq:H3K36me3
CL:0002618,ChIP-seq:H3K36me3,ChIP-seq:H3K27me3,0.017784436004502434,2.0,ChIP-seq:H3K27me3 x ChIP-seq:H3K36me3
CL:0002618,ChIP-seq:H3K36me3,ChIP-seq:H3K4me3,0.006960962562353958,3.0,ChIP-seq:H3K36me3 x ChIP-seq:H3K4me3
CL:0002618,ChIP-seq:H3K36me3,ChIP-seq:H3K9me3,0.07677570432424545,1.0,ChIP-seq:H3K36me3 x ChIP-seq:H3K9me3
CL:0002618,ChIP-seq:H3K36me3,ChIP-seq:CTCF,-0.013903840857926966,1.0,ChIP-seq:CTCF x ChIP-seq:H3K36me3
CL:0002618,ChIP-seq:H3K36me3,polyA plus RNA-seq,-0.014237095389449811,9.0,ChIP-seq:H3K36me3 x polyA plus RNA-seq
CL:0002618,ChIP-seq:H3K36me3,RNA-seq,0.036041297175565985,2.0,ChIP-seq:H3K36me3 x RNA-seq
CL:0002618,ChIP-seq:H3K36me3,ChIP-seq:POLR2A,-0.023338473352946733,1.0,ChIP-seq:H3K36me3 x ChIP-seq:POLR2A
CL:0002618,ChIP-seq:H3K36me3,ChIP-seq:POLR2AphosphoS5,0.0043698041860399574,1.0,ChIP-seq:H3K36me3 x ChIP-seq:POLR2AphosphoS5
CL:0002618,ChIP-seq:H3K4me3,DNase-seq,0.051489825139417536,3.0,ChIP-seq:H3K4me3 x DNase-seq
CL:0002618,ChIP-seq:H3K4me3,ChIP-seq:H3K27ac,0.18852187429435951,3.0,ChIP-seq:H3K27ac x ChIP-seq:H3K4me3
CL:0002618,ChIP-seq:H3K4me3,ChIP-seq:H3K27me3,-0.03384926546187628,6.0,ChIP-seq:H3K27me3 x ChIP-seq:H3K4me3
CL:0002618,ChIP-seq:H3K4me3,ChIP-seq:H3K36me3,-0.03470903353994353,3.0,ChIP-seq:H3K36me3 x ChIP-seq:H3K4me3
CL:0002618,ChIP-seq:H3K4me3,ChIP-seq:H3K9me3,0.03674989971849654,3.0,ChIP-seq:H3K4me3 x ChIP-seq:H3K9me3
CL:0002618,ChIP-seq:H3K4me3,ChIP-seq:CTCF,0.02387976421500152,3.0,ChIP-seq:CTCF x ChIP-seq:H3K4me3
CL:0002618,ChIP-seq:H3K4me3,polyA plus RNA-seq,-0.0072242377097146565,27.0,ChIP-seq:H3K4me3 x polyA plus RNA-seq
CL:0002618,ChIP-seq:H3K4me3,RNA-seq,0.012816384202051126,6.0,ChIP-seq:H3K4me3 x RNA-seq
CL:0002618,ChIP-seq:H3K4me3,ChIP-seq:POLR2A,0.11457293145140708,3.0,ChIP-seq:H3K4me3 x ChIP-seq:POLR2A
CL:0002618,ChIP-seq:H3K4me3,ChIP-seq:POLR2AphosphoS5,0.10435441444660054,3.0,ChIP-seq:H3K4me3 x ChIP-seq:POLR2AphosphoS5
CL:0002618,ChIP-seq:H3K79me2,DNase-seq,-0.04078426131629086,1.0,ChIP-seq:H3K79me2 x DNase-seq
CL:0002618,ChIP-seq:H3K79me2,ChIP-seq:H3K27ac,0.0036009611722863724,1.0,ChIP-seq:H3K27ac x ChIP-seq:H3K79me2
CL:0002618,ChIP-seq:H3K79me2,ChIP-seq:H3K27me3,-0.005309118516743183,2.0,ChIP-seq:H3K27me3 x ChIP-seq:H3K79me2
CL:0002618,ChIP-seq:H3K79me2,ChIP-seq:H3K36me3,0.05552305171364232,1.0,ChIP-seq:H3K36me3 x ChIP-seq:H3K79me2
CL:0002618,ChIP-seq:H3K79me2,ChIP-seq:H3K4me3,0.066046181139252,3.0,ChIP-seq:H3K4me3 x ChIP-seq:H3K79me2
CL:0002618,ChIP-seq:H3K79me2,ChIP-seq:H3K9me3,0.07312729607025782,1.0,ChIP-seq:H3K79me2 x ChIP-seq:H3K9me3
CL:0002618,ChIP-seq:H3K79me2,ChIP-seq:CTCF,-0.0011160337840611084,1.0,ChIP-seq:CTCF x ChIP-seq:H3K79me2
CL:0002618,ChIP-seq:H3K79me2,polyA plus RNA-seq,0.015622511941787091,9.0,ChIP-seq:H3K79me2 x polyA plus RNA-seq
CL:0002618,ChIP-seq:H3K79me2,RNA-seq,0.060505681874042934,2.0,ChIP-seq:H3K79me2 x RNA-seq
CL:0002618,ChIP-seq:H3K79me2,ChIP-seq:POLR2A,0.021414140664171754,1.0,ChIP-seq:H3K79me2 x ChIP-seq:POLR2A
CL:0002618,ChIP-seq:H3K79me2,ChIP-seq:POLR2AphosphoS5,0.011553905647376487,1.0,ChIP-seq:H3K79me2 x ChIP-seq:POLR2AphosphoS5
CL:0002618,ChIP-seq:H3K9me3,DNase-seq,-0.05231807587768854,1.0,ChIP-seq:H3K9me3 x DNase-seq
CL:0002618,ChIP-seq:H3K9me3,ChIP-seq:H3K27ac,-0.02312431180918658,1.0,ChIP-seq:H3K27ac x ChIP-seq:H3K9me3
CL:0002618,ChIP-seq:H3K9me3,ChIP-seq:H3K27me3,-0.05221022810254778,2.0,ChIP-seq:H3K27me3 x ChIP-seq:H3K9me3
CL:0002618,ChIP-seq:H3K9me3,ChIP-seq:H3K36me3,0.07020042609227331,1.0,ChIP-seq:H3K36me3 x ChIP-seq:H3K9me3
CL:0002618,ChIP-seq:H3K9me3,ChIP-seq:H3K4me3,0.06529049337469917,3.0,ChIP-seq:H3K4me3 x ChIP-seq:H3K9me3
CL:0002618,ChIP-seq:H3K9me3,ChIP-seq:CTCF,-0.002312152488332872,1.0,ChIP-seq:CTCF x ChIP-seq:H3K9me3
CL:0002618,ChIP-seq:H3K9me3,polyA plus RNA-seq,-0.013838374867425327,9.0,ChIP-seq:H3K9me3 x polyA plus RNA-seq
CL:0002618,ChIP-seq:H3K9me3,RNA-seq,-0.017368657778364015,2.0,ChIP-seq:H3K9me3 x RNA-seq
CL:0002618,ChIP-seq:H3K9me3,ChIP-seq:POLR2A,-0.01712731083266829,1.0,ChIP-seq:H3K9me3 x ChIP-seq:POLR2A
CL:0002618,ChIP-seq:H3K9me3,ChIP-seq:POLR2AphosphoS5,-0.02575293722851523,1.0,ChIP-seq:H3K9me3 x ChIP-seq:POLR2AphosphoS5
CL:0002618,ChIP-seq:CTCF,DNase-seq,0.11355127179683941,1.0,ChIP-seq:CTCF x DNase-seq
CL:0002618,ChIP-seq:CTCF,ChIP-seq:H3K27ac,0.013068215438613185,1.0,ChIP-seq:CTCF x ChIP-seq:H3K27ac
CL:0002618,ChIP-seq:CTCF,ChIP-seq:H3K27me3,-0.002956191327955042,2.0,ChIP-seq:CTCF x ChIP-seq:H3K27me3
CL:0002618,ChIP-seq:CTCF,ChIP-seq:H3K36me3,-0.01790809026968322,1.0,ChIP-seq:CTCF x ChIP-seq:H3K36me3
CL:0002618,ChIP-seq:CTCF,ChIP-seq:H3K4me3,0.01942781047641951,3.0,ChIP-seq:CTCF x ChIP-seq:H3K4me3
CL:0002618,ChIP-seq:CTCF,ChIP-seq:H3K9me3,0.016013253687156573,1.0,ChIP-seq:CTCF x ChIP-seq:H3K9me3
CL:0002618,ChIP-seq:CTCF,polyA plus RNA-seq,-0.010543477116969594,9.0,ChIP-seq:CTCF x polyA plus RNA-seq
CL:0002618,ChIP-seq:CTCF,RNA-seq,-0.010095863206098314,2.0,ChIP-seq:CTCF x RNA-seq
CL:0002618,ChIP-seq:CTCF,ChIP-seq:POLR2A,0.025001633520189085,1.0,ChIP-seq:CTCF x ChIP-seq:POLR2A
CL:0002618,ChIP-seq:CTCF,ChIP-seq:POLR2AphosphoS5,0.0594841537290606,1.0,ChIP-seq:CTCF x ChIP-seq:POLR2AphosphoS5
CL:0002618,polyA plus RNA-seq,DNase-seq,0.003977288278945,9.0,DNase-seq x polyA plus RNA-seq
CL:0002618,polyA plus RNA-seq,ChIP-seq:H3K27ac,0.03552486818023179,9.0,ChIP-seq:H3K27ac x polyA plus RNA-seq
CL:0002618,polyA plus RNA-seq,ChIP-seq:H3K27me3,-0.01724456480571202,18.0,ChIP-seq:H3K27me3 x polyA plus RNA-seq
CL:0002618,polyA plus RNA-seq,ChIP-seq:H3K36me3,0.0025512143882394575,9.0,ChIP-seq:H3K36me3 x polyA plus RNA-seq
CL:0002618,polyA plus RNA-seq,ChIP-seq:H3K4me3,0.00883802113958368,27.0,ChIP-seq:H3K4me3 x polyA plus RNA-seq
CL:0002618,polyA plus RNA-seq,ChIP-seq:H3K9me3,-0.006844615917882801,9.0,ChIP-seq:H3K9me3 x polyA plus RNA-seq
CL:0002618,polyA plus RNA-seq,ChIP-seq:CTCF,-0.0061270398413860085,9.0,ChIP-seq:CTCF x polyA plus RNA-seq
CL:0002618,polyA plus RNA-seq,RNA-seq,0.11108546327744304,18.0,RNA-seq x polyA plus RNA-seq
CL:0002618,polyA plus RNA-seq,ChIP-seq:POLR2A,0.03964108228683472,9.0,ChIP-seq:POLR2A x polyA plus RNA-seq
CL:0002618,polyA plus RNA-seq,ChIP-seq:POLR2AphosphoS5,0.01825831710607156,9.0,ChIP-seq:POLR2AphosphoS5 x polyA plus RNA-seq
CL:0002618,RNA-seq,DNase-seq,0.021843008088919987,2.0,DNase-seq x RNA-seq
CL:0002618,RNA-seq,ChIP-seq:H3K27ac,0.057724974405618364,2.0,ChIP-seq:H3K27ac x RNA-seq
CL:0002618,RNA-seq,ChIP-seq:H3K27me3,-0.01893924470458712,4.0,ChIP-seq:H3K27me3 x RNA-seq
CL:0002618,RNA-seq,ChIP-seq:H3K36me3,0.042288687354639955,2.0,ChIP-seq:H3K36me3 x RNA-seq
CL:0002618,RNA-seq,ChIP-seq:H3K4me3,0.012291637174960034,6.0,ChIP-seq:H3K4me3 x RNA-seq
CL:0002618,RNA-seq,ChIP-seq:H3K9me3,-0.007445045912431347,2.0,ChIP-seq:H3K9me3 x RNA-seq
CL:0002618,RNA-seq,ChIP-seq:CTCF,-0.008976344809920158,2.0,ChIP-seq:CTCF x RNA-seq
CL:0002618,RNA-seq,polyA plus RNA-seq,0.05097046511912204,18.0,RNA-seq x polyA plus RNA-seq
CL:0002618,RNA-seq,ChIP-seq:POLR2A,0.03331950306892395,2.0,ChIP-seq:POLR2A x RNA-seq
CL:0002618,RNA-seq,ChIP-seq:POLR2AphosphoS5,0.039008396067496,2.0,ChIP-seq:POLR2AphosphoS5 x RNA-seq
CL:0002618,ChIP-seq:POLR2A,DNase-seq,0.15925509434739238,1.0,ChIP-seq:POLR2A x DNase-seq
CL:0002618,ChIP-seq:POLR2A,ChIP-seq:H3K27ac,0.12911155415169986,1.0,ChIP-seq:H3K27ac x ChIP-seq:POLR2A
CL:0002618,ChIP-seq:POLR2A,ChIP-seq:H3K27me3,-0.06281347300325121,2.0,ChIP-seq:H3K27me3 x ChIP-seq:POLR2A
CL:0002618,ChIP-seq:POLR2A,ChIP-seq:H3K36me3,-0.05384872732193846,1.0,ChIP-seq:H3K36me3 x ChIP-seq:POLR2A
CL:0002618,ChIP-seq:POLR2A,ChIP-seq:H3K4me3,0.04837754802524763,3.0,ChIP-seq:H3K4me3 x ChIP-seq:POLR2A
CL:0002618,ChIP-seq:POLR2A,ChIP-seq:H3K9me3,-0.0238376858851148,1.0,ChIP-seq:H3K9me3 x ChIP-seq:POLR2A
CL:0002618,ChIP-seq:POLR2A,ChIP-seq:CTCF,-0.0188583864496564,1.0,ChIP-seq:CTCF x ChIP-seq:POLR2A
CL:0002618,ChIP-seq:POLR2A,polyA plus RNA-seq,0.008001592772745952,9.0,ChIP-seq:POLR2A x polyA plus RNA-seq
CL:0002618,ChIP-seq:POLR2A,RNA-seq,0.0024260071736588104,2.0,ChIP-seq:POLR2A x RNA-seq
CL:0002618,ChIP-seq:POLR2A,ChIP-seq:POLR2AphosphoS5,0.473526890935569,1.0,ChIP-seq:POLR2A x ChIP-seq:POLR2AphosphoS5
CL:0002618,ChIP-seq:POLR2AphosphoS5,DNase-seq,0.32586286582799684,1.0,ChIP-seq:POLR2AphosphoS5 x DNase-seq
CL:0002618,ChIP-seq:POLR2AphosphoS5,ChIP-seq:H3K27ac,0.12651439103079432,1.0,ChIP-seq:H3K27ac x ChIP-seq:POLR2AphosphoS5
CL:0002618,ChIP-seq:POLR2AphosphoS5,ChIP-seq:H3K27me3,-0.03972412352051054,2.0,ChIP-seq:H3K27me3 x ChIP-seq:POLR2AphosphoS5
CL:0002618,ChIP-seq:POLR2AphosphoS5,ChIP-seq:H3K36me3,-0.004606213910799278,1.0,ChIP-seq:H3K36me3 x ChIP-seq:POLR2AphosphoS5
CL:0002618,ChIP-seq:POLR2AphosphoS5,ChIP-seq:H3K4me3,0.023605250416787016,3.0,ChIP-seq:H3K4me3 x ChIP-seq:POLR2AphosphoS5
CL:0002618,ChIP-seq:POLR2AphosphoS5,ChIP-seq:H3K9me3,-0.04410718629757563,1.0,ChIP-seq:H3K9me3 x ChIP-seq:POLR2AphosphoS5
CL:0002618,ChIP-seq:POLR2AphosphoS5,ChIP-seq:CTCF,-0.0022625885200950324,1.0,ChIP-seq:CTCF x ChIP-seq:POLR2AphosphoS5
CL:0002618,ChIP-seq:POLR2AphosphoS5,polyA plus RNA-seq,-0.0011235947845972052,9.0,ChIP-seq:POLR2AphosphoS5 x polyA plus RNA-seq
CL:0002618,ChIP-seq:POLR2AphosphoS5,RNA-seq,0.016826498939435434,2.0,ChIP-seq:POLR2AphosphoS5 x RNA-seq
CL:0002618,ChIP-seq:POLR2AphosphoS5,ChIP-seq:POLR2A,0.5371266718496356,1.0,ChIP-seq:POLR2A x ChIP-seq:POLR2AphosphoS5
CL:0002231,ChIP-seq:H3K27ac,ChIP-seq:CTCF,-0.002826581656370522,1.0,ChIP-seq:CTCF x ChIP-seq:H3K27ac
CL:0002231,ChIP-seq:CTCF,ChIP-seq:H3K27ac,-0.00061383498487649,1.0,ChIP-seq:CTCF x ChIP-seq:H3K27ac
CL:0002306,ChIP-seq:H3K4me3,ChIP-seq:CTCF,0.0191298487051478,1.0,ChIP-seq:CTCF x ChIP-seq:H3K4me3
CL:0002306,ChIP-seq:H3K4me3,RNA-seq,0.044016909613263135,2.0,ChIP-seq:H3K4me3 x RNA-seq
CL:0002306,ChIP-seq:CTCF,ChIP-seq:H3K4me3,0.03178418486617332,1.0,ChIP-seq:CTCF x ChIP-seq:H3K4me3
CL:0002306,ChIP-seq:CTCF,RNA-seq,-0.007725594172677335,2.0,ChIP-seq:CTCF x RNA-seq
CL:0002306,RNA-seq,ChIP-seq:H3K4me3,0.02876661503037741,2.0,ChIP-seq:H3K4me3 x RNA-seq
CL:0002306,RNA-seq,ChIP-seq:CTCF,-0.014480653974526334,2.0,ChIP-seq:CTCF x RNA-seq
NTR:0003079,ChIP-seq:H3K27ac,ChIP-seq:H3K27me3,0.1213454327413014,4.0,ChIP-seq:H3K27ac x ChIP-seq:H3K27me3
NTR:0003079,ChIP-seq:H3K27ac,ChIP-seq:H3K36me3,0.0962581803243627,4.0,ChIP-seq:H3K27ac x ChIP-seq:H3K36me3
NTR:0003079,ChIP-seq:H3K27ac,ChIP-seq:H3K4me1,0.17441968302257727,4.0,ChIP-seq:H3K27ac x ChIP-seq:H3K4me1
NTR:0003079,ChIP-seq:H3K27ac,ChIP-seq:H3K4me3,0.18799523271132854,4.0,ChIP-seq:H3K27ac x ChIP-seq:H3K4me3
NTR:0003079,ChIP-seq:H3K27ac,ChIP-seq:H3K9me3,0.11200431982676189,2.0,ChIP-seq:H3K27ac x ChIP-seq:H3K9me3
NTR:0003079,ChIP-seq:H3K27ac,polyA plus RNA-seq,-0.0579530294720393,4.0,ChIP-seq:H3K27ac x polyA plus RNA-seq
NTR:0003079,ChIP-seq:H3K27me3,ChIP-seq:H3K27ac,0.09772879153675174,4.0,ChIP-seq:H3K27ac x ChIP-seq:H3K27me3
NTR:0003079,ChIP-seq:H3K27me3,ChIP-seq:H3K36me3,0.012329910896600238,4.0,ChIP-seq:H3K27me3 x ChIP-seq:H3K36me3
NTR:0003079,ChIP-seq:H3K27me3,ChIP-seq:H3K4me1,0.02779901345245174,4.0,ChIP-seq:H3K27me3 x ChIP-seq:H3K4me1
NTR:0003079,ChIP-seq:H3K27me3,ChIP-seq:H3K4me3,0.1266017751158955,4.0,ChIP-seq:H3K27me3 x ChIP-seq:H3K4me3
NTR:0003079,ChIP-seq:H3K27me3,ChIP-seq:H3K9me3,0.21316391891903347,2.0,ChIP-seq:H3K27me3 x ChIP-seq:H3K9me3
NTR:0003079,ChIP-seq:H3K27me3,polyA plus RNA-seq,-0.01402582099026117,4.0,ChIP-seq:H3K27me3 x polyA plus RNA-seq
NTR:0003079,ChIP-seq:H3K36me3,ChIP-seq:H3K27ac,0.11157254939493925,4.0,ChIP-seq:H3K27ac x ChIP-seq:H3K36me3
NTR:0003079,ChIP-seq:H3K36me3,ChIP-seq:H3K27me3,0.027818162930863245,4.0,ChIP-seq:H3K27me3 x ChIP-seq:H3K36me3
NTR:0003079,ChIP-seq:H3K36me3,ChIP-seq:H3K4me1,0.05964094620259082,4.0,ChIP-seq:H3K36me3 x ChIP-seq:H3K4me1
NTR:0003079,ChIP-seq:H3K36me3,ChIP-seq:H3K4me3,0.07014463883694087,4.0,ChIP-seq:H3K36me3 x ChIP-seq:H3K4me3
NTR:0003079,ChIP-seq:H3K36me3,ChIP-seq:H3K9me3,0.06627735545237859,2.0,ChIP-seq:H3K36me3 x ChIP-seq:H3K9me3
NTR:0003079,ChIP-seq:H3K36me3,polyA plus RNA-seq,-0.04408291311011274,4.0,ChIP-seq:H3K36me3 x polyA plus RNA-seq
NTR:0003079,ChIP-seq:H3K4me1,ChIP-seq:H3K27ac,0.18385301335998203,4.0,ChIP-seq:H3K27ac x ChIP-seq:H3K4me1
NTR:0003079,ChIP-seq:H3K4me1,ChIP-seq:H3K27me3,0.04371798438685281,4.0,ChIP-seq:H3K27me3 x ChIP-seq:H3K4me1
NTR:0003079,ChIP-seq:H3K4me1,ChIP-seq:H3K36me3,0.06388557753550313,4.0,ChIP-seq:H3K36me3 x ChIP-seq:H3K4me1
NTR:0003079,ChIP-seq:H3K4me1,ChIP-seq:H3K4me3,0.019503067552207785,4.0,ChIP-seq:H3K4me1 x ChIP-seq:H3K4me3
NTR:0003079,ChIP-seq:H3K4me1,ChIP-seq:H3K9me3,0.07316473126411438,2.0,ChIP-seq:H3K4me1 x ChIP-seq:H3K9me3
NTR:0003079,ChIP-seq:H3K4me1,polyA plus RNA-seq,-0.009651335743509425,4.0,ChIP-seq:H3K4me1 x polyA plus RNA-seq
NTR:0003079,ChIP-seq:H3K4me3,ChIP-seq:H3K27ac,0.2501946195312168,4.0,ChIP-seq:H3K27ac x ChIP-seq:H3K4me3
NTR:0003079,ChIP-seq:H3K4me3,ChIP-seq:H3K27me3,0.14444359711238317,4.0,ChIP-seq:H3K27me3 x ChIP-seq:H3K4me3
NTR:0003079,ChIP-seq:H3K4me3,ChIP-seq:H3K36me3,0.04247001302305353,4.0,ChIP-seq:H3K36me3 x ChIP-seq:H3K4me3
NTR:0003079,ChIP-seq:H3K4me3,ChIP-seq:H3K4me1,0.0031949612897276235,4.0,ChIP-seq:H3K4me1 x ChIP-seq:H3K4me3
NTR:0003079,ChIP-seq:H3K4me3,ChIP-seq:H3K9me3,0.10224902348385917,2.0,ChIP-seq:H3K4me3 x ChIP-seq:H3K9me3
NTR:0003079,ChIP-seq:H3K4me3,polyA plus RNA-seq,-0.07248648708648872,4.0,ChIP-seq:H3K4me3 x polyA plus RNA-seq
NTR:0003079,ChIP-seq:H3K9me3,ChIP-seq:H3K27ac,0.0874251615927086,2.0,ChIP-seq:H3K27ac x ChIP-seq:H3K9me3
NTR:0003079,ChIP-seq:H3K9me3,ChIP-seq:H3K27me3,0.2132230397633144,2.0,ChIP-seq:H3K27me3 x ChIP-seq:H3K9me3
NTR:0003079,ChIP-seq:H3K9me3,ChIP-seq:H3K36me3,0.03896375367092708,2.0,ChIP-seq:H3K36me3 x ChIP-seq:H3K9me3
NTR:0003079,ChIP-seq:H3K9me3,ChIP-seq:H3K4me1,0.03663267643073869,2.0,ChIP-seq:H3K4me1 x ChIP-seq:H3K9me3
NTR:0003079,ChIP-seq:H3K9me3,ChIP-seq:H3K4me3,0.054327615580269106,2.0,ChIP-seq:H3K4me3 x ChIP-seq:H3K9me3
NTR:0003079,ChIP-seq:H3K9me3,polyA plus RNA-seq,0.002292264370317104,2.0,ChIP-seq:H3K9me3 x polyA plus RNA-seq
NTR:0003079,polyA plus RNA-seq,ChIP-seq:H3K27ac,0.015096909716517105,4.0,ChIP-seq:H3K27ac x polyA plus RNA-seq
NTR:0003079,polyA plus RNA-seq,ChIP-seq:H3K27me3,-0.024203719603163854,4.0,ChIP-seq:H3K27me3 x polyA plus RNA-seq
NTR:0003079,polyA plus RNA-seq,ChIP-seq:H3K36me3,0.012029920384366677,4.0,ChIP-seq:H3K36me3 x polyA plus RNA-seq
NTR:0003079,polyA plus RNA-seq,ChIP-seq:H3K4me1,0.008505796296063994,4.0,ChIP-seq:H3K4me1 x polyA plus RNA-seq
NTR:0003079,polyA plus RNA-seq,ChIP-seq:H3K4me3,0.009256678972845881,4.0,ChIP-seq:H3K4me3 x polyA plus RNA-seq
NTR:0003079,polyA plus RNA-seq,ChIP-seq:H3K9me3,-0.005216383602884081,2.0,ChIP-seq:H3K9me3 x polyA plus RNA-seq
CL:0002551,ChIP-seq:H3K27ac,ChIP-seq:H3K4me3,0.22523764233256496,1.0,ChIP-seq:H3K27ac x ChIP-seq:H3K4me3
CL:0002551,ChIP-seq:H3K27ac,ChIP-seq:CTCF,0.02374931762240968,1.0,ChIP-seq:CTCF x ChIP-seq:H3K27ac
CL:0002551,ChIP-seq:H3K27ac,RNA-seq,0.02471518851554924,2.0,ChIP-seq:H3K27ac x RNA-seq
CL:0002551,ChIP-seq:H3K4me3,ChIP-seq:H3K27ac,0.24395232730441624,1.0,ChIP-seq:H3K27ac x ChIP-seq:H3K4me3
CL:0002551,ChIP-seq:H3K4me3,ChIP-seq:CTCF,0.017038970412510745,1.0,ChIP-seq:CTCF x ChIP-seq:H3K4me3
CL:0002551,ChIP-seq:H3K4me3,RNA-seq,0.016889148385239985,2.0,ChIP-seq:H3K4me3 x RNA-seq
CL:0002551,ChIP-seq:CTCF,ChIP-seq:H3K27ac,0.02389597405254105,1.0,ChIP-seq:CTCF x ChIP-seq:H3K27ac
CL:0002551,ChIP-seq:CTCF,ChIP-seq:H3K4me3,0.027623800049687543,1.0,ChIP-seq:CTCF x ChIP-seq:H3K4me3
CL:0002551,ChIP-seq:CTCF,RNA-seq,-0.0023693752974550952,2.0,ChIP-seq:CTCF x RNA-seq
CL:0002551,RNA-seq,ChIP-seq:H3K27ac,0.020522491431530614,2.0,ChIP-seq:H3K27ac x RNA-seq
CL:0002551,RNA-seq,ChIP-seq:H3K4me3,0.002385140920794289,2.0,ChIP-seq:H3K4me3 x RNA-seq
CL:0002551,RNA-seq,ChIP-seq:CTCF,-0.012558777060992312,2.0,ChIP-seq:CTCF x RNA-seq
CL:0002553,ChIP-seq:H3K27ac,ChIP-seq:H3K27me3,0.006285777146166021,1.0,ChIP-seq:H3K27ac x ChIP-seq:H3K27me3
CL:0002553,ChIP-seq:H3K27ac,ChIP-seq:H3K36me3,-0.022282817332368147,1.0,ChIP-seq:H3K27ac x ChIP-seq:H3K36me3
CL:0002553,ChIP-seq:H3K27ac,ChIP-seq:H3K4me3,0.06198771906570652,3.0,ChIP-seq:H3K27ac x ChIP-seq:H3K4me3
CL:0002553,ChIP-seq:H3K27ac,ChIP-seq:H3K9ac,0.3626244306564331,1.0,ChIP-seq:H3K27ac x ChIP-seq:H3K9ac
CL:0002553,ChIP-seq:H3K27ac,ChIP-seq:H3K9me3,-0.021280121637715234,1.0,ChIP-seq:H3K27ac x ChIP-seq:H3K9me3
CL:0002553,ChIP-seq:H3K27ac,ChIP-seq:CTCF,-0.014711881074167434,2.0,ChIP-seq:CTCF x ChIP-seq:H3K27ac
CL:0002553,ChIP-seq:H3K27ac,polyA plus RNA-seq,-0.008128766355843378,3.0,ChIP-seq:H3K27ac x polyA plus RNA-seq
CL:0002553,ChIP-seq:H3K27ac,RNA-seq,0.023967779413807865,2.0,ChIP-seq:H3K27ac x RNA-seq
CL:0002553,ChIP-seq:H3K27me3,ChIP-seq:H3K27ac,0.0024096350427027097,1.0,ChIP-seq:H3K27ac x ChIP-seq:H3K27me3
CL:0002553,ChIP-seq:H3K27me3,ChIP-seq:H3K36me3,-0.10244271825802953,1.0,ChIP-seq:H3K27me3 x ChIP-seq:H3K36me3
CL:0002553,ChIP-seq:H3K27me3,ChIP-seq:H3K4me3,-0.04251259351979959,3.0,ChIP-seq:H3K27me3 x ChIP-seq:H3K4me3
CL:0002553,ChIP-seq:H3K27me3,ChIP-seq:H3K9ac,-0.03484410241246223,1.0,ChIP-seq:H3K27me3 x ChIP-seq:H3K9ac
CL:0002553,ChIP-seq:H3K27me3,ChIP-seq:H3K9me3,-0.03430400776366393,1.0,ChIP-seq:H3K27me3 x ChIP-seq:H3K9me3
CL:0002553,ChIP-seq:H3K27me3,ChIP-seq:CTCF,-0.03013535263460307,2.0,ChIP-seq:CTCF x ChIP-seq:H3K27me3
CL:0002553,ChIP-seq:H3K27me3,polyA plus RNA-seq,-0.03450309185461066,3.0,ChIP-seq:H3K27me3 x polyA plus RNA-seq
CL:0002553,ChIP-seq:H3K27me3,RNA-seq,-0.03012517206283587,2.0,ChIP-seq:H3K27me3 x RNA-seq
CL:0002553,ChIP-seq:H3K36me3,ChIP-seq:H3K27ac,-0.02237422212406441,1.0,ChIP-seq:H3K27ac x ChIP-seq:H3K36me3
CL:0002553,ChIP-seq:H3K36me3,ChIP-seq:H3K27me3,-0.13265817070549185,1.0,ChIP-seq:H3K27me3 x ChIP-seq:H3K36me3
CL:0002553,ChIP-seq:H3K36me3,ChIP-seq:H3K4me3,0.019087885449609845,3.0,ChIP-seq:H3K36me3 x ChIP-seq:H3K4me3
CL:0002553,ChIP-seq:H3K36me3,ChIP-seq:H3K9ac,-0.016035217270255087,1.0,ChIP-seq:H3K36me3 x ChIP-seq:H3K9ac
CL:0002553,ChIP-seq:H3K36me3,ChIP-seq:H3K9me3,0.15524072912004258,1.0,ChIP-seq:H3K36me3 x ChIP-seq:H3K9me3
CL:0002553,ChIP-seq:H3K36me3,ChIP-seq:CTCF,0.026717563576641536,2.0,ChIP-seq:CTCF x ChIP-seq:H3K36me3
CL:0002553,ChIP-seq:H3K36me3,polyA plus RNA-seq,0.0345926387556668,3.0,ChIP-seq:H3K36me3 x polyA plus RNA-seq
CL:0002553,ChIP-seq:H3K36me3,RNA-seq,0.030368698756504955,2.0,ChIP-seq:H3K36me3 x RNA-seq
CL:0002553,ChIP-seq:H3K4me3,ChIP-seq:H3K27ac,0.1269361796202483,3.0,ChIP-seq:H3K27ac x ChIP-seq:H3K4me3
CL:0002553,ChIP-seq:H3K4me3,ChIP-seq:H3K27me3,-0.030626264429002098,3.0,ChIP-seq:H3K27me3 x ChIP-seq:H3K4me3
CL:0002553,ChIP-seq:H3K4me3,ChIP-seq:H3K36me3,0.0026988024120790915,3.0,ChIP-seq:H3K36me3 x ChIP-seq:H3K4me3
CL:0002553,ChIP-seq:H3K4me3,ChIP-seq:H3K9ac,0.15864588101704913,3.0,ChIP-seq:H3K4me3 x ChIP-seq:H3K9ac
CL:0002553,ChIP-seq:H3K4me3,ChIP-seq:H3K9me3,0.04213546050919427,3.0,ChIP-seq:H3K4me3 x ChIP-seq:H3K9me3
CL:0002553,ChIP-seq:H3K4me3,ChIP-seq:CTCF,0.008552114689160908,6.0,ChIP-seq:CTCF x ChIP-seq:H3K4me3
CL:0002553,ChIP-seq:H3K4me3,polyA plus RNA-seq,-0.0040519703393695,9.0,ChIP-seq:H3K4me3 x polyA plus RNA-seq
CL:0002553,ChIP-seq:H3K4me3,RNA-seq,0.027087681478210765,6.0,ChIP-seq:H3K4me3 x RNA-seq
CL:0002553,ChIP-seq:H3K79me2,ChIP-seq:H3K27ac,0.07389783316556318,1.0,ChIP-seq:H3K27ac x ChIP-seq:H3K79me2
CL:0002553,ChIP-seq:H3K79me2,ChIP-seq:H3K27me3,-0.03016138787974011,1.0,ChIP-seq:H3K27me3 x ChIP-seq:H3K79me2
CL:0002553,ChIP-seq:H3K79me2,ChIP-seq:H3K36me3,0.18511879663718372,1.0,ChIP-seq:H3K36me3 x ChIP-seq:H3K79me2
CL:0002553,ChIP-seq:H3K79me2,ChIP-seq:H3K4me3,0.11561037593044585,3.0,ChIP-seq:H3K4me3 x ChIP-seq:H3K79me2
CL:0002553,ChIP-seq:H3K79me2,ChIP-seq:H3K9ac,0.05862777471542359,1.0,ChIP-seq:H3K79me2 x ChIP-seq:H3K9ac
CL:0002553,ChIP-seq:H3K79me2,ChIP-seq:H3K9me3,0.09531193011336857,1.0,ChIP-seq:H3K79me2 x ChIP-seq:H3K9me3
CL:0002553,ChIP-seq:H3K79me2,ChIP-seq:CTCF,0.020641270599194933,2.0,ChIP-seq:CTCF x ChIP-seq:H3K79me2
CL:0002553,ChIP-seq:H3K79me2,polyA plus RNA-seq,-0.013504514406467306,3.0,ChIP-seq:H3K79me2 x polyA plus RNA-seq
CL:0002553,ChIP-seq:H3K79me2,RNA-seq,0.024483792885125942,2.0,ChIP-seq:H3K79me2 x RNA-seq
CL:0002553,ChIP-seq:H3K9ac,ChIP-seq:H3K27ac,0.31647361796579243,1.0,ChIP-seq:H3K27ac x ChIP-seq:H3K9ac
CL:0002553,ChIP-seq:H3K9ac,ChIP-seq:H3K27me3,-0.017125441269441086,1.0,ChIP-seq:H3K27me3 x ChIP-seq:H3K9ac
CL:0002553,ChIP-seq:H3K9ac,ChIP-seq:H3K36me3,0.018197739653681454,1.0,ChIP-seq:H3K36me3 x ChIP-seq:H3K9ac
CL:0002553,ChIP-seq:H3K9ac,ChIP-seq:H3K4me3,0.08443159116825588,3.0,ChIP-seq:H3K4me3 x ChIP-seq:H3K9ac
CL:0002553,ChIP-seq:H3K9ac,ChIP-seq:H3K9me3,0.015901665720674727,1.0,ChIP-seq:H3K9ac x ChIP-seq:H3K9me3
CL:0002553,ChIP-seq:H3K9ac,ChIP-seq:CTCF,-0.0049779039763269,2.0,ChIP-seq:CTCF x ChIP-seq:H3K9ac
CL:0002553,ChIP-seq:H3K9ac,polyA plus RNA-seq,-0.0075185247536363325,3.0,ChIP-seq:H3K9ac x polyA plus RNA-seq
CL:0002553,ChIP-seq:H3K9ac,RNA-seq,0.032731153611835324,2.0,ChIP-seq:H3K9ac x RNA-seq
CL:0002553,ChIP-seq:H3K9me3,ChIP-seq:H3K27ac,-0.022488503084506516,1.0,ChIP-seq:H3K27ac x ChIP-seq:H3K9me3
CL:0002553,ChIP-seq:H3K9me3,ChIP-seq:H3K27me3,-0.026826875284314156,1.0,ChIP-seq:H3K27me3 x ChIP-seq:H3K9me3
CL:0002553,ChIP-seq:H3K9me3,ChIP-seq:H3K36me3,0.12112709723020855,1.0,ChIP-seq:H3K36me3 x ChIP-seq:H3K9me3
CL:0002553,ChIP-seq:H3K9me3,ChIP-seq:H3K4me3,0.03589680874851388,3.0,ChIP-seq:H3K4me3 x ChIP-seq:H3K9me3
CL:0002553,ChIP-seq:H3K9me3,ChIP-seq:H3K9ac,-0.010253114402294157,1.0,ChIP-seq:H3K9ac x ChIP-seq:H3K9me3
CL:0002553,ChIP-seq:H3K9me3,ChIP-seq:CTCF,0.022109660506248473,2.0,ChIP-seq:CTCF x ChIP-seq:H3K9me3
CL:0002553,ChIP-seq:H3K9me3,polyA plus RNA-seq,-0.00868612881107577,3.0,ChIP-seq:H3K9me3 x polyA plus RNA-seq
CL:0002553,ChIP-seq:H3K9me3,RNA-seq,-0.015167198688079727,2.0,ChIP-seq:H3K9me3 x RNA-seq
CL:0002553,ChIP-seq:CTCF,ChIP-seq:H3K27ac,-0.01505044815532955,2.0,ChIP-seq:CTCF x ChIP-seq:H3K27ac
CL:0002553,ChIP-seq:CTCF,ChIP-seq:H3K27me3,-0.031543049876662815,2.0,ChIP-seq:CTCF x ChIP-seq:H3K27me3
CL:0002553,ChIP-seq:CTCF,ChIP-seq:H3K36me3,0.034235230441156186,2.0,ChIP-seq:CTCF x ChIP-seq:H3K36me3
CL:0002553,ChIP-seq:CTCF,ChIP-seq:H3K4me3,0.008891935989330635,6.0,ChIP-seq:CTCF x ChIP-seq:H3K4me3
CL:0002553,ChIP-seq:CTCF,ChIP-seq:H3K9ac,0.0029080680012702927,2.0,ChIP-seq:CTCF x ChIP-seq:H3K9ac
CL:0002553,ChIP-seq:CTCF,ChIP-seq:H3K9me3,0.02074273791578081,2.0,ChIP-seq:CTCF x ChIP-seq:H3K9me3
CL:0002553,ChIP-seq:CTCF,polyA plus RNA-seq,-0.0025311395868487744,6.0,ChIP-seq:CTCF x polyA plus RNA-seq
CL:0002553,ChIP-seq:CTCF,RNA-seq,-0.005814399814508001,4.0,ChIP-seq:CTCF x RNA-seq
CL:0002553,polyA plus RNA-seq,ChIP-seq:H3K27ac,0.008002286094696928,3.0,ChIP-seq:H3K27ac x polyA plus RNA-seq
CL:0002553,polyA plus RNA-seq,ChIP-seq:H3K27me3,-0.03364916507041816,3.0,ChIP-seq:H3K27me3 x polyA plus RNA-seq
CL:0002553,polyA plus RNA-seq,ChIP-seq:H3K36me3,0.04193399768126639,3.0,ChIP-seq:H3K36me3 x polyA plus RNA-seq
CL:0002553,polyA plus RNA-seq,ChIP-seq:H3K4me3,0.011873023610719492,9.0,ChIP-seq:H3K4me3 x polyA plus RNA-seq
CL:0002553,polyA plus RNA-seq,ChIP-seq:H3K9ac,-0.00026600718498229897,3.0,ChIP-seq:H3K9ac x polyA plus RNA-seq
CL:0002553,polyA plus RNA-seq,ChIP-seq:H3K9me3,0.006851830678405585,3.0,ChIP-seq:H3K9me3 x polyA plus RNA-seq
CL:0002553,polyA plus RNA-seq,ChIP-seq:CTCF,-0.010400359758308955,6.0,ChIP-seq:CTCF x polyA plus RNA-seq
CL:0002553,polyA plus RNA-seq,RNA-seq,0.1447071268817208,6.0,RNA-seq x polyA plus RNA-seq
CL:0002553,RNA-seq,ChIP-seq:H3K27ac,0.015383056146495135,2.0,ChIP-seq:H3K27ac x RNA-seq
CL:0002553,RNA-seq,ChIP-seq:H3K27me3,-0.03657354820858348,2.0,ChIP-seq:H3K27me3 x RNA-seq
CL:0002553,RNA-seq,ChIP-seq:H3K36me3,0.036170757365854164,2.0,ChIP-seq:H3K36me3 x RNA-seq
CL:0002553,RNA-seq,ChIP-seq:H3K4me3,0.004654561759720385,6.0,ChIP-seq:H3K4me3 x RNA-seq
CL:0002553,RNA-seq,ChIP-seq:H3K9ac,0.023065026402473453,2.0,ChIP-seq:H3K9ac x RNA-seq
CL:0002553,RNA-seq,ChIP-seq:H3K9me3,-0.011759552638977766,2.0,ChIP-seq:H3K9me3 x RNA-seq
CL:0002553,RNA-seq,ChIP-seq:CTCF,-0.016606058783474424,4.0,ChIP-seq:CTCF x RNA-seq
CL:0002553,RNA-seq,polyA plus RNA-seq,0.1415074734852232,6.0,RNA-seq x polyA plus RNA-seq
CL:0002555,ChIP-seq:H3K4me3,ChIP-seq:CTCF,0.005851900802468352,1.0,ChIP-seq:CTCF x ChIP-seq:H3K4me3
CL:0002555,ChIP-seq:CTCF,ChIP-seq:H3K4me3,0.018337963902673057,1.0,ChIP-seq:CTCF x ChIP-seq:H3K4me3
CL:0002557,ChIP-seq:H3K4me3,ChIP-seq:CTCF,0.004875971742396085,1.0,ChIP-seq:CTCF x ChIP-seq:H3K4me3
CL:0002557,ChIP-seq:CTCF,ChIP-seq:H3K4me3,0.01521198853503826,1.0,ChIP-seq:CTCF x ChIP-seq:H3K4me3
CL:2000013,DNase-seq,polyA plus RNA-seq,0.00022173152014314315,4.0,DNase-seq x polyA plus RNA-seq
CL:2000013,polyA plus RNA-seq,DNase-seq,0.0070519272967712165,4.0,DNase-seq x polyA plus RNA-seq
CL:0011022,DNase-seq,polyA plus RNA-seq,-0.00963847558507776,2.0,DNase-seq x polyA plus RNA-seq
CL:0011022,polyA plus RNA-seq,DNase-seq,-0.0018503088791373447,2.0,DNase-seq x polyA plus RNA-seq
CL:4006001,DNase-seq,polyA plus RNA-seq,-0.0049851559913773255,4.0,DNase-seq x polyA plus RNA-seq
CL:4006001,polyA plus RNA-seq,DNase-seq,-0.005614751277817893,4.0,DNase-seq x polyA plus RNA-seq
CL:0002547,DNase-seq,ChIP-seq:H3K4me3,-0.037701776181889135,1.0,ChIP-seq:H3K4me3 x DNase-seq
CL:0002547,DNase-seq,ChIP-seq:CTCF,-0.0021106475647890283,1.0,ChIP-seq:CTCF x DNase-seq
CL:0002547,DNase-seq,RNA-seq,0.004666157878185043,2.0,DNase-seq x RNA-seq
CL:0002547,ChIP-seq:H3K4me3,DNase-seq,-0.055004544225748825,1.0,ChIP-seq:H3K4me3 x DNase-seq
CL:0002547,ChIP-seq:H3K4me3,ChIP-seq:CTCF,0.0024883548887270797,1.0,ChIP-seq:CTCF x ChIP-seq:H3K4me3
CL:0002547,ChIP-seq:H3K4me3,RNA-seq,0.005087004211105285,2.0,ChIP-seq:H3K4me3 x RNA-seq
CL:0002547,ChIP-seq:CTCF,DNase-seq,-0.01569338412931462,1.0,ChIP-seq:CTCF x DNase-seq
CL:0002547,ChIP-seq:CTCF,ChIP-seq:H3K4me3,0.013238965667957483,1.0,ChIP-seq:CTCF x ChIP-seq:H3K4me3
CL:0002547,ChIP-seq:CTCF,RNA-seq,0.005137130317105901,2.0,ChIP-seq:CTCF x RNA-seq
CL:0002547,RNA-seq,DNase-seq,0.00809741339102809,2.0,DNase-seq x RNA-seq
CL:0002547,RNA-seq,ChIP-seq:H3K4me3,0.005691820972187574,2.0,ChIP-seq:H3K4me3 x RNA-seq
CL:0002547,RNA-seq,ChIP-seq:CTCF,-0.0018812655207683451,2.0,ChIP-seq:CTCF x RNA-seq
CL:0002558,ChIP-seq:H3K4me3,ChIP-seq:CTCF,0.005239544682345297,1.0,ChIP-seq:CTCF x ChIP-seq:H3K4me3
CL:0002558,ChIP-seq:H3K4me3,RNA-seq,0.023368710551663917,2.0,ChIP-seq:H3K4me3 x RNA-seq
CL:0002558,ChIP-seq:CTCF,ChIP-seq:H3K4me3,0.012017761881268303,1.0,ChIP-seq:CTCF x ChIP-seq:H3K4me3
CL:0002558,ChIP-seq:CTCF,RNA-seq,0.006497079065937628,2.0,ChIP-seq:CTCF x RNA-seq
CL:0002558,RNA-seq,ChIP-seq:H3K4me3,0.012005989565405738,2.0,ChIP-seq:H3K4me3 x RNA-seq
CL:0002558,RNA-seq,ChIP-seq:CTCF,-0.009975163230918488,2.0,ChIP-seq:CTCF x RNA-seq
CL:1001608,DNase-seq,ChIP-seq:H3K27ac,0.09442089001337686,6.0,ChIP-seq:H3K27ac x DNase-seq
CL:1001608,DNase-seq,ChIP-seq:H3K27me3,0.03191676718750219,6.0,ChIP-seq:H3K27me3 x DNase-seq
CL:1001608,DNase-seq,ChIP-seq:H3K36me3,0.03845313075163686,6.0,ChIP-seq:H3K36me3 x DNase-seq
CL:1001608,DNase-seq,ChIP-seq:H3K4me1,0.07749804657894177,6.0,ChIP-seq:H3K4me1 x DNase-seq
CL:1001608,DNase-seq,ChIP-seq:H3K4me3,0.05544114384041014,10.0,ChIP-seq:H3K4me3 x DNase-seq
CL:1001608,DNase-seq,ChIP-seq:H3K9me3,-0.008092611008349744,4.0,ChIP-seq:H3K9me3 x DNase-seq
CL:1001608,DNase-seq,ChIP-seq:CTCF,0.03572006509417579,4.0,ChIP-seq:CTCF x DNase-seq
CL:1001608,DNase-seq,polyA plus RNA-seq,0.011348495085425781,8.0,DNase-seq x polyA plus RNA-seq
CL:1001608,ChIP-seq:H3K27ac,DNase-seq,0.03281164200035566,6.0,ChIP-seq:H3K27ac x DNase-seq
CL:1001608,ChIP-seq:H3K27ac,ChIP-seq:H3K27me3,0.0428409318357592,9.0,ChIP-seq:H3K27ac x ChIP-seq:H3K27me3
CL:1001608,ChIP-seq:H3K27ac,ChIP-seq:H3K36me3,0.08011983106040504,9.0,ChIP-seq:H3K27ac x ChIP-seq:H3K36me3
CL:1001608,ChIP-seq:H3K27ac,ChIP-seq:H3K4me1,0.22125158903799652,9.0,ChIP-seq:H3K27ac x ChIP-seq:H3K4me1
CL:1001608,ChIP-seq:H3K27ac,ChIP-seq:H3K4me3,0.14879815280908282,15.0,ChIP-seq:H3K27ac x ChIP-seq:H3K4me3
CL:1001608,ChIP-seq:H3K27ac,ChIP-seq:H3K9me3,-0.00592612403009635,6.0,ChIP-seq:H3K27ac x ChIP-seq:H3K9me3
CL:1001608,ChIP-seq:H3K27ac,ChIP-seq:CTCF,-0.020121417632178656,6.0,ChIP-seq:CTCF x ChIP-seq:H3K27ac
CL:1001608,ChIP-seq:H3K27ac,polyA plus RNA-seq,-0.03625583021000643,12.0,ChIP-seq:H3K27ac x polyA plus RNA-seq
CL:1001608,ChIP-seq:H3K27me3,DNase-seq,-0.0014674255425987347,6.0,ChIP-seq:H3K27me3 x DNase-seq
CL:1001608,ChIP-seq:H3K27me3,ChIP-seq:H3K27ac,0.03712368342611526,9.0,ChIP-seq:H3K27ac x ChIP-seq:H3K27me3
CL:1001608,ChIP-seq:H3K27me3,ChIP-seq:H3K36me3,0.04953062477968545,9.0,ChIP-seq:H3K27me3 x ChIP-seq:H3K36me3
CL:1001608,ChIP-seq:H3K27me3,ChIP-seq:H3K4me1,0.03910558287768427,9.0,ChIP-seq:H3K27me3 x ChIP-seq:H3K4me1
CL:1001608,ChIP-seq:H3K27me3,ChIP-seq:H3K4me3,-0.020166042216392868,15.0,ChIP-seq:H3K27me3 x ChIP-seq:H3K4me3
CL:1001608,ChIP-seq:H3K27me3,ChIP-seq:H3K9me3,-0.03292195214517068,6.0,ChIP-seq:H3K27me3 x ChIP-seq:H3K9me3
CL:1001608,ChIP-seq:H3K27me3,ChIP-seq:CTCF,-0.04796347184668458,6.0,ChIP-seq:CTCF x ChIP-seq:H3K27me3
CL:1001608,ChIP-seq:H3K27me3,polyA plus RNA-seq,-0.027142180217560614,12.0,ChIP-seq:H3K27me3 x polyA plus RNA-seq
CL:1001608,ChIP-seq:H3K36me3,DNase-seq,-0.018430886348498234,6.0,ChIP-seq:H3K36me3 x DNase-seq
CL:1001608,ChIP-seq:H3K36me3,ChIP-seq:H3K27ac,0.08266446524196201,9.0,ChIP-seq:H3K27ac x ChIP-seq:H3K36me3
CL:1001608,ChIP-seq:H3K36me3,ChIP-seq:H3K27me3,0.04396371960183214,9.0,ChIP-seq:H3K27me3 x ChIP-seq:H3K36me3
CL:1001608,ChIP-seq:H3K36me3,ChIP-seq:H3K4me1,0.09201294496673659,9.0,ChIP-seq:H3K36me3 x ChIP-seq:H3K4me1
CL:1001608,ChIP-seq:H3K36me3,ChIP-seq:H3K4me3,0.01629866851261253,15.0,ChIP-seq:H3K36me3 x ChIP-seq:H3K4me3
CL:1001608,ChIP-seq:H3K36me3,ChIP-seq:H3K9me3,0.08226113751169911,6.0,ChIP-seq:H3K36me3 x ChIP-seq:H3K9me3
CL:1001608,ChIP-seq:H3K36me3,ChIP-seq:CTCF,-0.041070322006467784,6.0,ChIP-seq:CTCF x ChIP-seq:H3K36me3
CL:1001608,ChIP-seq:H3K36me3,polyA plus RNA-seq,-0.02053353921881556,12.0,ChIP-seq:H3K36me3 x polyA plus RNA-seq
CL:1001608,ChIP-seq:H3K4me1,DNase-seq,0.04557971518064283,6.0,ChIP-seq:H3K4me1 x DNase-seq
CL:1001608,ChIP-seq:H3K4me1,ChIP-seq:H3K27ac,0.21308062076568604,9.0,ChIP-seq:H3K27ac x ChIP-seq:H3K4me1
CL:1001608,ChIP-seq:H3K4me1,ChIP-seq:H3K27me3,0.03325403193404391,9.0,ChIP-seq:H3K27me3 x ChIP-seq:H3K4me1
CL:1001608,ChIP-seq:H3K4me1,ChIP-seq:H3K36me3,0.1019842187845397,9.0,ChIP-seq:H3K36me3 x ChIP-seq:H3K4me1
CL:1001608,ChIP-seq:H3K4me1,ChIP-seq:H3K4me3,-0.0024607805655842557,15.0,ChIP-seq:H3K4me1 x ChIP-seq:H3K4me3
CL:1001608,ChIP-seq:H3K4me1,ChIP-seq:H3K9me3,0.047106005015541935,6.0,ChIP-seq:H3K4me1 x ChIP-seq:H3K9me3
CL:1001608,ChIP-seq:H3K4me1,ChIP-seq:CTCF,-0.027779327155578706,6.0,ChIP-seq:CTCF x ChIP-seq:H3K4me1
CL:1001608,ChIP-seq:H3K4me1,polyA plus RNA-seq,0.0039288960218315065,12.0,ChIP-seq:H3K4me1 x polyA plus RNA-seq
CL:1001608,ChIP-seq:H3K4me3,DNase-seq,0.0005056641765476544,10.0,ChIP-seq:H3K4me3 x DNase-seq
CL:1001608,ChIP-seq:H3K4me3,ChIP-seq:H3K27ac,0.23226973215738933,15.0,ChIP-seq:H3K27ac x ChIP-seq:H3K4me3
CL:1001608,ChIP-seq:H3K4me3,ChIP-seq:H3K27me3,0.021877836907046963,15.0,ChIP-seq:H3K27me3 x ChIP-seq:H3K4me3
CL:1001608,ChIP-seq:H3K4me3,ChIP-seq:H3K36me3,0.03258182400084556,15.0,ChIP-seq:H3K36me3 x ChIP-seq:H3K4me3
CL:1001608,ChIP-seq:H3K4me3,ChIP-seq:H3K4me1,0.01142910871750269,15.0,ChIP-seq:H3K4me1 x ChIP-seq:H3K4me3
CL:1001608,ChIP-seq:H3K4me3,ChIP-seq:H3K9me3,0.022545844965806885,10.0,ChIP-seq:H3K4me3 x ChIP-seq:H3K9me3
CL:1001608,ChIP-seq:H3K4me3,ChIP-seq:CTCF,-0.0015434921071642918,10.0,ChIP-seq:CTCF x ChIP-seq:H3K4me3
CL:1001608,ChIP-seq:H3K4me3,polyA plus RNA-seq,-0.04314030959386303,20.0,ChIP-seq:H3K4me3 x polyA plus RNA-seq
CL:1001608,ChIP-seq:H3K9me3,DNase-seq,-0.032707673257466444,4.0,ChIP-seq:H3K9me3 x DNase-seq
CL:1001608,ChIP-seq:H3K9me3,ChIP-seq:H3K27ac,-0.0020202592015266425,6.0,ChIP-seq:H3K27ac x ChIP-seq:H3K9me3
CL:1001608,ChIP-seq:H3K9me3,ChIP-seq:H3K27me3,-0.03447136034568151,6.0,ChIP-seq:H3K27me3 x ChIP-seq:H3K9me3
CL:1001608,ChIP-seq:H3K9me3,ChIP-seq:H3K36me3,0.08260207670800229,6.0,ChIP-seq:H3K36me3 x ChIP-seq:H3K9me3
CL:1001608,ChIP-seq:H3K9me3,ChIP-seq:H3K4me1,0.03859359277037037,6.0,ChIP-seq:H3K4me1 x ChIP-seq:H3K9me3
CL:1001608,ChIP-seq:H3K9me3,ChIP-seq:H3K4me3,0.002288371197420272,10.0,ChIP-seq:H3K4me3 x ChIP-seq:H3K9me3
CL:1001608,ChIP-seq:H3K9me3,ChIP-seq:CTCF,-0.029524007262218564,4.0,ChIP-seq:CTCF x ChIP-seq:H3K9me3
CL:1001608,ChIP-seq:H3K9me3,polyA plus RNA-seq,-0.015303786951372191,8.0,ChIP-seq:H3K9me3 x polyA plus RNA-seq
CL:1001608,ChIP-seq:CTCF,DNase-seq,0.044234765559127656,4.0,ChIP-seq:CTCF x DNase-seq
CL:1001608,ChIP-seq:CTCF,ChIP-seq:H3K27ac,0.008129715422789258,6.0,ChIP-seq:CTCF x ChIP-seq:H3K27ac
CL:1001608,ChIP-seq:CTCF,ChIP-seq:H3K27me3,-0.012775938379867324,6.0,ChIP-seq:CTCF x ChIP-seq:H3K27me3
CL:1001608,ChIP-seq:CTCF,ChIP-seq:H3K36me3,0.0019661171216491264,6.0,ChIP-seq:CTCF x ChIP-seq:H3K36me3
CL:1001608,ChIP-seq:CTCF,ChIP-seq:H3K4me1,0.001616456010293612,6.0,ChIP-seq:CTCF x ChIP-seq:H3K4me1
CL:1001608,ChIP-seq:CTCF,ChIP-seq:H3K4me3,0.009795423522944702,10.0,ChIP-seq:CTCF x ChIP-seq:H3K4me3
CL:1001608,ChIP-seq:CTCF,ChIP-seq:H3K9me3,-0.007599315933841565,4.0,ChIP-seq:CTCF x ChIP-seq:H3K9me3
CL:1001608,ChIP-seq:CTCF,polyA plus RNA-seq,-0.0014120961944720251,8.0,ChIP-seq:CTCF x polyA plus RNA-seq
CL:1001608,polyA plus RNA-seq,DNase-seq,0.017076259027667268,8.0,DNase-seq x polyA plus RNA-seq
CL:1001608,polyA plus RNA-seq,ChIP-seq:H3K27ac,0.007591565946737926,12.0,ChIP-seq:H3K27ac x polyA plus RNA-seq
CL:1001608,polyA plus RNA-seq,ChIP-seq:H3K27me3,-0.02703465178780172,12.0,ChIP-seq:H3K27me3 x polyA plus RNA-seq
CL:1001608,polyA plus RNA-seq,ChIP-seq:H3K36me3,0.012727750002915136,12.0,ChIP-seq:H3K36me3 x polyA plus RNA-seq
CL:1001608,polyA plus RNA-seq,ChIP-seq:H3K4me1,0.009675526930080666,12.0,ChIP-seq:H3K4me1 x polyA plus RNA-seq
CL:1001608,polyA plus RNA-seq,ChIP-seq:H3K4me3,0.0029548934709404326,20.0,ChIP-seq:H3K4me3 x polyA plus RNA-seq
CL:1001608,polyA plus RNA-seq,ChIP-seq:H3K9me3,-0.012575839630551845,8.0,ChIP-seq:H3K9me3 x polyA plus RNA-seq
CL:1001608,polyA plus RNA-seq,ChIP-seq:CTCF,-0.0011146049414362223,8.0,ChIP-seq:CTCF x polyA plus RNA-seq
CL:1001606,DNase-seq,ChIP-seq:H3K27ac,0.09682655260886674,2.0,ChIP-seq:H3K27ac x DNase-seq
CL:1001606,DNase-seq,ChIP-seq:H3K27me3,0.002471018818089331,6.0,ChIP-seq:H3K27me3 x DNase-seq
CL:1001606,DNase-seq,ChIP-seq:H3K36me3,-0.019578691519109917,6.0,ChIP-seq:H3K36me3 x DNase-seq
CL:1001606,DNase-seq,ChIP-seq:H3K4me1,0.016767542086023112,6.0,ChIP-seq:H3K4me1 x DNase-seq
CL:1001606,DNase-seq,ChIP-seq:H3K4me3,0.033202607586909905,6.0,ChIP-seq:H3K4me3 x DNase-seq
CL:1001606,DNase-seq,ChIP-seq:H3K9ac,0.029789946675300598,2.0,ChIP-seq:H3K9ac x DNase-seq
CL:1001606,DNase-seq,ChIP-seq:H3K9me3,-0.036726294262282674,4.0,ChIP-seq:H3K9me3 x DNase-seq
CL:1001606,DNase-seq,polyA plus RNA-seq,0.008629449216450326,8.0,DNase-seq x polyA plus RNA-seq
CL:1001606,ChIP-seq:H3K27ac,DNase-seq,0.0660291056043094,2.0,ChIP-seq:H3K27ac x DNase-seq
CL:1001606,ChIP-seq:H3K27ac,ChIP-seq:H3K27me3,0.04314064225931277,3.0,ChIP-seq:H3K27ac x ChIP-seq:H3K27me3
CL:1001606,ChIP-seq:H3K27ac,ChIP-seq:H3K36me3,0.018029923953697194,3.0,ChIP-seq:H3K27ac x ChIP-seq:H3K36me3
CL:1001606,ChIP-seq:H3K27ac,ChIP-seq:H3K4me1,0.10839641705537455,3.0,ChIP-seq:H3K27ac x ChIP-seq:H3K4me1
CL:1001606,ChIP-seq:H3K27ac,ChIP-seq:H3K4me3,0.19043906193943655,3.0,ChIP-seq:H3K27ac x ChIP-seq:H3K4me3
CL:1001606,ChIP-seq:H3K27ac,ChIP-seq:H3K9ac,0.04290884733200073,1.0,ChIP-seq:H3K27ac x ChIP-seq:H3K9ac
CL:1001606,ChIP-seq:H3K27ac,ChIP-seq:H3K9me3,0.03234826685996029,2.0,ChIP-seq:H3K27ac x ChIP-seq:H3K9me3
CL:1001606,ChIP-seq:H3K27ac,polyA plus RNA-seq,0.017457745346624504,4.0,ChIP-seq:H3K27ac x polyA plus RNA-seq
CL:1001606,ChIP-seq:H3K27me3,DNase-seq,-0.02207597574903998,6.0,ChIP-seq:H3K27me3 x DNase-seq
CL:1001606,ChIP-seq:H3K27me3,ChIP-seq:H3K27ac,0.02313529782825046,3.0,ChIP-seq:H3K27ac x ChIP-seq:H3K27me3
CL:1001606,ChIP-seq:H3K27me3,ChIP-seq:H3K36me3,0.01218235922479742,9.0,ChIP-seq:H3K27me3 x ChIP-seq:H3K36me3
CL:1001606,ChIP-seq:H3K27me3,ChIP-seq:H3K4me1,0.008958244316452736,9.0,ChIP-seq:H3K27me3 x ChIP-seq:H3K4me1
CL:1001606,ChIP-seq:H3K27me3,ChIP-seq:H3K4me3,0.008975286159157193,9.0,ChIP-seq:H3K27me3 x ChIP-seq:H3K4me3
CL:1001606,ChIP-seq:H3K27me3,ChIP-seq:H3K9ac,0.05446483373641967,3.0,ChIP-seq:H3K27me3 x ChIP-seq:H3K9ac
CL:1001606,ChIP-seq:H3K27me3,ChIP-seq:H3K9me3,0.008233271136852169,6.0,ChIP-seq:H3K27me3 x ChIP-seq:H3K9me3
CL:1001606,ChIP-seq:H3K27me3,polyA plus RNA-seq,-0.023765020559145554,12.0,ChIP-seq:H3K27me3 x polyA plus RNA-seq
CL:1001606,ChIP-seq:H3K36me3,DNase-seq,-0.025128447300277627,6.0,ChIP-seq:H3K36me3 x DNase-seq
CL:1001606,ChIP-seq:H3K36me3,ChIP-seq:H3K27ac,0.003212643518982601,3.0,ChIP-seq:H3K27ac x ChIP-seq:H3K36me3
CL:1001606,ChIP-seq:H3K36me3,ChIP-seq:H3K27me3,0.027108776500855365,9.0,ChIP-seq:H3K27me3 x ChIP-seq:H3K36me3
CL:1001606,ChIP-seq:H3K36me3,ChIP-seq:H3K4me1,-0.0019769265756502258,9.0,ChIP-seq:H3K36me3 x ChIP-seq:H3K4me1
CL:1001606,ChIP-seq:H3K36me3,ChIP-seq:H3K4me3,-0.001988003383126803,9.0,ChIP-seq:H3K36me3 x ChIP-seq:H3K4me3
CL:1001606,ChIP-seq:H3K36me3,ChIP-seq:H3K9ac,0.0350948029756546,3.0,ChIP-seq:H3K36me3 x ChIP-seq:H3K9ac
CL:1001606,ChIP-seq:H3K36me3,ChIP-seq:H3K9me3,0.05506583770782145,6.0,ChIP-seq:H3K36me3 x ChIP-seq:H3K9me3
CL:1001606,ChIP-seq:H3K36me3,polyA plus RNA-seq,0.012560761856643426,12.0,ChIP-seq:H3K36me3 x polyA plus RNA-seq
CL:1001606,ChIP-seq:H3K4me1,DNase-seq,0.013537998692071724,6.0,ChIP-seq:H3K4me1 x DNase-seq
CL:1001606,ChIP-seq:H3K4me1,ChIP-seq:H3K27ac,0.10697727389786961,3.0,ChIP-seq:H3K27ac x ChIP-seq:H3K4me1
CL:1001606,ChIP-seq:H3K4me1,ChIP-seq:H3K27me3,0.02942491456923357,9.0,ChIP-seq:H3K27me3 x ChIP-seq:H3K4me1
CL:1001606,ChIP-seq:H3K4me1,ChIP-seq:H3K36me3,0.002063610240922751,9.0,ChIP-seq:H3K36me3 x ChIP-seq:H3K4me1
CL:1001606,ChIP-seq:H3K4me1,ChIP-seq:H3K4me3,-0.01773925071964055,9.0,ChIP-seq:H3K4me1 x ChIP-seq:H3K4me3
CL:1001606,ChIP-seq:H3K4me1,ChIP-seq:H3K9ac,0.1762039868036906,3.0,ChIP-seq:H3K4me1 x ChIP-seq:H3K9ac
CL:1001606,ChIP-seq:H3K4me1,ChIP-seq:H3K9me3,0.02753675167121035,6.0,ChIP-seq:H3K4me1 x ChIP-seq:H3K9me3
CL:1001606,ChIP-seq:H3K4me1,polyA plus RNA-seq,-0.008378416943962361,12.0,ChIP-seq:H3K4me1 x polyA plus RNA-seq
CL:1001606,ChIP-seq:H3K4me3,DNase-seq,-0.019960599871435544,6.0,ChIP-seq:H3K4me3 x DNase-seq
CL:1001606,ChIP-seq:H3K4me3,ChIP-seq:H3K27ac,0.27002935939364964,3.0,ChIP-seq:H3K27ac x ChIP-seq:H3K4me3
CL:1001606,ChIP-seq:H3K4me3,ChIP-seq:H3K27me3,0.06572580269013328,9.0,ChIP-seq:H3K27me3 x ChIP-seq:H3K4me3
CL:1001606,ChIP-seq:H3K4me3,ChIP-seq:H3K36me3,0.023582233657650914,9.0,ChIP-seq:H3K36me3 x ChIP-seq:H3K4me3
CL:1001606,ChIP-seq:H3K4me3,ChIP-seq:H3K4me1,-0.017808885583074103,9.0,ChIP-seq:H3K4me1 x ChIP-seq:H3K4me3
CL:1001606,ChIP-seq:H3K4me3,ChIP-seq:H3K9ac,0.32820829073588054,3.0,ChIP-seq:H3K4me3 x ChIP-seq:H3K9ac
CL:1001606,ChIP-seq:H3K4me3,ChIP-seq:H3K9me3,0.04611105270669891,6.0,ChIP-seq:H3K4me3 x ChIP-seq:H3K9me3
CL:1001606,ChIP-seq:H3K4me3,polyA plus RNA-seq,0.010877986018985195,12.0,ChIP-seq:H3K4me3 x polyA plus RNA-seq
CL:1001606,ChIP-seq:H3K9ac,DNase-seq,-0.025011228378286066,2.0,ChIP-seq:H3K9ac x DNase-seq
CL:1001606,ChIP-seq:H3K9ac,ChIP-seq:H3K27ac,0.215684457325641,1.0,ChIP-seq:H3K27ac x ChIP-seq:H3K9ac
CL:1001606,ChIP-seq:H3K9ac,ChIP-seq:H3K27me3,0.09308990048266005,3.0,ChIP-seq:H3K27me3 x ChIP-seq:H3K9ac
CL:1001606,ChIP-seq:H3K9ac,ChIP-seq:H3K36me3,0.04802906196168129,3.0,ChIP-seq:H3K36me3 x ChIP-seq:H3K9ac
CL:1001606,ChIP-seq:H3K9ac,ChIP-seq:H3K4me1,0.19950031491862985,3.0,ChIP-seq:H3K4me1 x ChIP-seq:H3K9ac
CL:1001606,ChIP-seq:H3K9ac,ChIP-seq:H3K4me3,0.3492519206284357,3.0,ChIP-seq:H3K4me3 x ChIP-seq:H3K9ac
CL:1001606,ChIP-seq:H3K9ac,ChIP-seq:H3K9me3,-0.059988078520784166,2.0,ChIP-seq:H3K9ac x ChIP-seq:H3K9me3
CL:1001606,ChIP-seq:H3K9ac,polyA plus RNA-seq,0.016191017365764816,4.0,ChIP-seq:H3K9ac x polyA plus RNA-seq
CL:1001606,ChIP-seq:H3K9me3,DNase-seq,-0.044555230507838356,4.0,ChIP-seq:H3K9me3 x DNase-seq
CL:1001606,ChIP-seq:H3K9me3,ChIP-seq:H3K27ac,0.014948858891004398,2.0,ChIP-seq:H3K27ac x ChIP-seq:H3K9me3
CL:1001606,ChIP-seq:H3K9me3,ChIP-seq:H3K27me3,0.02141188427634623,6.0,ChIP-seq:H3K27me3 x ChIP-seq:H3K9me3
CL:1001606,ChIP-seq:H3K9me3,ChIP-seq:H3K36me3,0.046200760924224316,6.0,ChIP-seq:H3K36me3 x ChIP-seq:H3K9me3
CL:1001606,ChIP-seq:H3K9me3,ChIP-seq:H3K4me1,0.024904503599627988,6.0,ChIP-seq:H3K4me1 x ChIP-seq:H3K9me3
CL:1001606,ChIP-seq:H3K9me3,ChIP-seq:H3K4me3,0.004837985329784696,6.0,ChIP-seq:H3K4me3 x ChIP-seq:H3K9me3
CL:1001606,ChIP-seq:H3K9me3,ChIP-seq:H3K9ac,-0.10096803799271584,2.0,ChIP-seq:H3K9ac x ChIP-seq:H3K9me3
CL:1001606,ChIP-seq:H3K9me3,polyA plus RNA-seq,-0.005319056570830537,8.0,ChIP-seq:H3K9me3 x polyA plus RNA-seq
CL:1001606,polyA plus RNA-seq,DNase-seq,0.00827920064330101,8.0,DNase-seq x polyA plus RNA-seq
CL:1001606,polyA plus RNA-seq,ChIP-seq:H3K27ac,0.03054874877870819,4.0,ChIP-seq:H3K27ac x polyA plus RNA-seq
CL:1001606,polyA plus RNA-seq,ChIP-seq:H3K27me3,-0.020398162305355072,12.0,ChIP-seq:H3K27me3 x polyA plus RNA-seq
CL:1001606,polyA plus RNA-seq,ChIP-seq:H3K36me3,0.026760555328206814,12.0,ChIP-seq:H3K36me3 x polyA plus RNA-seq
CL:1001606,polyA plus RNA-seq,ChIP-seq:H3K4me1,-0.0156032213252106,12.0,ChIP-seq:H3K4me1 x polyA plus RNA-seq
CL:1001606,polyA plus RNA-seq,ChIP-seq:H3K4me3,0.01636604223172989,12.0,ChIP-seq:H3K4me3 x polyA plus RNA-seq
CL:1001606,polyA plus RNA-seq,ChIP-seq:H3K9ac,0.00601567894220352,4.0,ChIP-seq:H3K9ac x polyA plus RNA-seq
CL:1001606,polyA plus RNA-seq,ChIP-seq:H3K9me3,-0.004167214192075436,8.0,ChIP-seq:H3K9me3 x polyA plus RNA-seq
CL:2000045,DNase-seq,ChIP-seq:H3K27ac,0.13985711567520354,4.0,ChIP-seq:H3K27ac x DNase-seq
CL:2000045,DNase-seq,ChIP-seq:H3K27me3,-0.007696861850804296,6.0,ChIP-seq:H3K27me3 x DNase-seq
CL:2000045,DNase-seq,ChIP-seq:H3K36me3,-0.0005835160507378003,6.0,ChIP-seq:H3K36me3 x DNase-seq
CL:2000045,DNase-seq,ChIP-seq:H3K4me1,0.09780804092412466,6.0,ChIP-seq:H3K4me1 x DNase-seq
CL:2000045,DNase-seq,ChIP-seq:H3K4me3,0.06768063760139571,6.0,ChIP-seq:H3K4me3 x DNase-seq
CL:2000045,DNase-seq,ChIP-seq:H3K9ac,-0.026669818386435507,2.0,ChIP-seq:H3K9ac x DNase-seq
CL:2000045,DNase-seq,ChIP-seq:H3K9me3,0.0063100792675710934,4.0,ChIP-seq:H3K9me3 x DNase-seq
CL:2000045,DNase-seq,polyA plus RNA-seq,-0.010041839590763152,8.0,DNase-seq x polyA plus RNA-seq
CL:2000045,ChIP-seq:H3K27ac,DNase-seq,0.09276950681946941,4.0,ChIP-seq:H3K27ac x DNase-seq
CL:2000045,ChIP-seq:H3K27ac,ChIP-seq:H3K27me3,0.10174428526012376,6.0,ChIP-seq:H3K27ac x ChIP-seq:H3K27me3
CL:2000045,ChIP-seq:H3K27ac,ChIP-seq:H3K36me3,0.049816642247193246,6.0,ChIP-seq:H3K27ac x ChIP-seq:H3K36me3
CL:2000045,ChIP-seq:H3K27ac,ChIP-seq:H3K4me1,0.19978901449140613,6.0,ChIP-seq:H3K27ac x ChIP-seq:H3K4me1
CL:2000045,ChIP-seq:H3K27ac,ChIP-seq:H3K4me3,0.2161763173313768,6.0,ChIP-seq:H3K27ac x ChIP-seq:H3K4me3
CL:2000045,ChIP-seq:H3K27ac,ChIP-seq:H3K9ac,-0.01016222715377807,2.0,ChIP-seq:H3K27ac x ChIP-seq:H3K9ac
CL:2000045,ChIP-seq:H3K27ac,ChIP-seq:H3K9me3,0.07154582257710355,4.0,ChIP-seq:H3K27ac x ChIP-seq:H3K9me3
CL:2000045,ChIP-seq:H3K27ac,polyA plus RNA-seq,-0.004843449289843399,8.0,ChIP-seq:H3K27ac x polyA plus RNA-seq
CL:2000045,ChIP-seq:H3K27me3,DNase-seq,-0.028318169805192455,6.0,ChIP-seq:H3K27me3 x DNase-seq
CL:2000045,ChIP-seq:H3K27me3,ChIP-seq:H3K27ac,0.10151949099131992,6.0,ChIP-seq:H3K27ac x ChIP-seq:H3K27me3
CL:2000045,ChIP-seq:H3K27me3,ChIP-seq:H3K36me3,0.03545575157406764,9.0,ChIP-seq:H3K27me3 x ChIP-seq:H3K36me3
CL:2000045,ChIP-seq:H3K27me3,ChIP-seq:H3K4me1,0.0005152571914542395,9.0,ChIP-seq:H3K27me3 x ChIP-seq:H3K4me1
CL:2000045,ChIP-seq:H3K27me3,ChIP-seq:H3K4me3,0.02141883134468807,9.0,ChIP-seq:H3K27me3 x ChIP-seq:H3K4me3
CL:2000045,ChIP-seq:H3K27me3,ChIP-seq:H3K9ac,0.09312332391738892,3.0,ChIP-seq:H3K27me3 x ChIP-seq:H3K9ac
CL:2000045,ChIP-seq:H3K27me3,ChIP-seq:H3K9me3,0.10312316581967601,6.0,ChIP-seq:H3K27me3 x ChIP-seq:H3K9me3
CL:2000045,ChIP-seq:H3K27me3,polyA plus RNA-seq,-0.03160446429201093,12.0,ChIP-seq:H3K27me3 x polyA plus RNA-seq
CL:2000045,ChIP-seq:H3K36me3,DNase-seq,-0.02795697359489821,6.0,ChIP-seq:H3K36me3 x DNase-seq
CL:2000045,ChIP-seq:H3K36me3,ChIP-seq:H3K27ac,0.07104811683204604,6.0,ChIP-seq:H3K27ac x ChIP-seq:H3K36me3
CL:2000045,ChIP-seq:H3K36me3,ChIP-seq:H3K27me3,0.024341808539240752,9.0,ChIP-seq:H3K27me3 x ChIP-seq:H3K36me3
CL:2000045,ChIP-seq:H3K36me3,ChIP-seq:H3K4me1,0.0538550749220982,9.0,ChIP-seq:H3K36me3 x ChIP-seq:H3K4me1
CL:2000045,ChIP-seq:H3K36me3,ChIP-seq:H3K4me3,-0.006520764473738245,9.0,ChIP-seq:H3K36me3 x ChIP-seq:H3K4me3
CL:2000045,ChIP-seq:H3K36me3,ChIP-seq:H3K9ac,-0.03258905470371246,3.0,ChIP-seq:H3K36me3 x ChIP-seq:H3K9ac
CL:2000045,ChIP-seq:H3K36me3,ChIP-seq:H3K9me3,0.1560544509239481,6.0,ChIP-seq:H3K36me3 x ChIP-seq:H3K9me3
CL:2000045,ChIP-seq:H3K36me3,polyA plus RNA-seq,0.012143174807230622,12.0,ChIP-seq:H3K36me3 x polyA plus RNA-seq
CL:2000045,ChIP-seq:H3K4me1,DNase-seq,0.09389890581881467,6.0,ChIP-seq:H3K4me1 x DNase-seq
CL:2000045,ChIP-seq:H3K4me1,ChIP-seq:H3K27ac,0.21678755322845333,6.0,ChIP-seq:H3K27ac x ChIP-seq:H3K4me1
CL:2000045,ChIP-seq:H3K4me1,ChIP-seq:H3K27me3,-0.005499092555137433,9.0,ChIP-seq:H3K27me3 x ChIP-seq:H3K4me1
CL:2000045,ChIP-seq:H3K4me1,ChIP-seq:H3K36me3,0.057838110495402745,9.0,ChIP-seq:H3K36me3 x ChIP-seq:H3K4me1
CL:2000045,ChIP-seq:H3K4me1,ChIP-seq:H3K4me3,0.08384930220008456,9.0,ChIP-seq:H3K4me1 x ChIP-seq:H3K4me3
CL:2000045,ChIP-seq:H3K4me1,ChIP-seq:H3K9ac,0.21034409046173097,3.0,ChIP-seq:H3K4me1 x ChIP-seq:H3K9ac
CL:2000045,ChIP-seq:H3K4me1,ChIP-seq:H3K9me3,0.06611326026072936,6.0,ChIP-seq:H3K4me1 x ChIP-seq:H3K9me3
CL:2000045,ChIP-seq:H3K4me1,polyA plus RNA-seq,0.0011843827255177547,12.0,ChIP-seq:H3K4me1 x polyA plus RNA-seq
CL:2000045,ChIP-seq:H3K4me3,DNase-seq,-0.0116142300805685,6.0,ChIP-seq:H3K4me3 x DNase-seq
CL:2000045,ChIP-seq:H3K4me3,ChIP-seq:H3K27ac,0.2269780798728422,6.0,ChIP-seq:H3K27ac x ChIP-seq:H3K4me3
CL:2000045,ChIP-seq:H3K4me3,ChIP-seq:H3K27me3,0.06662497940648104,9.0,ChIP-seq:H3K27me3 x ChIP-seq:H3K4me3
CL:2000045,ChIP-seq:H3K4me3,ChIP-seq:H3K36me3,0.005327955751413432,9.0,ChIP-seq:H3K36me3 x ChIP-seq:H3K4me3
CL:2000045,ChIP-seq:H3K4me3,ChIP-seq:H3K4me1,0.06653934469735376,9.0,ChIP-seq:H3K4me1 x ChIP-seq:H3K4me3
CL:2000045,ChIP-seq:H3K4me3,ChIP-seq:H3K9ac,0.06350091298421223,3.0,ChIP-seq:H3K4me3 x ChIP-seq:H3K9ac
CL:2000045,ChIP-seq:H3K4me3,ChIP-seq:H3K9me3,0.056915486158605394,6.0,ChIP-seq:H3K4me3 x ChIP-seq:H3K9me3
CL:2000045,ChIP-seq:H3K4me3,polyA plus RNA-seq,-0.006965991728702034,12.0,ChIP-seq:H3K4me3 x polyA plus RNA-seq
CL:2000045,ChIP-seq:H3K9ac,DNase-seq,-0.02261929250485504,2.0,ChIP-seq:H3K9ac x DNase-seq
CL:2000045,ChIP-seq:H3K9ac,ChIP-seq:H3K27ac,0.18521124864957347,2.0,ChIP-seq:H3K27ac x ChIP-seq:H3K9ac
CL:2000045,ChIP-seq:H3K9ac,ChIP-seq:H3K27me3,0.10334896287698857,3.0,ChIP-seq:H3K27me3 x ChIP-seq:H3K9ac
CL:2000045,ChIP-seq:H3K9ac,ChIP-seq:H3K36me3,0.006737449807478182,3.0,ChIP-seq:H3K36me3 x ChIP-seq:H3K9ac
CL:2000045,ChIP-seq:H3K9ac,ChIP-seq:H3K4me1,0.20352661347651219,3.0,ChIP-seq:H3K4me1 x ChIP-seq:H3K9ac
CL:2000045,ChIP-seq:H3K9ac,ChIP-seq:H3K4me3,0.2149404651122474,3.0,ChIP-seq:H3K4me3 x ChIP-seq:H3K9ac
CL:2000045,ChIP-seq:H3K9ac,ChIP-seq:H3K9me3,0.021829965841753524,2.0,ChIP-seq:H3K9ac x ChIP-seq:H3K9me3
CL:2000045,ChIP-seq:H3K9ac,polyA plus RNA-seq,0.0009325715130790845,4.0,ChIP-seq:H3K9ac x polyA plus RNA-seq
CL:2000045,ChIP-seq:H3K9me3,DNase-seq,-0.029305275414407868,4.0,ChIP-seq:H3K9me3 x DNase-seq
CL:2000045,ChIP-seq:H3K9me3,ChIP-seq:H3K27ac,0.08164692785799132,4.0,ChIP-seq:H3K27ac x ChIP-seq:H3K9me3
CL:2000045,ChIP-seq:H3K9me3,ChIP-seq:H3K27me3,0.11338915770081269,6.0,ChIP-seq:H3K27me3 x ChIP-seq:H3K9me3
CL:2000045,ChIP-seq:H3K9me3,ChIP-seq:H3K36me3,0.15618881054803835,6.0,ChIP-seq:H3K36me3 x ChIP-seq:H3K9me3
CL:2000045,ChIP-seq:H3K9me3,ChIP-seq:H3K4me1,0.07367546272365165,6.0,ChIP-seq:H3K4me1 x ChIP-seq:H3K9me3
CL:2000045,ChIP-seq:H3K9me3,ChIP-seq:H3K4me3,0.027592707827617306,6.0,ChIP-seq:H3K4me3 x ChIP-seq:H3K9me3
CL:2000045,ChIP-seq:H3K9me3,ChIP-seq:H3K9ac,-0.024868637248873712,2.0,ChIP-seq:H3K9ac x ChIP-seq:H3K9me3
CL:2000045,ChIP-seq:H3K9me3,polyA plus RNA-seq,-0.006717175269440375,8.0,ChIP-seq:H3K9me3 x polyA plus RNA-seq
CL:2000045,polyA plus RNA-seq,DNase-seq,-0.010749382725388733,8.0,DNase-seq x polyA plus RNA-seq
CL:2000045,polyA plus RNA-seq,ChIP-seq:H3K27ac,0.004017976754755709,8.0,ChIP-seq:H3K27ac x polyA plus RNA-seq
CL:2000045,polyA plus RNA-seq,ChIP-seq:H3K27me3,-0.026883035641292043,12.0,ChIP-seq:H3K27me3 x polyA plus RNA-seq
CL:2000045,polyA plus RNA-seq,ChIP-seq:H3K36me3,0.043151080185639935,12.0,ChIP-seq:H3K36me3 x polyA plus RNA-seq
CL:2000045,polyA plus RNA-seq,ChIP-seq:H3K4me1,0.004529396965826823,12.0,ChIP-seq:H3K4me1 x polyA plus RNA-seq
CL:2000045,polyA plus RNA-seq,ChIP-seq:H3K4me3,0.01925950465907513,12.0,ChIP-seq:H3K4me3 x polyA plus RNA-seq
CL:2000045,polyA plus RNA-seq,ChIP-seq:H3K9ac,-0.029259967058897017,4.0,ChIP-seq:H3K9ac x polyA plus RNA-seq
CL:2000045,polyA plus RNA-seq,ChIP-seq:H3K9me3,-0.007886549202964626,8.0,ChIP-seq:H3K9me3 x polyA plus RNA-seq
CL:0000312,DNase-seq,ChIP-seq:H3K27ac,0.022513135807749662,1.0,ChIP-seq:H3K27ac x DNase-seq
CL:0000312,DNase-seq,ChIP-seq:H3K36me3,-0.13473459544934724,1.0,ChIP-seq:H3K36me3 x DNase-seq
CL:0000312,DNase-seq,ChIP-seq:H3K4me3,0.019857083316718302,2.0,ChIP-seq:H3K4me3 x DNase-seq
CL:0000312,DNase-seq,ChIP-seq:H3K9me3,-0.06852102180322012,1.0,ChIP-seq:H3K9me3 x DNase-seq
CL:0000312,DNase-seq,ChIP-seq:CTCF,0.04327272272334909,1.0,ChIP-seq:CTCF x DNase-seq
CL:0000312,DNase-seq,polyA plus RNA-seq,-0.016576082108424744,7.0,DNase-seq x polyA plus RNA-seq
CL:0000312,ChIP-seq:H3K27ac,DNase-seq,-0.04221512578370332,1.0,ChIP-seq:H3K27ac x DNase-seq
CL:0000312,ChIP-seq:H3K27ac,ChIP-seq:H3K36me3,-0.031068391274464757,1.0,ChIP-seq:H3K27ac x ChIP-seq:H3K36me3
CL:0000312,ChIP-seq:H3K27ac,ChIP-seq:H3K4me3,0.22324602069141708,2.0,ChIP-seq:H3K27ac x ChIP-seq:H3K4me3
CL:0000312,ChIP-seq:H3K27ac,ChIP-seq:H3K9me3,-0.022930595030387243,1.0,ChIP-seq:H3K27ac x ChIP-seq:H3K9me3
CL:0000312,ChIP-seq:H3K27ac,ChIP-seq:CTCF,-0.0042917679925009895,1.0,ChIP-seq:CTCF x ChIP-seq:H3K27ac
CL:0000312,ChIP-seq:H3K27ac,polyA plus RNA-seq,-0.009052615031055436,7.0,ChIP-seq:H3K27ac x polyA plus RNA-seq
CL:0000312,ChIP-seq:H3K36me3,DNase-seq,-0.09847276069817629,1.0,ChIP-seq:H3K36me3 x DNase-seq
CL:0000312,ChIP-seq:H3K36me3,ChIP-seq:H3K27ac,-0.04328490513158433,1.0,ChIP-seq:H3K27ac x ChIP-seq:H3K36me3
CL:0000312,ChIP-seq:H3K36me3,ChIP-seq:H3K4me3,-0.01899096112106448,2.0,ChIP-seq:H3K36me3 x ChIP-seq:H3K4me3
CL:0000312,ChIP-seq:H3K36me3,ChIP-seq:H3K9me3,0.032500910427835254,1.0,ChIP-seq:H3K36me3 x ChIP-seq:H3K9me3
CL:0000312,ChIP-seq:H3K36me3,ChIP-seq:CTCF,-0.03619569343216014,1.0,ChIP-seq:CTCF x ChIP-seq:H3K36me3
CL:0000312,ChIP-seq:H3K36me3,polyA plus RNA-seq,0.03435871252585883,7.0,ChIP-seq:H3K36me3 x polyA plus RNA-seq
CL:0000312,ChIP-seq:H3K4me3,DNase-seq,-0.020295225505197564,2.0,ChIP-seq:H3K4me3 x DNase-seq
CL:0000312,ChIP-seq:H3K4me3,ChIP-seq:H3K27ac,0.2489476689585933,2.0,ChIP-seq:H3K27ac x ChIP-seq:H3K4me3
CL:0000312,ChIP-seq:H3K4me3,ChIP-seq:H3K36me3,-0.02275103824703317,2.0,ChIP-seq:H3K36me3 x ChIP-seq:H3K4me3
CL:0000312,ChIP-seq:H3K4me3,ChIP-seq:H3K9me3,0.021566650933689542,2.0,ChIP-seq:H3K4me3 x ChIP-seq:H3K9me3
CL:0000312,ChIP-seq:H3K4me3,ChIP-seq:CTCF,-0.015657372210385663,2.0,ChIP-seq:CTCF x ChIP-seq:H3K4me3
CL:0000312,ChIP-seq:H3K4me3,polyA plus RNA-seq,-0.005456884834061426,14.0,ChIP-seq:H3K4me3 x polyA plus RNA-seq
CL:0000312,ChIP-seq:H3K79me2,DNase-seq,-0.036449637259224996,1.0,ChIP-seq:H3K79me2 x DNase-seq
CL:0000312,ChIP-seq:H3K79me2,ChIP-seq:H3K27ac,0.06170592742201723,1.0,ChIP-seq:H3K27ac x ChIP-seq:H3K79me2
CL:0000312,ChIP-seq:H3K79me2,ChIP-seq:H3K36me3,0.14567051467142605,1.0,ChIP-seq:H3K36me3 x ChIP-seq:H3K79me2
CL:0000312,ChIP-seq:H3K79me2,ChIP-seq:H3K4me3,0.09140734109923104,2.0,ChIP-seq:H3K4me3 x ChIP-seq:H3K79me2
CL:0000312,ChIP-seq:H3K79me2,ChIP-seq:H3K9me3,0.058309627572695415,1.0,ChIP-seq:H3K79me2 x ChIP-seq:H3K9me3
CL:0000312,ChIP-seq:H3K79me2,ChIP-seq:CTCF,0.013282078195292995,1.0,ChIP-seq:CTCF x ChIP-seq:H3K79me2
CL:0000312,ChIP-seq:H3K79me2,polyA plus RNA-seq,0.025665996280619482,7.0,ChIP-seq:H3K79me2 x polyA plus RNA-seq
CL:0000312,ChIP-seq:H3K9me3,DNase-seq,-0.04438651665317368,1.0,ChIP-seq:H3K9me3 x DNase-seq
CL:0000312,ChIP-seq:H3K9me3,ChIP-seq:H3K27ac,-0.03402944070137577,1.0,ChIP-seq:H3K27ac x ChIP-seq:H3K9me3
CL:0000312,ChIP-seq:H3K9me3,ChIP-seq:H3K36me3,0.02679915883039173,1.0,ChIP-seq:H3K36me3 x ChIP-seq:H3K9me3
CL:0000312,ChIP-seq:H3K9me3,ChIP-seq:H3K4me3,0.004008160434036612,2.0,ChIP-seq:H3K4me3 x ChIP-seq:H3K9me3
CL:0000312,ChIP-seq:H3K9me3,ChIP-seq:CTCF,-0.00914556216799988,1.0,ChIP-seq:CTCF x ChIP-seq:H3K9me3
CL:0000312,ChIP-seq:H3K9me3,polyA plus RNA-seq,-0.0012628784359887592,7.0,ChIP-seq:H3K9me3 x polyA plus RNA-seq
CL:0000312,ChIP-seq:CTCF,DNase-seq,0.11218788541834275,1.0,ChIP-seq:CTCF x DNase-seq
CL:0000312,ChIP-seq:CTCF,ChIP-seq:H3K27ac,-0.006449697148284795,1.0,ChIP-seq:CTCF x ChIP-seq:H3K27ac
CL:0000312,ChIP-seq:CTCF,ChIP-seq:H3K36me3,-0.0345992889843489,1.0,ChIP-seq:CTCF x ChIP-seq:H3K36me3
CL:0000312,ChIP-seq:CTCF,ChIP-seq:H3K4me3,0.0009371516442744539,2.0,ChIP-seq:CTCF x ChIP-seq:H3K4me3
CL:0000312,ChIP-seq:CTCF,ChIP-seq:H3K9me3,-0.0006200966735680907,1.0,ChIP-seq:CTCF x ChIP-seq:H3K9me3
CL:0000312,ChIP-seq:CTCF,polyA plus RNA-seq,0.002253234237927535,7.0,ChIP-seq:CTCF x polyA plus RNA-seq
CL:0000312,polyA plus RNA-seq,DNase-seq,-0.014695663367655622,7.0,DNase-seq x polyA plus RNA-seq
CL:0000312,polyA plus RNA-seq,ChIP-seq:H3K27ac,0.014447723641807651,7.0,ChIP-seq:H3K27ac x polyA plus RNA-seq
CL:0000312,polyA plus RNA-seq,ChIP-seq:H3K36me3,0.04273738269519089,7.0,ChIP-seq:H3K36me3 x polyA plus RNA-seq
CL:0000312,polyA plus RNA-seq,ChIP-seq:H3K4me3,0.022758767824465828,14.0,ChIP-seq:H3K4me3 x polyA plus RNA-seq
CL:0000312,polyA plus RNA-seq,ChIP-seq:H3K9me3,0.0028355350333546837,7.0,ChIP-seq:H3K9me3 x polyA plus RNA-seq
CL:0000312,polyA plus RNA-seq,ChIP-seq:CTCF,-0.011428600091818529,7.0,ChIP-seq:CTCF x polyA plus RNA-seq
CL:0002518,ChIP-seq:H3K27me3,ChIP-seq:H3K36me3,0.12337459796353391,1.0,ChIP-seq:H3K27me3 x ChIP-seq:H3K36me3
CL:0002518,ChIP-seq:H3K27me3,ChIP-seq:H3K4me3,-0.05411020056452862,1.0,ChIP-seq:H3K27me3 x ChIP-seq:H3K4me3
CL:0002518,ChIP-seq:H3K27me3,ChIP-seq:CTCF,0.009885658492457192,1.0,ChIP-seq:CTCF x ChIP-seq:H3K27me3
CL:0002518,ChIP-seq:H3K27me3,RNA-seq,-0.022352274960949492,2.0,ChIP-seq:H3K27me3 x RNA-seq
CL:0002518,ChIP-seq:H3K36me3,ChIP-seq:H3K27me3,0.09027023748918013,1.0,ChIP-seq:H3K27me3 x ChIP-seq:H3K36me3
CL:0002518,ChIP-seq:H3K36me3,ChIP-seq:H3K4me3,-0.023407822041664014,1.0,ChIP-seq:H3K36me3 x ChIP-seq:H3K4me3
CL:0002518,ChIP-seq:H3K36me3,ChIP-seq:CTCF,-0.016934676060699067,1.0,ChIP-seq:CTCF x ChIP-seq:H3K36me3
CL:0002518,ChIP-seq:H3K36me3,RNA-seq,-0.002277813616276346,2.0,ChIP-seq:H3K36me3 x RNA-seq
CL:0002518,ChIP-seq:H3K4me3,ChIP-seq:H3K27me3,-0.041968482631174,1.0,ChIP-seq:H3K27me3 x ChIP-seq:H3K4me3
CL:0002518,ChIP-seq:H3K4me3,ChIP-seq:H3K36me3,0.004432728514075279,1.0,ChIP-seq:H3K36me3 x ChIP-seq:H3K4me3
CL:0002518,ChIP-seq:H3K4me3,ChIP-seq:CTCF,-0.0011833431023471758,1.0,ChIP-seq:CTCF x ChIP-seq:H3K4me3
CL:0002518,ChIP-seq:H3K4me3,RNA-seq,0.04674070405248178,2.0,ChIP-seq:H3K4me3 x RNA-seq
CL:0002518,ChIP-seq:CTCF,ChIP-seq:H3K27me3,0.021906246515837585,1.0,ChIP-seq:CTCF x ChIP-seq:H3K27me3
CL:0002518,ChIP-seq:CTCF,ChIP-seq:H3K36me3,-0.01138126234474935,1.0,ChIP-seq:CTCF x ChIP-seq:H3K36me3
CL:0002518,ChIP-seq:CTCF,ChIP-seq:H3K4me3,0.012604450278503949,1.0,ChIP-seq:CTCF x ChIP-seq:H3K4me3
CL:0002518,ChIP-seq:CTCF,RNA-seq,0.00022887016932285863,2.0,ChIP-seq:CTCF x RNA-seq
CL:0002518,RNA-seq,ChIP-seq:H3K27me3,-0.037001570856029335,2.0,ChIP-seq:H3K27me3 x RNA-seq
CL:0002518,RNA-seq,ChIP-seq:H3K36me3,0.0013985761294239424,2.0,ChIP-seq:H3K36me3 x RNA-seq
CL:0002518,RNA-seq,ChIP-seq:H3K4me3,0.028064139395259147,2.0,ChIP-seq:H3K4me3 x RNA-seq
CL:0002518,RNA-seq,ChIP-seq:CTCF,-0.01684721761365544,2.0,ChIP-seq:CTCF x RNA-seq
CL:0002326,ChIP-seq:H3K27me3,ChIP-seq:H3K36me3,0.024923034678948554,1.0,ChIP-seq:H3K27me3 x ChIP-seq:H3K36me3
CL:0002326,ChIP-seq:H3K27me3,ChIP-seq:H3K4me1,-0.03605117786513723,1.0,ChIP-seq:H3K27me3 x ChIP-seq:H3K4me1
CL:0002326,ChIP-seq:H3K27me3,ChIP-seq:H3K9me3,0.40457014905081856,1.0,ChIP-seq:H3K27me3 x ChIP-seq:H3K9me3
CL:0002326,ChIP-seq:H3K27me3,polyA plus RNA-seq,-0.013958594924570154,2.0,ChIP-seq:H3K27me3 x polyA plus RNA-seq
CL:0002326,ChIP-seq:H3K36me3,ChIP-seq:H3K27me3,0.03515271063555371,1.0,ChIP-seq:H3K27me3 x ChIP-seq:H3K36me3
CL:0002326,ChIP-seq:H3K36me3,ChIP-seq:H3K4me1,-0.028657971111976585,1.0,ChIP-seq:H3K36me3 x ChIP-seq:H3K4me1
CL:0002326,ChIP-seq:H3K36me3,ChIP-seq:H3K9me3,0.1613686051633623,1.0,ChIP-seq:H3K36me3 x ChIP-seq:H3K9me3
CL:0002326,ChIP-seq:H3K36me3,polyA plus RNA-seq,0.028921784443465895,2.0,ChIP-seq:H3K36me3 x polyA plus RNA-seq
CL:0002326,ChIP-seq:H3K4me1,ChIP-seq:H3K27me3,-0.04122607426887209,1.0,ChIP-seq:H3K27me3 x ChIP-seq:H3K4me1
CL:0002326,ChIP-seq:H3K4me1,ChIP-seq:H3K36me3,-0.033119230266464385,1.0,ChIP-seq:H3K36me3 x ChIP-seq:H3K4me1
CL:0002326,ChIP-seq:H3K4me1,ChIP-seq:H3K9me3,0.022663433684243096,1.0,ChIP-seq:H3K4me1 x ChIP-seq:H3K9me3
CL:0002326,ChIP-seq:H3K4me1,polyA plus RNA-seq,-0.00019895422531233248,2.0,ChIP-seq:H3K4me1 x polyA plus RNA-seq
CL:0002326,ChIP-seq:H3K9me3,ChIP-seq:H3K27me3,0.43603571978482336,1.0,ChIP-seq:H3K27me3 x ChIP-seq:H3K9me3
CL:0002326,ChIP-seq:H3K9me3,ChIP-seq:H3K36me3,0.1584471881389618,1.0,ChIP-seq:H3K36me3 x ChIP-seq:H3K9me3
CL:0002326,ChIP-seq:H3K9me3,ChIP-seq:H3K4me1,0.016156845766565075,1.0,ChIP-seq:H3K4me1 x ChIP-seq:H3K9me3
CL:0002326,ChIP-seq:H3K9me3,polyA plus RNA-seq,-0.016371065446503866,2.0,ChIP-seq:H3K9me3 x polyA plus RNA-seq
CL:0002326,polyA plus RNA-seq,ChIP-seq:H3K27me3,-0.024284309961579063,2.0,ChIP-seq:H3K27me3 x polyA plus RNA-seq
CL:0002326,polyA plus RNA-seq,ChIP-seq:H3K36me3,0.040739882541330236,2.0,ChIP-seq:H3K36me3 x polyA plus RNA-seq
CL:0002326,polyA plus RNA-seq,ChIP-seq:H3K4me1,0.000892564735334854,2.0,ChIP-seq:H3K4me1 x polyA plus RNA-seq
CL:0002326,polyA plus RNA-seq,ChIP-seq:H3K9me3,-0.021144949230882858,2.0,ChIP-seq:H3K9me3 x polyA plus RNA-seq
CL:0002327,DNase-seq,ChIP-seq:H3K27ac,0.06780616883878354,1.0,ChIP-seq:H3K27ac x DNase-seq
CL:0002327,DNase-seq,ChIP-seq:H3K27me3,-0.04589577972888947,2.0,ChIP-seq:H3K27me3 x DNase-seq
CL:0002327,DNase-seq,ChIP-seq:H3K36me3,-0.13840396118857873,2.0,ChIP-seq:H3K36me3 x DNase-seq
CL:0002327,DNase-seq,ChIP-seq:H3K4me1,-0.09227337806276936,2.0,ChIP-seq:H3K4me1 x DNase-seq
CL:0002327,DNase-seq,ChIP-seq:H3K4me3,-0.029402062859175335,4.0,ChIP-seq:H3K4me3 x DNase-seq
CL:0002327,DNase-seq,ChIP-seq:H3K9me3,-0.07118325551461907,2.0,ChIP-seq:H3K9me3 x DNase-seq
CL:0002327,DNase-seq,ChIP-seq:CTCF,0.04990563935266351,1.0,ChIP-seq:CTCF x DNase-seq
CL:0002327,DNase-seq,polyA plus RNA-seq,0.013023125265405569,4.0,DNase-seq x polyA plus RNA-seq
CL:0002327,DNase-seq,RNA-seq,0.01400904058752691,4.0,DNase-seq x RNA-seq
CL:0002327,ChIP-seq:H3K27ac,DNase-seq,0.08057030460828374,1.0,ChIP-seq:H3K27ac x DNase-seq
CL:0002327,ChIP-seq:H3K27ac,ChIP-seq:H3K27me3,-0.013518586765442576,2.0,ChIP-seq:H3K27ac x ChIP-seq:H3K27me3
CL:0002327,ChIP-seq:H3K27ac,ChIP-seq:H3K36me3,-0.045999541602752825,2.0,ChIP-seq:H3K27ac x ChIP-seq:H3K36me3
CL:0002327,ChIP-seq:H3K27ac,ChIP-seq:H3K4me1,0.14009498605311244,2.0,ChIP-seq:H3K27ac x ChIP-seq:H3K4me1
CL:0002327,ChIP-seq:H3K27ac,ChIP-seq:H3K4me3,0.20544679659717488,4.0,ChIP-seq:H3K27ac x ChIP-seq:H3K4me3
CL:0002327,ChIP-seq:H3K27ac,ChIP-seq:H3K9me3,-0.01964121312423292,2.0,ChIP-seq:H3K27ac x ChIP-seq:H3K9me3
CL:0002327,ChIP-seq:H3K27ac,ChIP-seq:CTCF,-0.027195256528497306,1.0,ChIP-seq:CTCF x ChIP-seq:H3K27ac
CL:0002327,ChIP-seq:H3K27ac,polyA plus RNA-seq,0.012066157218015162,4.0,ChIP-seq:H3K27ac x polyA plus RNA-seq
CL:0002327,ChIP-seq:H3K27ac,RNA-seq,0.03639278490753735,4.0,ChIP-seq:H3K27ac x RNA-seq
CL:0002327,ChIP-seq:H3K27me3,DNase-seq,-0.04301378510145418,2.0,ChIP-seq:H3K27me3 x DNase-seq
CL:0002327,ChIP-seq:H3K27me3,ChIP-seq:H3K27ac,-0.024847254134070726,2.0,ChIP-seq:H3K27ac x ChIP-seq:H3K27me3
CL:0002327,ChIP-seq:H3K27me3,ChIP-seq:H3K36me3,-0.012679763404386384,4.0,ChIP-seq:H3K27me3 x ChIP-seq:H3K36me3
CL:0002327,ChIP-seq:H3K27me3,ChIP-seq:H3K4me1,-0.040960686021774516,4.0,ChIP-seq:H3K27me3 x ChIP-seq:H3K4me1
CL:0002327,ChIP-seq:H3K27me3,ChIP-seq:H3K4me3,-0.017861478346979844,8.0,ChIP-seq:H3K27me3 x ChIP-seq:H3K4me3
CL:0002327,ChIP-seq:H3K27me3,ChIP-seq:H3K9me3,-0.02501801640711017,4.0,ChIP-seq:H3K27me3 x ChIP-seq:H3K9me3
CL:0002327,ChIP-seq:H3K27me3,ChIP-seq:CTCF,-0.003714160993695259,2.0,ChIP-seq:CTCF x ChIP-seq:H3K27me3
CL:0002327,ChIP-seq:H3K27me3,polyA plus RNA-seq,-0.01658137992926221,8.0,ChIP-seq:H3K27me3 x polyA plus RNA-seq
CL:0002327,ChIP-seq:H3K27me3,RNA-seq,-0.044583105813054476,8.0,ChIP-seq:H3K27me3 x RNA-seq
CL:0002327,ChIP-seq:H3K36me3,DNase-seq,-0.09220473560238865,2.0,ChIP-seq:H3K36me3 x DNase-seq
CL:0002327,ChIP-seq:H3K36me3,ChIP-seq:H3K27ac,-0.02730227096213235,2.0,ChIP-seq:H3K27ac x ChIP-seq:H3K36me3
CL:0002327,ChIP-seq:H3K36me3,ChIP-seq:H3K27me3,-0.017432993363056863,4.0,ChIP-seq:H3K27me3 x ChIP-seq:H3K36me3
CL:0002327,ChIP-seq:H3K36me3,ChIP-seq:H3K4me1,-0.01669425908679682,4.0,ChIP-seq:H3K36me3 x ChIP-seq:H3K4me1
CL:0002327,ChIP-seq:H3K36me3,ChIP-seq:H3K4me3,0.008537808652826637,8.0,ChIP-seq:H3K36me3 x ChIP-seq:H3K4me3
CL:0002327,ChIP-seq:H3K36me3,ChIP-seq:H3K9me3,0.08970967168248566,4.0,ChIP-seq:H3K36me3 x ChIP-seq:H3K9me3
CL:0002327,ChIP-seq:H3K36me3,ChIP-seq:CTCF,-0.03128157654460871,2.0,ChIP-seq:CTCF x ChIP-seq:H3K36me3
CL:0002327,ChIP-seq:H3K36me3,polyA plus RNA-seq,0.00912381979161793,8.0,ChIP-seq:H3K36me3 x polyA plus RNA-seq
CL:0002327,ChIP-seq:H3K36me3,RNA-seq,0.05126013603280572,8.0,ChIP-seq:H3K36me3 x RNA-seq
CL:0002327,ChIP-seq:H3K4me1,DNase-seq,-0.07281973042494227,2.0,ChIP-seq:H3K4me1 x DNase-seq
CL:0002327,ChIP-seq:H3K4me1,ChIP-seq:H3K27ac,0.13402699467576581,2.0,ChIP-seq:H3K27ac x ChIP-seq:H3K4me1
CL:0002327,ChIP-seq:H3K4me1,ChIP-seq:H3K27me3,-0.022161871721701962,4.0,ChIP-seq:H3K27me3 x ChIP-seq:H3K4me1
CL:0002327,ChIP-seq:H3K4me1,ChIP-seq:H3K36me3,-0.009096570524865042,4.0,ChIP-seq:H3K36me3 x ChIP-seq:H3K4me1
CL:0002327,ChIP-seq:H3K4me1,ChIP-seq:H3K4me3,-0.07322475932679086,8.0,ChIP-seq:H3K4me1 x ChIP-seq:H3K4me3
CL:0002327,ChIP-seq:H3K4me1,ChIP-seq:H3K9me3,-0.02763756082585737,4.0,ChIP-seq:H3K4me1 x ChIP-seq:H3K9me3
CL:0002327,ChIP-seq:H3K4me1,ChIP-seq:CTCF,-0.015598698167727805,2.0,ChIP-seq:CTCF x ChIP-seq:H3K4me1
CL:0002327,ChIP-seq:H3K4me1,polyA plus RNA-seq,-0.021914095926482326,8.0,ChIP-seq:H3K4me1 x polyA plus RNA-seq
CL:0002327,ChIP-seq:H3K4me1,RNA-seq,-0.013679780732182895,8.0,ChIP-seq:H3K4me1 x RNA-seq
CL:0002327,ChIP-seq:H3K4me3,DNase-seq,-0.03334720831144132,4.0,ChIP-seq:H3K4me3 x DNase-seq
CL:0002327,ChIP-seq:H3K4me3,ChIP-seq:H3K27ac,0.20244940710656437,4.0,ChIP-seq:H3K27ac x ChIP-seq:H3K4me3
CL:0002327,ChIP-seq:H3K4me3,ChIP-seq:H3K27me3,0.0009630797696965083,8.0,ChIP-seq:H3K27me3 x ChIP-seq:H3K4me3
CL:0002327,ChIP-seq:H3K4me3,ChIP-seq:H3K36me3,-0.01160718318045376,8.0,ChIP-seq:H3K36me3 x ChIP-seq:H3K4me3
CL:0002327,ChIP-seq:H3K4me3,ChIP-seq:H3K4me1,-0.09189441637263272,8.0,ChIP-seq:H3K4me1 x ChIP-seq:H3K4me3
CL:0002327,ChIP-seq:H3K4me3,ChIP-seq:H3K9me3,0.010237018874320904,8.0,ChIP-seq:H3K4me3 x ChIP-seq:H3K9me3
CL:0002327,ChIP-seq:H3K4me3,ChIP-seq:CTCF,0.0043349554235080495,4.0,ChIP-seq:CTCF x ChIP-seq:H3K4me3
CL:0002327,ChIP-seq:H3K4me3,polyA plus RNA-seq,0.007189429158436116,16.0,ChIP-seq:H3K4me3 x polyA plus RNA-seq
CL:0002327,ChIP-seq:H3K4me3,RNA-seq,0.03983898203162586,16.0,ChIP-seq:H3K4me3 x RNA-seq
CL:0002327,ChIP-seq:H3K79me2,DNase-seq,-0.05024785452682745,1.0,ChIP-seq:H3K79me2 x DNase-seq
CL:0002327,ChIP-seq:H3K79me2,ChIP-seq:H3K27ac,0.03754284085682881,1.0,ChIP-seq:H3K27ac x ChIP-seq:H3K79me2
CL:0002327,ChIP-seq:H3K79me2,ChIP-seq:H3K27me3,-0.021249245149748665,2.0,ChIP-seq:H3K27me3 x ChIP-seq:H3K79me2
CL:0002327,ChIP-seq:H3K79me2,ChIP-seq:H3K36me3,0.058360708690194225,2.0,ChIP-seq:H3K36me3 x ChIP-seq:H3K79me2
CL:0002327,ChIP-seq:H3K79me2,ChIP-seq:H3K4me1,0.02373338735005895,2.0,ChIP-seq:H3K4me1 x ChIP-seq:H3K79me2
CL:0002327,ChIP-seq:H3K79me2,ChIP-seq:H3K4me3,0.06815967357383584,4.0,ChIP-seq:H3K4me3 x ChIP-seq:H3K79me2
CL:0002327,ChIP-seq:H3K79me2,ChIP-seq:H3K9me3,0.0579662729658228,2.0,ChIP-seq:H3K79me2 x ChIP-seq:H3K9me3
CL:0002327,ChIP-seq:H3K79me2,ChIP-seq:CTCF,-0.01455466668033656,1.0,ChIP-seq:CTCF x ChIP-seq:H3K79me2
CL:0002327,ChIP-seq:H3K79me2,polyA plus RNA-seq,0.015117321818294033,4.0,ChIP-seq:H3K79me2 x polyA plus RNA-seq
CL:0002327,ChIP-seq:H3K79me2,RNA-seq,0.05100287141168819,4.0,ChIP-seq:H3K79me2 x RNA-seq
CL:0002327,ChIP-seq:H3K9me3,DNase-seq,-0.040717345774939864,2.0,ChIP-seq:H3K9me3 x DNase-seq
CL:0002327,ChIP-seq:H3K9me3,ChIP-seq:H3K27ac,-0.0032547778898367177,2.0,ChIP-seq:H3K27ac x ChIP-seq:H3K9me3
CL:0002327,ChIP-seq:H3K9me3,ChIP-seq:H3K27me3,-0.004831867324454443,4.0,ChIP-seq:H3K27me3 x ChIP-seq:H3K9me3
CL:0002327,ChIP-seq:H3K9me3,ChIP-seq:H3K36me3,0.09248877501992323,4.0,ChIP-seq:H3K36me3 x ChIP-seq:H3K9me3
CL:0002327,ChIP-seq:H3K9me3,ChIP-seq:H3K4me1,-0.03316730506148169,4.0,ChIP-seq:H3K4me1 x ChIP-seq:H3K9me3
CL:0002327,ChIP-seq:H3K9me3,ChIP-seq:H3K4me3,0.00989128238047069,8.0,ChIP-seq:H3K4me3 x ChIP-seq:H3K9me3
CL:0002327,ChIP-seq:H3K9me3,ChIP-seq:CTCF,-0.025239862361044255,2.0,ChIP-seq:CTCF x ChIP-seq:H3K9me3
CL:0002327,ChIP-seq:H3K9me3,polyA plus RNA-seq,-0.008227632405177317,8.0,ChIP-seq:H3K9me3 x polyA plus RNA-seq
CL:0002327,ChIP-seq:H3K9me3,RNA-seq,-0.011683407851001797,8.0,ChIP-seq:H3K9me3 x RNA-seq
CL:0002327,ChIP-seq:CTCF,DNase-seq,-0.011998747243213162,1.0,ChIP-seq:CTCF x DNase-seq
CL:0002327,ChIP-seq:CTCF,ChIP-seq:H3K27ac,-0.022958087844107255,1.0,ChIP-seq:CTCF x ChIP-seq:H3K27ac
CL:0002327,ChIP-seq:CTCF,ChIP-seq:H3K27me3,-0.006215890550187656,2.0,ChIP-seq:CTCF x ChIP-seq:H3K27me3
CL:0002327,ChIP-seq:CTCF,ChIP-seq:H3K36me3,-0.029145510778540655,2.0,ChIP-seq:CTCF x ChIP-seq:H3K36me3
CL:0002327,ChIP-seq:CTCF,ChIP-seq:H3K4me1,0.00027488947138597404,2.0,ChIP-seq:CTCF x ChIP-seq:H3K4me1
CL:0002327,ChIP-seq:CTCF,ChIP-seq:H3K4me3,0.0124404583618326,4.0,ChIP-seq:CTCF x ChIP-seq:H3K4me3
CL:0002327,ChIP-seq:CTCF,ChIP-seq:H3K9me3,-0.0063016597785097266,2.0,ChIP-seq:CTCF x ChIP-seq:H3K9me3
CL:0002327,ChIP-seq:CTCF,polyA plus RNA-seq,-0.006757326434857564,4.0,ChIP-seq:CTCF x polyA plus RNA-seq
CL:0002327,ChIP-seq:CTCF,RNA-seq,-0.0020468466509790985,4.0,ChIP-seq:CTCF x RNA-seq
CL:0002327,polyA plus RNA-seq,DNase-seq,0.006624993659881517,4.0,DNase-seq x polyA plus RNA-seq
CL:0002327,polyA plus RNA-seq,ChIP-seq:H3K27ac,0.010927691503807353,4.0,ChIP-seq:H3K27ac x polyA plus RNA-seq
CL:0002327,polyA plus RNA-seq,ChIP-seq:H3K27me3,-0.016409265739577156,8.0,ChIP-seq:H3K27me3 x polyA plus RNA-seq
CL:0002327,polyA plus RNA-seq,ChIP-seq:H3K36me3,0.01712904452646851,8.0,ChIP-seq:H3K36me3 x polyA plus RNA-seq
CL:0002327,polyA plus RNA-seq,ChIP-seq:H3K4me1,-0.02592551646133264,8.0,ChIP-seq:H3K4me1 x polyA plus RNA-seq
CL:0002327,polyA plus RNA-seq,ChIP-seq:H3K4me3,0.018518933428908292,16.0,ChIP-seq:H3K4me3 x polyA plus RNA-seq
CL:0002327,polyA plus RNA-seq,ChIP-seq:H3K9me3,-0.012255525226866067,8.0,ChIP-seq:H3K9me3 x polyA plus RNA-seq
CL:0002327,polyA plus RNA-seq,ChIP-seq:CTCF,-0.02140587420677239,4.0,ChIP-seq:CTCF x polyA plus RNA-seq
CL:0002327,polyA plus RNA-seq,RNA-seq,0.13218005559023688,16.0,RNA-seq x polyA plus RNA-seq
CL:0002327,RNA-seq,DNase-seq,0.016345713874157567,4.0,DNase-seq x RNA-seq
CL:0002327,RNA-seq,ChIP-seq:H3K27ac,0.025948084890842438,4.0,ChIP-seq:H3K27ac x RNA-seq
CL:0002327,RNA-seq,ChIP-seq:H3K27me3,-0.045987065391881125,8.0,ChIP-seq:H3K27me3 x RNA-seq
CL:0002327,RNA-seq,ChIP-seq:H3K36me3,0.04221336539617922,8.0,ChIP-seq:H3K36me3 x RNA-seq
CL:0002327,RNA-seq,ChIP-seq:H3K4me1,-0.0186512644906513,8.0,ChIP-seq:H3K4me1 x RNA-seq
CL:0002327,RNA-seq,ChIP-seq:H3K4me3,0.024680278633000714,16.0,ChIP-seq:H3K4me3 x RNA-seq
CL:0002327,RNA-seq,ChIP-seq:H3K9me3,-0.009446618474978309,8.0,ChIP-seq:H3K9me3 x RNA-seq
CL:0002327,RNA-seq,ChIP-seq:CTCF,-0.016973543912172318,4.0,ChIP-seq:CTCF x RNA-seq
CL:0002327,RNA-seq,polyA plus RNA-seq,0.10508128150395771,16.0,RNA-seq x polyA plus RNA-seq
CL:0002451,ChIP-seq:H3K36me3,polyA plus RNA-seq,-0.00812602510681125,2.0,ChIP-seq:H3K36me3 x polyA plus RNA-seq
CL:0002451,polyA plus RNA-seq,ChIP-seq:H3K36me3,0.0032606544463258044,2.0,ChIP-seq:H3K36me3 x polyA plus RNA-seq
CL:0000134,ChIP-seq:H3K27me3,ChIP-seq:H3K36me3,-0.05503076534522207,1.0,ChIP-seq:H3K27me3 x ChIP-seq:H3K36me3
CL:0000134,ChIP-seq:H3K27me3,ChIP-seq:H3K4me1,-0.06795652793801349,1.0,ChIP-seq:H3K27me3 x ChIP-seq:H3K4me1
CL:0000134,ChIP-seq:H3K27me3,ChIP-seq:H3K4me3,-0.07995205119598743,1.0,ChIP-seq:H3K27me3 x ChIP-seq:H3K4me3
CL:0000134,ChIP-seq:H3K27me3,ChIP-seq:H3K9ac,-0.039083320647478104,1.0,ChIP-seq:H3K27me3 x ChIP-seq:H3K9ac
CL:0000134,ChIP-seq:H3K27me3,ChIP-seq:H3K9me3,0.3158599151505364,1.0,ChIP-seq:H3K27me3 x ChIP-seq:H3K9me3
CL:0000134,ChIP-seq:H3K36me3,ChIP-seq:H3K27me3,-0.08494008264758371,1.0,ChIP-seq:H3K27me3 x ChIP-seq:H3K36me3
CL:0000134,ChIP-seq:H3K36me3,ChIP-seq:H3K4me1,-0.03384199305235044,1.0,ChIP-seq:H3K36me3 x ChIP-seq:H3K4me1
CL:0000134,ChIP-seq:H3K36me3,ChIP-seq:H3K4me3,-0.0030315718851810294,1.0,ChIP-seq:H3K36me3 x ChIP-seq:H3K4me3
CL:0000134,ChIP-seq:H3K36me3,ChIP-seq:H3K9ac,-0.011093992553651334,1.0,ChIP-seq:H3K36me3 x ChIP-seq:H3K9ac
CL:0000134,ChIP-seq:H3K36me3,ChIP-seq:H3K9me3,0.09524697396490309,1.0,ChIP-seq:H3K36me3 x ChIP-seq:H3K9me3
CL:0000134,ChIP-seq:H3K4me1,ChIP-seq:H3K27me3,-0.0697366947477514,1.0,ChIP-seq:H3K27me3 x ChIP-seq:H3K4me1
CL:0000134,ChIP-seq:H3K4me1,ChIP-seq:H3K36me3,-0.009115534834563732,1.0,ChIP-seq:H3K36me3 x ChIP-seq:H3K4me1
CL:0000134,ChIP-seq:H3K4me1,ChIP-seq:H3K4me3,0.15264192036418028,1.0,ChIP-seq:H3K4me1 x ChIP-seq:H3K4me3
CL:0000134,ChIP-seq:H3K4me1,ChIP-seq:H3K9ac,0.04288728415966034,1.0,ChIP-seq:H3K4me1 x ChIP-seq:H3K9ac
CL:0000134,ChIP-seq:H3K4me1,ChIP-seq:H3K9me3,-0.040850505315595205,1.0,ChIP-seq:H3K4me1 x ChIP-seq:H3K9me3
CL:0000134,ChIP-seq:H3K4me3,ChIP-seq:H3K27me3,-0.08480530028993433,1.0,ChIP-seq:H3K27me3 x ChIP-seq:H3K4me3
CL:0000134,ChIP-seq:H3K4me3,ChIP-seq:H3K36me3,-0.03915152977171697,1.0,ChIP-seq:H3K36me3 x ChIP-seq:H3K4me3
CL:0000134,ChIP-seq:H3K4me3,ChIP-seq:H3K4me1,0.07026577190212582,1.0,ChIP-seq:H3K4me1 x ChIP-seq:H3K4me3
CL:0000134,ChIP-seq:H3K4me3,ChIP-seq:H3K9ac,0.33898483991622924,1.0,ChIP-seq:H3K4me3 x ChIP-seq:H3K9ac
CL:0000134,ChIP-seq:H3K4me3,ChIP-seq:H3K9me3,0.13038639095094468,1.0,ChIP-seq:H3K4me3 x ChIP-seq:H3K9me3
CL:0000134,ChIP-seq:H3K9ac,ChIP-seq:H3K27me3,-0.03738405860283158,1.0,ChIP-seq:H3K27me3 x ChIP-seq:H3K9ac
CL:0000134,ChIP-seq:H3K9ac,ChIP-seq:H3K36me3,-0.02750736436757602,1.0,ChIP-seq:H3K36me3 x ChIP-seq:H3K9ac
CL:0000134,ChIP-seq:H3K9ac,ChIP-seq:H3K4me1,0.0398410694754642,1.0,ChIP-seq:H3K4me1 x ChIP-seq:H3K9ac
CL:0000134,ChIP-seq:H3K9ac,ChIP-seq:H3K4me3,0.3366974356562592,1.0,ChIP-seq:H3K4me3 x ChIP-seq:H3K9ac
CL:0000134,ChIP-seq:H3K9ac,ChIP-seq:H3K9me3,-0.027417330029937955,1.0,ChIP-seq:H3K9ac x ChIP-seq:H3K9me3
CL:0000134,ChIP-seq:H3K9me3,ChIP-seq:H3K27me3,0.2999105290933089,1.0,ChIP-seq:H3K27me3 x ChIP-seq:H3K9me3
CL:0000134,ChIP-seq:H3K9me3,ChIP-seq:H3K36me3,0.07118998107157255,1.0,ChIP-seq:H3K36me3 x ChIP-seq:H3K9me3
CL:0000134,ChIP-seq:H3K9me3,ChIP-seq:H3K4me1,-0.049817235411509224,1.0,ChIP-seq:H3K4me1 x ChIP-seq:H3K9me3
CL:0000134,ChIP-seq:H3K9me3,ChIP-seq:H3K4me3,0.15941203555395436,1.0,ChIP-seq:H3K4me3 x ChIP-seq:H3K9me3
CL:0000134,ChIP-seq:H3K9me3,ChIP-seq:H3K9ac,-0.018839781135320664,1.0,ChIP-seq:H3K9ac x ChIP-seq:H3K9me3
CL:0000842,ChIP-seq:H3K27me3,ChIP-seq:H3K4me1,0.045969902497270836,1.0,ChIP-seq:H3K27me3 x ChIP-seq:H3K4me1
CL:0000842,ChIP-seq:H3K27me3,ChIP-seq:H3K4me3,0.06320918327154115,1.0,ChIP-seq:H3K27me3 x ChIP-seq:H3K4me3
CL:0000842,ChIP-seq:H3K27me3,ChIP-seq:H3K9me3,0.23299653397666084,1.0,ChIP-seq:H3K27me3 x ChIP-seq:H3K9me3
CL:0000842,ChIP-seq:H3K27me3,RNA-seq,-0.03676024456214012,2.0,ChIP-seq:H3K27me3 x RNA-seq
CL:0000842,ChIP-seq:H3K4me1,ChIP-seq:H3K27me3,0.06224867362867702,1.0,ChIP-seq:H3K27me3 x ChIP-seq:H3K4me1
CL:0000842,ChIP-seq:H3K4me1,ChIP-seq:H3K4me3,-0.07480159138524255,1.0,ChIP-seq:H3K4me1 x ChIP-seq:H3K4me3
CL:0000842,ChIP-seq:H3K4me1,ChIP-seq:H3K9me3,0.06102487809128232,1.0,ChIP-seq:H3K4me1 x ChIP-seq:H3K9me3
CL:0000842,ChIP-seq:H3K4me1,RNA-seq,0.03804077633789607,2.0,ChIP-seq:H3K4me1 x RNA-seq
CL:0000842,ChIP-seq:H3K4me3,ChIP-seq:H3K27me3,0.07771704684604298,1.0,ChIP-seq:H3K27me3 x ChIP-seq:H3K4me3
CL:0000842,ChIP-seq:H3K4me3,ChIP-seq:H3K4me1,-0.03422433137893677,1.0,ChIP-seq:H3K4me1 x ChIP-seq:H3K4me3
CL:0000842,ChIP-seq:H3K4me3,ChIP-seq:H3K9me3,0.0527590693698989,1.0,ChIP-seq:H3K4me3 x ChIP-seq:H3K9me3
CL:0000842,ChIP-seq:H3K4me3,RNA-seq,0.026528635997962055,2.0,ChIP-seq:H3K4me3 x RNA-seq
CL:0000842,ChIP-seq:H3K9me3,ChIP-seq:H3K27me3,0.26292648640545935,1.0,ChIP-seq:H3K27me3 x ChIP-seq:H3K9me3
CL:0000842,ChIP-seq:H3K9me3,ChIP-seq:H3K4me1,0.06981974516225897,1.0,ChIP-seq:H3K4me1 x ChIP-seq:H3K9me3
CL:0000842,ChIP-seq:H3K9me3,ChIP-seq:H3K4me3,0.07724820316530938,1.0,ChIP-seq:H3K4me3 x ChIP-seq:H3K9me3
CL:0000842,ChIP-seq:H3K9me3,RNA-seq,-0.043393470922733636,2.0,ChIP-seq:H3K9me3 x RNA-seq
CL:0000842,RNA-seq,ChIP-seq:H3K27me3,-0.0327263433824886,2.0,ChIP-seq:H3K27me3 x RNA-seq
CL:0000842,RNA-seq,ChIP-seq:H3K4me1,0.037708683506302215,2.0,ChIP-seq:H3K4me1 x RNA-seq
CL:0000842,RNA-seq,ChIP-seq:H3K4me3,0.018737058098926097,2.0,ChIP-seq:H3K4me3 x RNA-seq
CL:0000842,RNA-seq,ChIP-seq:H3K9me3,-0.04411562416288588,2.0,ChIP-seq:H3K9me3 x RNA-seq
CL:0002324,ChIP-seq:H3K27me3,ChIP-seq:H3K36me3,0.012195745394343422,4.0,ChIP-seq:H3K27me3 x ChIP-seq:H3K36me3
CL:0002324,ChIP-seq:H3K27me3,ChIP-seq:H3K4me1,-0.07102039957144221,4.0,ChIP-seq:H3K27me3 x ChIP-seq:H3K4me1
CL:0002324,ChIP-seq:H3K27me3,ChIP-seq:H3K4me3,0.059946840472310504,4.0,ChIP-seq:H3K27me3 x ChIP-seq:H3K4me3
CL:0002324,ChIP-seq:H3K27me3,ChIP-seq:H3K9ac,0.03296957514723953,4.0,ChIP-seq:H3K27me3 x ChIP-seq:H3K9ac
CL:0002324,ChIP-seq:H3K27me3,ChIP-seq:H3K9me3,0.2443659363845207,4.0,ChIP-seq:H3K27me3 x ChIP-seq:H3K9me3
CL:0002324,ChIP-seq:H3K27me3,polyA plus RNA-seq,-0.01685840829160801,4.0,ChIP-seq:H3K27me3 x polyA plus RNA-seq
CL:0002324,ChIP-seq:H3K36me3,ChIP-seq:H3K27me3,0.023745926022529604,4.0,ChIP-seq:H3K27me3 x ChIP-seq:H3K36me3
CL:0002324,ChIP-seq:H3K36me3,ChIP-seq:H3K4me1,-0.003032867903592154,4.0,ChIP-seq:H3K36me3 x ChIP-seq:H3K4me1
CL:0002324,ChIP-seq:H3K36me3,ChIP-seq:H3K4me3,0.010114009587842726,4.0,ChIP-seq:H3K36me3 x ChIP-seq:H3K4me3
CL:0002324,ChIP-seq:H3K36me3,ChIP-seq:H3K9ac,0.07457656109211397,4.0,ChIP-seq:H3K36me3 x ChIP-seq:H3K9ac
CL:0002324,ChIP-seq:H3K36me3,ChIP-seq:H3K9me3,0.09800428418473825,4.0,ChIP-seq:H3K36me3 x ChIP-seq:H3K9me3
CL:0002324,ChIP-seq:H3K36me3,polyA plus RNA-seq,-0.024856085870361602,4.0,ChIP-seq:H3K36me3 x polyA plus RNA-seq
CL:0002324,ChIP-seq:H3K4me1,ChIP-seq:H3K27me3,-0.0838137156197003,4.0,ChIP-seq:H3K27me3 x ChIP-seq:H3K4me1
CL:0002324,ChIP-seq:H3K4me1,ChIP-seq:H3K36me3,-0.017776177634322453,4.0,ChIP-seq:H3K36me3 x ChIP-seq:H3K4me1
CL:0002324,ChIP-seq:H3K4me1,ChIP-seq:H3K4me3,-0.011322718548858277,4.0,ChIP-seq:H3K4me1 x ChIP-seq:H3K4me3
CL:0002324,ChIP-seq:H3K4me1,ChIP-seq:H3K9ac,0.1490532749769639,4.0,ChIP-seq:H3K4me1 x ChIP-seq:H3K9ac
CL:0002324,ChIP-seq:H3K4me1,ChIP-seq:H3K9me3,0.001568219338299176,4.0,ChIP-seq:H3K4me1 x ChIP-seq:H3K9me3
CL:0002324,ChIP-seq:H3K4me1,polyA plus RNA-seq,-0.00046414802421983897,4.0,ChIP-seq:H3K4me1 x polyA plus RNA-seq
CL:0002324,ChIP-seq:H3K4me3,ChIP-seq:H3K27me3,0.08333314614636557,4.0,ChIP-seq:H3K27me3 x ChIP-seq:H3K4me3
CL:0002324,ChIP-seq:H3K4me3,ChIP-seq:H3K36me3,-0.023697170138201384,4.0,ChIP-seq:H3K36me3 x ChIP-seq:H3K4me3
CL:0002324,ChIP-seq:H3K4me3,ChIP-seq:H3K4me1,-0.04304161951800839,4.0,ChIP-seq:H3K4me1 x ChIP-seq:H3K4me3
CL:0002324,ChIP-seq:H3K4me3,ChIP-seq:H3K9ac,0.11207683110723687,4.0,ChIP-seq:H3K4me3 x ChIP-seq:H3K9ac
CL:0002324,ChIP-seq:H3K4me3,ChIP-seq:H3K9me3,0.11334771504781765,4.0,ChIP-seq:H3K4me3 x ChIP-seq:H3K9me3
CL:0002324,ChIP-seq:H3K4me3,polyA plus RNA-seq,0.034198153155580974,4.0,ChIP-seq:H3K4me3 x polyA plus RNA-seq
CL:0002324,ChIP-seq:H3K9ac,ChIP-seq:H3K27me3,0.037370845760617936,4.0,ChIP-seq:H3K27me3 x ChIP-seq:H3K9ac
CL:0002324,ChIP-seq:H3K9ac,ChIP-seq:H3K36me3,0.05003472141645573,4.0,ChIP-seq:H3K36me3 x ChIP-seq:H3K9ac
CL:0002324,ChIP-seq:H3K9ac,ChIP-seq:H3K4me1,0.11726672450701395,4.0,ChIP-seq:H3K4me1 x ChIP-seq:H3K9ac
CL:0002324,ChIP-seq:H3K9ac,ChIP-seq:H3K4me3,0.23734358816503365,4.0,ChIP-seq:H3K4me3 x ChIP-seq:H3K9ac
CL:0002324,ChIP-seq:H3K9ac,ChIP-seq:H3K9me3,-0.040634357937554405,4.0,ChIP-seq:H3K9ac x ChIP-seq:H3K9me3
CL:0002324,ChIP-seq:H3K9ac,polyA plus RNA-seq,0.006843648893614551,4.0,ChIP-seq:H3K9ac x polyA plus RNA-seq
CL:0002324,ChIP-seq:H3K9me3,ChIP-seq:H3K27me3,0.30895314744540625,4.0,ChIP-seq:H3K27me3 x ChIP-seq:H3K9me3
CL:0002324,ChIP-seq:H3K9me3,ChIP-seq:H3K36me3,0.09841677089216848,4.0,ChIP-seq:H3K36me3 x ChIP-seq:H3K9me3
CL:0002324,ChIP-seq:H3K9me3,ChIP-seq:H3K4me1,0.01956930710766159,4.0,ChIP-seq:H3K4me1 x ChIP-seq:H3K9me3
CL:0002324,ChIP-seq:H3K9me3,ChIP-seq:H3K4me3,0.07052040176692409,4.0,ChIP-seq:H3K4me3 x ChIP-seq:H3K9me3
CL:0002324,ChIP-seq:H3K9me3,ChIP-seq:H3K9ac,-0.05573040231758235,4.0,ChIP-seq:H3K9ac x ChIP-seq:H3K9me3
CL:0002324,ChIP-seq:H3K9me3,polyA plus RNA-seq,-0.005421747538904235,4.0,ChIP-seq:H3K9me3 x polyA plus RNA-seq
CL:0002324,polyA plus RNA-seq,ChIP-seq:H3K27me3,-0.016085433438420296,4.0,ChIP-seq:H3K27me3 x polyA plus RNA-seq
CL:0002324,polyA plus RNA-seq,ChIP-seq:H3K36me3,-0.0060494011120190705,4.0,ChIP-seq:H3K36me3 x polyA plus RNA-seq
CL:0002324,polyA plus RNA-seq,ChIP-seq:H3K4me1,0.006925675091766267,4.0,ChIP-seq:H3K4me1 x polyA plus RNA-seq
CL:0002324,polyA plus RNA-seq,ChIP-seq:H3K4me3,0.045972676477699634,4.0,ChIP-seq:H3K4me3 x polyA plus RNA-seq
CL:0002324,polyA plus RNA-seq,ChIP-seq:H3K9ac,-0.015158199990282256,4.0,ChIP-seq:H3K9ac x polyA plus RNA-seq
CL:0002324,polyA plus RNA-seq,ChIP-seq:H3K9me3,-0.006245958899777361,4.0,ChIP-seq:H3K9me3 x polyA plus RNA-seq
CL:0000895,DNase-seq,ChIP-seq:H3K27ac,0.015387533807460177,1.0,ChIP-seq:H3K27ac x DNase-seq
CL:0000895,DNase-seq,ChIP-seq:H3K27me3,-0.05280742956989113,3.0,ChIP-seq:H3K27me3 x DNase-seq
CL:0000895,DNase-seq,ChIP-seq:H3K36me3,-0.0660503200182678,3.0,ChIP-seq:H3K36me3 x DNase-seq
CL:0000895,DNase-seq,ChIP-seq:H3K4me1,-0.06759088194413937,3.0,ChIP-seq:H3K4me1 x DNase-seq
CL:0000895,DNase-seq,ChIP-seq:H3K4me3,-0.009095508152636406,2.0,ChIP-seq:H3K4me3 x DNase-seq
CL:0000895,DNase-seq,ChIP-seq:H3K9me3,-0.08247102724478932,3.0,ChIP-seq:H3K9me3 x DNase-seq
CL:0000895,DNase-seq,polyA plus RNA-seq,0.02219285755485728,6.0,DNase-seq x polyA plus RNA-seq
CL:0000895,DNase-seq,RNA-seq,0.009795710658654571,4.0,DNase-seq x RNA-seq
CL:0000895,ChIP-seq:H3K27ac,DNase-seq,-0.02469960042780653,1.0,ChIP-seq:H3K27ac x DNase-seq
CL:0000895,ChIP-seq:H3K27ac,ChIP-seq:H3K27me3,0.004483873431367436,3.0,ChIP-seq:H3K27ac x ChIP-seq:H3K27me3
CL:0000895,ChIP-seq:H3K27ac,ChIP-seq:H3K36me3,0.13525450229644775,3.0,ChIP-seq:H3K27ac x ChIP-seq:H3K36me3
CL:0000895,ChIP-seq:H3K27ac,ChIP-seq:H3K4me1,0.010945717302652506,3.0,ChIP-seq:H3K27ac x ChIP-seq:H3K4me1
CL:0000895,ChIP-seq:H3K27ac,ChIP-seq:H3K4me3,0.26475718199649706,2.0,ChIP-seq:H3K27ac x ChIP-seq:H3K4me3
CL:0000895,ChIP-seq:H3K27ac,ChIP-seq:H3K9me3,0.027886032555880173,3.0,ChIP-seq:H3K27ac x ChIP-seq:H3K9me3
CL:0000895,ChIP-seq:H3K27ac,polyA plus RNA-seq,0.06470696027728093,6.0,ChIP-seq:H3K27ac x polyA plus RNA-seq
CL:0000895,ChIP-seq:H3K27ac,RNA-seq,0.06821959804086125,4.0,ChIP-seq:H3K27ac x RNA-seq
CL:0000895,ChIP-seq:H3K27me3,DNase-seq,-0.042902464310430315,3.0,ChIP-seq:H3K27me3 x DNase-seq
CL:0000895,ChIP-seq:H3K27me3,ChIP-seq:H3K27ac,-0.0056038832008348085,3.0,ChIP-seq:H3K27ac x ChIP-seq:H3K27me3
CL:0000895,ChIP-seq:H3K27me3,ChIP-seq:H3K36me3,0.16518519617987015,9.0,ChIP-seq:H3K27me3 x ChIP-seq:H3K36me3
CL:0000895,ChIP-seq:H3K27me3,ChIP-seq:H3K4me1,0.09128641849326855,9.0,ChIP-seq:H3K27me3 x ChIP-seq:H3K4me1
CL:0000895,ChIP-seq:H3K27me3,ChIP-seq:H3K4me3,0.06672492019855344,6.0,ChIP-seq:H3K27me3 x ChIP-seq:H3K4me3
CL:0000895,ChIP-seq:H3K27me3,ChIP-seq:H3K9me3,0.1877322316020913,9.0,ChIP-seq:H3K27me3 x ChIP-seq:H3K9me3
CL:0000895,ChIP-seq:H3K27me3,polyA plus RNA-seq,-0.03529534708474569,18.0,ChIP-seq:H3K27me3 x polyA plus RNA-seq
CL:0000895,ChIP-seq:H3K27me3,RNA-seq,-0.03908017912916109,12.0,ChIP-seq:H3K27me3 x RNA-seq
CL:0000895,ChIP-seq:H3K36me3,DNase-seq,-0.06813341213171567,3.0,ChIP-seq:H3K36me3 x DNase-seq
CL:0000895,ChIP-seq:H3K36me3,ChIP-seq:H3K27ac,0.0996886457435388,3.0,ChIP-seq:H3K27ac x ChIP-seq:H3K36me3
CL:0000895,ChIP-seq:H3K36me3,ChIP-seq:H3K27me3,0.1564913791714957,9.0,ChIP-seq:H3K27me3 x ChIP-seq:H3K36me3
CL:0000895,ChIP-seq:H3K36me3,ChIP-seq:H3K4me1,0.07611177168486319,9.0,ChIP-seq:H3K36me3 x ChIP-seq:H3K4me1
CL:0000895,ChIP-seq:H3K36me3,ChIP-seq:H3K4me3,0.10664556869465244,6.0,ChIP-seq:H3K36me3 x ChIP-seq:H3K4me3
CL:0000895,ChIP-seq:H3K36me3,ChIP-seq:H3K9me3,0.24029247055339453,9.0,ChIP-seq:H3K36me3 x ChIP-seq:H3K9me3
CL:0000895,ChIP-seq:H3K36me3,polyA plus RNA-seq,0.00626902683921482,18.0,ChIP-seq:H3K36me3 x polyA plus RNA-seq
CL:0000895,ChIP-seq:H3K36me3,RNA-seq,0.046698479652404784,12.0,ChIP-seq:H3K36me3 x RNA-seq
CL:0000895,ChIP-seq:H3K4me1,DNase-seq,-0.068831566903156,3.0,ChIP-seq:H3K4me1 x DNase-seq
CL:0000895,ChIP-seq:H3K4me1,ChIP-seq:H3K27ac,0.02366381635268529,3.0,ChIP-seq:H3K27ac x ChIP-seq:H3K4me1
CL:0000895,ChIP-seq:H3K4me1,ChIP-seq:H3K27me3,0.08702582783169216,9.0,ChIP-seq:H3K27me3 x ChIP-seq:H3K4me1
CL:0000895,ChIP-seq:H3K4me1,ChIP-seq:H3K36me3,0.07514303457652424,9.0,ChIP-seq:H3K36me3 x ChIP-seq:H3K4me1
CL:0000895,ChIP-seq:H3K4me1,ChIP-seq:H3K4me3,0.06132838487439438,6.0,ChIP-seq:H3K4me1 x ChIP-seq:H3K4me3
CL:0000895,ChIP-seq:H3K4me1,ChIP-seq:H3K9me3,0.13008760527873903,9.0,ChIP-seq:H3K4me1 x ChIP-seq:H3K9me3
CL:0000895,ChIP-seq:H3K4me1,polyA plus RNA-seq,0.033932629011679386,18.0,ChIP-seq:H3K4me1 x polyA plus RNA-seq
CL:0000895,ChIP-seq:H3K4me1,RNA-seq,0.0279740654370364,12.0,ChIP-seq:H3K4me1 x RNA-seq
CL:0000895,ChIP-seq:H3K4me3,DNase-seq,-0.0610121066243912,2.0,ChIP-seq:H3K4me3 x DNase-seq
CL:0000895,ChIP-seq:H3K4me3,ChIP-seq:H3K27ac,0.35162738075962774,2.0,ChIP-seq:H3K27ac x ChIP-seq:H3K4me3
CL:0000895,ChIP-seq:H3K4me3,ChIP-seq:H3K27me3,0.07217269519279743,6.0,ChIP-seq:H3K27me3 x ChIP-seq:H3K4me3
CL:0000895,ChIP-seq:H3K4me3,ChIP-seq:H3K36me3,0.13419862207791486,6.0,ChIP-seq:H3K36me3 x ChIP-seq:H3K4me3
CL:0000895,ChIP-seq:H3K4me3,ChIP-seq:H3K4me1,0.028589971063337924,6.0,ChIP-seq:H3K4me1 x ChIP-seq:H3K4me3
CL:0000895,ChIP-seq:H3K4me3,ChIP-seq:H3K9me3,0.14456770929057947,6.0,ChIP-seq:H3K4me3 x ChIP-seq:H3K9me3
CL:0000895,ChIP-seq:H3K4me3,polyA plus RNA-seq,0.04977452513100444,12.0,ChIP-seq:H3K4me3 x polyA plus RNA-seq
CL:0000895,ChIP-seq:H3K4me3,RNA-seq,0.018181662682224722,8.0,ChIP-seq:H3K4me3 x RNA-seq
CL:0000895,ChIP-seq:H3K9me3,DNase-seq,-0.07475096868365466,3.0,ChIP-seq:H3K9me3 x DNase-seq
CL:0000895,ChIP-seq:H3K9me3,ChIP-seq:H3K27ac,0.013031853508556821,3.0,ChIP-seq:H3K27ac x ChIP-seq:H3K9me3
CL:0000895,ChIP-seq:H3K9me3,ChIP-seq:H3K27me3,0.1669019483515129,9.0,ChIP-seq:H3K27me3 x ChIP-seq:H3K9me3
CL:0000895,ChIP-seq:H3K9me3,ChIP-seq:H3K36me3,0.23801025769389267,9.0,ChIP-seq:H3K36me3 x ChIP-seq:H3K9me3
CL:0000895,ChIP-seq:H3K9me3,ChIP-seq:H3K4me1,0.12328818152966808,9.0,ChIP-seq:H3K4me1 x ChIP-seq:H3K9me3
CL:0000895,ChIP-seq:H3K9me3,ChIP-seq:H3K4me3,0.1556551345040865,6.0,ChIP-seq:H3K4me3 x ChIP-seq:H3K9me3
CL:0000895,ChIP-seq:H3K9me3,polyA plus RNA-seq,-0.027121302730219374,18.0,ChIP-seq:H3K9me3 x polyA plus RNA-seq
CL:0000895,ChIP-seq:H3K9me3,RNA-seq,0.008157482941945394,12.0,ChIP-seq:H3K9me3 x RNA-seq
CL:0000895,polyA plus RNA-seq,DNase-seq,0.016731079058097585,6.0,DNase-seq x polyA plus RNA-seq
CL:0000895,polyA plus RNA-seq,ChIP-seq:H3K27ac,0.07368072217383992,6.0,ChIP-seq:H3K27ac x polyA plus RNA-seq
CL:0000895,polyA plus RNA-seq,ChIP-seq:H3K27me3,-0.030639994646854327,18.0,ChIP-seq:H3K27me3 x polyA plus RNA-seq
CL:0000895,polyA plus RNA-seq,ChIP-seq:H3K36me3,0.015180651741388558,18.0,ChIP-seq:H3K36me3 x polyA plus RNA-seq
CL:0000895,polyA plus RNA-seq,ChIP-seq:H3K4me1,0.03913848631547921,18.0,ChIP-seq:H3K4me1 x polyA plus RNA-seq
CL:0000895,polyA plus RNA-seq,ChIP-seq:H3K4me3,0.02134615907045169,12.0,ChIP-seq:H3K4me3 x polyA plus RNA-seq
CL:0000895,polyA plus RNA-seq,ChIP-seq:H3K9me3,-0.01013494086697158,18.0,ChIP-seq:H3K9me3 x polyA plus RNA-seq
CL:0000895,polyA plus RNA-seq,RNA-seq,0.11966833610160676,24.0,RNA-seq x polyA plus RNA-seq
CL:0000895,RNA-seq,DNase-seq,0.0181457525457957,4.0,DNase-seq x RNA-seq
CL:0000895,RNA-seq,ChIP-seq:H3K27ac,0.07246475602373664,4.0,ChIP-seq:H3K27ac x RNA-seq
CL:0000895,RNA-seq,ChIP-seq:H3K27me3,-0.02048748174960586,12.0,ChIP-seq:H3K27me3 x RNA-seq
CL:0000895,RNA-seq,ChIP-seq:H3K36me3,0.025152493030466933,12.0,ChIP-seq:H3K36me3 x RNA-seq
CL:0000895,RNA-seq,ChIP-seq:H3K4me1,0.011498530432854814,12.0,ChIP-seq:H3K4me1 x RNA-seq
CL:0000895,RNA-seq,ChIP-seq:H3K4me3,0.017379378952155602,8.0,ChIP-seq:H3K4me3 x RNA-seq
CL:0000895,RNA-seq,ChIP-seq:H3K9me3,0.01217059807830982,12.0,ChIP-seq:H3K9me3 x RNA-seq
CL:0000895,RNA-seq,polyA plus RNA-seq,0.1447416785834492,24.0,RNA-seq x polyA plus RNA-seq
CL:0000900,polyA plus RNA-seq,RNA-seq,0.1133147188728931,24.0,RNA-seq x polyA plus RNA-seq
CL:0000900,RNA-seq,polyA plus RNA-seq,0.13976796347162,24.0,RNA-seq x polyA plus RNA-seq
CL:0000623,DNase-seq,ChIP-seq:H3K27ac,0.10294157830776011,3.0,ChIP-seq:H3K27ac x DNase-seq
CL:0000623,DNase-seq,ChIP-seq:H3K27me3,-0.055570896827813354,3.0,ChIP-seq:H3K27me3 x DNase-seq
CL:0000623,DNase-seq,ChIP-seq:H3K36me3,-0.03627399289817141,3.0,ChIP-seq:H3K36me3 x DNase-seq
CL:0000623,DNase-seq,ChIP-seq:H3K4me1,-0.014591302020826202,3.0,ChIP-seq:H3K4me1 x DNase-seq
CL:0000623,DNase-seq,ChIP-seq:H3K4me3,0.013837852588919702,3.0,ChIP-seq:H3K4me3 x DNase-seq
CL:0000623,DNase-seq,ChIP-seq:H3K9me3,0.0014990625558076037,3.0,ChIP-seq:H3K9me3 x DNase-seq
CL:0000623,ChIP-seq:H3K27ac,DNase-seq,0.11310062513178942,3.0,ChIP-seq:H3K27ac x DNase-seq
CL:0000623,ChIP-seq:H3K27ac,ChIP-seq:H3K27me3,0.018962684002789585,1.0,ChIP-seq:H3K27ac x ChIP-seq:H3K27me3
CL:0000623,ChIP-seq:H3K27ac,ChIP-seq:H3K36me3,-0.006710663477056905,1.0,ChIP-seq:H3K27ac x ChIP-seq:H3K36me3
CL:0000623,ChIP-seq:H3K27ac,ChIP-seq:H3K4me1,0.00134590539433386,1.0,ChIP-seq:H3K27ac x ChIP-seq:H3K4me1
CL:0000623,ChIP-seq:H3K27ac,ChIP-seq:H3K4me3,0.2657476644183314,1.0,ChIP-seq:H3K27ac x ChIP-seq:H3K4me3
CL:0000623,ChIP-seq:H3K27ac,ChIP-seq:H3K9me3,0.03295444837874836,1.0,ChIP-seq:H3K27ac x ChIP-seq:H3K9me3
CL:0000623,ChIP-seq:H3K27me3,DNase-seq,-0.048552131159977086,3.0,ChIP-seq:H3K27me3 x DNase-seq
CL:0000623,ChIP-seq:H3K27me3,ChIP-seq:H3K27ac,0.03890934099017838,1.0,ChIP-seq:H3K27ac x ChIP-seq:H3K27me3
CL:0000623,ChIP-seq:H3K27me3,ChIP-seq:H3K36me3,0.08274900387776525,1.0,ChIP-seq:H3K27me3 x ChIP-seq:H3K36me3
CL:0000623,ChIP-seq:H3K27me3,ChIP-seq:H3K4me1,0.08770365041235219,1.0,ChIP-seq:H3K27me3 x ChIP-seq:H3K4me1
CL:0000623,ChIP-seq:H3K27me3,ChIP-seq:H3K4me3,0.018785036060699197,1.0,ChIP-seq:H3K27me3 x ChIP-seq:H3K4me3
CL:0000623,ChIP-seq:H3K27me3,ChIP-seq:H3K9me3,0.05149046132961909,1.0,ChIP-seq:H3K27me3 x ChIP-seq:H3K9me3
CL:0000623,ChIP-seq:H3K36me3,DNase-seq,-0.023652942451703764,3.0,ChIP-seq:H3K36me3 x DNase-seq
CL:0000623,ChIP-seq:H3K36me3,ChIP-seq:H3K27ac,0.0008991351926032412,1.0,ChIP-seq:H3K27ac x ChIP-seq:H3K36me3
CL:0000623,ChIP-seq:H3K36me3,ChIP-seq:H3K27me3,0.09714318202300505,1.0,ChIP-seq:H3K27me3 x ChIP-seq:H3K36me3
CL:0000623,ChIP-seq:H3K36me3,ChIP-seq:H3K4me1,0.011440539489621704,1.0,ChIP-seq:H3K36me3 x ChIP-seq:H3K4me1
CL:0000623,ChIP-seq:H3K36me3,ChIP-seq:H3K4me3,0.013531764917248904,1.0,ChIP-seq:H3K36me3 x ChIP-seq:H3K4me3
CL:0000623,ChIP-seq:H3K36me3,ChIP-seq:H3K9me3,-0.029369498209820856,1.0,ChIP-seq:H3K36me3 x ChIP-seq:H3K9me3
CL:0000623,ChIP-seq:H3K4me1,DNase-seq,-0.028601856445003234,3.0,ChIP-seq:H3K4me1 x DNase-seq
CL:0000623,ChIP-seq:H3K4me1,ChIP-seq:H3K27ac,-0.009804593226699918,1.0,ChIP-seq:H3K27ac x ChIP-seq:H3K4me1
CL:0000623,ChIP-seq:H3K4me1,ChIP-seq:H3K27me3,0.10425482283939015,1.0,ChIP-seq:H3K27me3 x ChIP-seq:H3K4me1
CL:0000623,ChIP-seq:H3K4me1,ChIP-seq:H3K36me3,0.03423261909108413,1.0,ChIP-seq:H3K36me3 x ChIP-seq:H3K4me1
CL:0000623,ChIP-seq:H3K4me1,ChIP-seq:H3K4me3,-0.09923395777857581,1.0,ChIP-seq:H3K4me1 x ChIP-seq:H3K4me3
CL:0000623,ChIP-seq:H3K4me1,ChIP-seq:H3K9me3,0.11422508358955383,1.0,ChIP-seq:H3K4me1 x ChIP-seq:H3K9me3
CL:0000623,ChIP-seq:H3K4me3,DNase-seq,-0.004807190993651567,3.0,ChIP-seq:H3K4me3 x DNase-seq
CL:0000623,ChIP-seq:H3K4me3,ChIP-seq:H3K27ac,0.20501113894545,1.0,ChIP-seq:H3K27ac x ChIP-seq:H3K4me3
CL:0000623,ChIP-seq:H3K4me3,ChIP-seq:H3K27me3,0.03725303438576785,1.0,ChIP-seq:H3K27me3 x ChIP-seq:H3K4me3
CL:0000623,ChIP-seq:H3K4me3,ChIP-seq:H3K36me3,-0.008266287120549302,1.0,ChIP-seq:H3K36me3 x ChIP-seq:H3K4me3
CL:0000623,ChIP-seq:H3K4me3,ChIP-seq:H3K4me1,-0.05427453828894574,1.0,ChIP-seq:H3K4me1 x ChIP-seq:H3K4me3
CL:0000623,ChIP-seq:H3K4me3,ChIP-seq:H3K9me3,-0.02074716885884603,1.0,ChIP-seq:H3K4me3 x ChIP-seq:H3K9me3
CL:0000623,ChIP-seq:H3K9me3,DNase-seq,-0.03149886463963709,3.0,ChIP-seq:H3K9me3 x DNase-seq
CL:0000623,ChIP-seq:H3K9me3,ChIP-seq:H3K27ac,0.020833164223550277,1.0,ChIP-seq:H3K27ac x ChIP-seq:H3K9me3
CL:0000623,ChIP-seq:H3K9me3,ChIP-seq:H3K27me3,0.0570316876877438,1.0,ChIP-seq:H3K27me3 x ChIP-seq:H3K9me3
CL:0000623,ChIP-seq:H3K9me3,ChIP-seq:H3K36me3,-0.011521982244755091,1.0,ChIP-seq:H3K36me3 x ChIP-seq:H3K9me3
CL:0000623,ChIP-seq:H3K9me3,ChIP-seq:H3K4me1,0.12347929374031398,1.0,ChIP-seq:H3K4me1 x ChIP-seq:H3K9me3
CL:0000623,ChIP-seq:H3K9me3,ChIP-seq:H3K4me3,-0.014449060794919037,1.0,ChIP-seq:H3K4me3 x ChIP-seq:H3K9me3
NTR:0000427,ChIP-seq:H3K27ac,ChIP-seq:H3K27me3,-0.00735842342986617,5.0,ChIP-seq:H3K27ac x ChIP-seq:H3K27me3
NTR:0000427,ChIP-seq:H3K27ac,ChIP-seq:H3K36me3,-0.06998442119808607,5.0,ChIP-seq:H3K27ac x ChIP-seq:H3K36me3
NTR:0000427,ChIP-seq:H3K27ac,ChIP-seq:H3K4me1,0.22809805340237088,5.0,ChIP-seq:H3K27ac x ChIP-seq:H3K4me1
NTR:0000427,ChIP-seq:H3K27ac,ChIP-seq:H3K4me3,0.24517382428331194,4.0,ChIP-seq:H3K27ac x ChIP-seq:H3K4me3
NTR:0000427,ChIP-seq:H3K27ac,ChIP-seq:H3K9me3,-0.025072456083514473,5.0,ChIP-seq:H3K27ac x ChIP-seq:H3K9me3
NTR:0000427,ChIP-seq:H3K27ac,polyA plus RNA-seq,0.03472148050432619,6.0,ChIP-seq:H3K27ac x polyA plus RNA-seq
NTR:0000427,ChIP-seq:H3K27me3,ChIP-seq:H3K27ac,-0.012192088770277705,5.0,ChIP-seq:H3K27ac x ChIP-seq:H3K27me3
NTR:0000427,ChIP-seq:H3K27me3,ChIP-seq:H3K36me3,0.020727073300269346,25.0,ChIP-seq:H3K27me3 x ChIP-seq:H3K36me3
NTR:0000427,ChIP-seq:H3K27me3,ChIP-seq:H3K4me1,-0.03895526912477281,25.0,ChIP-seq:H3K27me3 x ChIP-seq:H3K4me1
NTR:0000427,ChIP-seq:H3K27me3,ChIP-seq:H3K4me3,0.011595613664051273,20.0,ChIP-seq:H3K27me3 x ChIP-seq:H3K4me3
NTR:0000427,ChIP-seq:H3K27me3,ChIP-seq:H3K9me3,0.13258593125776813,25.0,ChIP-seq:H3K27me3 x ChIP-seq:H3K9me3
NTR:0000427,ChIP-seq:H3K27me3,polyA plus RNA-seq,-0.03303111539370772,30.0,ChIP-seq:H3K27me3 x polyA plus RNA-seq
NTR:0000427,ChIP-seq:H3K36me3,ChIP-seq:H3K27ac,-0.07300137038584109,5.0,ChIP-seq:H3K27ac x ChIP-seq:H3K36me3
NTR:0000427,ChIP-seq:H3K36me3,ChIP-seq:H3K27me3,0.036841314448866735,25.0,ChIP-seq:H3K27me3 x ChIP-seq:H3K36me3
NTR:0000427,ChIP-seq:H3K36me3,ChIP-seq:H3K4me1,-0.029661886427137588,25.0,ChIP-seq:H3K36me3 x ChIP-seq:H3K4me1
NTR:0000427,ChIP-seq:H3K36me3,ChIP-seq:H3K4me3,-0.03952186456266439,20.0,ChIP-seq:H3K36me3 x ChIP-seq:H3K4me3
NTR:0000427,ChIP-seq:H3K36me3,ChIP-seq:H3K9me3,0.15740616451610218,25.0,ChIP-seq:H3K36me3 x ChIP-seq:H3K9me3
NTR:0000427,ChIP-seq:H3K36me3,polyA plus RNA-seq,0.018505073630291483,30.0,ChIP-seq:H3K36me3 x polyA plus RNA-seq
NTR:0000427,ChIP-seq:H3K4me1,ChIP-seq:H3K27ac,0.20840873306180224,5.0,ChIP-seq:H3K27ac x ChIP-seq:H3K4me1
NTR:0000427,ChIP-seq:H3K4me1,ChIP-seq:H3K27me3,-0.029721622189810108,25.0,ChIP-seq:H3K27me3 x ChIP-seq:H3K4me1
NTR:0000427,ChIP-seq:H3K4me1,ChIP-seq:H3K36me3,-0.028246858248146628,25.0,ChIP-seq:H3K36me3 x ChIP-seq:H3K4me1
NTR:0000427,ChIP-seq:H3K4me1,ChIP-seq:H3K4me3,-0.06919707509706605,20.0,ChIP-seq:H3K4me1 x ChIP-seq:H3K4me3
NTR:0000427,ChIP-seq:H3K4me1,ChIP-seq:H3K9me3,-0.018567653786052355,25.0,ChIP-seq:H3K4me1 x ChIP-seq:H3K9me3
NTR:0000427,ChIP-seq:H3K4me1,polyA plus RNA-seq,0.006311875426250956,30.0,ChIP-seq:H3K4me1 x polyA plus RNA-seq
NTR:0000427,ChIP-seq:H3K4me3,ChIP-seq:H3K27ac,0.296381989378988,4.0,ChIP-seq:H3K27ac x ChIP-seq:H3K4me3
NTR:0000427,ChIP-seq:H3K4me3,ChIP-seq:H3K27me3,0.03299163441325343,20.0,ChIP-seq:H3K27me3 x ChIP-seq:H3K4me3
NTR:0000427,ChIP-seq:H3K4me3,ChIP-seq:H3K36me3,-0.04258889120112183,20.0,ChIP-seq:H3K36me3 x ChIP-seq:H3K4me3
NTR:0000427,ChIP-seq:H3K4me3,ChIP-seq:H3K4me1,-0.04074283937613169,20.0,ChIP-seq:H3K4me1 x ChIP-seq:H3K4me3
NTR:0000427,ChIP-seq:H3K4me3,ChIP-seq:H3K9me3,0.008236180584539066,20.0,ChIP-seq:H3K4me3 x ChIP-seq:H3K9me3
NTR:0000427,ChIP-seq:H3K4me3,polyA plus RNA-seq,0.011848201095194057,24.0,ChIP-seq:H3K4me3 x polyA plus RNA-seq
NTR:0000427,ChIP-seq:H3K9me3,ChIP-seq:H3K27ac,-0.02109255110040123,5.0,ChIP-seq:H3K27ac x ChIP-seq:H3K9me3
NTR:0000427,ChIP-seq:H3K9me3,ChIP-seq:H3K27me3,0.17598153136497321,25.0,ChIP-seq:H3K27me3 x ChIP-seq:H3K9me3
NTR:0000427,ChIP-seq:H3K9me3,ChIP-seq:H3K36me3,0.1670855688279675,25.0,ChIP-seq:H3K36me3 x ChIP-seq:H3K9me3
NTR:0000427,ChIP-seq:H3K9me3,ChIP-seq:H3K4me1,-0.005310392114851209,25.0,ChIP-seq:H3K4me1 x ChIP-seq:H3K9me3
NTR:0000427,ChIP-seq:H3K9me3,ChIP-seq:H3K4me3,-0.012259775695373428,20.0,ChIP-seq:H3K4me3 x ChIP-seq:H3K9me3
NTR:0000427,ChIP-seq:H3K9me3,polyA plus RNA-seq,-0.007921436826388042,30.0,ChIP-seq:H3K9me3 x polyA plus RNA-seq
NTR:0000427,polyA plus RNA-seq,ChIP-seq:H3K27ac,0.04460465380684338,6.0,ChIP-seq:H3K27ac x polyA plus RNA-seq
NTR:0000427,polyA plus RNA-seq,ChIP-seq:H3K27me3,-0.029306416178858555,30.0,ChIP-seq:H3K27me3 x polyA plus RNA-seq
NTR:0000427,polyA plus RNA-seq,ChIP-seq:H3K36me3,0.0370086739994719,30.0,ChIP-seq:H3K36me3 x polyA plus RNA-seq
NTR:0000427,polyA plus RNA-seq,ChIP-seq:H3K4me1,0.01609451417569761,30.0,ChIP-seq:H3K4me1 x polyA plus RNA-seq
NTR:0000427,polyA plus RNA-seq,ChIP-seq:H3K4me3,0.018064813418958173,24.0,ChIP-seq:H3K4me3 x polyA plus RNA-seq
NTR:0000427,polyA plus RNA-seq,ChIP-seq:H3K9me3,-0.007905112184358366,30.0,ChIP-seq:H3K9me3 x polyA plus RNA-seq
CL:0000775,ChIP-seq:H3K27ac,ChIP-seq:H3K27me3,-0.12775103671210153,2.0,ChIP-seq:H3K27ac x ChIP-seq:H3K27me3
CL:0000775,ChIP-seq:H3K27ac,ChIP-seq:H3K36me3,-0.021006558442774118,2.0,ChIP-seq:H3K27ac x ChIP-seq:H3K36me3
CL:0000775,ChIP-seq:H3K27ac,ChIP-seq:H3K4me1,0.34625488161389295,2.0,ChIP-seq:H3K27ac x ChIP-seq:H3K4me1
CL:0000775,ChIP-seq:H3K27ac,ChIP-seq:H3K4me3,0.4204025502516845,2.0,ChIP-seq:H3K27ac x ChIP-seq:H3K4me3
CL:0000775,ChIP-seq:H3K27ac,ChIP-seq:H3K9me3,0.0205508277194793,2.0,ChIP-seq:H3K27ac x ChIP-seq:H3K9me3
CL:0000775,ChIP-seq:H3K27ac,ChIP-seq:CTCF,0.19400183715910282,1.0,ChIP-seq:CTCF x ChIP-seq:H3K27ac
CL:0000775,ChIP-seq:H3K27me3,ChIP-seq:H3K27ac,-0.09479734117602125,2.0,ChIP-seq:H3K27ac x ChIP-seq:H3K27me3
CL:0000775,ChIP-seq:H3K27me3,ChIP-seq:H3K36me3,-0.006604749571394036,4.0,ChIP-seq:H3K27me3 x ChIP-seq:H3K36me3
CL:0000775,ChIP-seq:H3K27me3,ChIP-seq:H3K4me1,-0.05479498117490381,4.0,ChIP-seq:H3K27me3 x ChIP-seq:H3K4me1
CL:0000775,ChIP-seq:H3K27me3,ChIP-seq:H3K4me3,-0.09589392907708605,4.0,ChIP-seq:H3K27me3 x ChIP-seq:H3K4me3
CL:0000775,ChIP-seq:H3K27me3,ChIP-seq:H3K9me3,0.1172292603793757,4.0,ChIP-seq:H3K27me3 x ChIP-seq:H3K9me3
CL:0000775,ChIP-seq:H3K27me3,ChIP-seq:CTCF,-0.03866500266880359,2.0,ChIP-seq:CTCF x ChIP-seq:H3K27me3
CL:0000775,ChIP-seq:H3K36me3,ChIP-seq:H3K27ac,-0.019663848919954933,2.0,ChIP-seq:H3K27ac x ChIP-seq:H3K36me3
CL:0000775,ChIP-seq:H3K36me3,ChIP-seq:H3K27me3,-0.02558389046362468,4.0,ChIP-seq:H3K27me3 x ChIP-seq:H3K36me3
CL:0000775,ChIP-seq:H3K36me3,ChIP-seq:H3K4me1,-0.03306201198061959,4.0,ChIP-seq:H3K36me3 x ChIP-seq:H3K4me1
CL:0000775,ChIP-seq:H3K36me3,ChIP-seq:H3K4me3,-0.028353758974470823,4.0,ChIP-seq:H3K36me3 x ChIP-seq:H3K4me3
CL:0000775,ChIP-seq:H3K36me3,ChIP-seq:H3K9me3,0.17963978947873888,4.0,ChIP-seq:H3K36me3 x ChIP-seq:H3K9me3
CL:0000775,ChIP-seq:H3K36me3,ChIP-seq:CTCF,0.011983882003235368,2.0,ChIP-seq:CTCF x ChIP-seq:H3K36me3
CL:0000775,ChIP-seq:H3K4me1,ChIP-seq:H3K27ac,0.3326777837894581,2.0,ChIP-seq:H3K27ac x ChIP-seq:H3K4me1
CL:0000775,ChIP-seq:H3K4me1,ChIP-seq:H3K27me3,-0.036352781860956127,4.0,ChIP-seq:H3K27me3 x ChIP-seq:H3K4me1
CL:0000775,ChIP-seq:H3K4me1,ChIP-seq:H3K36me3,-0.04361584561842459,4.0,ChIP-seq:H3K36me3 x ChIP-seq:H3K4me1
CL:0000775,ChIP-seq:H3K4me1,ChIP-seq:H3K4me3,0.09204033462800712,4.0,ChIP-seq:H3K4me1 x ChIP-seq:H3K4me3
CL:0000775,ChIP-seq:H3K4me1,ChIP-seq:H3K9me3,0.009961088505370657,4.0,ChIP-seq:H3K4me1 x ChIP-seq:H3K9me3
CL:0000775,ChIP-seq:H3K4me1,ChIP-seq:CTCF,0.027754837190205196,2.0,ChIP-seq:CTCF x ChIP-seq:H3K4me1
CL:0000775,ChIP-seq:H3K4me3,ChIP-seq:H3K27ac,0.3268706695533093,2.0,ChIP-seq:H3K27ac x ChIP-seq:H3K4me3
CL:0000775,ChIP-seq:H3K4me3,ChIP-seq:H3K27me3,-0.08581263227122171,4.0,ChIP-seq:H3K27me3 x ChIP-seq:H3K4me3
CL:0000775,ChIP-seq:H3K4me3,ChIP-seq:H3K36me3,-0.03473749201961611,4.0,ChIP-seq:H3K36me3 x ChIP-seq:H3K4me3
CL:0000775,ChIP-seq:H3K4me3,ChIP-seq:H3K4me1,0.14444017915126406,4.0,ChIP-seq:H3K4me1 x ChIP-seq:H3K4me3
CL:0000775,ChIP-seq:H3K4me3,ChIP-seq:H3K9me3,0.014885655869651772,4.0,ChIP-seq:H3K4me3 x ChIP-seq:H3K9me3
CL:0000775,ChIP-seq:H3K4me3,ChIP-seq:CTCF,0.1516817757543528,2.0,ChIP-seq:CTCF x ChIP-seq:H3K4me3
CL:0000775,ChIP-seq:H3K9me3,ChIP-seq:H3K27ac,0.00553298497825493,2.0,ChIP-seq:H3K27ac x ChIP-seq:H3K9me3
CL:0000775,ChIP-seq:H3K9me3,ChIP-seq:H3K27me3,0.07233614836420332,4.0,ChIP-seq:H3K27me3 x ChIP-seq:H3K9me3
CL:0000775,ChIP-seq:H3K9me3,ChIP-seq:H3K36me3,0.12898357977312078,4.0,ChIP-seq:H3K36me3 x ChIP-seq:H3K9me3
CL:0000775,ChIP-seq:H3K9me3,ChIP-seq:H3K4me1,-0.0032925335639487213,4.0,ChIP-seq:H3K4me1 x ChIP-seq:H3K9me3
CL:0000775,ChIP-seq:H3K9me3,ChIP-seq:H3K4me3,-0.010186875743843686,4.0,ChIP-seq:H3K4me3 x ChIP-seq:H3K9me3
CL:0000775,ChIP-seq:H3K9me3,ChIP-seq:CTCF,0.06155215878531618,2.0,ChIP-seq:CTCF x ChIP-seq:H3K9me3
CL:0000775,ChIP-seq:CTCF,ChIP-seq:H3K27ac,0.1445835346792951,1.0,ChIP-seq:CTCF x ChIP-seq:H3K27ac
CL:0000775,ChIP-seq:CTCF,ChIP-seq:H3K27me3,-0.03897357161555971,2.0,ChIP-seq:CTCF x ChIP-seq:H3K27me3
CL:0000775,ChIP-seq:CTCF,ChIP-seq:H3K36me3,0.018469986579720935,2.0,ChIP-seq:CTCF x ChIP-seq:H3K36me3
CL:0000775,ChIP-seq:CTCF,ChIP-seq:H3K4me1,0.03834022650790345,2.0,ChIP-seq:CTCF x ChIP-seq:H3K4me1
CL:0000775,ChIP-seq:CTCF,ChIP-seq:H3K4me3,0.10342450593119469,2.0,ChIP-seq:CTCF x ChIP-seq:H3K4me3
CL:0000775,ChIP-seq:CTCF,ChIP-seq:H3K9me3,0.0766010574954848,2.0,ChIP-seq:CTCF x ChIP-seq:H3K9me3
CL:0000062,DNase-seq,ChIP-seq:H3K27ac,0.027548318751800208,1.0,ChIP-seq:H3K27ac x DNase-seq
CL:0000062,DNase-seq,ChIP-seq:H3K27me3,-0.05075847628441724,1.0,ChIP-seq:H3K27me3 x DNase-seq
CL:0000062,DNase-seq,ChIP-seq:H3K36me3,-0.05835873029733959,1.0,ChIP-seq:H3K36me3 x DNase-seq
CL:0000062,DNase-seq,ChIP-seq:H3K4me1,0.10317527146443077,1.0,ChIP-seq:H3K4me1 x DNase-seq
CL:0000062,DNase-seq,ChIP-seq:H3K4me3,0.08027331364709278,1.0,ChIP-seq:H3K4me3 x DNase-seq
CL:0000062,DNase-seq,ChIP-seq:H3K9me3,-0.0687885163558854,1.0,ChIP-seq:H3K9me3 x DNase-seq
CL:0000062,DNase-seq,RNA-seq,-0.0033120105535978453,2.0,DNase-seq x RNA-seq
CL:0000062,ChIP-seq:H3K27ac,DNase-seq,-0.019195852039865485,1.0,ChIP-seq:H3K27ac x DNase-seq
CL:0000062,ChIP-seq:H3K27ac,ChIP-seq:H3K27me3,-0.011014599014412273,1.0,ChIP-seq:H3K27ac x ChIP-seq:H3K27me3
CL:0000062,ChIP-seq:H3K27ac,ChIP-seq:H3K36me3,0.03234152554681426,1.0,ChIP-seq:H3K27ac x ChIP-seq:H3K36me3
CL:0000062,ChIP-seq:H3K27ac,ChIP-seq:H3K4me1,0.28876993707988574,1.0,ChIP-seq:H3K27ac x ChIP-seq:H3K4me1
CL:0000062,ChIP-seq:H3K27ac,ChIP-seq:H3K4me3,0.10314777008322781,1.0,ChIP-seq:H3K27ac x ChIP-seq:H3K4me3
CL:0000062,ChIP-seq:H3K27ac,ChIP-seq:H3K9me3,0.026891846458117166,1.0,ChIP-seq:H3K27ac x ChIP-seq:H3K9me3
CL:0000062,ChIP-seq:H3K27ac,RNA-seq,0.01665510495457214,2.0,ChIP-seq:H3K27ac x RNA-seq
CL:0000062,ChIP-seq:H3K27me3,DNase-seq,-0.019279257363249525,1.0,ChIP-seq:H3K27me3 x DNase-seq
CL:0000062,ChIP-seq:H3K27me3,ChIP-seq:H3K27ac,-0.0028862432565218135,1.0,ChIP-seq:H3K27ac x ChIP-seq:H3K27me3
CL:0000062,ChIP-seq:H3K27me3,ChIP-seq:H3K36me3,-0.07001290901711113,1.0,ChIP-seq:H3K27me3 x ChIP-seq:H3K36me3
CL:0000062,ChIP-seq:H3K27me3,ChIP-seq:H3K4me1,-0.061440521284289985,1.0,ChIP-seq:H3K27me3 x ChIP-seq:H3K4me1
CL:0000062,ChIP-seq:H3K27me3,ChIP-seq:H3K4me3,-0.09758426540119704,1.0,ChIP-seq:H3K27me3 x ChIP-seq:H3K4me3
CL:0000062,ChIP-seq:H3K27me3,ChIP-seq:H3K9me3,0.0981884433163537,1.0,ChIP-seq:H3K27me3 x ChIP-seq:H3K9me3
CL:0000062,ChIP-seq:H3K27me3,RNA-seq,-0.0340453707013253,2.0,ChIP-seq:H3K27me3 x RNA-seq
CL:0000062,ChIP-seq:H3K36me3,DNase-seq,-0.03527563346841954,1.0,ChIP-seq:H3K36me3 x DNase-seq
CL:0000062,ChIP-seq:H3K36me3,ChIP-seq:H3K27ac,0.04553619926266464,1.0,ChIP-seq:H3K27ac x ChIP-seq:H3K36me3
CL:0000062,ChIP-seq:H3K36me3,ChIP-seq:H3K27me3,-0.08730486441742291,1.0,ChIP-seq:H3K27me3 x ChIP-seq:H3K36me3
CL:0000062,ChIP-seq:H3K36me3,ChIP-seq:H3K4me1,-0.0413708644716636,1.0,ChIP-seq:H3K36me3 x ChIP-seq:H3K4me1
CL:0000062,ChIP-seq:H3K36me3,ChIP-seq:H3K4me3,-0.00587846209230118,1.0,ChIP-seq:H3K36me3 x ChIP-seq:H3K4me3
CL:0000062,ChIP-seq:H3K36me3,ChIP-seq:H3K9me3,0.16406038304169973,1.0,ChIP-seq:H3K36me3 x ChIP-seq:H3K9me3
CL:0000062,ChIP-seq:H3K36me3,RNA-seq,0.05518961240661786,2.0,ChIP-seq:H3K36me3 x RNA-seq
CL:0000062,ChIP-seq:H3K4me1,DNase-seq,0.1100608876554396,1.0,ChIP-seq:H3K4me1 x DNase-seq
CL:0000062,ChIP-seq:H3K4me1,ChIP-seq:H3K27ac,0.2933389014667935,1.0,ChIP-seq:H3K27ac x ChIP-seq:H3K4me1
CL:0000062,ChIP-seq:H3K4me1,ChIP-seq:H3K27me3,-0.03598686578598889,1.0,ChIP-seq:H3K27me3 x ChIP-seq:H3K4me1
CL:0000062,ChIP-seq:H3K4me1,ChIP-seq:H3K36me3,-0.02099519991560986,1.0,ChIP-seq:H3K36me3 x ChIP-seq:H3K4me1
CL:0000062,ChIP-seq:H3K4me1,ChIP-seq:H3K4me3,-0.008479401347942131,1.0,ChIP-seq:H3K4me1 x ChIP-seq:H3K4me3
CL:0000062,ChIP-seq:H3K4me1,ChIP-seq:H3K9me3,0.034463702225022846,1.0,ChIP-seq:H3K4me1 x ChIP-seq:H3K9me3
CL:0000062,ChIP-seq:H3K4me1,RNA-seq,-0.025515061011428856,2.0,ChIP-seq:H3K4me1 x RNA-seq
CL:0000062,ChIP-seq:H3K4me3,DNase-seq,-0.005937847847497235,1.0,ChIP-seq:H3K4me3 x DNase-seq
CL:0000062,ChIP-seq:H3K4me3,ChIP-seq:H3K27ac,0.04101981204233052,1.0,ChIP-seq:H3K27ac x ChIP-seq:H3K4me3
CL:0000062,ChIP-seq:H3K4me3,ChIP-seq:H3K27me3,-0.0786731784993952,1.0,ChIP-seq:H3K27me3 x ChIP-seq:H3K4me3
CL:0000062,ChIP-seq:H3K4me3,ChIP-seq:H3K36me3,0.007979258767476207,1.0,ChIP-seq:H3K36me3 x ChIP-seq:H3K4me3
CL:0000062,ChIP-seq:H3K4me3,ChIP-seq:H3K4me1,-0.0010568727941616726,1.0,ChIP-seq:H3K4me1 x ChIP-seq:H3K4me3
CL:0000062,ChIP-seq:H3K4me3,ChIP-seq:H3K9me3,0.029716996765798993,1.0,ChIP-seq:H3K4me3 x ChIP-seq:H3K9me3
CL:0000062,ChIP-seq:H3K4me3,RNA-seq,0.0414760168598184,2.0,ChIP-seq:H3K4me3 x RNA-seq
CL:0000062,ChIP-seq:H3K79me2,DNase-seq,-0.001309879646088286,1.0,ChIP-seq:H3K79me2 x DNase-seq
CL:0000062,ChIP-seq:H3K79me2,ChIP-seq:H3K27ac,0.05628179133306315,1.0,ChIP-seq:H3K27ac x ChIP-seq:H3K79me2
CL:0000062,ChIP-seq:H3K79me2,ChIP-seq:H3K27me3,-0.060908586464144966,1.0,ChIP-seq:H3K27me3 x ChIP-seq:H3K79me2
CL:0000062,ChIP-seq:H3K79me2,ChIP-seq:H3K36me3,0.18806795070045873,1.0,ChIP-seq:H3K36me3 x ChIP-seq:H3K79me2
CL:0000062,ChIP-seq:H3K79me2,ChIP-seq:H3K4me1,-0.00020771214495534512,1.0,ChIP-seq:H3K4me1 x ChIP-seq:H3K79me2
CL:0000062,ChIP-seq:H3K79me2,ChIP-seq:H3K4me3,0.06625753211420636,1.0,ChIP-seq:H3K4me3 x ChIP-seq:H3K79me2
CL:0000062,ChIP-seq:H3K79me2,ChIP-seq:H3K9me3,0.09319593608379365,1.0,ChIP-seq:H3K79me2 x ChIP-seq:H3K9me3
CL:0000062,ChIP-seq:H3K79me2,RNA-seq,0.04052121768022868,2.0,ChIP-seq:H3K79me2 x RNA-seq
CL:0000062,ChIP-seq:H3K9me3,DNase-seq,-0.02187984521024331,1.0,ChIP-seq:H3K9me3 x DNase-seq
CL:0000062,ChIP-seq:H3K9me3,ChIP-seq:H3K27ac,0.0370311900789355,1.0,ChIP-seq:H3K27ac x ChIP-seq:H3K9me3
CL:0000062,ChIP-seq:H3K9me3,ChIP-seq:H3K27me3,0.08692602948708968,1.0,ChIP-seq:H3K27me3 x ChIP-seq:H3K9me3
CL:0000062,ChIP-seq:H3K9me3,ChIP-seq:H3K36me3,0.14692753192625546,1.0,ChIP-seq:H3K36me3 x ChIP-seq:H3K9me3
CL:0000062,ChIP-seq:H3K9me3,ChIP-seq:H3K4me1,0.021238007785185524,1.0,ChIP-seq:H3K4me1 x ChIP-seq:H3K9me3
CL:0000062,ChIP-seq:H3K9me3,ChIP-seq:H3K4me3,0.011556662359209949,1.0,ChIP-seq:H3K4me3 x ChIP-seq:H3K9me3
CL:0000062,ChIP-seq:H3K9me3,RNA-seq,-0.05298213525489845,2.0,ChIP-seq:H3K9me3 x RNA-seq
CL:0000062,RNA-seq,DNase-seq,-0.00923865510672714,2.0,DNase-seq x RNA-seq
CL:0000062,RNA-seq,ChIP-seq:H3K27ac,0.011152386481379284,2.0,ChIP-seq:H3K27ac x RNA-seq
CL:0000062,RNA-seq,ChIP-seq:H3K27me3,-0.04103747010231018,2.0,ChIP-seq:H3K27me3 x RNA-seq
CL:0000062,RNA-seq,ChIP-seq:H3K36me3,0.0606005606682677,2.0,ChIP-seq:H3K36me3 x RNA-seq
CL:0000062,RNA-seq,ChIP-seq:H3K4me1,-0.02619165781399478,2.0,ChIP-seq:H3K4me1 x RNA-seq
CL:0000062,RNA-seq,ChIP-seq:H3K4me3,0.023451480200124344,2.0,ChIP-seq:H3K4me3 x RNA-seq
CL:0000062,RNA-seq,ChIP-seq:H3K9me3,-0.045238111250930364,2.0,ChIP-seq:H3K9me3 x RNA-seq
CL:2000001,ChIP-seq:H3K27ac,ChIP-seq:H3K27me3,0.01396303183196368,12.0,ChIP-seq:H3K27ac x ChIP-seq:H3K27me3
CL:2000001,ChIP-seq:H3K27ac,ChIP-seq:H3K36me3,0.026041108125458852,12.0,ChIP-seq:H3K27ac x ChIP-seq:H3K36me3
CL:2000001,ChIP-seq:H3K27ac,ChIP-seq:H3K4me1,0.2821512591998947,9.0,ChIP-seq:H3K27ac x ChIP-seq:H3K4me1
CL:2000001,ChIP-seq:H3K27ac,ChIP-seq:H3K4me3,0.18957838997151116,12.0,ChIP-seq:H3K27ac x ChIP-seq:H3K4me3
CL:2000001,ChIP-seq:H3K27ac,ChIP-seq:H3K9ac,0.18435405225169904,6.0,ChIP-seq:H3K27ac x ChIP-seq:H3K9ac
CL:2000001,ChIP-seq:H3K27ac,ChIP-seq:H3K9me3,0.05684360735344164,15.0,ChIP-seq:H3K27ac x ChIP-seq:H3K9me3
CL:2000001,ChIP-seq:H3K27ac,polyA plus RNA-seq,-0.0011112832398968847,12.0,ChIP-seq:H3K27ac x polyA plus RNA-seq
CL:2000001,ChIP-seq:H3K27me3,ChIP-seq:H3K27ac,0.051622192064921066,12.0,ChIP-seq:H3K27ac x ChIP-seq:H3K27me3
CL:2000001,ChIP-seq:H3K27me3,ChIP-seq:H3K36me3,0.039062974048170815,16.0,ChIP-seq:H3K27me3 x ChIP-seq:H3K36me3
CL:2000001,ChIP-seq:H3K27me3,ChIP-seq:H3K4me1,0.06847072248057132,12.0,ChIP-seq:H3K27me3 x ChIP-seq:H3K4me1
CL:2000001,ChIP-seq:H3K27me3,ChIP-seq:H3K4me3,0.015151973181175737,16.0,ChIP-seq:H3K27me3 x ChIP-seq:H3K4me3
CL:2000001,ChIP-seq:H3K27me3,ChIP-seq:H3K9ac,-0.022325239885522395,8.0,ChIP-seq:H3K27me3 x ChIP-seq:H3K9ac
CL:2000001,ChIP-seq:H3K27me3,ChIP-seq:H3K9me3,0.11543657129461116,20.0,ChIP-seq:H3K27me3 x ChIP-seq:H3K9me3
CL:2000001,ChIP-seq:H3K27me3,polyA plus RNA-seq,0.01962524144145357,16.0,ChIP-seq:H3K27me3 x polyA plus RNA-seq
CL:2000001,ChIP-seq:H3K36me3,ChIP-seq:H3K27ac,0.06060677021741867,12.0,ChIP-seq:H3K27ac x ChIP-seq:H3K36me3
CL:2000001,ChIP-seq:H3K36me3,ChIP-seq:H3K27me3,0.024443036128330785,16.0,ChIP-seq:H3K27me3 x ChIP-seq:H3K36me3
CL:2000001,ChIP-seq:H3K36me3,ChIP-seq:H3K4me1,0.039410199219490585,12.0,ChIP-seq:H3K36me3 x ChIP-seq:H3K4me1
CL:2000001,ChIP-seq:H3K36me3,ChIP-seq:H3K4me3,0.042229821659484,16.0,ChIP-seq:H3K36me3 x ChIP-seq:H3K4me3
CL:2000001,ChIP-seq:H3K36me3,ChIP-seq:H3K9ac,-0.04183308209995834,8.0,ChIP-seq:H3K36me3 x ChIP-seq:H3K9ac
CL:2000001,ChIP-seq:H3K36me3,ChIP-seq:H3K9me3,0.05420981753956188,20.0,ChIP-seq:H3K36me3 x ChIP-seq:H3K9me3
CL:2000001,ChIP-seq:H3K36me3,polyA plus RNA-seq,-0.02630234190856002,16.0,ChIP-seq:H3K36me3 x polyA plus RNA-seq
CL:2000001,ChIP-seq:H3K4me1,ChIP-seq:H3K27ac,0.25716822412278917,9.0,ChIP-seq:H3K27ac x ChIP-seq:H3K4me1
CL:2000001,ChIP-seq:H3K4me1,ChIP-seq:H3K27me3,0.05259457678464107,12.0,ChIP-seq:H3K27me3 x ChIP-seq:H3K4me1
CL:2000001,ChIP-seq:H3K4me1,ChIP-seq:H3K36me3,0.0249534466049888,12.0,ChIP-seq:H3K36me3 x ChIP-seq:H3K4me1
CL:2000001,ChIP-seq:H3K4me1,ChIP-seq:H3K4me3,0.05796207515698559,12.0,ChIP-seq:H3K4me1 x ChIP-seq:H3K4me3
CL:2000001,ChIP-seq:H3K4me1,ChIP-seq:H3K9ac,0.15006224071087482,6.0,ChIP-seq:H3K4me1 x ChIP-seq:H3K9ac
CL:2000001,ChIP-seq:H3K4me1,ChIP-seq:H3K9me3,0.05457095955357407,15.0,ChIP-seq:H3K4me1 x ChIP-seq:H3K9me3
CL:2000001,ChIP-seq:H3K4me1,polyA plus RNA-seq,-0.005707418526398458,12.0,ChIP-seq:H3K4me1 x polyA plus RNA-seq
CL:2000001,ChIP-seq:H3K4me3,ChIP-seq:H3K27ac,0.22463024854660035,12.0,ChIP-seq:H3K27ac x ChIP-seq:H3K4me3
CL:2000001,ChIP-seq:H3K4me3,ChIP-seq:H3K27me3,0.011854245526597678,16.0,ChIP-seq:H3K27me3 x ChIP-seq:H3K4me3
CL:2000001,ChIP-seq:H3K4me3,ChIP-seq:H3K36me3,0.013297598868767847,16.0,ChIP-seq:H3K36me3 x ChIP-seq:H3K4me3
CL:2000001,ChIP-seq:H3K4me3,ChIP-seq:H3K4me1,0.15660967178397125,12.0,ChIP-seq:H3K4me1 x ChIP-seq:H3K4me3
CL:2000001,ChIP-seq:H3K4me3,ChIP-seq:H3K9ac,0.19867578452947188,8.0,ChIP-seq:H3K4me3 x ChIP-seq:H3K9ac
CL:2000001,ChIP-seq:H3K4me3,ChIP-seq:H3K9me3,0.06308232654224744,20.0,ChIP-seq:H3K4me3 x ChIP-seq:H3K9me3
CL:2000001,ChIP-seq:H3K4me3,polyA plus RNA-seq,-0.03100528192011269,16.0,ChIP-seq:H3K4me3 x polyA plus RNA-seq
CL:2000001,ChIP-seq:H3K9ac,ChIP-seq:H3K27ac,0.26527245442072556,6.0,ChIP-seq:H3K27ac x ChIP-seq:H3K9ac
CL:2000001,ChIP-seq:H3K9ac,ChIP-seq:H3K27me3,-0.027851213383450674,8.0,ChIP-seq:H3K27me3 x ChIP-seq:H3K9ac
CL:2000001,ChIP-seq:H3K9ac,ChIP-seq:H3K36me3,-0.02958937337930827,8.0,ChIP-seq:H3K36me3 x ChIP-seq:H3K9ac
CL:2000001,ChIP-seq:H3K9ac,ChIP-seq:H3K4me1,0.25538010256631033,6.0,ChIP-seq:H3K4me1 x ChIP-seq:H3K9ac
CL:2000001,ChIP-seq:H3K9ac,ChIP-seq:H3K4me3,0.17486463515263684,8.0,ChIP-seq:H3K4me3 x ChIP-seq:H3K9ac
CL:2000001,ChIP-seq:H3K9ac,ChIP-seq:H3K9me3,-0.0003347032449462191,10.0,ChIP-seq:H3K9ac x ChIP-seq:H3K9me3
CL:2000001,ChIP-seq:H3K9ac,polyA plus RNA-seq,-0.02826928737055328,8.0,ChIP-seq:H3K9ac x polyA plus RNA-seq
CL:2000001,ChIP-seq:H3K9me3,ChIP-seq:H3K27ac,0.07316044012705485,15.0,ChIP-seq:H3K27ac x ChIP-seq:H3K9me3
CL:2000001,ChIP-seq:H3K9me3,ChIP-seq:H3K27me3,0.12222342560057008,20.0,ChIP-seq:H3K27me3 x ChIP-seq:H3K9me3
CL:2000001,ChIP-seq:H3K9me3,ChIP-seq:H3K36me3,0.03479628868919005,20.0,ChIP-seq:H3K36me3 x ChIP-seq:H3K9me3
CL:2000001,ChIP-seq:H3K9me3,ChIP-seq:H3K4me1,0.06884679287781209,15.0,ChIP-seq:H3K4me1 x ChIP-seq:H3K9me3
CL:2000001,ChIP-seq:H3K9me3,ChIP-seq:H3K4me3,0.05769692209531676,20.0,ChIP-seq:H3K4me3 x ChIP-seq:H3K9me3
CL:2000001,ChIP-seq:H3K9me3,ChIP-seq:H3K9ac,-0.040460800151435695,10.0,ChIP-seq:H3K9ac x ChIP-seq:H3K9me3
CL:2000001,ChIP-seq:H3K9me3,polyA plus RNA-seq,0.019278333432736244,20.0,ChIP-seq:H3K9me3 x polyA plus RNA-seq
CL:2000001,polyA plus RNA-seq,ChIP-seq:H3K27ac,0.03902526696523031,12.0,ChIP-seq:H3K27ac x polyA plus RNA-seq
CL:2000001,polyA plus RNA-seq,ChIP-seq:H3K27me3,0.011503800954346713,16.0,ChIP-seq:H3K27me3 x polyA plus RNA-seq
CL:2000001,polyA plus RNA-seq,ChIP-seq:H3K36me3,-0.006479871085780187,16.0,ChIP-seq:H3K36me3 x polyA plus RNA-seq
CL:2000001,polyA plus RNA-seq,ChIP-seq:H3K4me1,0.022853604221081996,12.0,ChIP-seq:H3K4me1 x polyA plus RNA-seq
CL:2000001,polyA plus RNA-seq,ChIP-seq:H3K4me3,0.009148113552551225,16.0,ChIP-seq:H3K4me3 x polyA plus RNA-seq
CL:2000001,polyA plus RNA-seq,ChIP-seq:H3K9ac,0.004200446438424441,8.0,ChIP-seq:H3K9ac x polyA plus RNA-seq
CL:2000001,polyA plus RNA-seq,ChIP-seq:H3K9me3,0.010436475276947021,20.0,ChIP-seq:H3K9me3 x polyA plus RNA-seq
CL:1001568,DNase-seq,RNA-seq,0.016484254373529756,2.0,DNase-seq x RNA-seq
CL:1001568,RNA-seq,DNase-seq,0.0006179673678617555,2.0,DNase-seq x RNA-seq
CL:0002586,ChIP-seq:H3K4me3,ChIP-seq:CTCF,0.0002699067007820577,1.0,ChIP-seq:CTCF x ChIP-seq:H3K4me3
CL:0002586,ChIP-seq:CTCF,ChIP-seq:H3K4me3,0.010201217684634896,1.0,ChIP-seq:CTCF x ChIP-seq:H3K4me3
CL:0000515,ChIP-seq:H3K27ac,ChIP-seq:H3K27me3,0.06510610065676949,1.0,ChIP-seq:H3K27ac x ChIP-seq:H3K27me3
CL:0000515,ChIP-seq:H3K27ac,ChIP-seq:H3K36me3,-0.009948237656958793,1.0,ChIP-seq:H3K27ac x ChIP-seq:H3K36me3
CL:0000515,ChIP-seq:H3K27ac,ChIP-seq:H3K4me1,0.16716160592825516,1.0,ChIP-seq:H3K27ac x ChIP-seq:H3K4me1
CL:0000515,ChIP-seq:H3K27ac,ChIP-seq:H3K4me3,0.17403359335159588,2.0,ChIP-seq:H3K27ac x ChIP-seq:H3K4me3
CL:0000515,ChIP-seq:H3K27ac,ChIP-seq:H3K9ac,0.5293660187721252,1.0,ChIP-seq:H3K27ac x ChIP-seq:H3K9ac
CL:0000515,ChIP-seq:H3K27ac,ChIP-seq:H3K9me3,-0.029581584657231964,1.0,ChIP-seq:H3K27ac x ChIP-seq:H3K9me3
CL:0000515,ChIP-seq:H3K27ac,polyA plus RNA-seq,0.02614731273480824,1.0,ChIP-seq:H3K27ac x polyA plus RNA-seq
CL:0000515,ChIP-seq:H3K27ac,RNA-seq,0.02276676338366658,2.0,ChIP-seq:H3K27ac x RNA-seq
CL:0000515,ChIP-seq:H3K27me3,ChIP-seq:H3K27ac,0.037742477416256325,1.0,ChIP-seq:H3K27ac x ChIP-seq:H3K27me3
CL:0000515,ChIP-seq:H3K27me3,ChIP-seq:H3K36me3,-0.12343210570122067,1.0,ChIP-seq:H3K27me3 x ChIP-seq:H3K36me3
CL:0000515,ChIP-seq:H3K27me3,ChIP-seq:H3K4me1,-0.051769362438632095,1.0,ChIP-seq:H3K27me3 x ChIP-seq:H3K4me1
CL:0000515,ChIP-seq:H3K27me3,ChIP-seq:H3K4me3,-0.002957792204117106,2.0,ChIP-seq:H3K27me3 x ChIP-seq:H3K4me3
CL:0000515,ChIP-seq:H3K27me3,ChIP-seq:H3K9ac,0.010847823172807691,1.0,ChIP-seq:H3K27me3 x ChIP-seq:H3K9ac
CL:0000515,ChIP-seq:H3K27me3,ChIP-seq:H3K9me3,0.1440314875708686,1.0,ChIP-seq:H3K27me3 x ChIP-seq:H3K9me3
CL:0000515,ChIP-seq:H3K27me3,polyA plus RNA-seq,-0.03666293604033334,1.0,ChIP-seq:H3K27me3 x polyA plus RNA-seq
CL:0000515,ChIP-seq:H3K27me3,RNA-seq,-0.018744084687436772,2.0,ChIP-seq:H3K27me3 x RNA-seq
CL:0000515,ChIP-seq:H3K36me3,ChIP-seq:H3K27ac,0.0034213643118647143,1.0,ChIP-seq:H3K27ac x ChIP-seq:H3K36me3
CL:0000515,ChIP-seq:H3K36me3,ChIP-seq:H3K27me3,-0.12355205078016629,1.0,ChIP-seq:H3K27me3 x ChIP-seq:H3K36me3
CL:0000515,ChIP-seq:H3K36me3,ChIP-seq:H3K4me1,0.12114560668883116,1.0,ChIP-seq:H3K36me3 x ChIP-seq:H3K4me1
CL:0000515,ChIP-seq:H3K36me3,ChIP-seq:H3K4me3,0.050131528594783537,2.0,ChIP-seq:H3K36me3 x ChIP-seq:H3K4me3
CL:0000515,ChIP-seq:H3K36me3,ChIP-seq:H3K9ac,0.033598599284887315,1.0,ChIP-seq:H3K36me3 x ChIP-seq:H3K9ac
CL:0000515,ChIP-seq:H3K36me3,ChIP-seq:H3K9me3,0.10707992513974508,1.0,ChIP-seq:H3K36me3 x ChIP-seq:H3K9me3
CL:0000515,ChIP-seq:H3K36me3,polyA plus RNA-seq,0.03355529346636363,1.0,ChIP-seq:H3K36me3 x polyA plus RNA-seq
CL:0000515,ChIP-seq:H3K36me3,RNA-seq,0.035378383686308,2.0,ChIP-seq:H3K36me3 x RNA-seq
CL:0000515,ChIP-seq:H3K4me1,ChIP-seq:H3K27ac,0.1803115028658031,1.0,ChIP-seq:H3K27ac x ChIP-seq:H3K4me1
CL:0000515,ChIP-seq:H3K4me1,ChIP-seq:H3K27me3,-0.06100486337461255,1.0,ChIP-seq:H3K27me3 x ChIP-seq:H3K4me1
CL:0000515,ChIP-seq:H3K4me1,ChIP-seq:H3K36me3,0.1492862012825514,1.0,ChIP-seq:H3K36me3 x ChIP-seq:H3K4me1
CL:0000515,ChIP-seq:H3K4me1,ChIP-seq:H3K4me3,0.08943692142161254,2.0,ChIP-seq:H3K4me1 x ChIP-seq:H3K4me3
CL:0000515,ChIP-seq:H3K4me1,ChIP-seq:H3K9ac,0.0854596221446991,1.0,ChIP-seq:H3K4me1 x ChIP-seq:H3K9ac
CL:0000515,ChIP-seq:H3K4me1,ChIP-seq:H3K9me3,0.00737720247772005,1.0,ChIP-seq:H3K4me1 x ChIP-seq:H3K9me3
CL:0000515,ChIP-seq:H3K4me1,polyA plus RNA-seq,0.0034661756030150807,1.0,ChIP-seq:H3K4me1 x polyA plus RNA-seq
CL:0000515,ChIP-seq:H3K4me1,RNA-seq,-0.009670143183626113,2.0,ChIP-seq:H3K4me1 x RNA-seq
CL:0000515,ChIP-seq:H3K4me3,ChIP-seq:H3K27ac,0.12671254225719122,2.0,ChIP-seq:H3K27ac x ChIP-seq:H3K4me3
CL:0000515,ChIP-seq:H3K4me3,ChIP-seq:H3K27me3,0.028861507773399353,2.0,ChIP-seq:H3K27me3 x ChIP-seq:H3K4me3
CL:0000515,ChIP-seq:H3K4me3,ChIP-seq:H3K36me3,0.025495526508281106,2.0,ChIP-seq:H3K36me3 x ChIP-seq:H3K4me3
CL:0000515,ChIP-seq:H3K4me3,ChIP-seq:H3K4me1,0.04648348235565683,2.0,ChIP-seq:H3K4me1 x ChIP-seq:H3K4me3
CL:0000515,ChIP-seq:H3K4me3,ChIP-seq:H3K9ac,0.2538237905502319,2.0,ChIP-seq:H3K4me3 x ChIP-seq:H3K9ac
CL:0000515,ChIP-seq:H3K4me3,ChIP-seq:H3K9me3,0.04568886094623142,2.0,ChIP-seq:H3K4me3 x ChIP-seq:H3K9me3
CL:0000515,ChIP-seq:H3K4me3,polyA plus RNA-seq,0.04960849165916443,2.0,ChIP-seq:H3K4me3 x polyA plus RNA-seq
CL:0000515,ChIP-seq:H3K4me3,RNA-seq,0.04080621788247687,4.0,ChIP-seq:H3K4me3 x RNA-seq
CL:0000515,ChIP-seq:H3K79me2,ChIP-seq:H3K27ac,-0.02180286064560031,1.0,ChIP-seq:H3K27ac x ChIP-seq:H3K79me2
CL:0000515,ChIP-seq:H3K79me2,ChIP-seq:H3K27me3,-0.025692094964059917,1.0,ChIP-seq:H3K27me3 x ChIP-seq:H3K79me2
CL:0000515,ChIP-seq:H3K79me2,ChIP-seq:H3K36me3,0.09336395985201786,1.0,ChIP-seq:H3K36me3 x ChIP-seq:H3K79me2
CL:0000515,ChIP-seq:H3K79me2,ChIP-seq:H3K4me1,0.0417220453205316,1.0,ChIP-seq:H3K4me1 x ChIP-seq:H3K79me2
CL:0000515,ChIP-seq:H3K79me2,ChIP-seq:H3K4me3,0.05515175528615435,2.0,ChIP-seq:H3K4me3 x ChIP-seq:H3K79me2
CL:0000515,ChIP-seq:H3K79me2,ChIP-seq:H3K9ac,0.03074098110198975,1.0,ChIP-seq:H3K79me2 x ChIP-seq:H3K9ac
CL:0000515,ChIP-seq:H3K79me2,ChIP-seq:H3K9me3,0.0730246646536721,1.0,ChIP-seq:H3K79me2 x ChIP-seq:H3K9me3
CL:0000515,ChIP-seq:H3K79me2,polyA plus RNA-seq,0.02245949293885912,1.0,ChIP-seq:H3K79me2 x polyA plus RNA-seq
CL:0000515,ChIP-seq:H3K79me2,RNA-seq,0.018757587119902046,2.0,ChIP-seq:H3K79me2 x RNA-seq
CL:0000515,ChIP-seq:H3K9ac,ChIP-seq:H3K27ac,0.4748983861487589,1.0,ChIP-seq:H3K27ac x ChIP-seq:H3K9ac
CL:0000515,ChIP-seq:H3K9ac,ChIP-seq:H3K27me3,0.040812612595883285,1.0,ChIP-seq:H3K27me3 x ChIP-seq:H3K9ac
CL:0000515,ChIP-seq:H3K9ac,ChIP-seq:H3K36me3,0.026281104315268367,1.0,ChIP-seq:H3K36me3 x ChIP-seq:H3K9ac
CL:0000515,ChIP-seq:H3K9ac,ChIP-seq:H3K4me1,0.08342345382856287,1.0,ChIP-seq:H3K4me1 x ChIP-seq:H3K9ac
CL:0000515,ChIP-seq:H3K9ac,ChIP-seq:H3K4me3,0.2667607291836605,2.0,ChIP-seq:H3K4me3 x ChIP-seq:H3K9ac
CL:0000515,ChIP-seq:H3K9ac,ChIP-seq:H3K9me3,-0.024739032404290304,1.0,ChIP-seq:H3K9ac x ChIP-seq:H3K9me3
CL:0000515,ChIP-seq:H3K9ac,polyA plus RNA-seq,0.030523380296570916,1.0,ChIP-seq:H3K9ac x polyA plus RNA-seq
CL:0000515,ChIP-seq:H3K9ac,RNA-seq,0.02664373710367663,2.0,ChIP-seq:H3K9ac x RNA-seq
CL:0000515,ChIP-seq:H3K9me3,ChIP-seq:H3K27ac,-0.02710208220890275,1.0,ChIP-seq:H3K27ac x ChIP-seq:H3K9me3
CL:0000515,ChIP-seq:H3K9me3,ChIP-seq:H3K27me3,0.12847693399949506,1.0,ChIP-seq:H3K27me3 x ChIP-seq:H3K9me3
CL:0000515,ChIP-seq:H3K9me3,ChIP-seq:H3K36me3,0.08891294975029795,1.0,ChIP-seq:H3K36me3 x ChIP-seq:H3K9me3
CL:0000515,ChIP-seq:H3K9me3,ChIP-seq:H3K4me1,-0.008347661274930702,1.0,ChIP-seq:H3K4me1 x ChIP-seq:H3K9me3
CL:0000515,ChIP-seq:H3K9me3,ChIP-seq:H3K4me3,0.031563180072285306,2.0,ChIP-seq:H3K4me3 x ChIP-seq:H3K9me3
CL:0000515,ChIP-seq:H3K9me3,ChIP-seq:H3K9ac,-0.0451666159927845,1.0,ChIP-seq:H3K9ac x ChIP-seq:H3K9me3
CL:0000515,ChIP-seq:H3K9me3,polyA plus RNA-seq,-0.002985994129308632,1.0,ChIP-seq:H3K9me3 x polyA plus RNA-seq
CL:0000515,ChIP-seq:H3K9me3,RNA-seq,-0.040981711169805125,2.0,ChIP-seq:H3K9me3 x RNA-seq
CL:0000515,polyA plus RNA-seq,ChIP-seq:H3K27ac,0.009237962832421433,1.0,ChIP-seq:H3K27ac x polyA plus RNA-seq
CL:0000515,polyA plus RNA-seq,ChIP-seq:H3K27me3,-0.0361985063010996,1.0,ChIP-seq:H3K27me3 x polyA plus RNA-seq
CL:0000515,polyA plus RNA-seq,ChIP-seq:H3K36me3,0.02474697836135563,1.0,ChIP-seq:H3K36me3 x polyA plus RNA-seq
CL:0000515,polyA plus RNA-seq,ChIP-seq:H3K4me1,-0.00330313278929047,1.0,ChIP-seq:H3K4me1 x polyA plus RNA-seq
CL:0000515,polyA plus RNA-seq,ChIP-seq:H3K4me3,0.0380713162578155,2.0,ChIP-seq:H3K4me3 x polyA plus RNA-seq
CL:0000515,polyA plus RNA-seq,ChIP-seq:H3K9ac,0.013063589930534358,1.0,ChIP-seq:H3K9ac x polyA plus RNA-seq
CL:0000515,polyA plus RNA-seq,ChIP-seq:H3K9me3,0.011357164776159657,1.0,ChIP-seq:H3K9me3 x polyA plus RNA-seq
CL:0000515,polyA plus RNA-seq,RNA-seq,0.23355923100991888,2.0,RNA-seq x polyA plus RNA-seq
CL:0000515,RNA-seq,ChIP-seq:H3K27ac,0.01061370619285254,2.0,ChIP-seq:H3K27ac x RNA-seq
CL:0000515,RNA-seq,ChIP-seq:H3K27me3,-0.01602234657515179,2.0,ChIP-seq:H3K27me3 x RNA-seq
CL:0000515,RNA-seq,ChIP-seq:H3K36me3,0.045957169172010925,2.0,ChIP-seq:H3K36me3 x RNA-seq
CL:0000515,RNA-seq,ChIP-seq:H3K4me1,0.004693471057259518,2.0,ChIP-seq:H3K4me1 x RNA-seq
CL:0000515,RNA-seq,ChIP-seq:H3K4me3,0.028848257229149896,4.0,ChIP-seq:H3K4me3 x RNA-seq
CL:0000515,RNA-seq,ChIP-seq:H3K9ac,0.023940342068672182,2.0,ChIP-seq:H3K9ac x RNA-seq
CL:0000515,RNA-seq,ChIP-seq:H3K9me3,-0.025960532244708803,2.0,ChIP-seq:H3K9me3 x RNA-seq
CL:0000515,RNA-seq,polyA plus RNA-seq,0.2462905556815011,2.0,RNA-seq x polyA plus RNA-seq
CL:0000594,ChIP-seq:H3K27me3,ChIP-seq:H3K36me3,-0.02319295955331702,1.0,ChIP-seq:H3K27me3 x ChIP-seq:H3K36me3
CL:0000594,ChIP-seq:H3K27me3,ChIP-seq:H3K4me1,-0.018152719930462212,1.0,ChIP-seq:H3K27me3 x ChIP-seq:H3K4me1
CL:0000594,ChIP-seq:H3K27me3,ChIP-seq:H3K4me3,-0.06610419469517331,1.0,ChIP-seq:H3K27me3 x ChIP-seq:H3K4me3
CL:0000594,ChIP-seq:H3K27me3,ChIP-seq:H3K9ac,-0.04412494286894798,1.0,ChIP-seq:H3K27me3 x ChIP-seq:H3K9ac
CL:0000594,ChIP-seq:H3K27me3,ChIP-seq:H3K9me3,0.02317530595593982,1.0,ChIP-seq:H3K27me3 x ChIP-seq:H3K9me3
CL:0000594,ChIP-seq:H3K27me3,RNA-seq,-0.052672680476091506,2.0,ChIP-seq:H3K27me3 x RNA-seq
CL:0000594,ChIP-seq:H3K36me3,ChIP-seq:H3K27me3,-0.05067333443598314,1.0,ChIP-seq:H3K27me3 x ChIP-seq:H3K36me3
CL:0000594,ChIP-seq:H3K36me3,ChIP-seq:H3K4me1,-0.01161410270825676,1.0,ChIP-seq:H3K36me3 x ChIP-seq:H3K4me1
CL:0000594,ChIP-seq:H3K36me3,ChIP-seq:H3K4me3,0.05118252000836439,1.0,ChIP-seq:H3K36me3 x ChIP-seq:H3K4me3
CL:0000594,ChIP-seq:H3K36me3,ChIP-seq:H3K9ac,0.008221719264984134,1.0,ChIP-seq:H3K36me3 x ChIP-seq:H3K9ac
CL:0000594,ChIP-seq:H3K36me3,ChIP-seq:H3K9me3,0.23354830741882324,1.0,ChIP-seq:H3K36me3 x ChIP-seq:H3K9me3
CL:0000594,ChIP-seq:H3K36me3,RNA-seq,0.049618034106646544,2.0,ChIP-seq:H3K36me3 x RNA-seq
CL:0000594,ChIP-seq:H3K4me1,ChIP-seq:H3K27me3,0.0026972828940911714,1.0,ChIP-seq:H3K27me3 x ChIP-seq:H3K4me1
CL:0000594,ChIP-seq:H3K4me1,ChIP-seq:H3K36me3,0.02504007432021593,1.0,ChIP-seq:H3K36me3 x ChIP-seq:H3K4me1
CL:0000594,ChIP-seq:H3K4me1,ChIP-seq:H3K4me3,0.11990464208431022,1.0,ChIP-seq:H3K4me1 x ChIP-seq:H3K4me3
CL:0000594,ChIP-seq:H3K4me1,ChIP-seq:H3K9ac,0.0586941134929657,1.0,ChIP-seq:H3K4me1 x ChIP-seq:H3K9ac
CL:0000594,ChIP-seq:H3K4me1,ChIP-seq:H3K9me3,0.05848419931199816,1.0,ChIP-seq:H3K4me1 x ChIP-seq:H3K9me3
CL:0000594,ChIP-seq:H3K4me1,RNA-seq,-0.014470456172417701,2.0,ChIP-seq:H3K4me1 x RNA-seq
CL:0000594,ChIP-seq:H3K4me3,ChIP-seq:H3K27me3,-0.048520535907962105,1.0,ChIP-seq:H3K27me3 x ChIP-seq:H3K4me3
CL:0000594,ChIP-seq:H3K4me3,ChIP-seq:H3K36me3,0.08823786056355426,1.0,ChIP-seq:H3K36me3 x ChIP-seq:H3K4me3
CL:0000594,ChIP-seq:H3K4me3,ChIP-seq:H3K4me1,0.07900506031254063,1.0,ChIP-seq:H3K4me1 x ChIP-seq:H3K4me3
CL:0000594,ChIP-seq:H3K4me3,ChIP-seq:H3K9ac,0.3585375738143921,1.0,ChIP-seq:H3K4me3 x ChIP-seq:H3K9ac
CL:0000594,ChIP-seq:H3K4me3,ChIP-seq:H3K9me3,0.16854157646497092,1.0,ChIP-seq:H3K4me3 x ChIP-seq:H3K9me3
CL:0000594,ChIP-seq:H3K4me3,RNA-seq,0.02145427584089775,2.0,ChIP-seq:H3K4me3 x RNA-seq
CL:0000594,ChIP-seq:H3K9ac,ChIP-seq:H3K27me3,-0.021006419916044582,1.0,ChIP-seq:H3K27me3 x ChIP-seq:H3K9ac
CL:0000594,ChIP-seq:H3K9ac,ChIP-seq:H3K36me3,0.0550636561293351,1.0,ChIP-seq:H3K36me3 x ChIP-seq:H3K9ac
CL:0000594,ChIP-seq:H3K9ac,ChIP-seq:H3K4me1,0.06404095110685928,1.0,ChIP-seq:H3K4me1 x ChIP-seq:H3K9ac
CL:0000594,ChIP-seq:H3K9ac,ChIP-seq:H3K4me3,0.28885355272958446,1.0,ChIP-seq:H3K4me3 x ChIP-seq:H3K9ac
CL:0000594,ChIP-seq:H3K9ac,ChIP-seq:H3K9me3,0.009980323248439366,1.0,ChIP-seq:H3K9ac x ChIP-seq:H3K9me3
CL:0000594,ChIP-seq:H3K9ac,RNA-seq,0.035741576336027585,2.0,ChIP-seq:H3K9ac x RNA-seq
CL:0000594,ChIP-seq:H3K9me3,ChIP-seq:H3K27me3,0.009887981821190224,1.0,ChIP-seq:H3K27me3 x ChIP-seq:H3K9me3
CL:0000594,ChIP-seq:H3K9me3,ChIP-seq:H3K36me3,0.2450265231885408,1.0,ChIP-seq:H3K36me3 x ChIP-seq:H3K9me3
CL:0000594,ChIP-seq:H3K9me3,ChIP-seq:H3K4me1,0.02984856522601584,1.0,ChIP-seq:H3K4me1 x ChIP-seq:H3K9me3
CL:0000594,ChIP-seq:H3K9me3,ChIP-seq:H3K4me3,0.1665616217047669,1.0,ChIP-seq:H3K4me3 x ChIP-seq:H3K9me3
CL:0000594,ChIP-seq:H3K9me3,ChIP-seq:H3K9ac,-0.03449696935713291,1.0,ChIP-seq:H3K9ac x ChIP-seq:H3K9me3
CL:0000594,ChIP-seq:H3K9me3,RNA-seq,-0.04537466519121822,2.0,ChIP-seq:H3K9me3 x RNA-seq
CL:0000594,RNA-seq,ChIP-seq:H3K27me3,-0.058953682807358826,2.0,ChIP-seq:H3K27me3 x RNA-seq
CL:0000594,RNA-seq,ChIP-seq:H3K36me3,0.07135958334333017,2.0,ChIP-seq:H3K36me3 x RNA-seq
CL:0000594,RNA-seq,ChIP-seq:H3K4me1,-0.019607999888451202,2.0,ChIP-seq:H3K4me1 x RNA-seq
CL:0000594,RNA-seq,ChIP-seq:H3K4me3,0.004970398475957469,2.0,ChIP-seq:H3K4me3 x RNA-seq
CL:0000594,RNA-seq,ChIP-seq:H3K9ac,0.028874176740646365,2.0,ChIP-seq:H3K9ac x RNA-seq
CL:0000594,RNA-seq,ChIP-seq:H3K9me3,-0.0344885757813851,2.0,ChIP-seq:H3K9me3 x RNA-seq
UBERON:0001211,DNase-seq,ChIP-seq:H3K27ac,0.07156165661635222,4.0,ChIP-seq:H3K27ac x DNase-seq
UBERON:0001211,DNase-seq,ChIP-seq:H3K36me3,-0.01361925496082557,4.0,ChIP-seq:H3K36me3 x DNase-seq
UBERON:0001211,DNase-seq,ChIP-seq:H3K4me1,0.003788575003652469,4.0,ChIP-seq:H3K4me1 x DNase-seq
UBERON:0001211,DNase-seq,ChIP-seq:H3K4me3,0.021830920979034066,4.0,ChIP-seq:H3K4me3 x DNase-seq
UBERON:0001211,DNase-seq,ChIP-seq:CTCF,0.022110568666921085,16.0,ChIP-seq:CTCF x DNase-seq
UBERON:0001211,DNase-seq,RNA-seq,0.008503845389578447,32.0,DNase-seq x RNA-seq
UBERON:0001211,DNase-seq,ChIP-seq:POLR2A,0.09728755269731795,8.0,ChIP-seq:POLR2A x DNase-seq
UBERON:0001211,ChIP-seq:H3K27ac,DNase-seq,0.07460448253957719,4.0,ChIP-seq:H3K27ac x DNase-seq
UBERON:0001211,ChIP-seq:H3K27ac,ChIP-seq:H3K36me3,0.07300891640939211,1.0,ChIP-seq:H3K27ac x ChIP-seq:H3K36me3
UBERON:0001211,ChIP-seq:H3K27ac,ChIP-seq:H3K4me1,0.21086900843226392,1.0,ChIP-seq:H3K27ac x ChIP-seq:H3K4me1
UBERON:0001211,ChIP-seq:H3K27ac,ChIP-seq:H3K4me3,0.33594730233037196,1.0,ChIP-seq:H3K27ac x ChIP-seq:H3K4me3
UBERON:0001211,ChIP-seq:H3K27ac,ChIP-seq:CTCF,0.0327149648761865,4.0,ChIP-seq:CTCF x ChIP-seq:H3K27ac
UBERON:0001211,ChIP-seq:H3K27ac,RNA-seq,0.031057923412804365,8.0,ChIP-seq:H3K27ac x RNA-seq
UBERON:0001211,ChIP-seq:H3K27ac,ChIP-seq:POLR2A,0.09616190195083618,2.0,ChIP-seq:H3K27ac x ChIP-seq:POLR2A
UBERON:0001211,ChIP-seq:H3K36me3,DNase-seq,-0.0009565676702427747,4.0,ChIP-seq:H3K36me3 x DNase-seq
UBERON:0001211,ChIP-seq:H3K36me3,ChIP-seq:H3K27ac,0.05015646583504147,1.0,ChIP-seq:H3K27ac x ChIP-seq:H3K36me3
UBERON:0001211,ChIP-seq:H3K36me3,ChIP-seq:H3K4me1,0.6640959563462631,1.0,ChIP-seq:H3K36me3 x ChIP-seq:H3K4me1
UBERON:0001211,ChIP-seq:H3K36me3,ChIP-seq:H3K4me3,0.08254384398460388,1.0,ChIP-seq:H3K36me3 x ChIP-seq:H3K4me3
UBERON:0001211,ChIP-seq:H3K36me3,ChIP-seq:CTCF,0.0025036946590085637,4.0,ChIP-seq:CTCF x ChIP-seq:H3K36me3
UBERON:0001211,ChIP-seq:H3K36me3,RNA-seq,0.019876264548924643,8.0,ChIP-seq:H3K36me3 x RNA-seq
UBERON:0001211,ChIP-seq:H3K36me3,ChIP-seq:POLR2A,0.010349150214876451,2.0,ChIP-seq:H3K36me3 x ChIP-seq:POLR2A
UBERON:0001211,ChIP-seq:H3K4me1,DNase-seq,-0.008692611351493417,4.0,ChIP-seq:H3K4me1 x DNase-seq
UBERON:0001211,ChIP-seq:H3K4me1,ChIP-seq:H3K27ac,0.18044627209504446,1.0,ChIP-seq:H3K27ac x ChIP-seq:H3K4me1
UBERON:0001211,ChIP-seq:H3K4me1,ChIP-seq:H3K36me3,0.6313951002924065,1.0,ChIP-seq:H3K36me3 x ChIP-seq:H3K4me1
UBERON:0001211,ChIP-seq:H3K4me1,ChIP-seq:H3K4me3,0.048535623869230576,1.0,ChIP-seq:H3K4me1 x ChIP-seq:H3K4me3
UBERON:0001211,ChIP-seq:H3K4me1,ChIP-seq:CTCF,0.028939741039739078,4.0,ChIP-seq:CTCF x ChIP-seq:H3K4me1
UBERON:0001211,ChIP-seq:H3K4me1,RNA-seq,0.009544481184873332,8.0,ChIP-seq:H3K4me1 x RNA-seq
UBERON:0001211,ChIP-seq:H3K4me1,ChIP-seq:POLR2A,-0.015453585556575236,2.0,ChIP-seq:H3K4me1 x ChIP-seq:POLR2A
UBERON:0001211,ChIP-seq:H3K4me3,DNase-seq,-0.01381722092628479,4.0,ChIP-seq:H3K4me3 x DNase-seq
UBERON:0001211,ChIP-seq:H3K4me3,ChIP-seq:H3K27ac,0.2836384140414956,1.0,ChIP-seq:H3K27ac x ChIP-seq:H3K4me3
UBERON:0001211,ChIP-seq:H3K4me3,ChIP-seq:H3K36me3,0.11452783189321819,1.0,ChIP-seq:H3K36me3 x ChIP-seq:H3K4me3
UBERON:0001211,ChIP-seq:H3K4me3,ChIP-seq:H3K4me1,0.0873275911030562,1.0,ChIP-seq:H3K4me1 x ChIP-seq:H3K4me3
UBERON:0001211,ChIP-seq:H3K4me3,ChIP-seq:CTCF,0.014975886683440902,4.0,ChIP-seq:CTCF x ChIP-seq:H3K4me3
UBERON:0001211,ChIP-seq:H3K4me3,RNA-seq,0.03833053538889896,8.0,ChIP-seq:H3K4me3 x RNA-seq
UBERON:0001211,ChIP-seq:H3K4me3,ChIP-seq:POLR2A,0.059496266501290446,2.0,ChIP-seq:H3K4me3 x ChIP-seq:POLR2A
UBERON:0001211,ChIP-seq:CTCF,DNase-seq,-0.009100489048142507,16.0,ChIP-seq:CTCF x DNase-seq
UBERON:0001211,ChIP-seq:CTCF,ChIP-seq:H3K27ac,0.03727710187251185,4.0,ChIP-seq:CTCF x ChIP-seq:H3K27ac
UBERON:0001211,ChIP-seq:CTCF,ChIP-seq:H3K36me3,0.049666424291698555,4.0,ChIP-seq:CTCF x ChIP-seq:H3K36me3
UBERON:0001211,ChIP-seq:CTCF,ChIP-seq:H3K4me1,0.08748831826707591,4.0,ChIP-seq:CTCF x ChIP-seq:H3K4me1
UBERON:0001211,ChIP-seq:CTCF,ChIP-seq:H3K4me3,0.03475615357936815,4.0,ChIP-seq:CTCF x ChIP-seq:H3K4me3
UBERON:0001211,ChIP-seq:CTCF,RNA-seq,0.00064761383512064,32.0,ChIP-seq:CTCF x RNA-seq
UBERON:0001211,ChIP-seq:CTCF,ChIP-seq:POLR2A,0.02070626403604235,8.0,ChIP-seq:CTCF x ChIP-seq:POLR2A
UBERON:0001211,RNA-seq,DNase-seq,0.022048423759195315,32.0,DNase-seq x RNA-seq
UBERON:0001211,RNA-seq,ChIP-seq:H3K27ac,0.022942683303061824,8.0,ChIP-seq:H3K27ac x RNA-seq
UBERON:0001211,RNA-seq,ChIP-seq:H3K36me3,0.004484731586355914,8.0,ChIP-seq:H3K36me3 x RNA-seq
UBERON:0001211,RNA-seq,ChIP-seq:H3K4me1,0.003802881940551426,8.0,ChIP-seq:H3K4me1 x RNA-seq
UBERON:0001211,RNA-seq,ChIP-seq:H3K4me3,0.04620686221954434,8.0,ChIP-seq:H3K4me3 x RNA-seq
UBERON:0001211,RNA-seq,ChIP-seq:CTCF,0.0020346043911735412,32.0,ChIP-seq:CTCF x RNA-seq
UBERON:0001211,RNA-seq,ChIP-seq:POLR2A,0.0324070006608963,16.0,ChIP-seq:POLR2A x RNA-seq
UBERON:0001211,ChIP-seq:POLR2A,DNase-seq,0.10600774399357138,8.0,ChIP-seq:POLR2A x DNase-seq
UBERON:0001211,ChIP-seq:POLR2A,ChIP-seq:H3K27ac,0.12056531361591669,2.0,ChIP-seq:H3K27ac x ChIP-seq:POLR2A
UBERON:0001211,ChIP-seq:POLR2A,ChIP-seq:H3K36me3,0.0937226813090475,2.0,ChIP-seq:H3K36me3 x ChIP-seq:POLR2A
UBERON:0001211,ChIP-seq:POLR2A,ChIP-seq:H3K4me1,0.06233957280283389,2.0,ChIP-seq:H3K4me1 x ChIP-seq:POLR2A
UBERON:0001211,ChIP-seq:POLR2A,ChIP-seq:H3K4me3,0.09474485308624978,2.0,ChIP-seq:H3K4me3 x ChIP-seq:POLR2A
UBERON:0001211,ChIP-seq:POLR2A,ChIP-seq:CTCF,0.013411881998904696,8.0,ChIP-seq:CTCF x ChIP-seq:POLR2A
UBERON:0001211,ChIP-seq:POLR2A,RNA-seq,0.0363206451055273,16.0,ChIP-seq:POLR2A x RNA-seq
UBERON:0001013,ChIP-seq:H3K27ac,polyA plus RNA-seq,-0.006189992015980424,8.0,ChIP-seq:H3K27ac x polyA plus RNA-seq
UBERON:0001013,polyA plus RNA-seq,ChIP-seq:H3K27ac,-0.017738346884280075,8.0,ChIP-seq:H3K27ac x polyA plus RNA-seq
UBERON:0002369,DNase-seq,ChIP-seq:H3K27ac,0.05779173585398044,66.0,ChIP-seq:H3K27ac x DNase-seq
UBERON:0002369,DNase-seq,ChIP-seq:H3K27me3,-0.023757292248985987,22.0,ChIP-seq:H3K27me3 x DNase-seq
UBERON:0002369,DNase-seq,ChIP-seq:H3K36me3,-0.03284689277730962,55.0,ChIP-seq:H3K36me3 x DNase-seq
UBERON:0002369,DNase-seq,ChIP-seq:H3K4me1,0.014024089412255721,55.0,ChIP-seq:H3K4me1 x DNase-seq
UBERON:0002369,DNase-seq,ChIP-seq:H3K4me3,-0.017311898144808685,66.0,ChIP-seq:H3K4me3 x DNase-seq
UBERON:0002369,DNase-seq,ChIP-seq:H3K9me3,-0.00860209540336268,44.0,ChIP-seq:H3K9me3 x DNase-seq
UBERON:0002369,DNase-seq,ChIP-seq:CTCF,0.007353584953671721,44.0,ChIP-seq:CTCF x DNase-seq
UBERON:0002369,DNase-seq,polyA plus RNA-seq,0.006425923520614229,110.0,DNase-seq x polyA plus RNA-seq
UBERON:0002369,DNase-seq,RNA-seq,0.014640540113062612,154.0,DNase-seq x RNA-seq
UBERON:0002369,DNase-seq,ChIP-seq:POLR2A,0.04866726367504565,22.0,ChIP-seq:POLR2A x DNase-seq
UBERON:0002369,ChIP-seq:H3K27ac,DNase-seq,0.07194919697508459,66.0,ChIP-seq:H3K27ac x DNase-seq
UBERON:0002369,ChIP-seq:H3K27ac,ChIP-seq:H3K27me3,0.008713668159076145,12.0,ChIP-seq:H3K27ac x ChIP-seq:H3K27me3
UBERON:0002369,ChIP-seq:H3K27ac,ChIP-seq:H3K36me3,0.020167297018044313,30.0,ChIP-seq:H3K27ac x ChIP-seq:H3K36me3
UBERON:0002369,ChIP-seq:H3K27ac,ChIP-seq:H3K4me1,0.1269541793399387,30.0,ChIP-seq:H3K27ac x ChIP-seq:H3K4me1
UBERON:0002369,ChIP-seq:H3K27ac,ChIP-seq:H3K4me3,0.06398030084276957,36.0,ChIP-seq:H3K27ac x ChIP-seq:H3K4me3
UBERON:0002369,ChIP-seq:H3K27ac,ChIP-seq:H3K9me3,0.032744898185442614,24.0,ChIP-seq:H3K27ac x ChIP-seq:H3K9me3
UBERON:0002369,ChIP-seq:H3K27ac,ChIP-seq:CTCF,0.004642131500259571,24.0,ChIP-seq:CTCF x ChIP-seq:H3K27ac
UBERON:0002369,ChIP-seq:H3K27ac,polyA plus RNA-seq,0.015077785580971607,60.0,ChIP-seq:H3K27ac x polyA plus RNA-seq
UBERON:0002369,ChIP-seq:H3K27ac,RNA-seq,0.029702427943957922,84.0,ChIP-seq:H3K27ac x RNA-seq
UBERON:0002369,ChIP-seq:H3K27ac,ChIP-seq:POLR2A,0.03970518282481603,12.0,ChIP-seq:H3K27ac x ChIP-seq:POLR2A
UBERON:0002369,ChIP-seq:H3K27me3,DNase-seq,-0.022926135174974778,22.0,ChIP-seq:H3K27me3 x DNase-seq
UBERON:0002369,ChIP-seq:H3K27me3,ChIP-seq:H3K27ac,0.014796058495080141,12.0,ChIP-seq:H3K27ac x ChIP-seq:H3K27me3
UBERON:0002369,ChIP-seq:H3K27me3,ChIP-seq:H3K36me3,0.018375754356384277,10.0,ChIP-seq:H3K27me3 x ChIP-seq:H3K36me3
UBERON:0002369,ChIP-seq:H3K27me3,ChIP-seq:H3K4me1,0.04873714182111952,10.0,ChIP-seq:H3K27me3 x ChIP-seq:H3K4me1
UBERON:0002369,ChIP-seq:H3K27me3,ChIP-seq:H3K4me3,0.057745774586995445,12.0,ChIP-seq:H3K27me3 x ChIP-seq:H3K4me3
UBERON:0002369,ChIP-seq:H3K27me3,ChIP-seq:H3K9me3,0.01547551778076732,8.0,ChIP-seq:H3K27me3 x ChIP-seq:H3K9me3
UBERON:0002369,ChIP-seq:H3K27me3,ChIP-seq:CTCF,-0.02190488184015583,8.0,ChIP-seq:CTCF x ChIP-seq:H3K27me3
UBERON:0002369,ChIP-seq:H3K27me3,polyA plus RNA-seq,0.0007773034558617826,20.0,ChIP-seq:H3K27me3 x polyA plus RNA-seq
UBERON:0002369,ChIP-seq:H3K27me3,RNA-seq,-0.009001639439193805,28.0,ChIP-seq:H3K27me3 x RNA-seq
UBERON:0002369,ChIP-seq:H3K27me3,ChIP-seq:POLR2A,-0.0399783972118582,4.0,ChIP-seq:H3K27me3 x ChIP-seq:POLR2A
UBERON:0002369,ChIP-seq:H3K36me3,DNase-seq,-0.022593448384541862,55.0,ChIP-seq:H3K36me3 x DNase-seq
UBERON:0002369,ChIP-seq:H3K36me3,ChIP-seq:H3K27ac,0.03332265800225001,30.0,ChIP-seq:H3K27ac x ChIP-seq:H3K36me3
UBERON:0002369,ChIP-seq:H3K36me3,ChIP-seq:H3K27me3,0.0069801375525338286,10.0,ChIP-seq:H3K27me3 x ChIP-seq:H3K36me3
UBERON:0002369,ChIP-seq:H3K36me3,ChIP-seq:H3K4me1,0.0725687779320611,25.0,ChIP-seq:H3K36me3 x ChIP-seq:H3K4me1
UBERON:0002369,ChIP-seq:H3K36me3,ChIP-seq:H3K4me3,0.06519491604396276,30.0,ChIP-seq:H3K36me3 x ChIP-seq:H3K4me3
UBERON:0002369,ChIP-seq:H3K36me3,ChIP-seq:H3K9me3,0.10102423086004741,20.0,ChIP-seq:H3K36me3 x ChIP-seq:H3K9me3
UBERON:0002369,ChIP-seq:H3K36me3,ChIP-seq:CTCF,-0.013300766289523506,20.0,ChIP-seq:CTCF x ChIP-seq:H3K36me3
UBERON:0002369,ChIP-seq:H3K36me3,polyA plus RNA-seq,0.006947947862910385,50.0,ChIP-seq:H3K36me3 x polyA plus RNA-seq
UBERON:0002369,ChIP-seq:H3K36me3,RNA-seq,0.0009270590307790538,70.0,ChIP-seq:H3K36me3 x RNA-seq
UBERON:0002369,ChIP-seq:H3K36me3,ChIP-seq:POLR2A,-0.012481562048196794,10.0,ChIP-seq:H3K36me3 x ChIP-seq:POLR2A
UBERON:0002369,ChIP-seq:H3K4me1,DNase-seq,0.03729221872014947,55.0,ChIP-seq:H3K4me1 x DNase-seq
UBERON:0002369,ChIP-seq:H3K4me1,ChIP-seq:H3K27ac,0.135077416466553,30.0,ChIP-seq:H3K27ac x ChIP-seq:H3K4me1
UBERON:0002369,ChIP-seq:H3K4me1,ChIP-seq:H3K27me3,0.023689006805419917,10.0,ChIP-seq:H3K27me3 x ChIP-seq:H3K4me1
UBERON:0002369,ChIP-seq:H3K4me1,ChIP-seq:H3K36me3,0.07052581612781814,25.0,ChIP-seq:H3K36me3 x ChIP-seq:H3K4me1
UBERON:0002369,ChIP-seq:H3K4me1,ChIP-seq:H3K4me3,0.06922130948021298,30.0,ChIP-seq:H3K4me1 x ChIP-seq:H3K4me3
UBERON:0002369,ChIP-seq:H3K4me1,ChIP-seq:H3K9me3,0.10463946047475783,20.0,ChIP-seq:H3K4me1 x ChIP-seq:H3K9me3
UBERON:0002369,ChIP-seq:H3K4me1,ChIP-seq:CTCF,0.0012949999675010045,20.0,ChIP-seq:CTCF x ChIP-seq:H3K4me1
UBERON:0002369,ChIP-seq:H3K4me1,polyA plus RNA-seq,0.013160850162729842,50.0,ChIP-seq:H3K4me1 x polyA plus RNA-seq
UBERON:0002369,ChIP-seq:H3K4me1,RNA-seq,0.006175225220120508,70.0,ChIP-seq:H3K4me1 x RNA-seq
UBERON:0002369,ChIP-seq:H3K4me1,ChIP-seq:POLR2A,-0.008519851097038813,10.0,ChIP-seq:H3K4me1 x ChIP-seq:POLR2A
UBERON:0002369,ChIP-seq:H3K4me3,DNase-seq,0.019971248561590424,66.0,ChIP-seq:H3K4me3 x DNase-seq
UBERON:0002369,ChIP-seq:H3K4me3,ChIP-seq:H3K27ac,0.05928544296243052,36.0,ChIP-seq:H3K27ac x ChIP-seq:H3K4me3
UBERON:0002369,ChIP-seq:H3K4me3,ChIP-seq:H3K27me3,0.02778032507215228,12.0,ChIP-seq:H3K27me3 x ChIP-seq:H3K4me3
UBERON:0002369,ChIP-seq:H3K4me3,ChIP-seq:H3K36me3,0.04307735761006674,30.0,ChIP-seq:H3K36me3 x ChIP-seq:H3K4me3
UBERON:0002369,ChIP-seq:H3K4me3,ChIP-seq:H3K4me1,0.05594726138644748,30.0,ChIP-seq:H3K4me1 x ChIP-seq:H3K4me3
UBERON:0002369,ChIP-seq:H3K4me3,ChIP-seq:H3K9me3,0.041576987830483525,24.0,ChIP-seq:H3K4me3 x ChIP-seq:H3K9me3
UBERON:0002369,ChIP-seq:H3K4me3,ChIP-seq:CTCF,-0.012349198961142196,24.0,ChIP-seq:CTCF x ChIP-seq:H3K4me3
UBERON:0002369,ChIP-seq:H3K4me3,polyA plus RNA-seq,-0.0008893945466504904,60.0,ChIP-seq:H3K4me3 x polyA plus RNA-seq
UBERON:0002369,ChIP-seq:H3K4me3,RNA-seq,0.020456681577077356,84.0,ChIP-seq:H3K4me3 x RNA-seq
UBERON:0002369,ChIP-seq:H3K4me3,ChIP-seq:POLR2A,0.02099657626379106,12.0,ChIP-seq:H3K4me3 x ChIP-seq:POLR2A
UBERON:0002369,ChIP-seq:H3K9me3,DNase-seq,-0.00847344092254474,44.0,ChIP-seq:H3K9me3 x DNase-seq
UBERON:0002369,ChIP-seq:H3K9me3,ChIP-seq:H3K27ac,0.037362508966158406,24.0,ChIP-seq:H3K27ac x ChIP-seq:H3K9me3
UBERON:0002369,ChIP-seq:H3K9me3,ChIP-seq:H3K27me3,-0.006115664924894057,8.0,ChIP-seq:H3K27me3 x ChIP-seq:H3K9me3
UBERON:0002369,ChIP-seq:H3K9me3,ChIP-seq:H3K36me3,0.11200672836713893,20.0,ChIP-seq:H3K36me3 x ChIP-seq:H3K9me3
UBERON:0002369,ChIP-seq:H3K9me3,ChIP-seq:H3K4me1,0.10068645079930624,20.0,ChIP-seq:H3K4me1 x ChIP-seq:H3K9me3
UBERON:0002369,ChIP-seq:H3K9me3,ChIP-seq:H3K4me3,0.06550089631761823,24.0,ChIP-seq:H3K4me3 x ChIP-seq:H3K9me3
UBERON:0002369,ChIP-seq:H3K9me3,ChIP-seq:CTCF,-0.01184073947731731,16.0,ChIP-seq:CTCF x ChIP-seq:H3K9me3
UBERON:0002369,ChIP-seq:H3K9me3,polyA plus RNA-seq,-0.0015080714243248406,40.0,ChIP-seq:H3K9me3 x polyA plus RNA-seq
UBERON:0002369,ChIP-seq:H3K9me3,RNA-seq,-0.004141439597495862,56.0,ChIP-seq:H3K9me3 x RNA-seq
UBERON:0002369,ChIP-seq:H3K9me3,ChIP-seq:POLR2A,-0.00602871472282069,8.0,ChIP-seq:H3K9me3 x ChIP-seq:POLR2A
UBERON:0002369,ChIP-seq:CTCF,DNase-seq,0.03163858754196222,44.0,ChIP-seq:CTCF x DNase-seq
UBERON:0002369,ChIP-seq:CTCF,ChIP-seq:H3K27ac,0.00761958036073454,24.0,ChIP-seq:CTCF x ChIP-seq:H3K27ac
UBERON:0002369,ChIP-seq:CTCF,ChIP-seq:H3K27me3,-0.016184113203947033,8.0,ChIP-seq:CTCF x ChIP-seq:H3K27me3
UBERON:0002369,ChIP-seq:CTCF,ChIP-seq:H3K36me3,-0.007512418725477752,20.0,ChIP-seq:CTCF x ChIP-seq:H3K36me3
UBERON:0002369,ChIP-seq:CTCF,ChIP-seq:H3K4me1,0.006141075160768297,20.0,ChIP-seq:CTCF x ChIP-seq:H3K4me1
UBERON:0002369,ChIP-seq:CTCF,ChIP-seq:H3K4me3,-0.0035135908495812183,24.0,ChIP-seq:CTCF x ChIP-seq:H3K4me3
UBERON:0002369,ChIP-seq:CTCF,ChIP-seq:H3K9me3,-0.01777005740730776,16.0,ChIP-seq:CTCF x ChIP-seq:H3K9me3
UBERON:0002369,ChIP-seq:CTCF,polyA plus RNA-seq,0.0007933320297348885,40.0,ChIP-seq:CTCF x polyA plus RNA-seq
UBERON:0002369,ChIP-seq:CTCF,RNA-seq,0.005740524200071772,56.0,ChIP-seq:CTCF x RNA-seq
UBERON:0002369,ChIP-seq:CTCF,ChIP-seq:POLR2A,0.02916120631354195,8.0,ChIP-seq:CTCF x ChIP-seq:POLR2A
UBERON:0002369,polyA plus RNA-seq,DNase-seq,0.00816562752782026,110.0,DNase-seq x polyA plus RNA-seq
UBERON:0002369,polyA plus RNA-seq,ChIP-seq:H3K27ac,0.01596126331139016,60.0,ChIP-seq:H3K27ac x polyA plus RNA-seq
UBERON:0002369,polyA plus RNA-seq,ChIP-seq:H3K27me3,0.012224448919296265,20.0,ChIP-seq:H3K27me3 x polyA plus RNA-seq
UBERON:0002369,polyA plus RNA-seq,ChIP-seq:H3K36me3,-0.02171056234708397,50.0,ChIP-seq:H3K36me3 x polyA plus RNA-seq
UBERON:0002369,polyA plus RNA-seq,ChIP-seq:H3K4me1,0.006926164891984731,50.0,ChIP-seq:H3K4me1 x polyA plus RNA-seq
UBERON:0002369,polyA plus RNA-seq,ChIP-seq:H3K4me3,-0.0003912414823259644,60.0,ChIP-seq:H3K4me3 x polyA plus RNA-seq
UBERON:0002369,polyA plus RNA-seq,ChIP-seq:H3K9me3,0.0009451964985852856,40.0,ChIP-seq:H3K9me3 x polyA plus RNA-seq
UBERON:0002369,polyA plus RNA-seq,ChIP-seq:CTCF,0.0010761244132102116,40.0,ChIP-seq:CTCF x polyA plus RNA-seq
UBERON:0002369,polyA plus RNA-seq,RNA-seq,0.07635544479816586,140.0,RNA-seq x polyA plus RNA-seq
UBERON:0002369,polyA plus RNA-seq,ChIP-seq:POLR2A,0.003726944753101896,20.0,ChIP-seq:POLR2A x polyA plus RNA-seq
UBERON:0002369,RNA-seq,DNase-seq,0.008506671883508201,154.0,DNase-seq x RNA-seq
UBERON:0002369,RNA-seq,ChIP-seq:H3K27ac,0.01986545481608063,84.0,ChIP-seq:H3K27ac x RNA-seq
UBERON:0002369,RNA-seq,ChIP-seq:H3K27me3,0.004755767851459737,28.0,ChIP-seq:H3K27me3 x RNA-seq
UBERON:0002369,RNA-seq,ChIP-seq:H3K36me3,-0.009082728450382542,70.0,ChIP-seq:H3K36me3 x RNA-seq
UBERON:0002369,RNA-seq,ChIP-seq:H3K4me1,0.009181642532348632,70.0,ChIP-seq:H3K4me1 x RNA-seq
UBERON:0002369,RNA-seq,ChIP-seq:H3K4me3,0.006048650482073932,84.0,ChIP-seq:H3K4me3 x RNA-seq
UBERON:0002369,RNA-seq,ChIP-seq:H3K9me3,-0.0029651386252904344,56.0,ChIP-seq:H3K9me3 x RNA-seq
UBERON:0002369,RNA-seq,ChIP-seq:CTCF,0.0015007285569147329,56.0,ChIP-seq:CTCF x RNA-seq
UBERON:0002369,RNA-seq,polyA plus RNA-seq,0.0278713039339063,140.0,RNA-seq x polyA plus RNA-seq
UBERON:0002369,RNA-seq,ChIP-seq:POLR2A,0.019826143371815583,28.0,ChIP-seq:POLR2A x RNA-seq
UBERON:0002369,ChIP-seq:POLR2A,DNase-seq,0.06673594497896607,22.0,ChIP-seq:POLR2A x DNase-seq
UBERON:0002369,ChIP-seq:POLR2A,ChIP-seq:H3K27ac,0.06295583873291177,12.0,ChIP-seq:H3K27ac x ChIP-seq:POLR2A
UBERON:0002369,ChIP-seq:POLR2A,ChIP-seq:H3K27me3,-0.03555145619171007,4.0,ChIP-seq:H3K27me3 x ChIP-seq:POLR2A
UBERON:0002369,ChIP-seq:POLR2A,ChIP-seq:H3K36me3,-0.002432829341901246,10.0,ChIP-seq:H3K36me3 x ChIP-seq:POLR2A
UBERON:0002369,ChIP-seq:POLR2A,ChIP-seq:H3K4me1,0.0053478318783972,10.0,ChIP-seq:H3K4me1 x ChIP-seq:POLR2A
UBERON:0002369,ChIP-seq:POLR2A,ChIP-seq:H3K4me3,0.015778731164478116,12.0,ChIP-seq:H3K4me3 x ChIP-seq:POLR2A
UBERON:0002369,ChIP-seq:POLR2A,ChIP-seq:H3K9me3,0.00023786044853218655,8.0,ChIP-seq:H3K9me3 x ChIP-seq:POLR2A
UBERON:0002369,ChIP-seq:POLR2A,ChIP-seq:CTCF,0.01009716570956036,8.0,ChIP-seq:CTCF x ChIP-seq:POLR2A
UBERON:0002369,ChIP-seq:POLR2A,polyA plus RNA-seq,-0.005682500419029391,20.0,ChIP-seq:POLR2A x polyA plus RNA-seq
UBERON:0002369,ChIP-seq:POLR2A,RNA-seq,0.031068212583840613,28.0,ChIP-seq:POLR2A x RNA-seq
UBERON:0000305,ChIP-seq:H3K27ac,ChIP-seq:H3K27me3,0.20122090794823388,1.0,ChIP-seq:H3K27ac x ChIP-seq:H3K27me3
UBERON:0000305,ChIP-seq:H3K27ac,ChIP-seq:H3K36me3,0.18539489099853917,1.0,ChIP-seq:H3K27ac x ChIP-seq:H3K36me3
UBERON:0000305,ChIP-seq:H3K27ac,ChIP-seq:H3K4me1,0.4373003451720528,1.0,ChIP-seq:H3K27ac x ChIP-seq:H3K4me1
UBERON:0000305,ChIP-seq:H3K27ac,ChIP-seq:H3K4me3,0.25400391262631083,1.0,ChIP-seq:H3K27ac x ChIP-seq:H3K4me3
UBERON:0000305,ChIP-seq:H3K27ac,ChIP-seq:H3K9me3,0.21570748223198785,1.0,ChIP-seq:H3K27ac x ChIP-seq:H3K9me3
UBERON:0000305,ChIP-seq:H3K27ac,polyA plus RNA-seq,-0.011860912066438922,6.0,ChIP-seq:H3K27ac x polyA plus RNA-seq
UBERON:0000305,ChIP-seq:H3K27me3,ChIP-seq:H3K27ac,0.2563476253438879,1.0,ChIP-seq:H3K27ac x ChIP-seq:H3K27me3
UBERON:0000305,ChIP-seq:H3K27me3,ChIP-seq:H3K36me3,0.1345534130146629,1.0,ChIP-seq:H3K27me3 x ChIP-seq:H3K36me3
UBERON:0000305,ChIP-seq:H3K27me3,ChIP-seq:H3K4me1,0.10568627326384834,1.0,ChIP-seq:H3K27me3 x ChIP-seq:H3K4me1
UBERON:0000305,ChIP-seq:H3K27me3,ChIP-seq:H3K4me3,0.13668592516766037,1.0,ChIP-seq:H3K27me3 x ChIP-seq:H3K4me3
UBERON:0000305,ChIP-seq:H3K27me3,ChIP-seq:H3K9me3,0.2692963348494636,1.0,ChIP-seq:H3K27me3 x ChIP-seq:H3K9me3
UBERON:0000305,ChIP-seq:H3K27me3,polyA plus RNA-seq,0.009144165766411933,6.0,ChIP-seq:H3K27me3 x polyA plus RNA-seq
UBERON:0000305,ChIP-seq:H3K36me3,ChIP-seq:H3K27ac,0.21971844265490403,1.0,ChIP-seq:H3K27ac x ChIP-seq:H3K36me3
UBERON:0000305,ChIP-seq:H3K36me3,ChIP-seq:H3K27me3,0.16653853925791653,1.0,ChIP-seq:H3K27me3 x ChIP-seq:H3K36me3
UBERON:0000305,ChIP-seq:H3K36me3,ChIP-seq:H3K4me1,0.10660212519376175,1.0,ChIP-seq:H3K36me3 x ChIP-seq:H3K4me1
UBERON:0000305,ChIP-seq:H3K36me3,ChIP-seq:H3K4me3,0.12702504853869592,1.0,ChIP-seq:H3K36me3 x ChIP-seq:H3K4me3
UBERON:0000305,ChIP-seq:H3K36me3,ChIP-seq:H3K9me3,0.28216515315903556,1.0,ChIP-seq:H3K36me3 x ChIP-seq:H3K9me3
UBERON:0000305,ChIP-seq:H3K36me3,polyA plus RNA-seq,-0.013265852349391878,6.0,ChIP-seq:H3K36me3 x polyA plus RNA-seq
UBERON:0000305,ChIP-seq:H3K4me1,ChIP-seq:H3K27ac,0.5129114271681986,1.0,ChIP-seq:H3K27ac x ChIP-seq:H3K4me1
UBERON:0000305,ChIP-seq:H3K4me1,ChIP-seq:H3K27me3,0.13013882528651843,1.0,ChIP-seq:H3K27me3 x ChIP-seq:H3K4me1
UBERON:0000305,ChIP-seq:H3K4me1,ChIP-seq:H3K36me3,0.10564769082947781,1.0,ChIP-seq:H3K36me3 x ChIP-seq:H3K4me1
UBERON:0000305,ChIP-seq:H3K4me1,ChIP-seq:H3K4me3,0.04786058293525563,1.0,ChIP-seq:H3K4me1 x ChIP-seq:H3K4me3
UBERON:0000305,ChIP-seq:H3K4me1,ChIP-seq:H3K9me3,0.1501664896806081,1.0,ChIP-seq:H3K4me1 x ChIP-seq:H3K9me3
UBERON:0000305,ChIP-seq:H3K4me1,polyA plus RNA-seq,-0.017187043533161066,6.0,ChIP-seq:H3K4me1 x polyA plus RNA-seq
UBERON:0000305,ChIP-seq:H3K4me3,ChIP-seq:H3K27ac,0.18559327611216792,1.0,ChIP-seq:H3K27ac x ChIP-seq:H3K4me3
UBERON:0000305,ChIP-seq:H3K4me3,ChIP-seq:H3K27me3,0.10651113499294629,1.0,ChIP-seq:H3K27me3 x ChIP-seq:H3K4me3
UBERON:0000305,ChIP-seq:H3K4me3,ChIP-seq:H3K36me3,0.12276899657751385,1.0,ChIP-seq:H3K36me3 x ChIP-seq:H3K4me3
UBERON:0000305,ChIP-seq:H3K4me3,ChIP-seq:H3K4me1,0.0619465880419897,1.0,ChIP-seq:H3K4me1 x ChIP-seq:H3K4me3
UBERON:0000305,ChIP-seq:H3K4me3,ChIP-seq:H3K9me3,0.25820814106199474,1.0,ChIP-seq:H3K4me3 x ChIP-seq:H3K9me3
UBERON:0000305,ChIP-seq:H3K4me3,polyA plus RNA-seq,0.011947383483250938,6.0,ChIP-seq:H3K4me3 x polyA plus RNA-seq
UBERON:0000305,ChIP-seq:H3K9me3,ChIP-seq:H3K27ac,0.21940814712901174,1.0,ChIP-seq:H3K27ac x ChIP-seq:H3K9me3
UBERON:0000305,ChIP-seq:H3K9me3,ChIP-seq:H3K27me3,0.2732873667370189,1.0,ChIP-seq:H3K27me3 x ChIP-seq:H3K9me3
UBERON:0000305,ChIP-seq:H3K9me3,ChIP-seq:H3K36me3,0.24467446458967107,1.0,ChIP-seq:H3K36me3 x ChIP-seq:H3K9me3
UBERON:0000305,ChIP-seq:H3K9me3,ChIP-seq:H3K4me1,0.11031416317690973,1.0,ChIP-seq:H3K4me1 x ChIP-seq:H3K9me3
UBERON:0000305,ChIP-seq:H3K9me3,ChIP-seq:H3K4me3,0.23824473785799605,1.0,ChIP-seq:H3K4me3 x ChIP-seq:H3K9me3
UBERON:0000305,ChIP-seq:H3K9me3,polyA plus RNA-seq,-0.00029590896506240423,6.0,ChIP-seq:H3K9me3 x polyA plus RNA-seq
UBERON:0000305,polyA plus RNA-seq,ChIP-seq:H3K27ac,-0.022440634790516684,6.0,ChIP-seq:H3K27ac x polyA plus RNA-seq
UBERON:0000305,polyA plus RNA-seq,ChIP-seq:H3K27me3,-0.003257953307845376,6.0,ChIP-seq:H3K27me3 x polyA plus RNA-seq
UBERON:0000305,polyA plus RNA-seq,ChIP-seq:H3K36me3,0.014600327715539096,6.0,ChIP-seq:H3K36me3 x polyA plus RNA-seq
UBERON:0000305,polyA plus RNA-seq,ChIP-seq:H3K4me1,-0.012192047835476156,6.0,ChIP-seq:H3K4me1 x polyA plus RNA-seq
UBERON:0000305,polyA plus RNA-seq,ChIP-seq:H3K4me3,0.022010492770246762,6.0,ChIP-seq:H3K4me3 x polyA plus RNA-seq
UBERON:0000305,polyA plus RNA-seq,ChIP-seq:H3K9me3,0.002404289057961216,6.0,ChIP-seq:H3K9me3 x polyA plus RNA-seq
UBERON:0002686,ChIP-seq:H3K27ac,ChIP-seq:H3K27me3,-0.0414929637177424,2.0,ChIP-seq:H3K27ac x ChIP-seq:H3K27me3
UBERON:0002686,ChIP-seq:H3K27ac,ChIP-seq:H3K36me3,0.048919690270272514,4.0,ChIP-seq:H3K27ac x ChIP-seq:H3K36me3
UBERON:0002686,ChIP-seq:H3K27ac,ChIP-seq:H3K4me1,0.26845503374527063,4.0,ChIP-seq:H3K27ac x ChIP-seq:H3K4me1
UBERON:0002686,ChIP-seq:H3K27ac,ChIP-seq:H3K4me3,0.2204167586620723,4.0,ChIP-seq:H3K27ac x ChIP-seq:H3K4me3
UBERON:0002686,ChIP-seq:H3K27ac,ChIP-seq:H3K9ac,0.3132791996002197,2.0,ChIP-seq:H3K27ac x ChIP-seq:H3K9ac
UBERON:0002686,ChIP-seq:H3K27ac,ChIP-seq:H3K9me3,-0.013856007025561518,4.0,ChIP-seq:H3K27ac x ChIP-seq:H3K9me3
UBERON:0002686,ChIP-seq:H3K27me3,ChIP-seq:H3K27ac,-0.018177471985542995,2.0,ChIP-seq:H3K27ac x ChIP-seq:H3K27me3
UBERON:0002686,ChIP-seq:H3K27me3,ChIP-seq:H3K36me3,0.0032353977125788476,2.0,ChIP-seq:H3K27me3 x ChIP-seq:H3K36me3
UBERON:0002686,ChIP-seq:H3K27me3,ChIP-seq:H3K4me1,0.018625050050313355,2.0,ChIP-seq:H3K27me3 x ChIP-seq:H3K4me1
UBERON:0002686,ChIP-seq:H3K27me3,ChIP-seq:H3K4me3,0.014616176660094305,2.0,ChIP-seq:H3K27me3 x ChIP-seq:H3K4me3
UBERON:0002686,ChIP-seq:H3K27me3,ChIP-seq:H3K9ac,-0.05950165316462517,1.0,ChIP-seq:H3K27me3 x ChIP-seq:H3K9ac
UBERON:0002686,ChIP-seq:H3K27me3,ChIP-seq:H3K9me3,0.1411152498682118,2.0,ChIP-seq:H3K27me3 x ChIP-seq:H3K9me3
UBERON:0002686,ChIP-seq:H3K36me3,ChIP-seq:H3K27ac,0.0706624195257329,4.0,ChIP-seq:H3K27ac x ChIP-seq:H3K36me3
UBERON:0002686,ChIP-seq:H3K36me3,ChIP-seq:H3K27me3,-0.01447293230078437,2.0,ChIP-seq:H3K27me3 x ChIP-seq:H3K36me3
UBERON:0002686,ChIP-seq:H3K36me3,ChIP-seq:H3K4me1,0.07161691939570214,4.0,ChIP-seq:H3K36me3 x ChIP-seq:H3K4me1
UBERON:0002686,ChIP-seq:H3K36me3,ChIP-seq:H3K4me3,0.04076597992783395,4.0,ChIP-seq:H3K36me3 x ChIP-seq:H3K4me3
UBERON:0002686,ChIP-seq:H3K36me3,ChIP-seq:H3K9ac,0.0551197025179863,2.0,ChIP-seq:H3K36me3 x ChIP-seq:H3K9ac
UBERON:0002686,ChIP-seq:H3K36me3,ChIP-seq:H3K9me3,0.15041200716735265,4.0,ChIP-seq:H3K36me3 x ChIP-seq:H3K9me3
UBERON:0002686,ChIP-seq:H3K4me1,ChIP-seq:H3K27ac,0.2597791985695407,4.0,ChIP-seq:H3K27ac x ChIP-seq:H3K4me1
UBERON:0002686,ChIP-seq:H3K4me1,ChIP-seq:H3K27me3,0.001988661560145294,2.0,ChIP-seq:H3K27me3 x ChIP-seq:H3K4me1
UBERON:0002686,ChIP-seq:H3K4me1,ChIP-seq:H3K36me3,0.07392379428659167,4.0,ChIP-seq:H3K36me3 x ChIP-seq:H3K4me1
UBERON:0002686,ChIP-seq:H3K4me1,ChIP-seq:H3K4me3,-0.02003348876382703,4.0,ChIP-seq:H3K4me1 x ChIP-seq:H3K4me3
UBERON:0002686,ChIP-seq:H3K4me1,ChIP-seq:H3K9ac,0.12206640601158142,2.0,ChIP-seq:H3K4me1 x ChIP-seq:H3K9ac
UBERON:0002686,ChIP-seq:H3K4me1,ChIP-seq:H3K9me3,0.06697719664880017,4.0,ChIP-seq:H3K4me1 x ChIP-seq:H3K9me3
UBERON:0002686,ChIP-seq:H3K4me3,ChIP-seq:H3K27ac,0.19755842744933894,4.0,ChIP-seq:H3K27ac x ChIP-seq:H3K4me3
UBERON:0002686,ChIP-seq:H3K4me3,ChIP-seq:H3K27me3,-0.01903352920304645,2.0,ChIP-seq:H3K27me3 x ChIP-seq:H3K4me3
UBERON:0002686,ChIP-seq:H3K4me3,ChIP-seq:H3K36me3,0.03780645932312365,4.0,ChIP-seq:H3K36me3 x ChIP-seq:H3K4me3
UBERON:0002686,ChIP-seq:H3K4me3,ChIP-seq:H3K4me1,-0.03731437459018061,4.0,ChIP-seq:H3K4me1 x ChIP-seq:H3K4me3
UBERON:0002686,ChIP-seq:H3K4me3,ChIP-seq:H3K9ac,0.35022491931915284,2.0,ChIP-seq:H3K4me3 x ChIP-seq:H3K9ac
UBERON:0002686,ChIP-seq:H3K4me3,ChIP-seq:H3K9me3,0.06047772512089607,4.0,ChIP-seq:H3K4me3 x ChIP-seq:H3K9me3
UBERON:0002686,ChIP-seq:H3K9ac,ChIP-seq:H3K27ac,0.3777369549555808,2.0,ChIP-seq:H3K27ac x ChIP-seq:H3K9ac
UBERON:0002686,ChIP-seq:H3K9ac,ChIP-seq:H3K27me3,-0.07518694651397792,1.0,ChIP-seq:H3K27me3 x ChIP-seq:H3K9ac
UBERON:0002686,ChIP-seq:H3K9ac,ChIP-seq:H3K36me3,0.07708717602743673,2.0,ChIP-seq:H3K36me3 x ChIP-seq:H3K9ac
UBERON:0002686,ChIP-seq:H3K9ac,ChIP-seq:H3K4me1,0.14533128455036975,2.0,ChIP-seq:H3K4me1 x ChIP-seq:H3K9ac
UBERON:0002686,ChIP-seq:H3K9ac,ChIP-seq:H3K4me3,0.42782437132897777,2.0,ChIP-seq:H3K4me3 x ChIP-seq:H3K9ac
UBERON:0002686,ChIP-seq:H3K9ac,ChIP-seq:H3K9me3,0.031506080117971534,2.0,ChIP-seq:H3K9ac x ChIP-seq:H3K9me3
UBERON:0002686,ChIP-seq:H3K9me3,ChIP-seq:H3K27ac,0.013725002868945554,4.0,ChIP-seq:H3K27ac x ChIP-seq:H3K9me3
UBERON:0002686,ChIP-seq:H3K9me3,ChIP-seq:H3K27me3,0.1292957609350031,2.0,ChIP-seq:H3K27me3 x ChIP-seq:H3K9me3
UBERON:0002686,ChIP-seq:H3K9me3,ChIP-seq:H3K36me3,0.16541931577145108,4.0,ChIP-seq:H3K36me3 x ChIP-seq:H3K9me3
UBERON:0002686,ChIP-seq:H3K9me3,ChIP-seq:H3K4me1,0.061824074615546266,4.0,ChIP-seq:H3K4me1 x ChIP-seq:H3K9me3
UBERON:0002686,ChIP-seq:H3K9me3,ChIP-seq:H3K4me3,0.09101178629376064,4.0,ChIP-seq:H3K4me3 x ChIP-seq:H3K9me3
UBERON:0002686,ChIP-seq:H3K9me3,ChIP-seq:H3K9ac,0.03862199366092682,2.0,ChIP-seq:H3K9ac x ChIP-seq:H3K9me3
UBERON:0000947,ChIP-seq:H3K27ac,ChIP-seq:H3K27me3,0.10046761734145028,4.0,ChIP-seq:H3K27ac x ChIP-seq:H3K27me3
UBERON:0000947,ChIP-seq:H3K27ac,ChIP-seq:H3K36me3,0.09574324594288276,4.0,ChIP-seq:H3K27ac x ChIP-seq:H3K36me3
UBERON:0000947,ChIP-seq:H3K27ac,ChIP-seq:H3K4me1,0.31585673702870565,4.0,ChIP-seq:H3K27ac x ChIP-seq:H3K4me1
UBERON:0000947,ChIP-seq:H3K27ac,ChIP-seq:H3K4me3,0.20459380606624566,4.0,ChIP-seq:H3K27ac x ChIP-seq:H3K4me3
UBERON:0000947,ChIP-seq:H3K27ac,ChIP-seq:H3K9me3,0.08473596109284295,2.0,ChIP-seq:H3K27ac x ChIP-seq:H3K9me3
UBERON:0000947,ChIP-seq:H3K27ac,polyA plus RNA-seq,-4.364939819838723e-05,8.0,ChIP-seq:H3K27ac x polyA plus RNA-seq
UBERON:0000947,ChIP-seq:H3K27ac,RNA-seq,0.023263174461967802,8.0,ChIP-seq:H3K27ac x RNA-seq
UBERON:0000947,ChIP-seq:H3K27me3,ChIP-seq:H3K27ac,0.11332754078118698,4.0,ChIP-seq:H3K27ac x ChIP-seq:H3K27me3
UBERON:0000947,ChIP-seq:H3K27me3,ChIP-seq:H3K36me3,0.21691469848155975,4.0,ChIP-seq:H3K27me3 x ChIP-seq:H3K36me3
UBERON:0000947,ChIP-seq:H3K27me3,ChIP-seq:H3K4me1,0.15822570457484553,4.0,ChIP-seq:H3K27me3 x ChIP-seq:H3K4me1
UBERON:0000947,ChIP-seq:H3K27me3,ChIP-seq:H3K4me3,0.2613596453844944,4.0,ChIP-seq:H3K27me3 x ChIP-seq:H3K4me3
UBERON:0000947,ChIP-seq:H3K27me3,ChIP-seq:H3K9me3,0.27817159295082095,2.0,ChIP-seq:H3K27me3 x ChIP-seq:H3K9me3
UBERON:0000947,ChIP-seq:H3K27me3,polyA plus RNA-seq,-0.01541602565646601,8.0,ChIP-seq:H3K27me3 x polyA plus RNA-seq
UBERON:0000947,ChIP-seq:H3K27me3,RNA-seq,-0.023138371719156996,8.0,ChIP-seq:H3K27me3 x RNA-seq
UBERON:0000947,ChIP-seq:H3K36me3,ChIP-seq:H3K27ac,0.12836558117259364,4.0,ChIP-seq:H3K27ac x ChIP-seq:H3K36me3
UBERON:0000947,ChIP-seq:H3K36me3,ChIP-seq:H3K27me3,0.20872494127069202,4.0,ChIP-seq:H3K27me3 x ChIP-seq:H3K36me3
UBERON:0000947,ChIP-seq:H3K36me3,ChIP-seq:H3K4me1,0.22209694248731018,4.0,ChIP-seq:H3K36me3 x ChIP-seq:H3K4me1
UBERON:0000947,ChIP-seq:H3K36me3,ChIP-seq:H3K4me3,0.12795721614193695,4.0,ChIP-seq:H3K36me3 x ChIP-seq:H3K4me3
UBERON:0000947,ChIP-seq:H3K36me3,ChIP-seq:H3K9me3,0.17014055914349024,2.0,ChIP-seq:H3K36me3 x ChIP-seq:H3K9me3
UBERON:0000947,ChIP-seq:H3K36me3,polyA plus RNA-seq,-0.010436527345125544,8.0,ChIP-seq:H3K36me3 x polyA plus RNA-seq
UBERON:0000947,ChIP-seq:H3K36me3,RNA-seq,0.012614497235592673,8.0,ChIP-seq:H3K36me3 x RNA-seq
UBERON:0000947,ChIP-seq:H3K4me1,ChIP-seq:H3K27ac,0.3764863071604545,4.0,ChIP-seq:H3K27ac x ChIP-seq:H3K4me1
UBERON:0000947,ChIP-seq:H3K4me1,ChIP-seq:H3K27me3,0.1524369840962546,4.0,ChIP-seq:H3K27me3 x ChIP-seq:H3K4me1
UBERON:0000947,ChIP-seq:H3K4me1,ChIP-seq:H3K36me3,0.20199179996258368,4.0,ChIP-seq:H3K36me3 x ChIP-seq:H3K4me1
UBERON:0000947,ChIP-seq:H3K4me1,ChIP-seq:H3K4me3,0.18534793196437516,4.0,ChIP-seq:H3K4me1 x ChIP-seq:H3K4me3
UBERON:0000947,ChIP-seq:H3K4me1,ChIP-seq:H3K9me3,-0.004212608436743419,2.0,ChIP-seq:H3K4me1 x ChIP-seq:H3K9me3
UBERON:0000947,ChIP-seq:H3K4me1,polyA plus RNA-seq,-0.00887976729603597,8.0,ChIP-seq:H3K4me1 x polyA plus RNA-seq
UBERON:0000947,ChIP-seq:H3K4me1,RNA-seq,0.023742445461890277,8.0,ChIP-seq:H3K4me1 x RNA-seq
UBERON:0000947,ChIP-seq:H3K4me3,ChIP-seq:H3K27ac,0.1728648054673805,4.0,ChIP-seq:H3K27ac x ChIP-seq:H3K4me3
UBERON:0000947,ChIP-seq:H3K4me3,ChIP-seq:H3K27me3,0.20302594389234271,4.0,ChIP-seq:H3K27me3 x ChIP-seq:H3K4me3
UBERON:0000947,ChIP-seq:H3K4me3,ChIP-seq:H3K36me3,0.09146737756710203,4.0,ChIP-seq:H3K36me3 x ChIP-seq:H3K4me3
UBERON:0000947,ChIP-seq:H3K4me3,ChIP-seq:H3K4me1,0.1618637449102975,4.0,ChIP-seq:H3K4me1 x ChIP-seq:H3K4me3
UBERON:0000947,ChIP-seq:H3K4me3,ChIP-seq:H3K9me3,0.007387989676660961,2.0,ChIP-seq:H3K4me3 x ChIP-seq:H3K9me3
UBERON:0000947,ChIP-seq:H3K4me3,polyA plus RNA-seq,-0.013523465349883787,8.0,ChIP-seq:H3K4me3 x polyA plus RNA-seq
UBERON:0000947,ChIP-seq:H3K4me3,RNA-seq,0.002847319131388387,8.0,ChIP-seq:H3K4me3 x RNA-seq
UBERON:0000947,ChIP-seq:H3K9me3,ChIP-seq:H3K27ac,0.10536811162966378,2.0,ChIP-seq:H3K27ac x ChIP-seq:H3K9me3
UBERON:0000947,ChIP-seq:H3K9me3,ChIP-seq:H3K27me3,0.278126608133316,2.0,ChIP-seq:H3K27me3 x ChIP-seq:H3K9me3
UBERON:0000947,ChIP-seq:H3K9me3,ChIP-seq:H3K36me3,0.19642635659566002,2.0,ChIP-seq:H3K36me3 x ChIP-seq:H3K9me3
UBERON:0000947,ChIP-seq:H3K9me3,ChIP-seq:H3K4me1,0.0297459179504973,2.0,ChIP-seq:H3K4me1 x ChIP-seq:H3K9me3
UBERON:0000947,ChIP-seq:H3K9me3,ChIP-seq:H3K4me3,0.05346457663679791,2.0,ChIP-seq:H3K4me3 x ChIP-seq:H3K9me3
UBERON:0000947,ChIP-seq:H3K9me3,polyA plus RNA-seq,-0.010940086005271684,4.0,ChIP-seq:H3K9me3 x polyA plus RNA-seq
UBERON:0000947,ChIP-seq:H3K9me3,RNA-seq,-0.009781321177587789,4.0,ChIP-seq:H3K9me3 x RNA-seq
UBERON:0000947,polyA plus RNA-seq,ChIP-seq:H3K27ac,-0.008000078154091511,8.0,ChIP-seq:H3K27ac x polyA plus RNA-seq
UBERON:0000947,polyA plus RNA-seq,ChIP-seq:H3K27me3,0.004112560062536172,8.0,ChIP-seq:H3K27me3 x polyA plus RNA-seq
UBERON:0000947,polyA plus RNA-seq,ChIP-seq:H3K36me3,-0.03204325420988931,8.0,ChIP-seq:H3K36me3 x polyA plus RNA-seq
UBERON:0000947,polyA plus RNA-seq,ChIP-seq:H3K4me1,-0.01932008501366188,8.0,ChIP-seq:H3K4me1 x polyA plus RNA-seq
UBERON:0000947,polyA plus RNA-seq,ChIP-seq:H3K4me3,-0.02919661967414562,8.0,ChIP-seq:H3K4me3 x polyA plus RNA-seq
UBERON:0000947,polyA plus RNA-seq,ChIP-seq:H3K9me3,-0.00965426079928875,4.0,ChIP-seq:H3K9me3 x polyA plus RNA-seq
UBERON:0000947,polyA plus RNA-seq,RNA-seq,0.03697215157396652,16.0,RNA-seq x polyA plus RNA-seq
UBERON:0000947,RNA-seq,ChIP-seq:H3K27ac,0.030000722996011284,8.0,ChIP-seq:H3K27ac x RNA-seq
UBERON:0000947,RNA-seq,ChIP-seq:H3K27me3,-0.0047779436303036545,8.0,ChIP-seq:H3K27me3 x RNA-seq
UBERON:0000947,RNA-seq,ChIP-seq:H3K36me3,-0.0021469836473149567,8.0,ChIP-seq:H3K36me3 x RNA-seq
UBERON:0000947,RNA-seq,ChIP-seq:H3K4me1,0.029645600035542348,8.0,ChIP-seq:H3K4me1 x RNA-seq
UBERON:0000947,RNA-seq,ChIP-seq:H3K4me3,0.030529143271323677,8.0,ChIP-seq:H3K4me3 x RNA-seq
UBERON:0000947,RNA-seq,ChIP-seq:H3K9me3,-0.011305692253841294,4.0,ChIP-seq:H3K9me3 x RNA-seq
UBERON:0000947,RNA-seq,polyA plus RNA-seq,0.026807576933236904,16.0,RNA-seq x polyA plus RNA-seq
UBERON:0001496,DNase-seq,ChIP-seq:H3K27ac,0.05797276706058786,2.0,ChIP-seq:H3K27ac x DNase-seq
UBERON:0001496,DNase-seq,ChIP-seq:H3K27me3,-0.04775976161049171,1.0,ChIP-seq:H3K27me3 x DNase-seq
UBERON:0001496,DNase-seq,ChIP-seq:H3K36me3,-0.02391037023381183,1.0,ChIP-seq:H3K36me3 x DNase-seq
UBERON:0001496,DNase-seq,ChIP-seq:H3K4me1,0.007091308689467568,2.0,ChIP-seq:H3K4me1 x DNase-seq
UBERON:0001496,DNase-seq,ChIP-seq:H3K4me3,0.01528687468756025,2.0,ChIP-seq:H3K4me3 x DNase-seq
UBERON:0001496,DNase-seq,ChIP-seq:H3K9me3,-0.012162285997381424,2.0,ChIP-seq:H3K9me3 x DNase-seq
UBERON:0001496,DNase-seq,ChIP-seq:CTCF,-0.011818388722977552,1.0,ChIP-seq:CTCF x DNase-seq
UBERON:0001496,DNase-seq,RNA-seq,0.004308170961778811,2.0,DNase-seq x RNA-seq
UBERON:0001496,ChIP-seq:H3K27ac,DNase-seq,0.06980351130729469,2.0,ChIP-seq:H3K27ac x DNase-seq
UBERON:0001496,ChIP-seq:H3K27ac,ChIP-seq:H3K27me3,-0.020522027530453422,2.0,ChIP-seq:H3K27ac x ChIP-seq:H3K27me3
UBERON:0001496,ChIP-seq:H3K27ac,ChIP-seq:H3K36me3,0.025263768277670205,2.0,ChIP-seq:H3K27ac x ChIP-seq:H3K36me3
UBERON:0001496,ChIP-seq:H3K27ac,ChIP-seq:H3K4me1,0.2933127730270553,4.0,ChIP-seq:H3K27ac x ChIP-seq:H3K4me1
UBERON:0001496,ChIP-seq:H3K27ac,ChIP-seq:H3K4me3,0.16707560698562693,4.0,ChIP-seq:H3K27ac x ChIP-seq:H3K4me3
UBERON:0001496,ChIP-seq:H3K27ac,ChIP-seq:H3K9me3,0.029546772696951912,4.0,ChIP-seq:H3K27ac x ChIP-seq:H3K9me3
UBERON:0001496,ChIP-seq:H3K27ac,ChIP-seq:CTCF,-0.030845459989922226,2.0,ChIP-seq:CTCF x ChIP-seq:H3K27ac
UBERON:0001496,ChIP-seq:H3K27ac,RNA-seq,0.024425399265049212,4.0,ChIP-seq:H3K27ac x RNA-seq
UBERON:0001496,ChIP-seq:H3K27me3,DNase-seq,-0.02900019406812663,1.0,ChIP-seq:H3K27me3 x DNase-seq
UBERON:0001496,ChIP-seq:H3K27me3,ChIP-seq:H3K27ac,-0.05818792851352544,2.0,ChIP-seq:H3K27ac x ChIP-seq:H3K27me3
UBERON:0001496,ChIP-seq:H3K27me3,ChIP-seq:H3K36me3,0.06687842042822587,1.0,ChIP-seq:H3K27me3 x ChIP-seq:H3K36me3
UBERON:0001496,ChIP-seq:H3K27me3,ChIP-seq:H3K4me1,0.19030535318812386,2.0,ChIP-seq:H3K27me3 x ChIP-seq:H3K4me1
UBERON:0001496,ChIP-seq:H3K27me3,ChIP-seq:H3K4me3,0.06995878243279234,2.0,ChIP-seq:H3K27me3 x ChIP-seq:H3K4me3
UBERON:0001496,ChIP-seq:H3K27me3,ChIP-seq:H3K9me3,0.09518331971914408,2.0,ChIP-seq:H3K27me3 x ChIP-seq:H3K9me3
UBERON:0001496,ChIP-seq:H3K27me3,ChIP-seq:CTCF,0.0380021388519485,1.0,ChIP-seq:CTCF x ChIP-seq:H3K27me3
UBERON:0001496,ChIP-seq:H3K27me3,RNA-seq,-0.0008186761996505968,2.0,ChIP-seq:H3K27me3 x RNA-seq
UBERON:0001496,ChIP-seq:H3K36me3,DNase-seq,-0.031242917485745827,1.0,ChIP-seq:H3K36me3 x DNase-seq
UBERON:0001496,ChIP-seq:H3K36me3,ChIP-seq:H3K27ac,0.011946209746858349,2.0,ChIP-seq:H3K27ac x ChIP-seq:H3K36me3
UBERON:0001496,ChIP-seq:H3K36me3,ChIP-seq:H3K27me3,0.12356969680298459,1.0,ChIP-seq:H3K27me3 x ChIP-seq:H3K36me3
UBERON:0001496,ChIP-seq:H3K36me3,ChIP-seq:H3K4me1,0.09836191183230916,2.0,ChIP-seq:H3K36me3 x ChIP-seq:H3K4me1
UBERON:0001496,ChIP-seq:H3K36me3,ChIP-seq:H3K4me3,0.04771447411485921,2.0,ChIP-seq:H3K36me3 x ChIP-seq:H3K4me3
UBERON:0001496,ChIP-seq:H3K36me3,ChIP-seq:H3K9me3,0.053458896554049166,2.0,ChIP-seq:H3K36me3 x ChIP-seq:H3K9me3
UBERON:0001496,ChIP-seq:H3K36me3,ChIP-seq:CTCF,-0.04591963088737344,1.0,ChIP-seq:CTCF x ChIP-seq:H3K36me3
UBERON:0001496,ChIP-seq:H3K36me3,RNA-seq,0.03836450629826173,2.0,ChIP-seq:H3K36me3 x RNA-seq
UBERON:0001496,ChIP-seq:H3K4me1,DNase-seq,0.011734743621727035,2.0,ChIP-seq:H3K4me1 x DNase-seq
UBERON:0001496,ChIP-seq:H3K4me1,ChIP-seq:H3K27ac,0.286779300766702,4.0,ChIP-seq:H3K27ac x ChIP-seq:H3K4me1
UBERON:0001496,ChIP-seq:H3K4me1,ChIP-seq:H3K27me3,0.20466565002094617,2.0,ChIP-seq:H3K27me3 x ChIP-seq:H3K4me1
UBERON:0001496,ChIP-seq:H3K4me1,ChIP-seq:H3K36me3,0.05412453883572628,2.0,ChIP-seq:H3K36me3 x ChIP-seq:H3K4me1
UBERON:0001496,ChIP-seq:H3K4me1,ChIP-seq:H3K4me3,0.07578197400146555,4.0,ChIP-seq:H3K4me1 x ChIP-seq:H3K4me3
UBERON:0001496,ChIP-seq:H3K4me1,ChIP-seq:H3K9me3,0.09157558859393583,4.0,ChIP-seq:H3K4me1 x ChIP-seq:H3K9me3
UBERON:0001496,ChIP-seq:H3K4me1,ChIP-seq:CTCF,0.004228357998829965,2.0,ChIP-seq:CTCF x ChIP-seq:H3K4me1
UBERON:0001496,ChIP-seq:H3K4me1,RNA-seq,-0.003788844012683673,4.0,ChIP-seq:H3K4me1 x RNA-seq
UBERON:0001496,ChIP-seq:H3K4me3,DNase-seq,0.01405709595024432,2.0,ChIP-seq:H3K4me3 x DNase-seq
UBERON:0001496,ChIP-seq:H3K4me3,ChIP-seq:H3K27ac,0.13830588563628818,4.0,ChIP-seq:H3K27ac x ChIP-seq:H3K4me3
UBERON:0001496,ChIP-seq:H3K4me3,ChIP-seq:H3K27me3,0.0932268886403604,2.0,ChIP-seq:H3K27me3 x ChIP-seq:H3K4me3
UBERON:0001496,ChIP-seq:H3K4me3,ChIP-seq:H3K36me3,0.07106496762288245,2.0,ChIP-seq:H3K36me3 x ChIP-seq:H3K4me3
UBERON:0001496,ChIP-seq:H3K4me3,ChIP-seq:H3K4me1,0.10488717233548399,4.0,ChIP-seq:H3K4me1 x ChIP-seq:H3K4me3
UBERON:0001496,ChIP-seq:H3K4me3,ChIP-seq:H3K9me3,0.08224618110243835,4.0,ChIP-seq:H3K4me3 x ChIP-seq:H3K9me3
UBERON:0001496,ChIP-seq:H3K4me3,ChIP-seq:CTCF,0.004393674573808348,2.0,ChIP-seq:CTCF x ChIP-seq:H3K4me3
UBERON:0001496,ChIP-seq:H3K4me3,RNA-seq,0.014634667972072225,4.0,ChIP-seq:H3K4me3 x RNA-seq
UBERON:0001496,ChIP-seq:H3K9me3,DNase-seq,-0.019235087534685676,2.0,ChIP-seq:H3K9me3 x DNase-seq
UBERON:0001496,ChIP-seq:H3K9me3,ChIP-seq:H3K27ac,0.012341958418581055,4.0,ChIP-seq:H3K27ac x ChIP-seq:H3K9me3
UBERON:0001496,ChIP-seq:H3K9me3,ChIP-seq:H3K27me3,0.1495891186324033,2.0,ChIP-seq:H3K27me3 x ChIP-seq:H3K9me3
UBERON:0001496,ChIP-seq:H3K9me3,ChIP-seq:H3K36me3,0.018733822593563487,2.0,ChIP-seq:H3K36me3 x ChIP-seq:H3K9me3
UBERON:0001496,ChIP-seq:H3K9me3,ChIP-seq:H3K4me1,0.12914028128639596,4.0,ChIP-seq:H3K4me1 x ChIP-seq:H3K9me3
UBERON:0001496,ChIP-seq:H3K9me3,ChIP-seq:H3K4me3,0.04834714685088006,4.0,ChIP-seq:H3K4me3 x ChIP-seq:H3K9me3
UBERON:0001496,ChIP-seq:H3K9me3,ChIP-seq:CTCF,0.014965642595066213,2.0,ChIP-seq:CTCF x ChIP-seq:H3K9me3
UBERON:0001496,ChIP-seq:H3K9me3,RNA-seq,-0.018767360159451147,4.0,ChIP-seq:H3K9me3 x RNA-seq
UBERON:0001496,ChIP-seq:CTCF,DNase-seq,-0.011065582076810632,1.0,ChIP-seq:CTCF x DNase-seq
UBERON:0001496,ChIP-seq:CTCF,ChIP-seq:H3K27ac,-0.0318472514114117,2.0,ChIP-seq:CTCF x ChIP-seq:H3K27ac
UBERON:0001496,ChIP-seq:CTCF,ChIP-seq:H3K27me3,0.03843430023301732,1.0,ChIP-seq:CTCF x ChIP-seq:H3K27me3
UBERON:0001496,ChIP-seq:CTCF,ChIP-seq:H3K36me3,-0.05227188122899909,1.0,ChIP-seq:CTCF x ChIP-seq:H3K36me3
UBERON:0001496,ChIP-seq:CTCF,ChIP-seq:H3K4me1,0.017250584774330016,2.0,ChIP-seq:CTCF x ChIP-seq:H3K4me1
UBERON:0001496,ChIP-seq:CTCF,ChIP-seq:H3K4me3,0.02807139110899417,2.0,ChIP-seq:CTCF x ChIP-seq:H3K4me3
UBERON:0001496,ChIP-seq:CTCF,ChIP-seq:H3K9me3,0.04005138521920369,2.0,ChIP-seq:CTCF x ChIP-seq:H3K9me3
UBERON:0001496,ChIP-seq:CTCF,RNA-seq,0.00892825576038355,2.0,ChIP-seq:CTCF x RNA-seq
UBERON:0001496,RNA-seq,DNase-seq,0.010541618059468301,2.0,DNase-seq x RNA-seq
UBERON:0001496,RNA-seq,ChIP-seq:H3K27ac,0.03161820172338012,4.0,ChIP-seq:H3K27ac x RNA-seq
UBERON:0001496,RNA-seq,ChIP-seq:H3K27me3,-7.0866874673149605e-06,2.0,ChIP-seq:H3K27me3 x RNA-seq
UBERON:0001496,RNA-seq,ChIP-seq:H3K36me3,0.06733055302971289,2.0,ChIP-seq:H3K36me3 x RNA-seq
UBERON:0001496,RNA-seq,ChIP-seq:H3K4me1,0.008506920453303498,4.0,ChIP-seq:H3K4me1 x RNA-seq
UBERON:0001496,RNA-seq,ChIP-seq:H3K4me3,0.019079197720389497,4.0,ChIP-seq:H3K4me3 x RNA-seq
UBERON:0001496,RNA-seq,ChIP-seq:H3K9me3,-0.008006654029410311,4.0,ChIP-seq:H3K9me3 x RNA-seq
UBERON:0001496,RNA-seq,ChIP-seq:CTCF,0.015678521069996763,2.0,ChIP-seq:CTCF x RNA-seq
UBERON:0001150,DNase-seq,ChIP-seq:H3K27ac,0.15668316284815473,12.0,ChIP-seq:H3K27ac x DNase-seq
UBERON:0001150,DNase-seq,ChIP-seq:H3K27me3,-0.01215356262935989,12.0,ChIP-seq:H3K27me3 x DNase-seq
UBERON:0001150,DNase-seq,ChIP-seq:H3K36me3,-0.06142038982065897,8.0,ChIP-seq:H3K36me3 x DNase-seq
UBERON:0001150,DNase-seq,ChIP-seq:H3K4me1,0.005900606362920105,12.0,ChIP-seq:H3K4me1 x DNase-seq
UBERON:0001150,DNase-seq,ChIP-seq:H3K4me3,-0.009552668745272636,8.0,ChIP-seq:H3K4me3 x DNase-seq
UBERON:0001150,DNase-seq,ChIP-seq:H3K9me3,-0.00982262173344969,8.0,ChIP-seq:H3K9me3 x DNase-seq
UBERON:0001150,DNase-seq,ChIP-seq:CTCF,0.0049629760723488014,20.0,ChIP-seq:CTCF x DNase-seq
UBERON:0001150,DNase-seq,RNA-seq,0.0007756003364920612,16.0,DNase-seq x RNA-seq
UBERON:0001150,DNase-seq,ChIP-seq:POLR2A,0.08974694543414646,16.0,ChIP-seq:POLR2A x DNase-seq
UBERON:0001150,ChIP-seq:H3K27ac,DNase-seq,0.16206461983847084,12.0,ChIP-seq:H3K27ac x DNase-seq
UBERON:0001150,ChIP-seq:H3K27ac,ChIP-seq:H3K27me3,0.0743002795625007,9.0,ChIP-seq:H3K27ac x ChIP-seq:H3K27me3
UBERON:0001150,ChIP-seq:H3K27ac,ChIP-seq:H3K36me3,0.020636132193936244,6.0,ChIP-seq:H3K27ac x ChIP-seq:H3K36me3
UBERON:0001150,ChIP-seq:H3K27ac,ChIP-seq:H3K4me1,0.17496813901032574,9.0,ChIP-seq:H3K27ac x ChIP-seq:H3K4me1
UBERON:0001150,ChIP-seq:H3K27ac,ChIP-seq:H3K4me3,0.042607601929305156,6.0,ChIP-seq:H3K27ac x ChIP-seq:H3K4me3
UBERON:0001150,ChIP-seq:H3K27ac,ChIP-seq:H3K9me3,0.08338672499860908,6.0,ChIP-seq:H3K27ac x ChIP-seq:H3K9me3
UBERON:0001150,ChIP-seq:H3K27ac,ChIP-seq:CTCF,0.0011006605780981733,15.0,ChIP-seq:CTCF x ChIP-seq:H3K27ac
UBERON:0001150,ChIP-seq:H3K27ac,RNA-seq,0.015255188696524674,12.0,ChIP-seq:H3K27ac x RNA-seq
UBERON:0001150,ChIP-seq:H3K27ac,ChIP-seq:POLR2A,0.10886590274763694,12.0,ChIP-seq:H3K27ac x ChIP-seq:POLR2A
UBERON:0001150,ChIP-seq:H3K27me3,DNase-seq,-0.03055074334865201,12.0,ChIP-seq:H3K27me3 x DNase-seq
UBERON:0001150,ChIP-seq:H3K27me3,ChIP-seq:H3K27ac,0.02318777243296305,9.0,ChIP-seq:H3K27ac x ChIP-seq:H3K27me3
UBERON:0001150,ChIP-seq:H3K27me3,ChIP-seq:H3K36me3,0.22309090851475954,6.0,ChIP-seq:H3K27me3 x ChIP-seq:H3K36me3
UBERON:0001150,ChIP-seq:H3K27me3,ChIP-seq:H3K4me1,0.18633998269999857,9.0,ChIP-seq:H3K27me3 x ChIP-seq:H3K4me1
UBERON:0001150,ChIP-seq:H3K27me3,ChIP-seq:H3K4me3,0.24410143448184954,6.0,ChIP-seq:H3K27me3 x ChIP-seq:H3K4me3
UBERON:0001150,ChIP-seq:H3K27me3,ChIP-seq:H3K9me3,0.3756391364990888,6.0,ChIP-seq:H3K27me3 x ChIP-seq:H3K9me3
UBERON:0001150,ChIP-seq:H3K27me3,ChIP-seq:CTCF,-0.005290612831614375,15.0,ChIP-seq:CTCF x ChIP-seq:H3K27me3
UBERON:0001150,ChIP-seq:H3K27me3,RNA-seq,-0.0055004797466829715,12.0,ChIP-seq:H3K27me3 x RNA-seq
UBERON:0001150,ChIP-seq:H3K27me3,ChIP-seq:POLR2A,-0.03655181365248598,12.0,ChIP-seq:H3K27me3 x ChIP-seq:POLR2A
UBERON:0001150,ChIP-seq:H3K36me3,DNase-seq,-0.0421137951044221,8.0,ChIP-seq:H3K36me3 x DNase-seq
UBERON:0001150,ChIP-seq:H3K36me3,ChIP-seq:H3K27ac,-0.005112144847710925,6.0,ChIP-seq:H3K27ac x ChIP-seq:H3K36me3
UBERON:0001150,ChIP-seq:H3K36me3,ChIP-seq:H3K27me3,0.24901581358635566,6.0,ChIP-seq:H3K27me3 x ChIP-seq:H3K36me3
UBERON:0001150,ChIP-seq:H3K36me3,ChIP-seq:H3K4me1,0.04866038421134809,6.0,ChIP-seq:H3K36me3 x ChIP-seq:H3K4me1
UBERON:0001150,ChIP-seq:H3K36me3,ChIP-seq:H3K4me3,0.21289062806379017,4.0,ChIP-seq:H3K36me3 x ChIP-seq:H3K4me3
UBERON:0001150,ChIP-seq:H3K36me3,ChIP-seq:H3K9me3,0.18177110139884095,4.0,ChIP-seq:H3K36me3 x ChIP-seq:H3K9me3
UBERON:0001150,ChIP-seq:H3K36me3,ChIP-seq:CTCF,-0.0027907040189294255,10.0,ChIP-seq:CTCF x ChIP-seq:H3K36me3
UBERON:0001150,ChIP-seq:H3K36me3,RNA-seq,-0.00840229200966218,8.0,ChIP-seq:H3K36me3 x RNA-seq
UBERON:0001150,ChIP-seq:H3K36me3,ChIP-seq:POLR2A,-0.052871690442164734,8.0,ChIP-seq:H3K36me3 x ChIP-seq:POLR2A
UBERON:0001150,ChIP-seq:H3K4me1,DNase-seq,0.016336955625518824,12.0,ChIP-seq:H3K4me1 x DNase-seq
UBERON:0001150,ChIP-seq:H3K4me1,ChIP-seq:H3K27ac,0.14715310202704535,9.0,ChIP-seq:H3K27ac x ChIP-seq:H3K4me1
UBERON:0001150,ChIP-seq:H3K4me1,ChIP-seq:H3K27me3,0.23147633797364217,9.0,ChIP-seq:H3K27me3 x ChIP-seq:H3K4me1
UBERON:0001150,ChIP-seq:H3K4me1,ChIP-seq:H3K36me3,0.05122441621053787,6.0,ChIP-seq:H3K36me3 x ChIP-seq:H3K4me1
UBERON:0001150,ChIP-seq:H3K4me1,ChIP-seq:H3K4me3,0.07288152462225465,6.0,ChIP-seq:H3K4me1 x ChIP-seq:H3K4me3
UBERON:0001150,ChIP-seq:H3K4me1,ChIP-seq:H3K9me3,0.18821673786173987,6.0,ChIP-seq:H3K4me1 x ChIP-seq:H3K9me3
UBERON:0001150,ChIP-seq:H3K4me1,ChIP-seq:CTCF,0.01749284797244602,15.0,ChIP-seq:CTCF x ChIP-seq:H3K4me1
UBERON:0001150,ChIP-seq:H3K4me1,RNA-seq,0.007249959193023979,12.0,ChIP-seq:H3K4me1 x RNA-seq
UBERON:0001150,ChIP-seq:H3K4me1,ChIP-seq:POLR2A,-0.03800588956585637,12.0,ChIP-seq:H3K4me1 x ChIP-seq:POLR2A
UBERON:0001150,ChIP-seq:H3K4me3,DNase-seq,0.024170804209042093,8.0,ChIP-seq:H3K4me3 x DNase-seq
UBERON:0001150,ChIP-seq:H3K4me3,ChIP-seq:H3K27ac,0.06018652121225995,6.0,ChIP-seq:H3K27ac x ChIP-seq:H3K4me3
UBERON:0001150,ChIP-seq:H3K4me3,ChIP-seq:H3K27me3,0.2504647381004246,6.0,ChIP-seq:H3K27me3 x ChIP-seq:H3K4me3
UBERON:0001150,ChIP-seq:H3K4me3,ChIP-seq:H3K36me3,0.1811490861511735,4.0,ChIP-seq:H3K36me3 x ChIP-seq:H3K4me3
UBERON:0001150,ChIP-seq:H3K4me3,ChIP-seq:H3K4me1,0.051378180037487994,6.0,ChIP-seq:H3K4me1 x ChIP-seq:H3K4me3
UBERON:0001150,ChIP-seq:H3K4me3,ChIP-seq:H3K9me3,0.22620468416027517,4.0,ChIP-seq:H3K4me3 x ChIP-seq:H3K9me3
UBERON:0001150,ChIP-seq:H3K4me3,ChIP-seq:CTCF,0.002803085948906693,10.0,ChIP-seq:CTCF x ChIP-seq:H3K4me3
UBERON:0001150,ChIP-seq:H3K4me3,RNA-seq,0.029156678003423357,8.0,ChIP-seq:H3K4me3 x RNA-seq
UBERON:0001150,ChIP-seq:H3K4me3,ChIP-seq:POLR2A,0.04947387841012743,8.0,ChIP-seq:H3K4me3 x ChIP-seq:POLR2A
UBERON:0001150,ChIP-seq:H3K9me3,DNase-seq,-0.02087711342103741,8.0,ChIP-seq:H3K9me3 x DNase-seq
UBERON:0001150,ChIP-seq:H3K9me3,ChIP-seq:H3K27ac,0.04763381381829579,6.0,ChIP-seq:H3K27ac x ChIP-seq:H3K9me3
UBERON:0001150,ChIP-seq:H3K9me3,ChIP-seq:H3K27me3,0.40501699365418536,6.0,ChIP-seq:H3K27me3 x ChIP-seq:H3K9me3
UBERON:0001150,ChIP-seq:H3K9me3,ChIP-seq:H3K36me3,0.19453398244721548,4.0,ChIP-seq:H3K36me3 x ChIP-seq:H3K9me3
UBERON:0001150,ChIP-seq:H3K9me3,ChIP-seq:H3K4me1,0.159182417742062,6.0,ChIP-seq:H3K4me1 x ChIP-seq:H3K9me3
UBERON:0001150,ChIP-seq:H3K9me3,ChIP-seq:H3K4me3,0.22852514363894952,4.0,ChIP-seq:H3K4me3 x ChIP-seq:H3K9me3
UBERON:0001150,ChIP-seq:H3K9me3,ChIP-seq:CTCF,-0.00711919361469792,10.0,ChIP-seq:CTCF x ChIP-seq:H3K9me3
UBERON:0001150,ChIP-seq:H3K9me3,RNA-seq,0.004511765969150207,8.0,ChIP-seq:H3K9me3 x RNA-seq
UBERON:0001150,ChIP-seq:H3K9me3,ChIP-seq:POLR2A,-0.033890290582483565,8.0,ChIP-seq:H3K9me3 x ChIP-seq:POLR2A
UBERON:0001150,ChIP-seq:CTCF,DNase-seq,0.07439071532975824,20.0,ChIP-seq:CTCF x DNase-seq
UBERON:0001150,ChIP-seq:CTCF,ChIP-seq:H3K27ac,0.012920097907384236,15.0,ChIP-seq:CTCF x ChIP-seq:H3K27ac
UBERON:0001150,ChIP-seq:CTCF,ChIP-seq:H3K27me3,0.035750102722781826,15.0,ChIP-seq:CTCF x ChIP-seq:H3K27me3
UBERON:0001150,ChIP-seq:CTCF,ChIP-seq:H3K36me3,0.024264209879138486,10.0,ChIP-seq:CTCF x ChIP-seq:H3K36me3
UBERON:0001150,ChIP-seq:CTCF,ChIP-seq:H3K4me1,0.044889143797067495,15.0,ChIP-seq:CTCF x ChIP-seq:H3K4me1
UBERON:0001150,ChIP-seq:CTCF,ChIP-seq:H3K4me3,0.004698348323875501,10.0,ChIP-seq:CTCF x ChIP-seq:H3K4me3
UBERON:0001150,ChIP-seq:CTCF,ChIP-seq:H3K9me3,0.02857298081813578,10.0,ChIP-seq:CTCF x ChIP-seq:H3K9me3
UBERON:0001150,ChIP-seq:CTCF,RNA-seq,0.0007996836918241837,20.0,ChIP-seq:CTCF x RNA-seq
UBERON:0001150,ChIP-seq:CTCF,ChIP-seq:POLR2A,-0.012168411855344417,20.0,ChIP-seq:CTCF x ChIP-seq:POLR2A
UBERON:0001150,RNA-seq,DNase-seq,0.014713114943027187,16.0,DNase-seq x RNA-seq
UBERON:0001150,RNA-seq,ChIP-seq:H3K27ac,0.019264314572016397,12.0,ChIP-seq:H3K27ac x RNA-seq
UBERON:0001150,RNA-seq,ChIP-seq:H3K27me3,-0.00011415535519863039,12.0,ChIP-seq:H3K27me3 x RNA-seq
UBERON:0001150,RNA-seq,ChIP-seq:H3K36me3,0.00022397300711384655,8.0,ChIP-seq:H3K36me3 x RNA-seq
UBERON:0001150,RNA-seq,ChIP-seq:H3K4me1,0.013316447154069558,12.0,ChIP-seq:H3K4me1 x RNA-seq
UBERON:0001150,RNA-seq,ChIP-seq:H3K4me3,0.030415778405198428,8.0,ChIP-seq:H3K4me3 x RNA-seq
UBERON:0001150,RNA-seq,ChIP-seq:H3K9me3,0.01301711783146059,8.0,ChIP-seq:H3K9me3 x RNA-seq
UBERON:0001150,RNA-seq,ChIP-seq:CTCF,0.002273368791622274,20.0,ChIP-seq:CTCF x RNA-seq
UBERON:0001150,RNA-seq,ChIP-seq:POLR2A,0.02094925057004999,16.0,ChIP-seq:POLR2A x RNA-seq
UBERON:0001150,ChIP-seq:POLR2A,DNase-seq,0.1087910149999233,16.0,ChIP-seq:POLR2A x DNase-seq
UBERON:0001150,ChIP-seq:POLR2A,ChIP-seq:H3K27ac,0.1208819230397542,12.0,ChIP-seq:H3K27ac x ChIP-seq:POLR2A
UBERON:0001150,ChIP-seq:POLR2A,ChIP-seq:H3K27me3,0.004777557205879829,12.0,ChIP-seq:H3K27me3 x ChIP-seq:POLR2A
UBERON:0001150,ChIP-seq:POLR2A,ChIP-seq:H3K36me3,0.01633963459935138,8.0,ChIP-seq:H3K36me3 x ChIP-seq:POLR2A
UBERON:0001150,ChIP-seq:POLR2A,ChIP-seq:H3K4me1,-0.045357344242242664,12.0,ChIP-seq:H3K4me1 x ChIP-seq:POLR2A
UBERON:0001150,ChIP-seq:POLR2A,ChIP-seq:H3K4me3,0.018818871161648043,8.0,ChIP-seq:H3K4me3 x ChIP-seq:POLR2A
UBERON:0001150,ChIP-seq:POLR2A,ChIP-seq:H3K9me3,-0.003948653801006145,8.0,ChIP-seq:H3K9me3 x ChIP-seq:POLR2A
UBERON:0001150,ChIP-seq:POLR2A,ChIP-seq:CTCF,-0.01988271685207591,20.0,ChIP-seq:CTCF x ChIP-seq:POLR2A
UBERON:0001150,ChIP-seq:POLR2A,RNA-seq,0.03259594976902008,16.0,ChIP-seq:POLR2A x RNA-seq
UBERON:0000955,DNase-seq,ChIP-seq:H3K27me3,-0.03707617883416036,42.0,ChIP-seq:H3K27me3 x DNase-seq
UBERON:0000955,DNase-seq,ChIP-seq:H3K36me3,-0.022606002331590977,28.0,ChIP-seq:H3K36me3 x DNase-seq
UBERON:0000955,DNase-seq,ChIP-seq:H3K4me1,0.005910396529650837,14.0,ChIP-seq:H3K4me1 x DNase-seq
UBERON:0000955,DNase-seq,ChIP-seq:H3K4me3,0.015925373349870958,28.0,ChIP-seq:H3K4me3 x DNase-seq
UBERON:0000955,DNase-seq,ChIP-seq:H3K9me3,0.005943487422743095,42.0,ChIP-seq:H3K9me3 x DNase-seq
UBERON:0000955,DNase-seq,polyA plus RNA-seq,-0.007269384038287304,28.0,DNase-seq x polyA plus RNA-seq
UBERON:0000955,ChIP-seq:H3K27me3,DNase-seq,-0.03454488147476645,42.0,ChIP-seq:H3K27me3 x DNase-seq
UBERON:0000955,ChIP-seq:H3K27me3,ChIP-seq:H3K36me3,0.050208862969484284,6.0,ChIP-seq:H3K27me3 x ChIP-seq:H3K36me3
UBERON:0000955,ChIP-seq:H3K27me3,ChIP-seq:H3K4me1,-0.021755967721127083,3.0,ChIP-seq:H3K27me3 x ChIP-seq:H3K4me1
UBERON:0000955,ChIP-seq:H3K27me3,ChIP-seq:H3K4me3,-0.05206979880823153,6.0,ChIP-seq:H3K27me3 x ChIP-seq:H3K4me3
UBERON:0000955,ChIP-seq:H3K27me3,ChIP-seq:H3K9me3,0.08057850993676728,9.0,ChIP-seq:H3K27me3 x ChIP-seq:H3K9me3
UBERON:0000955,ChIP-seq:H3K27me3,polyA plus RNA-seq,0.017886470366400998,6.0,ChIP-seq:H3K27me3 x polyA plus RNA-seq
UBERON:0000955,ChIP-seq:H3K36me3,DNase-seq,-0.01676085269741012,28.0,ChIP-seq:H3K36me3 x DNase-seq
UBERON:0000955,ChIP-seq:H3K36me3,ChIP-seq:H3K27me3,0.043558093665660116,6.0,ChIP-seq:H3K27me3 x ChIP-seq:H3K36me3
UBERON:0000955,ChIP-seq:H3K36me3,ChIP-seq:H3K4me1,0.007638259426407189,2.0,ChIP-seq:H3K36me3 x ChIP-seq:H3K4me1
UBERON:0000955,ChIP-seq:H3K36me3,ChIP-seq:H3K4me3,0.022615042941592563,4.0,ChIP-seq:H3K36me3 x ChIP-seq:H3K4me3
UBERON:0000955,ChIP-seq:H3K36me3,ChIP-seq:H3K9me3,0.06550309363375889,6.0,ChIP-seq:H3K36me3 x ChIP-seq:H3K9me3
UBERON:0000955,ChIP-seq:H3K36me3,polyA plus RNA-seq,-0.004632015923374366,4.0,ChIP-seq:H3K36me3 x polyA plus RNA-seq
UBERON:0000955,ChIP-seq:H3K4me1,DNase-seq,-0.00769645553138843,14.0,ChIP-seq:H3K4me1 x DNase-seq
UBERON:0000955,ChIP-seq:H3K4me1,ChIP-seq:H3K27me3,-0.02924400529470937,3.0,ChIP-seq:H3K27me3 x ChIP-seq:H3K4me1
UBERON:0000955,ChIP-seq:H3K4me1,ChIP-seq:H3K36me3,0.012585865205557892,2.0,ChIP-seq:H3K36me3 x ChIP-seq:H3K4me1
UBERON:0000955,ChIP-seq:H3K4me1,ChIP-seq:H3K4me3,0.028716234333604297,2.0,ChIP-seq:H3K4me1 x ChIP-seq:H3K4me3
UBERON:0000955,ChIP-seq:H3K4me1,ChIP-seq:H3K9me3,-0.05422235788142636,3.0,ChIP-seq:H3K4me1 x ChIP-seq:H3K9me3
UBERON:0000955,ChIP-seq:H3K4me1,polyA plus RNA-seq,-0.007725527045719945,2.0,ChIP-seq:H3K4me1 x polyA plus RNA-seq
UBERON:0000955,ChIP-seq:H3K4me3,DNase-seq,0.02092519212276378,28.0,ChIP-seq:H3K4me3 x DNase-seq
UBERON:0000955,ChIP-seq:H3K4me3,ChIP-seq:H3K27me3,-0.07298034772105601,6.0,ChIP-seq:H3K27me3 x ChIP-seq:H3K4me3
UBERON:0000955,ChIP-seq:H3K4me3,ChIP-seq:H3K36me3,0.003786776254259088,4.0,ChIP-seq:H3K36me3 x ChIP-seq:H3K4me3
UBERON:0000955,ChIP-seq:H3K4me3,ChIP-seq:H3K4me1,0.038320125121137374,2.0,ChIP-seq:H3K4me1 x ChIP-seq:H3K4me3
UBERON:0000955,ChIP-seq:H3K4me3,ChIP-seq:H3K9me3,0.15118617221210778,6.0,ChIP-seq:H3K4me3 x ChIP-seq:H3K9me3
UBERON:0000955,ChIP-seq:H3K4me3,polyA plus RNA-seq,-0.03008783707411207,4.0,ChIP-seq:H3K4me3 x polyA plus RNA-seq
UBERON:0000955,ChIP-seq:H3K9me3,DNase-seq,-0.015857333772209034,42.0,ChIP-seq:H3K9me3 x DNase-seq
UBERON:0000955,ChIP-seq:H3K9me3,ChIP-seq:H3K27me3,0.10450215906018956,9.0,ChIP-seq:H3K27me3 x ChIP-seq:H3K9me3
UBERON:0000955,ChIP-seq:H3K9me3,ChIP-seq:H3K36me3,0.10455066018213881,6.0,ChIP-seq:H3K36me3 x ChIP-seq:H3K9me3
UBERON:0000955,ChIP-seq:H3K9me3,ChIP-seq:H3K4me1,-0.024943211696286133,3.0,ChIP-seq:H3K4me1 x ChIP-seq:H3K9me3
UBERON:0000955,ChIP-seq:H3K9me3,ChIP-seq:H3K4me3,0.11533035983177732,6.0,ChIP-seq:H3K4me3 x ChIP-seq:H3K9me3
UBERON:0000955,ChIP-seq:H3K9me3,polyA plus RNA-seq,0.005246716383364276,6.0,ChIP-seq:H3K9me3 x polyA plus RNA-seq
UBERON:0000955,polyA plus RNA-seq,DNase-seq,0.00916735850568963,28.0,DNase-seq x polyA plus RNA-seq
UBERON:0000955,polyA plus RNA-seq,ChIP-seq:H3K27me3,0.02303472786456689,6.0,ChIP-seq:H3K27me3 x polyA plus RNA-seq
UBERON:0000955,polyA plus RNA-seq,ChIP-seq:H3K36me3,0.011871843820526487,4.0,ChIP-seq:H3K36me3 x polyA plus RNA-seq
UBERON:0000955,polyA plus RNA-seq,ChIP-seq:H3K4me1,0.005222387287927711,2.0,ChIP-seq:H3K4me1 x polyA plus RNA-seq
UBERON:0000955,polyA plus RNA-seq,ChIP-seq:H3K4me3,0.0025732289721197062,4.0,ChIP-seq:H3K4me3 x polyA plus RNA-seq
UBERON:0000955,polyA plus RNA-seq,ChIP-seq:H3K9me3,0.018124494869052696,6.0,ChIP-seq:H3K9me3 x polyA plus RNA-seq
UBERON:0008367,DNase-seq,ChIP-seq:H3K27ac,0.05003953164006457,1.0,ChIP-seq:H3K27ac x DNase-seq
UBERON:0008367,DNase-seq,ChIP-seq:H3K36me3,0.01594408299577864,1.0,ChIP-seq:H3K36me3 x DNase-seq
UBERON:0008367,DNase-seq,ChIP-seq:H3K4me1,0.010427409823498001,1.0,ChIP-seq:H3K4me1 x DNase-seq
UBERON:0008367,DNase-seq,ChIP-seq:H3K4me3,0.04814107653706573,1.0,ChIP-seq:H3K4me3 x DNase-seq
UBERON:0008367,DNase-seq,ChIP-seq:H3K9me3,-0.012924251788192325,1.0,ChIP-seq:H3K9me3 x DNase-seq
UBERON:0008367,DNase-seq,ChIP-seq:CTCF,0.057523969656381846,3.0,ChIP-seq:CTCF x DNase-seq
UBERON:0008367,DNase-seq,RNA-seq,0.006599323916519786,6.0,DNase-seq x RNA-seq
UBERON:0008367,DNase-seq,ChIP-seq:POLR2A,0.10163439597402299,2.0,ChIP-seq:POLR2A x DNase-seq
UBERON:0008367,DNase-seq,ChIP-seq:POLR2AphosphoS5,0.12043260644983361,3.0,ChIP-seq:POLR2AphosphoS5 x DNase-seq
UBERON:0008367,ChIP-seq:H3K27ac,DNase-seq,0.035968373627772984,1.0,ChIP-seq:H3K27ac x DNase-seq
UBERON:0008367,ChIP-seq:H3K27ac,ChIP-seq:H3K36me3,-0.011140224847354387,1.0,ChIP-seq:H3K27ac x ChIP-seq:H3K36me3
UBERON:0008367,ChIP-seq:H3K27ac,ChIP-seq:H3K4me1,0.24066138785818347,1.0,ChIP-seq:H3K27ac x ChIP-seq:H3K4me1
UBERON:0008367,ChIP-seq:H3K27ac,ChIP-seq:H3K4me3,0.25958068232203635,1.0,ChIP-seq:H3K27ac x ChIP-seq:H3K4me3
UBERON:0008367,ChIP-seq:H3K27ac,ChIP-seq:H3K9me3,0.044604650719298256,1.0,ChIP-seq:H3K27ac x ChIP-seq:H3K9me3
UBERON:0008367,ChIP-seq:H3K27ac,ChIP-seq:CTCF,0.04021615706957304,3.0,ChIP-seq:CTCF x ChIP-seq:H3K27ac
UBERON:0008367,ChIP-seq:H3K27ac,RNA-seq,0.02549987661500349,6.0,ChIP-seq:H3K27ac x RNA-seq
UBERON:0008367,ChIP-seq:H3K27ac,ChIP-seq:POLR2A,0.05101677349635533,2.0,ChIP-seq:H3K27ac x ChIP-seq:POLR2A
UBERON:0008367,ChIP-seq:H3K27ac,ChIP-seq:POLR2AphosphoS5,0.07846187441437333,3.0,ChIP-seq:H3K27ac x ChIP-seq:POLR2AphosphoS5
UBERON:0008367,ChIP-seq:H3K36me3,DNase-seq,0.0052163449132810215,1.0,ChIP-seq:H3K36me3 x DNase-seq
UBERON:0008367,ChIP-seq:H3K36me3,ChIP-seq:H3K27ac,-0.0344684822599829,1.0,ChIP-seq:H3K27ac x ChIP-seq:H3K36me3
UBERON:0008367,ChIP-seq:H3K36me3,ChIP-seq:H3K4me1,0.10820479885391568,1.0,ChIP-seq:H3K36me3 x ChIP-seq:H3K4me1
UBERON:0008367,ChIP-seq:H3K36me3,ChIP-seq:H3K4me3,-0.002579973308846008,1.0,ChIP-seq:H3K36me3 x ChIP-seq:H3K4me3
UBERON:0008367,ChIP-seq:H3K36me3,ChIP-seq:H3K9me3,0.1445743547545539,1.0,ChIP-seq:H3K36me3 x ChIP-seq:H3K9me3
UBERON:0008367,ChIP-seq:H3K36me3,ChIP-seq:CTCF,0.014232728343743548,3.0,ChIP-seq:CTCF x ChIP-seq:H3K36me3
UBERON:0008367,ChIP-seq:H3K36me3,RNA-seq,0.009638501326806714,6.0,ChIP-seq:H3K36me3 x RNA-seq
UBERON:0008367,ChIP-seq:H3K36me3,ChIP-seq:POLR2A,0.005916470927851542,2.0,ChIP-seq:H3K36me3 x ChIP-seq:POLR2A
UBERON:0008367,ChIP-seq:H3K36me3,ChIP-seq:POLR2AphosphoS5,-0.040144393565478144,3.0,ChIP-seq:H3K36me3 x ChIP-seq:POLR2AphosphoS5
UBERON:0008367,ChIP-seq:H3K4me1,DNase-seq,-0.015743373510138083,1.0,ChIP-seq:H3K4me1 x DNase-seq
UBERON:0008367,ChIP-seq:H3K4me1,ChIP-seq:H3K27ac,0.21497218476401436,1.0,ChIP-seq:H3K27ac x ChIP-seq:H3K4me1
UBERON:0008367,ChIP-seq:H3K4me1,ChIP-seq:H3K36me3,0.07299944319223103,1.0,ChIP-seq:H3K36me3 x ChIP-seq:H3K4me1
UBERON:0008367,ChIP-seq:H3K4me1,ChIP-seq:H3K4me3,0.10661638226619986,1.0,ChIP-seq:H3K4me1 x ChIP-seq:H3K4me3
UBERON:0008367,ChIP-seq:H3K4me1,ChIP-seq:H3K9me3,0.017812747094366282,1.0,ChIP-seq:H3K4me1 x ChIP-seq:H3K9me3
UBERON:0008367,ChIP-seq:H3K4me1,ChIP-seq:CTCF,0.01744232880763518,3.0,ChIP-seq:CTCF x ChIP-seq:H3K4me1
UBERON:0008367,ChIP-seq:H3K4me1,RNA-seq,-0.0029445636057543693,6.0,ChIP-seq:H3K4me1 x RNA-seq
UBERON:0008367,ChIP-seq:H3K4me1,ChIP-seq:POLR2A,0.012752172138009752,2.0,ChIP-seq:H3K4me1 x ChIP-seq:POLR2A
UBERON:0008367,ChIP-seq:H3K4me1,ChIP-seq:POLR2AphosphoS5,0.033187859588199184,3.0,ChIP-seq:H3K4me1 x ChIP-seq:POLR2AphosphoS5
UBERON:0008367,ChIP-seq:H3K4me3,DNase-seq,-0.008355610244991235,1.0,ChIP-seq:H3K4me3 x DNase-seq
UBERON:0008367,ChIP-seq:H3K4me3,ChIP-seq:H3K27ac,0.22374906289724655,1.0,ChIP-seq:H3K27ac x ChIP-seq:H3K4me3
UBERON:0008367,ChIP-seq:H3K4me3,ChIP-seq:H3K36me3,0.00837137075631242,1.0,ChIP-seq:H3K36me3 x ChIP-seq:H3K4me3
UBERON:0008367,ChIP-seq:H3K4me3,ChIP-seq:H3K4me1,0.14043563669142517,1.0,ChIP-seq:H3K4me1 x ChIP-seq:H3K4me3
UBERON:0008367,ChIP-seq:H3K4me3,ChIP-seq:H3K9me3,0.06419129835234748,1.0,ChIP-seq:H3K4me3 x ChIP-seq:H3K9me3
UBERON:0008367,ChIP-seq:H3K4me3,ChIP-seq:CTCF,0.0386354189652663,3.0,ChIP-seq:CTCF x ChIP-seq:H3K4me3
UBERON:0008367,ChIP-seq:H3K4me3,RNA-seq,0.027670638640158,6.0,ChIP-seq:H3K4me3 x RNA-seq
UBERON:0008367,ChIP-seq:H3K4me3,ChIP-seq:POLR2A,0.03864285349845886,2.0,ChIP-seq:H3K4me3 x ChIP-seq:POLR2A
UBERON:0008367,ChIP-seq:H3K4me3,ChIP-seq:POLR2AphosphoS5,0.038562072647942425,3.0,ChIP-seq:H3K4me3 x ChIP-seq:POLR2AphosphoS5
UBERON:0008367,ChIP-seq:H3K9me3,DNase-seq,-0.018991067565039068,1.0,ChIP-seq:H3K9me3 x DNase-seq
UBERON:0008367,ChIP-seq:H3K9me3,ChIP-seq:H3K27ac,0.012635290576719943,1.0,ChIP-seq:H3K27ac x ChIP-seq:H3K9me3
UBERON:0008367,ChIP-seq:H3K9me3,ChIP-seq:H3K36me3,0.11469469133176302,1.0,ChIP-seq:H3K36me3 x ChIP-seq:H3K9me3
UBERON:0008367,ChIP-seq:H3K9me3,ChIP-seq:H3K4me1,0.04482555972493213,1.0,ChIP-seq:H3K4me1 x ChIP-seq:H3K9me3
UBERON:0008367,ChIP-seq:H3K9me3,ChIP-seq:H3K4me3,0.0357909316240355,1.0,ChIP-seq:H3K4me3 x ChIP-seq:H3K9me3
UBERON:0008367,ChIP-seq:H3K9me3,ChIP-seq:CTCF,0.014307542489125177,3.0,ChIP-seq:CTCF x ChIP-seq:H3K9me3
UBERON:0008367,ChIP-seq:H3K9me3,RNA-seq,-0.006421145588934562,6.0,ChIP-seq:H3K9me3 x RNA-seq
UBERON:0008367,ChIP-seq:H3K9me3,ChIP-seq:POLR2A,-0.007191819804055352,2.0,ChIP-seq:H3K9me3 x ChIP-seq:POLR2A
UBERON:0008367,ChIP-seq:H3K9me3,ChIP-seq:POLR2AphosphoS5,0.0004815293682946045,3.0,ChIP-seq:H3K9me3 x ChIP-seq:POLR2AphosphoS5
UBERON:0008367,ChIP-seq:CTCF,DNase-seq,-0.01830351493148183,3.0,ChIP-seq:CTCF x DNase-seq
UBERON:0008367,ChIP-seq:CTCF,ChIP-seq:H3K27ac,0.02484498593051738,3.0,ChIP-seq:CTCF x ChIP-seq:H3K27ac
UBERON:0008367,ChIP-seq:CTCF,ChIP-seq:H3K36me3,0.022237204825669005,3.0,ChIP-seq:CTCF x ChIP-seq:H3K36me3
UBERON:0008367,ChIP-seq:CTCF,ChIP-seq:H3K4me1,0.029330759808637086,3.0,ChIP-seq:CTCF x ChIP-seq:H3K4me1
UBERON:0008367,ChIP-seq:CTCF,ChIP-seq:H3K4me3,0.03578447408454363,3.0,ChIP-seq:CTCF x ChIP-seq:H3K4me3
UBERON:0008367,ChIP-seq:CTCF,ChIP-seq:H3K9me3,0.04409531376979969,3.0,ChIP-seq:CTCF x ChIP-seq:H3K9me3
UBERON:0008367,ChIP-seq:CTCF,RNA-seq,-0.0014201368434960879,18.0,ChIP-seq:CTCF x RNA-seq
UBERON:0008367,ChIP-seq:CTCF,ChIP-seq:POLR2A,0.05551711434409734,6.0,ChIP-seq:CTCF x ChIP-seq:POLR2A
UBERON:0008367,ChIP-seq:CTCF,ChIP-seq:POLR2AphosphoS5,0.07198072362829137,9.0,ChIP-seq:CTCF x ChIP-seq:POLR2AphosphoS5
UBERON:0008367,RNA-seq,DNase-seq,0.0029965448412715406,6.0,DNase-seq x RNA-seq
UBERON:0008367,RNA-seq,ChIP-seq:H3K27ac,0.017808436304944046,6.0,ChIP-seq:H3K27ac x RNA-seq
UBERON:0008367,RNA-seq,ChIP-seq:H3K36me3,0.005491400706140619,6.0,ChIP-seq:H3K36me3 x RNA-seq
UBERON:0008367,RNA-seq,ChIP-seq:H3K4me1,-0.0018318023910557004,6.0,ChIP-seq:H3K4me1 x RNA-seq
UBERON:0008367,RNA-seq,ChIP-seq:H3K4me3,0.025563263800717134,6.0,ChIP-seq:H3K4me3 x RNA-seq
UBERON:0008367,RNA-seq,ChIP-seq:H3K9me3,-0.006208223270045386,6.0,ChIP-seq:H3K9me3 x RNA-seq
UBERON:0008367,RNA-seq,ChIP-seq:CTCF,0.008473966119444776,18.0,ChIP-seq:CTCF x RNA-seq
UBERON:0008367,RNA-seq,ChIP-seq:POLR2A,-0.0017949406589780545,12.0,ChIP-seq:POLR2A x RNA-seq
UBERON:0008367,RNA-seq,ChIP-seq:POLR2AphosphoS5,-0.010502937031380923,18.0,ChIP-seq:POLR2AphosphoS5 x RNA-seq
UBERON:0008367,ChIP-seq:POLR2A,DNase-seq,0.09944793811800548,2.0,ChIP-seq:POLR2A x DNase-seq
UBERON:0008367,ChIP-seq:POLR2A,ChIP-seq:H3K27ac,0.022177119313934707,2.0,ChIP-seq:H3K27ac x ChIP-seq:POLR2A
UBERON:0008367,ChIP-seq:POLR2A,ChIP-seq:H3K36me3,0.015508682084710974,2.0,ChIP-seq:H3K36me3 x ChIP-seq:POLR2A
UBERON:0008367,ChIP-seq:POLR2A,ChIP-seq:H3K4me1,0.028790967295999115,2.0,ChIP-seq:H3K4me1 x ChIP-seq:POLR2A
UBERON:0008367,ChIP-seq:POLR2A,ChIP-seq:H3K4me3,0.06252595837726149,2.0,ChIP-seq:H3K4me3 x ChIP-seq:POLR2A
UBERON:0008367,ChIP-seq:POLR2A,ChIP-seq:H3K9me3,0.042323272758060033,2.0,ChIP-seq:H3K9me3 x ChIP-seq:POLR2A
UBERON:0008367,ChIP-seq:POLR2A,ChIP-seq:CTCF,0.11387419853454982,6.0,ChIP-seq:CTCF x ChIP-seq:POLR2A
UBERON:0008367,ChIP-seq:POLR2A,RNA-seq,0.010935009124713024,12.0,ChIP-seq:POLR2A x RNA-seq
UBERON:0008367,ChIP-seq:POLR2A,ChIP-seq:POLR2AphosphoS5,0.05251117105837222,6.0,ChIP-seq:POLR2A x ChIP-seq:POLR2AphosphoS5
UBERON:0008367,ChIP-seq:POLR2AphosphoS5,DNase-seq,0.18964811053762295,3.0,ChIP-seq:POLR2AphosphoS5 x DNase-seq
UBERON:0008367,ChIP-seq:POLR2AphosphoS5,ChIP-seq:H3K27ac,0.05628709513464092,3.0,ChIP-seq:H3K27ac x ChIP-seq:POLR2AphosphoS5
UBERON:0008367,ChIP-seq:POLR2AphosphoS5,ChIP-seq:H3K36me3,-0.011966581642627715,3.0,ChIP-seq:H3K36me3 x ChIP-seq:POLR2AphosphoS5
UBERON:0008367,ChIP-seq:POLR2AphosphoS5,ChIP-seq:H3K4me1,0.054526614970055176,3.0,ChIP-seq:H3K4me1 x ChIP-seq:POLR2AphosphoS5
UBERON:0008367,ChIP-seq:POLR2AphosphoS5,ChIP-seq:H3K4me3,0.06149626868639804,3.0,ChIP-seq:H3K4me3 x ChIP-seq:POLR2AphosphoS5
UBERON:0008367,ChIP-seq:POLR2AphosphoS5,ChIP-seq:H3K9me3,0.03270110443786338,3.0,ChIP-seq:H3K9me3 x ChIP-seq:POLR2AphosphoS5
UBERON:0008367,ChIP-seq:POLR2AphosphoS5,ChIP-seq:CTCF,0.07368267499483548,9.0,ChIP-seq:CTCF x ChIP-seq:POLR2AphosphoS5
UBERON:0008367,ChIP-seq:POLR2AphosphoS5,RNA-seq,0.010748534831031279,18.0,ChIP-seq:POLR2AphosphoS5 x RNA-seq
UBERON:0008367,ChIP-seq:POLR2AphosphoS5,ChIP-seq:POLR2A,0.10149518648783362,6.0,ChIP-seq:POLR2A x ChIP-seq:POLR2AphosphoS5
UBERON:0001873,DNase-seq,ChIP-seq:H3K27ac,0.07002702670067734,2.0,ChIP-seq:H3K27ac x DNase-seq
UBERON:0001873,DNase-seq,ChIP-seq:H3K27me3,-0.035462654658726285,2.0,ChIP-seq:H3K27me3 x DNase-seq
UBERON:0001873,DNase-seq,ChIP-seq:H3K36me3,-0.03099005598397482,2.0,ChIP-seq:H3K36me3 x DNase-seq
UBERON:0001873,DNase-seq,ChIP-seq:H3K4me1,-0.0333611218899977,2.0,ChIP-seq:H3K4me1 x DNase-seq
UBERON:0001873,DNase-seq,ChIP-seq:H3K4me3,0.06226742225829686,2.0,ChIP-seq:H3K4me3 x DNase-seq
UBERON:0001873,DNase-seq,ChIP-seq:H3K9ac,-0.008804791271686555,1.0,ChIP-seq:H3K9ac x DNase-seq
UBERON:0001873,DNase-seq,ChIP-seq:H3K9me3,-0.01358990136055307,2.0,ChIP-seq:H3K9me3 x DNase-seq
UBERON:0001873,ChIP-seq:H3K27ac,DNase-seq,0.014083160992453214,2.0,ChIP-seq:H3K27ac x DNase-seq
UBERON:0001873,ChIP-seq:H3K27ac,ChIP-seq:H3K27me3,-0.032792579563600675,4.0,ChIP-seq:H3K27ac x ChIP-seq:H3K27me3
UBERON:0001873,ChIP-seq:H3K27ac,ChIP-seq:H3K36me3,0.01330274674627516,4.0,ChIP-seq:H3K27ac x ChIP-seq:H3K36me3
UBERON:0001873,ChIP-seq:H3K27ac,ChIP-seq:H3K4me1,0.24264254433209778,4.0,ChIP-seq:H3K27ac x ChIP-seq:H3K4me1
UBERON:0001873,ChIP-seq:H3K27ac,ChIP-seq:H3K4me3,0.23782394561812142,4.0,ChIP-seq:H3K27ac x ChIP-seq:H3K4me3
UBERON:0001873,ChIP-seq:H3K27ac,ChIP-seq:H3K9ac,0.271824517250061,2.0,ChIP-seq:H3K27ac x ChIP-seq:H3K9ac
UBERON:0001873,ChIP-seq:H3K27ac,ChIP-seq:H3K9me3,-0.028410304431392495,4.0,ChIP-seq:H3K27ac x ChIP-seq:H3K9me3
UBERON:0001873,ChIP-seq:H3K27me3,DNase-seq,-0.0158987802221107,2.0,ChIP-seq:H3K27me3 x DNase-seq
UBERON:0001873,ChIP-seq:H3K27me3,ChIP-seq:H3K27ac,-0.024231590712385148,4.0,ChIP-seq:H3K27ac x ChIP-seq:H3K27me3
UBERON:0001873,ChIP-seq:H3K27me3,ChIP-seq:H3K36me3,-0.04080342946859895,4.0,ChIP-seq:H3K27me3 x ChIP-seq:H3K36me3
UBERON:0001873,ChIP-seq:H3K27me3,ChIP-seq:H3K4me1,0.014273884090406648,4.0,ChIP-seq:H3K27me3 x ChIP-seq:H3K4me1
UBERON:0001873,ChIP-seq:H3K27me3,ChIP-seq:H3K4me3,0.0014541497123297126,4.0,ChIP-seq:H3K27me3 x ChIP-seq:H3K4me3
UBERON:0001873,ChIP-seq:H3K27me3,ChIP-seq:H3K9ac,-0.03660434328019619,2.0,ChIP-seq:H3K27me3 x ChIP-seq:H3K9ac
UBERON:0001873,ChIP-seq:H3K27me3,ChIP-seq:H3K9me3,0.045684787064957225,4.0,ChIP-seq:H3K27me3 x ChIP-seq:H3K9me3
UBERON:0001873,ChIP-seq:H3K36me3,DNase-seq,-0.034160561629769735,2.0,ChIP-seq:H3K36me3 x DNase-seq
UBERON:0001873,ChIP-seq:H3K36me3,ChIP-seq:H3K27ac,0.024623564126328653,4.0,ChIP-seq:H3K27ac x ChIP-seq:H3K36me3
UBERON:0001873,ChIP-seq:H3K36me3,ChIP-seq:H3K27me3,-0.04451702645846775,4.0,ChIP-seq:H3K27me3 x ChIP-seq:H3K36me3
UBERON:0001873,ChIP-seq:H3K36me3,ChIP-seq:H3K4me1,0.007053888662428155,4.0,ChIP-seq:H3K36me3 x ChIP-seq:H3K4me1
UBERON:0001873,ChIP-seq:H3K36me3,ChIP-seq:H3K4me3,-0.010791416602017724,4.0,ChIP-seq:H3K36me3 x ChIP-seq:H3K4me3
UBERON:0001873,ChIP-seq:H3K36me3,ChIP-seq:H3K9ac,-0.000374939739704129,2.0,ChIP-seq:H3K36me3 x ChIP-seq:H3K9ac
UBERON:0001873,ChIP-seq:H3K36me3,ChIP-seq:H3K9me3,0.04991619114103264,4.0,ChIP-seq:H3K36me3 x ChIP-seq:H3K9me3
UBERON:0001873,ChIP-seq:H3K4me1,DNase-seq,-0.03693758133214666,2.0,ChIP-seq:H3K4me1 x DNase-seq
UBERON:0001873,ChIP-seq:H3K4me1,ChIP-seq:H3K27ac,0.2369645149071024,4.0,ChIP-seq:H3K27ac x ChIP-seq:H3K4me1
UBERON:0001873,ChIP-seq:H3K4me1,ChIP-seq:H3K27me3,0.0014811666309833549,4.0,ChIP-seq:H3K27me3 x ChIP-seq:H3K4me1
UBERON:0001873,ChIP-seq:H3K4me1,ChIP-seq:H3K36me3,0.007034111728586215,4.0,ChIP-seq:H3K36me3 x ChIP-seq:H3K4me1
UBERON:0001873,ChIP-seq:H3K4me1,ChIP-seq:H3K4me3,-0.047117514379113636,4.0,ChIP-seq:H3K4me1 x ChIP-seq:H3K4me3
UBERON:0001873,ChIP-seq:H3K4me1,ChIP-seq:H3K9ac,0.04845470190048218,2.0,ChIP-seq:H3K4me1 x ChIP-seq:H3K9ac
UBERON:0001873,ChIP-seq:H3K4me1,ChIP-seq:H3K9me3,0.03703189095971304,4.0,ChIP-seq:H3K4me1 x ChIP-seq:H3K9me3
UBERON:0001873,ChIP-seq:H3K4me3,DNase-seq,-0.004688727710118329,2.0,ChIP-seq:H3K4me3 x DNase-seq
UBERON:0001873,ChIP-seq:H3K4me3,ChIP-seq:H3K27ac,0.21684049282755172,4.0,ChIP-seq:H3K27ac x ChIP-seq:H3K4me3
UBERON:0001873,ChIP-seq:H3K4me3,ChIP-seq:H3K27me3,-0.02385923348367214,4.0,ChIP-seq:H3K27me3 x ChIP-seq:H3K4me3
UBERON:0001873,ChIP-seq:H3K4me3,ChIP-seq:H3K36me3,0.0006468141421912205,4.0,ChIP-seq:H3K36me3 x ChIP-seq:H3K4me3
UBERON:0001873,ChIP-seq:H3K4me3,ChIP-seq:H3K4me1,-0.0751566831938556,4.0,ChIP-seq:H3K4me1 x ChIP-seq:H3K4me3
UBERON:0001873,ChIP-seq:H3K4me3,ChIP-seq:H3K9ac,0.2951181650161743,2.0,ChIP-seq:H3K4me3 x ChIP-seq:H3K9ac
UBERON:0001873,ChIP-seq:H3K4me3,ChIP-seq:H3K9me3,0.030822837818934266,4.0,ChIP-seq:H3K4me3 x ChIP-seq:H3K9me3
UBERON:0001873,ChIP-seq:H3K9ac,DNase-seq,-0.005390570008203116,1.0,ChIP-seq:H3K9ac x DNase-seq
UBERON:0001873,ChIP-seq:H3K9ac,ChIP-seq:H3K27ac,0.35356132806458085,2.0,ChIP-seq:H3K27ac x ChIP-seq:H3K9ac
UBERON:0001873,ChIP-seq:H3K9ac,ChIP-seq:H3K27me3,-0.019663066661783628,2.0,ChIP-seq:H3K27me3 x ChIP-seq:H3K9ac
UBERON:0001873,ChIP-seq:H3K9ac,ChIP-seq:H3K36me3,0.022264091544365754,2.0,ChIP-seq:H3K36me3 x ChIP-seq:H3K9ac
UBERON:0001873,ChIP-seq:H3K9ac,ChIP-seq:H3K4me1,0.06683341824943251,2.0,ChIP-seq:H3K4me1 x ChIP-seq:H3K9ac
UBERON:0001873,ChIP-seq:H3K9ac,ChIP-seq:H3K4me3,0.3846813707708198,2.0,ChIP-seq:H3K4me3 x ChIP-seq:H3K9ac
UBERON:0001873,ChIP-seq:H3K9ac,ChIP-seq:H3K9me3,-0.0360262936719969,2.0,ChIP-seq:H3K9ac x ChIP-seq:H3K9me3
UBERON:0001873,ChIP-seq:H3K9me3,DNase-seq,0.004229704899699031,2.0,ChIP-seq:H3K9me3 x DNase-seq
UBERON:0001873,ChIP-seq:H3K9me3,ChIP-seq:H3K27ac,-0.015775084645944352,4.0,ChIP-seq:H3K27ac x ChIP-seq:H3K9me3
UBERON:0001873,ChIP-seq:H3K9me3,ChIP-seq:H3K27me3,0.055503741928509306,4.0,ChIP-seq:H3K27me3 x ChIP-seq:H3K9me3
UBERON:0001873,ChIP-seq:H3K9me3,ChIP-seq:H3K36me3,0.0742698765936352,4.0,ChIP-seq:H3K36me3 x ChIP-seq:H3K9me3
UBERON:0001873,ChIP-seq:H3K9me3,ChIP-seq:H3K4me1,0.02972660234065655,4.0,ChIP-seq:H3K4me1 x ChIP-seq:H3K9me3
UBERON:0001873,ChIP-seq:H3K9me3,ChIP-seq:H3K4me3,0.05154513421459733,4.0,ChIP-seq:H3K4me3 x ChIP-seq:H3K9me3
UBERON:0001873,ChIP-seq:H3K9me3,ChIP-seq:H3K9ac,-0.0504926609992981,2.0,ChIP-seq:H3K9ac x ChIP-seq:H3K9me3
UBERON:0002037,DNase-seq,ChIP-seq:H3K4me3,0.03428719681362773,1.0,ChIP-seq:H3K4me3 x DNase-seq
UBERON:0002037,DNase-seq,polyA plus RNA-seq,0.0030212905204569374,2.0,DNase-seq x polyA plus RNA-seq
UBERON:0002037,DNase-seq,RNA-seq,0.00474893976116348,2.0,DNase-seq x RNA-seq
UBERON:0002037,ChIP-seq:H3K4me3,DNase-seq,0.044153340831207435,1.0,ChIP-seq:H3K4me3 x DNase-seq
UBERON:0002037,ChIP-seq:H3K4me3,polyA plus RNA-seq,0.0035769983933955675,2.0,ChIP-seq:H3K4me3 x polyA plus RNA-seq
UBERON:0002037,ChIP-seq:H3K4me3,RNA-seq,-0.004561669864981879,2.0,ChIP-seq:H3K4me3 x RNA-seq
UBERON:0002037,polyA plus RNA-seq,DNase-seq,-0.0004937290321738678,2.0,DNase-seq x polyA plus RNA-seq
UBERON:0002037,polyA plus RNA-seq,ChIP-seq:H3K4me3,-0.003254771180624186,2.0,ChIP-seq:H3K4me3 x polyA plus RNA-seq
UBERON:0002037,polyA plus RNA-seq,RNA-seq,-0.008176352087172739,4.0,RNA-seq x polyA plus RNA-seq
UBERON:0002037,RNA-seq,DNase-seq,-0.009434344826366724,2.0,DNase-seq x RNA-seq
UBERON:0002037,RNA-seq,ChIP-seq:H3K4me3,-0.016352818616081115,2.0,ChIP-seq:H3K4me3 x RNA-seq
UBERON:0002037,RNA-seq,polyA plus RNA-seq,0.0070166043873161055,4.0,RNA-seq x polyA plus RNA-seq
UBERON:0003124,DNase-seq,ChIP-seq:H3K27ac,-0.01488218348912941,2.0,ChIP-seq:H3K27ac x DNase-seq
UBERON:0003124,DNase-seq,ChIP-seq:H3K27me3,-0.0016228796115943349,2.0,ChIP-seq:H3K27me3 x DNase-seq
UBERON:0003124,DNase-seq,ChIP-seq:H3K36me3,0.01641751224638293,2.0,ChIP-seq:H3K36me3 x DNase-seq
UBERON:0003124,DNase-seq,ChIP-seq:H3K4me1,-0.02377220201484167,2.0,ChIP-seq:H3K4me1 x DNase-seq
UBERON:0003124,DNase-seq,ChIP-seq:H3K4me3,0.011788550172453727,2.0,ChIP-seq:H3K4me3 x DNase-seq
UBERON:0003124,DNase-seq,polyA plus RNA-seq,-0.0019780765925656255,8.0,DNase-seq x polyA plus RNA-seq
UBERON:0003124,ChIP-seq:H3K27ac,DNase-seq,-0.07745450361126646,2.0,ChIP-seq:H3K27ac x DNase-seq
UBERON:0003124,ChIP-seq:H3K27ac,ChIP-seq:H3K27me3,0.041642371458666665,4.0,ChIP-seq:H3K27ac x ChIP-seq:H3K27me3
UBERON:0003124,ChIP-seq:H3K27ac,ChIP-seq:H3K36me3,-0.013352526775585911,4.0,ChIP-seq:H3K27ac x ChIP-seq:H3K36me3
UBERON:0003124,ChIP-seq:H3K27ac,ChIP-seq:H3K4me1,0.40616057837595704,4.0,ChIP-seq:H3K27ac x ChIP-seq:H3K4me1
UBERON:0003124,ChIP-seq:H3K27ac,ChIP-seq:H3K4me3,0.2254605131728627,4.0,ChIP-seq:H3K27ac x ChIP-seq:H3K4me3
UBERON:0003124,ChIP-seq:H3K27ac,polyA plus RNA-seq,0.01261096794169081,16.0,ChIP-seq:H3K27ac x polyA plus RNA-seq
UBERON:0003124,ChIP-seq:H3K27me3,DNase-seq,0.021367004040657403,2.0,ChIP-seq:H3K27me3 x DNase-seq
UBERON:0003124,ChIP-seq:H3K27me3,ChIP-seq:H3K27ac,0.043823315628937314,4.0,ChIP-seq:H3K27ac x ChIP-seq:H3K27me3
UBERON:0003124,ChIP-seq:H3K27me3,ChIP-seq:H3K36me3,0.06811656526945256,4.0,ChIP-seq:H3K27me3 x ChIP-seq:H3K36me3
UBERON:0003124,ChIP-seq:H3K27me3,ChIP-seq:H3K4me1,-0.06094092317434445,4.0,ChIP-seq:H3K27me3 x ChIP-seq:H3K4me1
UBERON:0003124,ChIP-seq:H3K27me3,ChIP-seq:H3K4me3,0.11969603361370407,4.0,ChIP-seq:H3K27me3 x ChIP-seq:H3K4me3
UBERON:0003124,ChIP-seq:H3K27me3,polyA plus RNA-seq,-0.016339013510473267,16.0,ChIP-seq:H3K27me3 x polyA plus RNA-seq
UBERON:0003124,ChIP-seq:H3K36me3,DNase-seq,-0.0041272576352471245,2.0,ChIP-seq:H3K36me3 x DNase-seq
UBERON:0003124,ChIP-seq:H3K36me3,ChIP-seq:H3K27ac,2.1589306755834953e-05,4.0,ChIP-seq:H3K27ac x ChIP-seq:H3K36me3
UBERON:0003124,ChIP-seq:H3K36me3,ChIP-seq:H3K27me3,0.07552624272448677,4.0,ChIP-seq:H3K27me3 x ChIP-seq:H3K36me3
UBERON:0003124,ChIP-seq:H3K36me3,ChIP-seq:H3K4me1,-0.020219453025222475,4.0,ChIP-seq:H3K36me3 x ChIP-seq:H3K4me1
UBERON:0003124,ChIP-seq:H3K36me3,ChIP-seq:H3K4me3,0.03904319836575294,4.0,ChIP-seq:H3K36me3 x ChIP-seq:H3K4me3
UBERON:0003124,ChIP-seq:H3K36me3,polyA plus RNA-seq,-0.00822472822127468,16.0,ChIP-seq:H3K36me3 x polyA plus RNA-seq
UBERON:0003124,ChIP-seq:H3K4me1,DNase-seq,-0.037529922739284204,2.0,ChIP-seq:H3K4me1 x DNase-seq
UBERON:0003124,ChIP-seq:H3K4me1,ChIP-seq:H3K27ac,0.43298019422507433,4.0,ChIP-seq:H3K27ac x ChIP-seq:H3K4me1
UBERON:0003124,ChIP-seq:H3K4me1,ChIP-seq:H3K27me3,-0.03446191842534713,4.0,ChIP-seq:H3K27me3 x ChIP-seq:H3K4me1
UBERON:0003124,ChIP-seq:H3K4me1,ChIP-seq:H3K36me3,-0.008312101500532618,4.0,ChIP-seq:H3K36me3 x ChIP-seq:H3K4me1
UBERON:0003124,ChIP-seq:H3K4me1,ChIP-seq:H3K4me3,-0.014008543689117253,4.0,ChIP-seq:H3K4me1 x ChIP-seq:H3K4me3
UBERON:0003124,ChIP-seq:H3K4me1,polyA plus RNA-seq,-0.002659069292746896,16.0,ChIP-seq:H3K4me1 x polyA plus RNA-seq
UBERON:0003124,ChIP-seq:H3K4me3,DNase-seq,0.007949752393142731,2.0,ChIP-seq:H3K4me3 x DNase-seq
UBERON:0003124,ChIP-seq:H3K4me3,ChIP-seq:H3K27ac,0.20491816279310618,4.0,ChIP-seq:H3K27ac x ChIP-seq:H3K4me3
UBERON:0003124,ChIP-seq:H3K4me3,ChIP-seq:H3K27me3,0.12533973915236338,4.0,ChIP-seq:H3K27me3 x ChIP-seq:H3K4me3
UBERON:0003124,ChIP-seq:H3K4me3,ChIP-seq:H3K36me3,0.030222181309625586,4.0,ChIP-seq:H3K36me3 x ChIP-seq:H3K4me3
UBERON:0003124,ChIP-seq:H3K4me3,ChIP-seq:H3K4me1,-0.004305900893901866,4.0,ChIP-seq:H3K4me1 x ChIP-seq:H3K4me3
UBERON:0003124,ChIP-seq:H3K4me3,polyA plus RNA-seq,0.006996887027348443,16.0,ChIP-seq:H3K4me3 x polyA plus RNA-seq
UBERON:0003124,polyA plus RNA-seq,DNase-seq,0.00451336265721174,8.0,DNase-seq x polyA plus RNA-seq
UBERON:0003124,polyA plus RNA-seq,ChIP-seq:H3K27ac,0.009936603862121238,16.0,ChIP-seq:H3K27ac x polyA plus RNA-seq
UBERON:0003124,polyA plus RNA-seq,ChIP-seq:H3K27me3,-0.01904164467539106,16.0,ChIP-seq:H3K27me3 x polyA plus RNA-seq
UBERON:0003124,polyA plus RNA-seq,ChIP-seq:H3K36me3,0.01163812600588672,16.0,ChIP-seq:H3K36me3 x polyA plus RNA-seq
UBERON:0003124,polyA plus RNA-seq,ChIP-seq:H3K4me1,0.0011500919777187486,16.0,ChIP-seq:H3K4me1 x polyA plus RNA-seq
UBERON:0003124,polyA plus RNA-seq,ChIP-seq:H3K4me3,0.02153641417204777,16.0,ChIP-seq:H3K4me3 x polyA plus RNA-seq
UBERON:0007106,ChIP-seq:H3K27ac,ChIP-seq:H3K27me3,-0.007391619889033321,16.0,ChIP-seq:H3K27ac x ChIP-seq:H3K27me3
UBERON:0007106,ChIP-seq:H3K27ac,ChIP-seq:H3K36me3,-0.00021405665472867125,16.0,ChIP-seq:H3K27ac x ChIP-seq:H3K36me3
UBERON:0007106,ChIP-seq:H3K27ac,ChIP-seq:H3K4me1,0.457761831046468,16.0,ChIP-seq:H3K27ac x ChIP-seq:H3K4me1
UBERON:0007106,ChIP-seq:H3K27ac,ChIP-seq:H3K4me3,0.2027663251139083,16.0,ChIP-seq:H3K27ac x ChIP-seq:H3K4me3
UBERON:0007106,ChIP-seq:H3K27ac,ChIP-seq:H3K9me3,0.03562178365928305,16.0,ChIP-seq:H3K27ac x ChIP-seq:H3K9me3
UBERON:0007106,ChIP-seq:H3K27ac,polyA plus RNA-seq,0.020062337448631506,24.0,ChIP-seq:H3K27ac x polyA plus RNA-seq
UBERON:0007106,ChIP-seq:H3K27me3,ChIP-seq:H3K27ac,-0.008109656144987862,16.0,ChIP-seq:H3K27ac x ChIP-seq:H3K27me3
UBERON:0007106,ChIP-seq:H3K27me3,ChIP-seq:H3K36me3,0.13383092759127285,16.0,ChIP-seq:H3K27me3 x ChIP-seq:H3K36me3
UBERON:0007106,ChIP-seq:H3K27me3,ChIP-seq:H3K4me1,0.08693592299743252,16.0,ChIP-seq:H3K27me3 x ChIP-seq:H3K4me1
UBERON:0007106,ChIP-seq:H3K27me3,ChIP-seq:H3K4me3,0.0842830589357412,16.0,ChIP-seq:H3K27me3 x ChIP-seq:H3K4me3
UBERON:0007106,ChIP-seq:H3K27me3,ChIP-seq:H3K9me3,0.1742424904289892,16.0,ChIP-seq:H3K27me3 x ChIP-seq:H3K9me3
UBERON:0007106,ChIP-seq:H3K27me3,polyA plus RNA-seq,-0.003566256770189258,24.0,ChIP-seq:H3K27me3 x polyA plus RNA-seq
UBERON:0007106,ChIP-seq:H3K36me3,ChIP-seq:H3K27ac,-0.005885613367617504,16.0,ChIP-seq:H3K27ac x ChIP-seq:H3K36me3
UBERON:0007106,ChIP-seq:H3K36me3,ChIP-seq:H3K27me3,0.11736059705646051,16.0,ChIP-seq:H3K27me3 x ChIP-seq:H3K36me3
UBERON:0007106,ChIP-seq:H3K36me3,ChIP-seq:H3K4me1,0.08863002317057131,16.0,ChIP-seq:H3K36me3 x ChIP-seq:H3K4me1
UBERON:0007106,ChIP-seq:H3K36me3,ChIP-seq:H3K4me3,0.05768763175550497,16.0,ChIP-seq:H3K36me3 x ChIP-seq:H3K4me3
UBERON:0007106,ChIP-seq:H3K36me3,ChIP-seq:H3K9me3,0.23575868175528142,16.0,ChIP-seq:H3K36me3 x ChIP-seq:H3K9me3
UBERON:0007106,ChIP-seq:H3K36me3,polyA plus RNA-seq,0.0002942058487214877,24.0,ChIP-seq:H3K36me3 x polyA plus RNA-seq
UBERON:0007106,ChIP-seq:H3K4me1,ChIP-seq:H3K27ac,0.4750265707759737,16.0,ChIP-seq:H3K27ac x ChIP-seq:H3K4me1
UBERON:0007106,ChIP-seq:H3K4me1,ChIP-seq:H3K27me3,0.06410394970736752,16.0,ChIP-seq:H3K27me3 x ChIP-seq:H3K4me1
UBERON:0007106,ChIP-seq:H3K4me1,ChIP-seq:H3K36me3,0.09361420189314348,16.0,ChIP-seq:H3K36me3 x ChIP-seq:H3K4me1
UBERON:0007106,ChIP-seq:H3K4me1,ChIP-seq:H3K4me3,0.004294093768551666,16.0,ChIP-seq:H3K4me1 x ChIP-seq:H3K4me3
UBERON:0007106,ChIP-seq:H3K4me1,ChIP-seq:H3K9me3,0.09890125641378306,16.0,ChIP-seq:H3K4me1 x ChIP-seq:H3K9me3
UBERON:0007106,ChIP-seq:H3K4me1,polyA plus RNA-seq,0.009576916781024656,24.0,ChIP-seq:H3K4me1 x polyA plus RNA-seq
UBERON:0007106,ChIP-seq:H3K4me3,ChIP-seq:H3K27ac,0.17539523045221964,16.0,ChIP-seq:H3K27ac x ChIP-seq:H3K4me3
UBERON:0007106,ChIP-seq:H3K4me3,ChIP-seq:H3K27me3,0.07655521882751773,16.0,ChIP-seq:H3K27me3 x ChIP-seq:H3K4me3
UBERON:0007106,ChIP-seq:H3K4me3,ChIP-seq:H3K36me3,0.052293037188881855,16.0,ChIP-seq:H3K36me3 x ChIP-seq:H3K4me3
UBERON:0007106,ChIP-seq:H3K4me3,ChIP-seq:H3K4me1,0.03911730391873839,16.0,ChIP-seq:H3K4me1 x ChIP-seq:H3K4me3
UBERON:0007106,ChIP-seq:H3K4me3,ChIP-seq:H3K9me3,0.1111349277408783,16.0,ChIP-seq:H3K4me3 x ChIP-seq:H3K9me3
UBERON:0007106,ChIP-seq:H3K4me3,polyA plus RNA-seq,0.011982577002566788,24.0,ChIP-seq:H3K4me3 x polyA plus RNA-seq
UBERON:0007106,ChIP-seq:H3K9me3,ChIP-seq:H3K27ac,0.024130148895131716,16.0,ChIP-seq:H3K27ac x ChIP-seq:H3K9me3
UBERON:0007106,ChIP-seq:H3K9me3,ChIP-seq:H3K27me3,0.19254291884471914,16.0,ChIP-seq:H3K27me3 x ChIP-seq:H3K9me3
UBERON:0007106,ChIP-seq:H3K9me3,ChIP-seq:H3K36me3,0.2433247974212157,16.0,ChIP-seq:H3K36me3 x ChIP-seq:H3K9me3
UBERON:0007106,ChIP-seq:H3K9me3,ChIP-seq:H3K4me1,0.09783248586878593,16.0,ChIP-seq:H3K4me1 x ChIP-seq:H3K9me3
UBERON:0007106,ChIP-seq:H3K9me3,ChIP-seq:H3K4me3,0.10429428517818451,16.0,ChIP-seq:H3K4me3 x ChIP-seq:H3K9me3
UBERON:0007106,ChIP-seq:H3K9me3,polyA plus RNA-seq,0.0006973324586515839,24.0,ChIP-seq:H3K9me3 x polyA plus RNA-seq
UBERON:0007106,polyA plus RNA-seq,ChIP-seq:H3K27ac,0.01593912088271207,24.0,ChIP-seq:H3K27ac x polyA plus RNA-seq
UBERON:0007106,polyA plus RNA-seq,ChIP-seq:H3K27me3,-0.004769639960832908,24.0,ChIP-seq:H3K27me3 x polyA plus RNA-seq
UBERON:0007106,polyA plus RNA-seq,ChIP-seq:H3K36me3,0.023095898077874683,24.0,ChIP-seq:H3K36me3 x polyA plus RNA-seq
UBERON:0007106,polyA plus RNA-seq,ChIP-seq:H3K4me1,0.016775888358251383,24.0,ChIP-seq:H3K4me1 x polyA plus RNA-seq
UBERON:0007106,polyA plus RNA-seq,ChIP-seq:H3K4me3,0.020821019725979495,24.0,ChIP-seq:H3K4me3 x polyA plus RNA-seq
UBERON:0007106,polyA plus RNA-seq,ChIP-seq:H3K9me3,-0.0015920203971885247,24.0,ChIP-seq:H3K9me3 x polyA plus RNA-seq
UBERON:0002967,ChIP-seq:H3K27ac,ChIP-seq:H3K27me3,-0.028518409552899273,2.0,ChIP-seq:H3K27ac x ChIP-seq:H3K27me3
UBERON:0002967,ChIP-seq:H3K27ac,ChIP-seq:H3K36me3,0.03463026944291655,4.0,ChIP-seq:H3K27ac x ChIP-seq:H3K36me3
UBERON:0002967,ChIP-seq:H3K27ac,ChIP-seq:H3K4me1,0.3067505167481678,4.0,ChIP-seq:H3K27ac x ChIP-seq:H3K4me1
UBERON:0002967,ChIP-seq:H3K27ac,ChIP-seq:H3K4me3,0.21469451111053753,4.0,ChIP-seq:H3K27ac x ChIP-seq:H3K4me3
UBERON:0002967,ChIP-seq:H3K27ac,ChIP-seq:H3K9ac,0.28718832015991214,2.0,ChIP-seq:H3K27ac x ChIP-seq:H3K9ac
UBERON:0002967,ChIP-seq:H3K27ac,ChIP-seq:H3K9me3,-0.006427794164202735,4.0,ChIP-seq:H3K27ac x ChIP-seq:H3K9me3
UBERON:0002967,ChIP-seq:H3K27me3,ChIP-seq:H3K27ac,-0.006561770132794883,2.0,ChIP-seq:H3K27ac x ChIP-seq:H3K27me3
UBERON:0002967,ChIP-seq:H3K27me3,ChIP-seq:H3K36me3,-0.030100949266284864,2.0,ChIP-seq:H3K27me3 x ChIP-seq:H3K36me3
UBERON:0002967,ChIP-seq:H3K27me3,ChIP-seq:H3K4me1,0.016437122893463718,2.0,ChIP-seq:H3K27me3 x ChIP-seq:H3K4me1
UBERON:0002967,ChIP-seq:H3K27me3,ChIP-seq:H3K4me3,-0.005420271080927314,2.0,ChIP-seq:H3K27me3 x ChIP-seq:H3K4me3
UBERON:0002967,ChIP-seq:H3K27me3,ChIP-seq:H3K9ac,-0.07266875982284546,1.0,ChIP-seq:H3K27me3 x ChIP-seq:H3K9ac
UBERON:0002967,ChIP-seq:H3K27me3,ChIP-seq:H3K9me3,0.10656358734522452,2.0,ChIP-seq:H3K27me3 x ChIP-seq:H3K9me3
UBERON:0002967,ChIP-seq:H3K36me3,ChIP-seq:H3K27ac,0.04529459487577403,4.0,ChIP-seq:H3K27ac x ChIP-seq:H3K36me3
UBERON:0002967,ChIP-seq:H3K36me3,ChIP-seq:H3K27me3,-0.033187770708040756,2.0,ChIP-seq:H3K27me3 x ChIP-seq:H3K36me3
UBERON:0002967,ChIP-seq:H3K36me3,ChIP-seq:H3K4me1,0.0057273009598580865,4.0,ChIP-seq:H3K36me3 x ChIP-seq:H3K4me1
UBERON:0002967,ChIP-seq:H3K36me3,ChIP-seq:H3K4me3,0.005204368452323933,4.0,ChIP-seq:H3K36me3 x ChIP-seq:H3K4me3
UBERON:0002967,ChIP-seq:H3K36me3,ChIP-seq:H3K9ac,0.0389908492565155,2.0,ChIP-seq:H3K36me3 x ChIP-seq:H3K9ac
UBERON:0002967,ChIP-seq:H3K36me3,ChIP-seq:H3K9me3,0.08340734609678471,4.0,ChIP-seq:H3K36me3 x ChIP-seq:H3K9me3
UBERON:0002967,ChIP-seq:H3K4me1,ChIP-seq:H3K27ac,0.3011207369543751,4.0,ChIP-seq:H3K27ac x ChIP-seq:H3K4me1
UBERON:0002967,ChIP-seq:H3K4me1,ChIP-seq:H3K27me3,0.027499412948435005,2.0,ChIP-seq:H3K27me3 x ChIP-seq:H3K4me1
UBERON:0002967,ChIP-seq:H3K4me1,ChIP-seq:H3K36me3,0.012204804984980791,4.0,ChIP-seq:H3K36me3 x ChIP-seq:H3K4me1
UBERON:0002967,ChIP-seq:H3K4me1,ChIP-seq:H3K4me3,-0.04555307001432526,4.0,ChIP-seq:H3K4me1 x ChIP-seq:H3K4me3
UBERON:0002967,ChIP-seq:H3K4me1,ChIP-seq:H3K9ac,0.09797044157981873,2.0,ChIP-seq:H3K4me1 x ChIP-seq:H3K9ac
UBERON:0002967,ChIP-seq:H3K4me1,ChIP-seq:H3K9me3,0.029189676545851723,4.0,ChIP-seq:H3K4me1 x ChIP-seq:H3K9me3
UBERON:0002967,ChIP-seq:H3K4me3,ChIP-seq:H3K27ac,0.16688801338954,4.0,ChIP-seq:H3K27ac x ChIP-seq:H3K4me3
UBERON:0002967,ChIP-seq:H3K4me3,ChIP-seq:H3K27me3,-0.03271163068711758,2.0,ChIP-seq:H3K27me3 x ChIP-seq:H3K4me3
UBERON:0002967,ChIP-seq:H3K4me3,ChIP-seq:H3K36me3,0.019900650081653443,4.0,ChIP-seq:H3K36me3 x ChIP-seq:H3K4me3
UBERON:0002967,ChIP-seq:H3K4me3,ChIP-seq:H3K4me1,-0.07078893551898133,4.0,ChIP-seq:H3K4me1 x ChIP-seq:H3K4me3
UBERON:0002967,ChIP-seq:H3K4me3,ChIP-seq:H3K9ac,0.3114018154144287,2.0,ChIP-seq:H3K4me3 x ChIP-seq:H3K9ac
UBERON:0002967,ChIP-seq:H3K4me3,ChIP-seq:H3K9me3,0.03589021073206843,4.0,ChIP-seq:H3K4me3 x ChIP-seq:H3K9me3
UBERON:0002967,ChIP-seq:H3K9ac,ChIP-seq:H3K27ac,0.34291972580903807,2.0,ChIP-seq:H3K27ac x ChIP-seq:H3K9ac
UBERON:0002967,ChIP-seq:H3K9ac,ChIP-seq:H3K27me3,-0.07538699290969156,1.0,ChIP-seq:H3K27me3 x ChIP-seq:H3K9ac
UBERON:0002967,ChIP-seq:H3K9ac,ChIP-seq:H3K36me3,0.06936097949270217,2.0,ChIP-seq:H3K36me3 x ChIP-seq:H3K9ac
UBERON:0002967,ChIP-seq:H3K9ac,ChIP-seq:H3K4me1,0.12378700981374646,2.0,ChIP-seq:H3K4me1 x ChIP-seq:H3K9ac
UBERON:0002967,ChIP-seq:H3K9ac,ChIP-seq:H3K4me3,0.3908993306561051,2.0,ChIP-seq:H3K4me3 x ChIP-seq:H3K9ac
UBERON:0002967,ChIP-seq:H3K9ac,ChIP-seq:H3K9me3,-0.002689269272475269,2.0,ChIP-seq:H3K9ac x ChIP-seq:H3K9me3
UBERON:0002967,ChIP-seq:H3K9me3,ChIP-seq:H3K27ac,0.018298886033781568,4.0,ChIP-seq:H3K27ac x ChIP-seq:H3K9me3
UBERON:0002967,ChIP-seq:H3K9me3,ChIP-seq:H3K27me3,0.09850018539211967,2.0,ChIP-seq:H3K27me3 x ChIP-seq:H3K9me3
UBERON:0002967,ChIP-seq:H3K9me3,ChIP-seq:H3K36me3,0.09282806689146335,4.0,ChIP-seq:H3K36me3 x ChIP-seq:H3K9me3
UBERON:0002967,ChIP-seq:H3K9me3,ChIP-seq:H3K4me1,0.01666205502598663,4.0,ChIP-seq:H3K4me1 x ChIP-seq:H3K9me3
UBERON:0002967,ChIP-seq:H3K9me3,ChIP-seq:H3K4me3,0.05849786248998107,4.0,ChIP-seq:H3K4me3 x ChIP-seq:H3K9me3
UBERON:0002967,ChIP-seq:H3K9me3,ChIP-seq:H3K9ac,-0.016885834783315658,2.0,ChIP-seq:H3K9ac x ChIP-seq:H3K9me3
UBERON:0000317,ChIP-seq:H3K27ac,ChIP-seq:H3K27me3,-0.0038181054645351,4.0,ChIP-seq:H3K27ac x ChIP-seq:H3K27me3
UBERON:0000317,ChIP-seq:H3K27ac,ChIP-seq:H3K36me3,0.0129241926014108,4.0,ChIP-seq:H3K27ac x ChIP-seq:H3K36me3
UBERON:0000317,ChIP-seq:H3K27ac,ChIP-seq:H3K4me1,0.27254099516920705,4.0,ChIP-seq:H3K27ac x ChIP-seq:H3K4me1
UBERON:0000317,ChIP-seq:H3K27ac,ChIP-seq:H3K4me3,0.21336264866534796,4.0,ChIP-seq:H3K27ac x ChIP-seq:H3K4me3
UBERON:0000317,ChIP-seq:H3K27ac,ChIP-seq:H3K9ac,0.3375911347720088,4.0,ChIP-seq:H3K27ac x ChIP-seq:H3K9ac
UBERON:0000317,ChIP-seq:H3K27ac,ChIP-seq:H3K9me3,0.0185813187678766,4.0,ChIP-seq:H3K27ac x ChIP-seq:H3K9me3
UBERON:0000317,ChIP-seq:H3K27ac,RNA-seq,0.03273247783674913,8.0,ChIP-seq:H3K27ac x RNA-seq
UBERON:0000317,ChIP-seq:H3K27me3,ChIP-seq:H3K27ac,-0.0011595170077237284,4.0,ChIP-seq:H3K27ac x ChIP-seq:H3K27me3
UBERON:0000317,ChIP-seq:H3K27me3,ChIP-seq:H3K36me3,0.03439586877665192,4.0,ChIP-seq:H3K27me3 x ChIP-seq:H3K36me3
UBERON:0000317,ChIP-seq:H3K27me3,ChIP-seq:H3K4me1,0.009463702801798209,4.0,ChIP-seq:H3K27me3 x ChIP-seq:H3K4me1
UBERON:0000317,ChIP-seq:H3K27me3,ChIP-seq:H3K4me3,0.02361202678669279,4.0,ChIP-seq:H3K27me3 x ChIP-seq:H3K4me3
UBERON:0000317,ChIP-seq:H3K27me3,ChIP-seq:H3K9ac,-0.007573633701825629,4.0,ChIP-seq:H3K27me3 x ChIP-seq:H3K9ac
UBERON:0000317,ChIP-seq:H3K27me3,ChIP-seq:H3K9me3,0.16089351966394394,4.0,ChIP-seq:H3K27me3 x ChIP-seq:H3K9me3
UBERON:0000317,ChIP-seq:H3K27me3,RNA-seq,-0.03259722699137295,8.0,ChIP-seq:H3K27me3 x RNA-seq
UBERON:0000317,ChIP-seq:H3K36me3,ChIP-seq:H3K27ac,-0.006345471795301261,4.0,ChIP-seq:H3K27ac x ChIP-seq:H3K36me3
UBERON:0000317,ChIP-seq:H3K36me3,ChIP-seq:H3K27me3,0.031451793611049654,4.0,ChIP-seq:H3K27me3 x ChIP-seq:H3K36me3
UBERON:0000317,ChIP-seq:H3K36me3,ChIP-seq:H3K4me1,0.012828808746051266,4.0,ChIP-seq:H3K36me3 x ChIP-seq:H3K4me1
UBERON:0000317,ChIP-seq:H3K36me3,ChIP-seq:H3K4me3,0.05572707714321457,4.0,ChIP-seq:H3K36me3 x ChIP-seq:H3K4me3
UBERON:0000317,ChIP-seq:H3K36me3,ChIP-seq:H3K9ac,0.009726398149315196,4.0,ChIP-seq:H3K36me3 x ChIP-seq:H3K9ac
UBERON:0000317,ChIP-seq:H3K36me3,ChIP-seq:H3K9me3,0.13570234504158935,4.0,ChIP-seq:H3K36me3 x ChIP-seq:H3K9me3
UBERON:0000317,ChIP-seq:H3K36me3,RNA-seq,0.036358435469515185,8.0,ChIP-seq:H3K36me3 x RNA-seq
UBERON:0000317,ChIP-seq:H3K4me1,ChIP-seq:H3K27ac,0.2471365397391112,4.0,ChIP-seq:H3K27ac x ChIP-seq:H3K4me1
UBERON:0000317,ChIP-seq:H3K4me1,ChIP-seq:H3K27me3,0.028855192746434895,4.0,ChIP-seq:H3K27me3 x ChIP-seq:H3K4me1
UBERON:0000317,ChIP-seq:H3K4me1,ChIP-seq:H3K36me3,0.017564461581290713,4.0,ChIP-seq:H3K36me3 x ChIP-seq:H3K4me1
UBERON:0000317,ChIP-seq:H3K4me1,ChIP-seq:H3K4me3,0.1610616516565608,4.0,ChIP-seq:H3K4me1 x ChIP-seq:H3K4me3
UBERON:0000317,ChIP-seq:H3K4me1,ChIP-seq:H3K9ac,0.20426858748708454,4.0,ChIP-seq:H3K4me1 x ChIP-seq:H3K9ac
UBERON:0000317,ChIP-seq:H3K4me1,ChIP-seq:H3K9me3,0.040348966611164244,4.0,ChIP-seq:H3K4me1 x ChIP-seq:H3K9me3
UBERON:0000317,ChIP-seq:H3K4me1,RNA-seq,0.028319078236818312,8.0,ChIP-seq:H3K4me1 x RNA-seq
UBERON:0000317,ChIP-seq:H3K4me3,ChIP-seq:H3K27ac,0.20753700429608363,4.0,ChIP-seq:H3K27ac x ChIP-seq:H3K4me3
UBERON:0000317,ChIP-seq:H3K4me3,ChIP-seq:H3K27me3,0.03145985411746161,4.0,ChIP-seq:H3K27me3 x ChIP-seq:H3K4me3
UBERON:0000317,ChIP-seq:H3K4me3,ChIP-seq:H3K36me3,0.07611518010260566,4.0,ChIP-seq:H3K36me3 x ChIP-seq:H3K4me3
UBERON:0000317,ChIP-seq:H3K4me3,ChIP-seq:H3K4me1,0.15466223054570577,4.0,ChIP-seq:H3K4me1 x ChIP-seq:H3K4me3
UBERON:0000317,ChIP-seq:H3K4me3,ChIP-seq:H3K9ac,0.2522645239927331,4.0,ChIP-seq:H3K4me3 x ChIP-seq:H3K9ac
UBERON:0000317,ChIP-seq:H3K4me3,ChIP-seq:H3K9me3,0.10229975359732879,4.0,ChIP-seq:H3K4me3 x ChIP-seq:H3K9me3
UBERON:0000317,ChIP-seq:H3K4me3,RNA-seq,0.028482601362116194,8.0,ChIP-seq:H3K4me3 x RNA-seq
UBERON:0000317,ChIP-seq:H3K9ac,ChIP-seq:H3K27ac,0.3389511175037171,4.0,ChIP-seq:H3K27ac x ChIP-seq:H3K9ac
UBERON:0000317,ChIP-seq:H3K9ac,ChIP-seq:H3K27me3,0.008631230741739274,4.0,ChIP-seq:H3K27me3 x ChIP-seq:H3K9ac
UBERON:0000317,ChIP-seq:H3K9ac,ChIP-seq:H3K36me3,0.05299095478322771,4.0,ChIP-seq:H3K36me3 x ChIP-seq:H3K9ac
UBERON:0000317,ChIP-seq:H3K9ac,ChIP-seq:H3K4me1,0.22892215066268795,4.0,ChIP-seq:H3K4me1 x ChIP-seq:H3K9ac
UBERON:0000317,ChIP-seq:H3K9ac,ChIP-seq:H3K4me3,0.2950173070497602,4.0,ChIP-seq:H3K4me3 x ChIP-seq:H3K9ac
UBERON:0000317,ChIP-seq:H3K9ac,ChIP-seq:H3K9me3,0.023028246413229564,4.0,ChIP-seq:H3K9ac x ChIP-seq:H3K9me3
UBERON:0000317,ChIP-seq:H3K9ac,RNA-seq,0.04156335532665253,8.0,ChIP-seq:H3K9ac x RNA-seq
UBERON:0000317,ChIP-seq:H3K9me3,ChIP-seq:H3K27ac,0.015284411400926779,4.0,ChIP-seq:H3K27ac x ChIP-seq:H3K9me3
UBERON:0000317,ChIP-seq:H3K9me3,ChIP-seq:H3K27me3,0.14434235181127275,4.0,ChIP-seq:H3K27me3 x ChIP-seq:H3K9me3
UBERON:0000317,ChIP-seq:H3K9me3,ChIP-seq:H3K36me3,0.13710226575848916,4.0,ChIP-seq:H3K36me3 x ChIP-seq:H3K9me3
UBERON:0000317,ChIP-seq:H3K9me3,ChIP-seq:H3K4me1,0.02826689004572363,4.0,ChIP-seq:H3K4me1 x ChIP-seq:H3K9me3
UBERON:0000317,ChIP-seq:H3K9me3,ChIP-seq:H3K4me3,0.10071946095640413,4.0,ChIP-seq:H3K4me3 x ChIP-seq:H3K9me3
UBERON:0000317,ChIP-seq:H3K9me3,ChIP-seq:H3K9ac,-0.0029336207223181823,4.0,ChIP-seq:H3K9ac x ChIP-seq:H3K9me3
UBERON:0000317,ChIP-seq:H3K9me3,RNA-seq,-0.003816264792181114,8.0,ChIP-seq:H3K9me3 x RNA-seq
UBERON:0000317,RNA-seq,ChIP-seq:H3K27ac,0.028876693954008707,8.0,ChIP-seq:H3K27ac x RNA-seq
UBERON:0000317,RNA-seq,ChIP-seq:H3K27me3,-0.026929145114762444,8.0,ChIP-seq:H3K27me3 x RNA-seq
UBERON:0000317,RNA-seq,ChIP-seq:H3K36me3,0.03381529442532353,8.0,ChIP-seq:H3K36me3 x RNA-seq
UBERON:0000317,RNA-seq,ChIP-seq:H3K4me1,0.01587758907447747,8.0,ChIP-seq:H3K4me1 x RNA-seq
UBERON:0000317,RNA-seq,ChIP-seq:H3K4me3,0.02876830825181765,8.0,ChIP-seq:H3K4me3 x RNA-seq
UBERON:0000317,RNA-seq,ChIP-seq:H3K9ac,0.03500297209438013,8.0,ChIP-seq:H3K9ac x RNA-seq
UBERON:0000317,RNA-seq,ChIP-seq:H3K9me3,-0.003331454504572645,8.0,ChIP-seq:H3K9me3 x RNA-seq
UBERON:0001621,DNase-seq,ChIP-seq:H3K27ac,0.05402659670806226,2.0,ChIP-seq:H3K27ac x DNase-seq
UBERON:0001621,DNase-seq,ChIP-seq:H3K4me3,-0.0023292754278626537,2.0,ChIP-seq:H3K4me3 x DNase-seq
UBERON:0001621,DNase-seq,ChIP-seq:CTCF,0.00276794411101431,2.0,ChIP-seq:CTCF x DNase-seq
UBERON:0001621,ChIP-seq:H3K27ac,DNase-seq,0.06110553059381307,2.0,ChIP-seq:H3K27ac x DNase-seq
UBERON:0001621,ChIP-seq:H3K27ac,ChIP-seq:H3K4me3,0.2705909282662148,1.0,ChIP-seq:H3K27ac x ChIP-seq:H3K4me3
UBERON:0001621,ChIP-seq:H3K27ac,ChIP-seq:CTCF,0.020421449868184213,1.0,ChIP-seq:CTCF x ChIP-seq:H3K27ac
UBERON:0001621,ChIP-seq:H3K4me3,DNase-seq,-0.01589828744991538,2.0,ChIP-seq:H3K4me3 x DNase-seq
UBERON:0001621,ChIP-seq:H3K4me3,ChIP-seq:H3K27ac,0.2629168305867984,1.0,ChIP-seq:H3K27ac x ChIP-seq:H3K4me3
UBERON:0001621,ChIP-seq:H3K4me3,ChIP-seq:CTCF,0.0266526794096209,1.0,ChIP-seq:CTCF x ChIP-seq:H3K4me3
UBERON:0001621,ChIP-seq:CTCF,DNase-seq,-0.041363805225215,2.0,ChIP-seq:CTCF x DNase-seq
UBERON:0001621,ChIP-seq:CTCF,ChIP-seq:H3K27ac,0.023155729711791615,1.0,ChIP-seq:CTCF x ChIP-seq:H3K27ac
UBERON:0001621,ChIP-seq:CTCF,ChIP-seq:H3K4me3,0.03618695396323537,1.0,ChIP-seq:CTCF x ChIP-seq:H3K4me3
UBERON:0009834,ChIP-seq:H3K27ac,ChIP-seq:H3K27me3,0.004339132457971573,2.0,ChIP-seq:H3K27ac x ChIP-seq:H3K27me3
UBERON:0009834,ChIP-seq:H3K27ac,ChIP-seq:H3K36me3,0.06067685081214501,4.0,ChIP-seq:H3K27ac x ChIP-seq:H3K36me3
UBERON:0009834,ChIP-seq:H3K27ac,ChIP-seq:H3K4me1,0.23522223279775817,4.0,ChIP-seq:H3K27ac x ChIP-seq:H3K4me1
UBERON:0009834,ChIP-seq:H3K27ac,ChIP-seq:H3K4me3,0.21621238294048845,4.0,ChIP-seq:H3K27ac x ChIP-seq:H3K4me3
UBERON:0009834,ChIP-seq:H3K27ac,ChIP-seq:H3K9ac,0.2711347508430481,2.0,ChIP-seq:H3K27ac x ChIP-seq:H3K9ac
UBERON:0009834,ChIP-seq:H3K27ac,ChIP-seq:H3K9me3,-0.01597940350502896,4.0,ChIP-seq:H3K27ac x ChIP-seq:H3K9me3
UBERON:0009834,ChIP-seq:H3K27ac,RNA-seq,0.007718381762817458,96.0,ChIP-seq:H3K27ac x RNA-seq
UBERON:0009834,ChIP-seq:H3K27me3,ChIP-seq:H3K27ac,0.02369010561834211,2.0,ChIP-seq:H3K27ac x ChIP-seq:H3K27me3
UBERON:0009834,ChIP-seq:H3K27me3,ChIP-seq:H3K36me3,-9.462274808101634e-05,2.0,ChIP-seq:H3K27me3 x ChIP-seq:H3K36me3
UBERON:0009834,ChIP-seq:H3K27me3,ChIP-seq:H3K4me1,0.023087108029368142,2.0,ChIP-seq:H3K27me3 x ChIP-seq:H3K4me1
UBERON:0009834,ChIP-seq:H3K27me3,ChIP-seq:H3K4me3,0.02296832825327031,2.0,ChIP-seq:H3K27me3 x ChIP-seq:H3K4me3
UBERON:0009834,ChIP-seq:H3K27me3,ChIP-seq:H3K9ac,-0.07442938223481178,1.0,ChIP-seq:H3K27me3 x ChIP-seq:H3K9ac
UBERON:0009834,ChIP-seq:H3K27me3,ChIP-seq:H3K9me3,0.1681121131561322,2.0,ChIP-seq:H3K27me3 x ChIP-seq:H3K9me3
UBERON:0009834,ChIP-seq:H3K27me3,RNA-seq,-0.024358325136771664,48.0,ChIP-seq:H3K27me3 x RNA-seq
UBERON:0009834,ChIP-seq:H3K36me3,ChIP-seq:H3K27ac,0.07105820575115844,4.0,ChIP-seq:H3K27ac x ChIP-seq:H3K36me3
UBERON:0009834,ChIP-seq:H3K36me3,ChIP-seq:H3K27me3,0.0017932717773047335,2.0,ChIP-seq:H3K27me3 x ChIP-seq:H3K36me3
UBERON:0009834,ChIP-seq:H3K36me3,ChIP-seq:H3K4me1,0.06592715185522383,4.0,ChIP-seq:H3K36me3 x ChIP-seq:H3K4me1
UBERON:0009834,ChIP-seq:H3K36me3,ChIP-seq:H3K4me3,0.016638596864225707,4.0,ChIP-seq:H3K36me3 x ChIP-seq:H3K4me3
UBERON:0009834,ChIP-seq:H3K36me3,ChIP-seq:H3K9ac,0.0624079316854477,2.0,ChIP-seq:H3K36me3 x ChIP-seq:H3K9ac
UBERON:0009834,ChIP-seq:H3K36me3,ChIP-seq:H3K9me3,0.07294787275058597,4.0,ChIP-seq:H3K36me3 x ChIP-seq:H3K9me3
UBERON:0009834,ChIP-seq:H3K36me3,RNA-seq,0.03317994532466247,96.0,ChIP-seq:H3K36me3 x RNA-seq
UBERON:0009834,ChIP-seq:H3K4me1,ChIP-seq:H3K27ac,0.21947058091252486,4.0,ChIP-seq:H3K27ac x ChIP-seq:H3K4me1
UBERON:0009834,ChIP-seq:H3K4me1,ChIP-seq:H3K27me3,0.020366426895965233,2.0,ChIP-seq:H3K27me3 x ChIP-seq:H3K4me1
UBERON:0009834,ChIP-seq:H3K4me1,ChIP-seq:H3K36me3,0.055605247774452124,4.0,ChIP-seq:H3K36me3 x ChIP-seq:H3K4me1
UBERON:0009834,ChIP-seq:H3K4me1,ChIP-seq:H3K4me3,-0.038715907903475184,4.0,ChIP-seq:H3K4me1 x ChIP-seq:H3K4me3
UBERON:0009834,ChIP-seq:H3K4me1,ChIP-seq:H3K9ac,0.09531447470188141,2.0,ChIP-seq:H3K4me1 x ChIP-seq:H3K9ac
UBERON:0009834,ChIP-seq:H3K4me1,ChIP-seq:H3K9me3,0.030356541941951774,4.0,ChIP-seq:H3K4me1 x ChIP-seq:H3K9me3
UBERON:0009834,ChIP-seq:H3K4me1,RNA-seq,0.010188302166975076,96.0,ChIP-seq:H3K4me1 x RNA-seq
UBERON:0009834,ChIP-seq:H3K4me3,ChIP-seq:H3K27ac,0.1981008785851994,4.0,ChIP-seq:H3K27ac x ChIP-seq:H3K4me3
UBERON:0009834,ChIP-seq:H3K4me3,ChIP-seq:H3K27me3,0.0017311391843990859,2.0,ChIP-seq:H3K27me3 x ChIP-seq:H3K4me3
UBERON:0009834,ChIP-seq:H3K4me3,ChIP-seq:H3K36me3,0.02224002685890627,4.0,ChIP-seq:H3K36me3 x ChIP-seq:H3K4me3
UBERON:0009834,ChIP-seq:H3K4me3,ChIP-seq:H3K4me1,-0.052534502304968284,4.0,ChIP-seq:H3K4me1 x ChIP-seq:H3K4me3
UBERON:0009834,ChIP-seq:H3K4me3,ChIP-seq:H3K9ac,0.32780110597610473,2.0,ChIP-seq:H3K4me3 x ChIP-seq:H3K9ac
UBERON:0009834,ChIP-seq:H3K4me3,ChIP-seq:H3K9me3,0.035153517426725206,4.0,ChIP-seq:H3K4me3 x ChIP-seq:H3K9me3
UBERON:0009834,ChIP-seq:H3K4me3,RNA-seq,-0.003354503452934303,96.0,ChIP-seq:H3K4me3 x RNA-seq
UBERON:0009834,ChIP-seq:H3K9ac,ChIP-seq:H3K27ac,0.3502934545463657,2.0,ChIP-seq:H3K27ac x ChIP-seq:H3K9ac
UBERON:0009834,ChIP-seq:H3K9ac,ChIP-seq:H3K27me3,-0.07307364419102669,1.0,ChIP-seq:H3K27me3 x ChIP-seq:H3K9ac
UBERON:0009834,ChIP-seq:H3K9ac,ChIP-seq:H3K36me3,0.08542626835997143,2.0,ChIP-seq:H3K36me3 x ChIP-seq:H3K9ac
UBERON:0009834,ChIP-seq:H3K9ac,ChIP-seq:H3K4me1,0.1263595688375619,2.0,ChIP-seq:H3K4me1 x ChIP-seq:H3K9ac
UBERON:0009834,ChIP-seq:H3K9ac,ChIP-seq:H3K4me3,0.41897828946603793,2.0,ChIP-seq:H3K4me3 x ChIP-seq:H3K9ac
UBERON:0009834,ChIP-seq:H3K9ac,ChIP-seq:H3K9me3,-0.01857943250667616,2.0,ChIP-seq:H3K9ac x ChIP-seq:H3K9me3
UBERON:0009834,ChIP-seq:H3K9ac,RNA-seq,-0.002054048218126367,48.0,ChIP-seq:H3K9ac x RNA-seq
UBERON:0009834,ChIP-seq:H3K9me3,ChIP-seq:H3K27ac,0.004350238416043128,4.0,ChIP-seq:H3K27ac x ChIP-seq:H3K9me3
UBERON:0009834,ChIP-seq:H3K9me3,ChIP-seq:H3K27me3,0.161178626797416,2.0,ChIP-seq:H3K27me3 x ChIP-seq:H3K9me3
UBERON:0009834,ChIP-seq:H3K9me3,ChIP-seq:H3K36me3,0.08775904033549879,4.0,ChIP-seq:H3K36me3 x ChIP-seq:H3K9me3
UBERON:0009834,ChIP-seq:H3K9me3,ChIP-seq:H3K4me1,0.03370414202004834,4.0,ChIP-seq:H3K4me1 x ChIP-seq:H3K9me3
UBERON:0009834,ChIP-seq:H3K9me3,ChIP-seq:H3K4me3,0.05445597091010798,4.0,ChIP-seq:H3K4me3 x ChIP-seq:H3K9me3
UBERON:0009834,ChIP-seq:H3K9me3,ChIP-seq:H3K9ac,-0.01715214680880308,2.0,ChIP-seq:H3K9ac x ChIP-seq:H3K9me3
UBERON:0009834,ChIP-seq:H3K9me3,RNA-seq,-0.006485140405771301,96.0,ChIP-seq:H3K9me3 x RNA-seq
UBERON:0009834,RNA-seq,ChIP-seq:H3K27ac,0.023726794907271736,96.0,ChIP-seq:H3K27ac x RNA-seq
UBERON:0009834,RNA-seq,ChIP-seq:H3K27me3,-0.012785082739410977,48.0,ChIP-seq:H3K27me3 x RNA-seq
UBERON:0009834,RNA-seq,ChIP-seq:H3K36me3,0.01636632727672603,96.0,ChIP-seq:H3K36me3 x RNA-seq
UBERON:0009834,RNA-seq,ChIP-seq:H3K4me1,0.014818411476516549,96.0,ChIP-seq:H3K4me1 x RNA-seq
UBERON:0009834,RNA-seq,ChIP-seq:H3K4me3,0.006587443089930811,96.0,ChIP-seq:H3K4me3 x RNA-seq
UBERON:0009834,RNA-seq,ChIP-seq:H3K9ac,0.009531599084536237,48.0,ChIP-seq:H3K9ac x RNA-seq
UBERON:0009834,RNA-seq,ChIP-seq:H3K9me3,-0.013556321309376472,96.0,ChIP-seq:H3K9me3 x RNA-seq
UBERON:0000320,ChIP-seq:H3K27ac,ChIP-seq:H3K27me3,0.031126550137996672,2.0,ChIP-seq:H3K27ac x ChIP-seq:H3K27me3
UBERON:0000320,ChIP-seq:H3K27ac,ChIP-seq:H3K36me3,0.004221032230705812,2.0,ChIP-seq:H3K27ac x ChIP-seq:H3K36me3
UBERON:0000320,ChIP-seq:H3K27ac,ChIP-seq:H3K4me1,0.06630237424959902,2.0,ChIP-seq:H3K27ac x ChIP-seq:H3K4me1
UBERON:0000320,ChIP-seq:H3K27ac,ChIP-seq:H3K4me3,0.12373106613337437,2.0,ChIP-seq:H3K27ac x ChIP-seq:H3K4me3
UBERON:0000320,ChIP-seq:H3K27ac,ChIP-seq:H3K9ac,0.21965092420578003,2.0,ChIP-seq:H3K27ac x ChIP-seq:H3K9ac
UBERON:0000320,ChIP-seq:H3K27ac,ChIP-seq:H3K9me3,0.0439938234800067,2.0,ChIP-seq:H3K27ac x ChIP-seq:H3K9me3
UBERON:0000320,ChIP-seq:H3K27me3,ChIP-seq:H3K27ac,0.040256035456686844,2.0,ChIP-seq:H3K27ac x ChIP-seq:H3K27me3
UBERON:0000320,ChIP-seq:H3K27me3,ChIP-seq:H3K36me3,0.001430946525442539,4.0,ChIP-seq:H3K27me3 x ChIP-seq:H3K36me3
UBERON:0000320,ChIP-seq:H3K27me3,ChIP-seq:H3K4me1,-0.0033557090928645755,4.0,ChIP-seq:H3K27me3 x ChIP-seq:H3K4me1
UBERON:0000320,ChIP-seq:H3K27me3,ChIP-seq:H3K4me3,-0.026330653064509976,4.0,ChIP-seq:H3K27me3 x ChIP-seq:H3K4me3
UBERON:0000320,ChIP-seq:H3K27me3,ChIP-seq:H3K9ac,0.0005851003284357004,4.0,ChIP-seq:H3K27me3 x ChIP-seq:H3K9ac
UBERON:0000320,ChIP-seq:H3K27me3,ChIP-seq:H3K9me3,0.019648014625024524,4.0,ChIP-seq:H3K27me3 x ChIP-seq:H3K9me3
UBERON:0000320,ChIP-seq:H3K36me3,ChIP-seq:H3K27ac,-0.003972199113096719,2.0,ChIP-seq:H3K27ac x ChIP-seq:H3K36me3
UBERON:0000320,ChIP-seq:H3K36me3,ChIP-seq:H3K27me3,0.012823725598199026,4.0,ChIP-seq:H3K27me3 x ChIP-seq:H3K36me3
UBERON:0000320,ChIP-seq:H3K36me3,ChIP-seq:H3K4me1,-0.014659069274944037,4.0,ChIP-seq:H3K36me3 x ChIP-seq:H3K4me1
UBERON:0000320,ChIP-seq:H3K36me3,ChIP-seq:H3K4me3,0.0029437051755245615,4.0,ChIP-seq:H3K36me3 x ChIP-seq:H3K4me3
UBERON:0000320,ChIP-seq:H3K36me3,ChIP-seq:H3K9ac,0.01482192411714671,4.0,ChIP-seq:H3K36me3 x ChIP-seq:H3K9ac
UBERON:0000320,ChIP-seq:H3K36me3,ChIP-seq:H3K9me3,0.08360438739787267,4.0,ChIP-seq:H3K36me3 x ChIP-seq:H3K9me3
UBERON:0000320,ChIP-seq:H3K4me1,ChIP-seq:H3K27ac,0.05498584001152604,2.0,ChIP-seq:H3K27ac x ChIP-seq:H3K4me1
UBERON:0000320,ChIP-seq:H3K4me1,ChIP-seq:H3K27me3,0.0034622476782117557,4.0,ChIP-seq:H3K27me3 x ChIP-seq:H3K4me1
UBERON:0000320,ChIP-seq:H3K4me1,ChIP-seq:H3K36me3,-0.00866753399056732,4.0,ChIP-seq:H3K36me3 x ChIP-seq:H3K4me1
UBERON:0000320,ChIP-seq:H3K4me1,ChIP-seq:H3K4me3,0.19245042310696897,4.0,ChIP-seq:H3K4me1 x ChIP-seq:H3K4me3
UBERON:0000320,ChIP-seq:H3K4me1,ChIP-seq:H3K9ac,0.14352681563825023,4.0,ChIP-seq:H3K4me1 x ChIP-seq:H3K9ac
UBERON:0000320,ChIP-seq:H3K4me1,ChIP-seq:H3K9me3,0.015828474003342946,4.0,ChIP-seq:H3K4me1 x ChIP-seq:H3K9me3
UBERON:0000320,ChIP-seq:H3K4me3,ChIP-seq:H3K27ac,0.14390921739884366,2.0,ChIP-seq:H3K27ac x ChIP-seq:H3K4me3
UBERON:0000320,ChIP-seq:H3K4me3,ChIP-seq:H3K27me3,-0.012203057647815773,4.0,ChIP-seq:H3K27me3 x ChIP-seq:H3K4me3
UBERON:0000320,ChIP-seq:H3K4me3,ChIP-seq:H3K36me3,0.018331812803076688,4.0,ChIP-seq:H3K36me3 x ChIP-seq:H3K4me3
UBERON:0000320,ChIP-seq:H3K4me3,ChIP-seq:H3K4me1,0.14768614550757278,4.0,ChIP-seq:H3K4me1 x ChIP-seq:H3K4me3
UBERON:0000320,ChIP-seq:H3K4me3,ChIP-seq:H3K9ac,0.34734185861081496,4.0,ChIP-seq:H3K4me3 x ChIP-seq:H3K9ac
UBERON:0000320,ChIP-seq:H3K4me3,ChIP-seq:H3K9me3,0.08909528381997647,4.0,ChIP-seq:H3K4me3 x ChIP-seq:H3K9me3
UBERON:0000320,ChIP-seq:H3K9ac,ChIP-seq:H3K27ac,0.24023652591823058,2.0,ChIP-seq:H3K27ac x ChIP-seq:H3K9ac
UBERON:0000320,ChIP-seq:H3K9ac,ChIP-seq:H3K27me3,0.01430358771766935,4.0,ChIP-seq:H3K27me3 x ChIP-seq:H3K9ac
UBERON:0000320,ChIP-seq:H3K9ac,ChIP-seq:H3K36me3,0.03455883690289089,4.0,ChIP-seq:H3K36me3 x ChIP-seq:H3K9ac
UBERON:0000320,ChIP-seq:H3K9ac,ChIP-seq:H3K4me1,0.13212859076880368,4.0,ChIP-seq:H3K4me1 x ChIP-seq:H3K9ac
UBERON:0000320,ChIP-seq:H3K9ac,ChIP-seq:H3K4me3,0.35665615028310044,4.0,ChIP-seq:H3K4me3 x ChIP-seq:H3K9ac
UBERON:0000320,ChIP-seq:H3K9ac,ChIP-seq:H3K9me3,0.04317928176352431,4.0,ChIP-seq:H3K9ac x ChIP-seq:H3K9me3
UBERON:0000320,ChIP-seq:H3K9me3,ChIP-seq:H3K27ac,0.04887916727198495,2.0,ChIP-seq:H3K27ac x ChIP-seq:H3K9me3
UBERON:0000320,ChIP-seq:H3K9me3,ChIP-seq:H3K27me3,0.06318232191460474,4.0,ChIP-seq:H3K27me3 x ChIP-seq:H3K9me3
UBERON:0000320,ChIP-seq:H3K9me3,ChIP-seq:H3K36me3,0.0926570630578137,4.0,ChIP-seq:H3K36me3 x ChIP-seq:H3K9me3
UBERON:0000320,ChIP-seq:H3K9me3,ChIP-seq:H3K4me1,0.027759560287161603,4.0,ChIP-seq:H3K4me1 x ChIP-seq:H3K9me3
UBERON:0000320,ChIP-seq:H3K9me3,ChIP-seq:H3K4me3,0.10440203241098707,4.0,ChIP-seq:H3K4me3 x ChIP-seq:H3K9me3
UBERON:0000320,ChIP-seq:H3K9me3,ChIP-seq:H3K9ac,0.02872804415469267,4.0,ChIP-seq:H3K9ac x ChIP-seq:H3K9me3
UBERON:0000016,ChIP-seq:H3K27ac,ChIP-seq:H3K27me3,-0.09483281352690288,4.0,ChIP-seq:H3K27ac x ChIP-seq:H3K27me3
UBERON:0000016,ChIP-seq:H3K27ac,ChIP-seq:H3K36me3,9.560802823336753e-05,4.0,ChIP-seq:H3K27ac x ChIP-seq:H3K36me3
UBERON:0000016,ChIP-seq:H3K27ac,ChIP-seq:H3K4me1,0.14813856324537206,4.0,ChIP-seq:H3K27ac x ChIP-seq:H3K4me1
UBERON:0000016,ChIP-seq:H3K27ac,ChIP-seq:H3K4me3,0.23181233422778477,4.0,ChIP-seq:H3K27ac x ChIP-seq:H3K4me3
UBERON:0000016,ChIP-seq:H3K27ac,ChIP-seq:H3K9ac,0.17953026294708252,2.0,ChIP-seq:H3K27ac x ChIP-seq:H3K9ac
UBERON:0000016,ChIP-seq:H3K27ac,ChIP-seq:H3K9me3,-0.00198369436798482,4.0,ChIP-seq:H3K27ac x ChIP-seq:H3K9me3
UBERON:0000016,ChIP-seq:H3K27ac,polyA plus RNA-seq,0.03206034112045332,8.0,ChIP-seq:H3K27ac x polyA plus RNA-seq
UBERON:0000016,ChIP-seq:H3K27me3,ChIP-seq:H3K27ac,-0.09387960923569542,4.0,ChIP-seq:H3K27ac x ChIP-seq:H3K27me3
UBERON:0000016,ChIP-seq:H3K27me3,ChIP-seq:H3K36me3,0.049529679730613396,4.0,ChIP-seq:H3K27me3 x ChIP-seq:H3K36me3
UBERON:0000016,ChIP-seq:H3K27me3,ChIP-seq:H3K4me1,0.027361962170711632,4.0,ChIP-seq:H3K27me3 x ChIP-seq:H3K4me1
UBERON:0000016,ChIP-seq:H3K27me3,ChIP-seq:H3K4me3,-0.03368393881855724,4.0,ChIP-seq:H3K27me3 x ChIP-seq:H3K4me3
UBERON:0000016,ChIP-seq:H3K27me3,ChIP-seq:H3K9ac,-0.02292956046760082,2.0,ChIP-seq:H3K27me3 x ChIP-seq:H3K9ac
UBERON:0000016,ChIP-seq:H3K27me3,ChIP-seq:H3K9me3,0.05926385788278207,4.0,ChIP-seq:H3K27me3 x ChIP-seq:H3K9me3
UBERON:0000016,ChIP-seq:H3K27me3,polyA plus RNA-seq,-0.027471635243734638,8.0,ChIP-seq:H3K27me3 x polyA plus RNA-seq
UBERON:0000016,ChIP-seq:H3K36me3,ChIP-seq:H3K27ac,0.01971457909029093,4.0,ChIP-seq:H3K27ac x ChIP-seq:H3K36me3
UBERON:0000016,ChIP-seq:H3K36me3,ChIP-seq:H3K27me3,0.018546882761376244,4.0,ChIP-seq:H3K27me3 x ChIP-seq:H3K36me3
UBERON:0000016,ChIP-seq:H3K36me3,ChIP-seq:H3K4me1,-0.029278313191454918,4.0,ChIP-seq:H3K36me3 x ChIP-seq:H3K4me1
UBERON:0000016,ChIP-seq:H3K36me3,ChIP-seq:H3K4me3,-0.020231067516327462,4.0,ChIP-seq:H3K36me3 x ChIP-seq:H3K4me3
UBERON:0000016,ChIP-seq:H3K36me3,ChIP-seq:H3K9ac,0.00440340369939804,2.0,ChIP-seq:H3K36me3 x ChIP-seq:H3K9ac
UBERON:0000016,ChIP-seq:H3K36me3,ChIP-seq:H3K9me3,0.0583405987510468,4.0,ChIP-seq:H3K36me3 x ChIP-seq:H3K9me3
UBERON:0000016,ChIP-seq:H3K36me3,polyA plus RNA-seq,0.025161739685693463,8.0,ChIP-seq:H3K36me3 x polyA plus RNA-seq
UBERON:0000016,ChIP-seq:H3K4me1,ChIP-seq:H3K27ac,0.19063701790682278,4.0,ChIP-seq:H3K27ac x ChIP-seq:H3K4me1
UBERON:0000016,ChIP-seq:H3K4me1,ChIP-seq:H3K27me3,-0.0003632722369262126,4.0,ChIP-seq:H3K27me3 x ChIP-seq:H3K4me1
UBERON:0000016,ChIP-seq:H3K4me1,ChIP-seq:H3K36me3,-0.026652071102665216,4.0,ChIP-seq:H3K36me3 x ChIP-seq:H3K4me1
UBERON:0000016,ChIP-seq:H3K4me1,ChIP-seq:H3K4me3,-0.038333392728154905,4.0,ChIP-seq:H3K4me1 x ChIP-seq:H3K4me3
UBERON:0000016,ChIP-seq:H3K4me1,ChIP-seq:H3K9ac,0.09048717439174653,2.0,ChIP-seq:H3K4me1 x ChIP-seq:H3K9ac
UBERON:0000016,ChIP-seq:H3K4me1,ChIP-seq:H3K9me3,-0.0029058549240980735,4.0,ChIP-seq:H3K4me1 x ChIP-seq:H3K9me3
UBERON:0000016,ChIP-seq:H3K4me1,polyA plus RNA-seq,-0.0009013729690646559,8.0,ChIP-seq:H3K4me1 x polyA plus RNA-seq
UBERON:0000016,ChIP-seq:H3K4me3,ChIP-seq:H3K27ac,0.20359789158986963,4.0,ChIP-seq:H3K27ac x ChIP-seq:H3K4me3
UBERON:0000016,ChIP-seq:H3K4me3,ChIP-seq:H3K27me3,-0.045502241594450814,4.0,ChIP-seq:H3K27me3 x ChIP-seq:H3K4me3
UBERON:0000016,ChIP-seq:H3K4me3,ChIP-seq:H3K36me3,0.004410609686697917,4.0,ChIP-seq:H3K36me3 x ChIP-seq:H3K4me3
UBERON:0000016,ChIP-seq:H3K4me3,ChIP-seq:H3K4me1,-0.0638987800625504,4.0,ChIP-seq:H3K4me1 x ChIP-seq:H3K4me3
UBERON:0000016,ChIP-seq:H3K4me3,ChIP-seq:H3K9ac,0.18552395820617673,2.0,ChIP-seq:H3K4me3 x ChIP-seq:H3K9ac
UBERON:0000016,ChIP-seq:H3K4me3,ChIP-seq:H3K9me3,0.002438694280286074,4.0,ChIP-seq:H3K4me3 x ChIP-seq:H3K9me3
UBERON:0000016,ChIP-seq:H3K4me3,polyA plus RNA-seq,0.021498120011445083,8.0,ChIP-seq:H3K4me3 x polyA plus RNA-seq
UBERON:0000016,ChIP-seq:H3K9ac,ChIP-seq:H3K27ac,0.17659356209061902,2.0,ChIP-seq:H3K27ac x ChIP-seq:H3K9ac
UBERON:0000016,ChIP-seq:H3K9ac,ChIP-seq:H3K27me3,-0.04201390169560909,2.0,ChIP-seq:H3K27me3 x ChIP-seq:H3K9ac
UBERON:0000016,ChIP-seq:H3K9ac,ChIP-seq:H3K36me3,-0.004742539788364732,2.0,ChIP-seq:H3K36me3 x ChIP-seq:H3K9ac
UBERON:0000016,ChIP-seq:H3K9ac,ChIP-seq:H3K4me1,0.04477238028101582,2.0,ChIP-seq:H3K4me1 x ChIP-seq:H3K9ac
UBERON:0000016,ChIP-seq:H3K9ac,ChIP-seq:H3K4me3,0.20484189675233072,2.0,ChIP-seq:H3K4me3 x ChIP-seq:H3K9ac
UBERON:0000016,ChIP-seq:H3K9ac,ChIP-seq:H3K9me3,0.03412943837029974,2.0,ChIP-seq:H3K9ac x ChIP-seq:H3K9me3
UBERON:0000016,ChIP-seq:H3K9ac,polyA plus RNA-seq,0.020002137923275015,4.0,ChIP-seq:H3K9ac x polyA plus RNA-seq
UBERON:0000016,ChIP-seq:H3K9me3,ChIP-seq:H3K27ac,-0.012075506139153279,4.0,ChIP-seq:H3K27ac x ChIP-seq:H3K9me3
UBERON:0000016,ChIP-seq:H3K9me3,ChIP-seq:H3K27me3,0.08969985059329441,4.0,ChIP-seq:H3K27me3 x ChIP-seq:H3K9me3
UBERON:0000016,ChIP-seq:H3K9me3,ChIP-seq:H3K36me3,0.1035284504057869,4.0,ChIP-seq:H3K36me3 x ChIP-seq:H3K9me3
UBERON:0000016,ChIP-seq:H3K9me3,ChIP-seq:H3K4me1,-0.000429318372994824,4.0,ChIP-seq:H3K4me1 x ChIP-seq:H3K9me3
UBERON:0000016,ChIP-seq:H3K9me3,ChIP-seq:H3K4me3,-0.03418386170518732,4.0,ChIP-seq:H3K4me3 x ChIP-seq:H3K9me3
UBERON:0000016,ChIP-seq:H3K9me3,ChIP-seq:H3K9ac,0.04161366522312164,2.0,ChIP-seq:H3K9ac x ChIP-seq:H3K9me3
UBERON:0000016,ChIP-seq:H3K9me3,polyA plus RNA-seq,0.007678751670017366,8.0,ChIP-seq:H3K9me3 x polyA plus RNA-seq
UBERON:0000016,polyA plus RNA-seq,ChIP-seq:H3K27ac,0.038373977501199856,8.0,ChIP-seq:H3K27ac x polyA plus RNA-seq
UBERON:0000016,polyA plus RNA-seq,ChIP-seq:H3K27me3,-0.03396796899182456,8.0,ChIP-seq:H3K27me3 x polyA plus RNA-seq
UBERON:0000016,polyA plus RNA-seq,ChIP-seq:H3K36me3,0.03162678784478909,8.0,ChIP-seq:H3K36me3 x polyA plus RNA-seq
UBERON:0000016,polyA plus RNA-seq,ChIP-seq:H3K4me1,0.0008406897019493133,8.0,ChIP-seq:H3K4me1 x polyA plus RNA-seq
UBERON:0000016,polyA plus RNA-seq,ChIP-seq:H3K4me3,0.030023369415898192,8.0,ChIP-seq:H3K4me3 x polyA plus RNA-seq
UBERON:0000016,polyA plus RNA-seq,ChIP-seq:H3K9ac,0.025999043285846707,4.0,ChIP-seq:H3K9ac x polyA plus RNA-seq
UBERON:0000016,polyA plus RNA-seq,ChIP-seq:H3K9me3,-0.00037341497255770177,8.0,ChIP-seq:H3K9me3 x polyA plus RNA-seq
UBERON:0001043,ChIP-seq:H3K27ac,ChIP-seq:H3K27me3,0.021030148661562373,4.0,ChIP-seq:H3K27ac x ChIP-seq:H3K27me3
UBERON:0001043,ChIP-seq:H3K27ac,ChIP-seq:H3K36me3,0.00842065488298734,4.0,ChIP-seq:H3K27ac x ChIP-seq:H3K36me3
UBERON:0001043,ChIP-seq:H3K27ac,ChIP-seq:H3K4me1,0.13316618191088483,4.0,ChIP-seq:H3K27ac x ChIP-seq:H3K4me1
UBERON:0001043,ChIP-seq:H3K27ac,ChIP-seq:H3K4me3,0.1485066642271024,4.0,ChIP-seq:H3K27ac x ChIP-seq:H3K4me3
UBERON:0001043,ChIP-seq:H3K27ac,ChIP-seq:H3K9me3,0.023248282079090618,4.0,ChIP-seq:H3K27ac x ChIP-seq:H3K9me3
UBERON:0001043,ChIP-seq:H3K27ac,polyA plus RNA-seq,0.006225281429909149,8.0,ChIP-seq:H3K27ac x polyA plus RNA-seq
UBERON:0001043,ChIP-seq:H3K27me3,ChIP-seq:H3K27ac,0.017860046767207406,4.0,ChIP-seq:H3K27ac x ChIP-seq:H3K27me3
UBERON:0001043,ChIP-seq:H3K27me3,ChIP-seq:H3K36me3,0.10252924129445717,4.0,ChIP-seq:H3K27me3 x ChIP-seq:H3K36me3
UBERON:0001043,ChIP-seq:H3K27me3,ChIP-seq:H3K4me1,0.11438499879641612,4.0,ChIP-seq:H3K27me3 x ChIP-seq:H3K4me1
UBERON:0001043,ChIP-seq:H3K27me3,ChIP-seq:H3K4me3,0.04968265652935082,4.0,ChIP-seq:H3K27me3 x ChIP-seq:H3K4me3
UBERON:0001043,ChIP-seq:H3K27me3,ChIP-seq:H3K9me3,0.10413944596351858,4.0,ChIP-seq:H3K27me3 x ChIP-seq:H3K9me3
UBERON:0001043,ChIP-seq:H3K27me3,polyA plus RNA-seq,-0.007670240465991779,8.0,ChIP-seq:H3K27me3 x polyA plus RNA-seq
UBERON:0001043,ChIP-seq:H3K36me3,ChIP-seq:H3K27ac,-0.003572959406590609,4.0,ChIP-seq:H3K27ac x ChIP-seq:H3K36me3
UBERON:0001043,ChIP-seq:H3K36me3,ChIP-seq:H3K27me3,0.09930107048579626,4.0,ChIP-seq:H3K27me3 x ChIP-seq:H3K36me3
UBERON:0001043,ChIP-seq:H3K36me3,ChIP-seq:H3K4me1,0.14102247389939312,4.0,ChIP-seq:H3K36me3 x ChIP-seq:H3K4me1
UBERON:0001043,ChIP-seq:H3K36me3,ChIP-seq:H3K4me3,0.031556881337522345,4.0,ChIP-seq:H3K36me3 x ChIP-seq:H3K4me3
UBERON:0001043,ChIP-seq:H3K36me3,ChIP-seq:H3K9me3,0.10865717318803905,4.0,ChIP-seq:H3K36me3 x ChIP-seq:H3K9me3
UBERON:0001043,ChIP-seq:H3K36me3,polyA plus RNA-seq,0.016154270340025596,8.0,ChIP-seq:H3K36me3 x polyA plus RNA-seq
UBERON:0001043,ChIP-seq:H3K4me1,ChIP-seq:H3K27ac,0.13956763396351973,4.0,ChIP-seq:H3K27ac x ChIP-seq:H3K4me1
UBERON:0001043,ChIP-seq:H3K4me1,ChIP-seq:H3K27me3,0.10789240879671914,4.0,ChIP-seq:H3K27me3 x ChIP-seq:H3K4me1
UBERON:0001043,ChIP-seq:H3K4me1,ChIP-seq:H3K36me3,0.13729761186100187,4.0,ChIP-seq:H3K36me3 x ChIP-seq:H3K4me1
UBERON:0001043,ChIP-seq:H3K4me1,ChIP-seq:H3K4me3,0.01349491159492564,4.0,ChIP-seq:H3K4me1 x ChIP-seq:H3K4me3
UBERON:0001043,ChIP-seq:H3K4me1,ChIP-seq:H3K9me3,0.20045523869924706,4.0,ChIP-seq:H3K4me1 x ChIP-seq:H3K9me3
UBERON:0001043,ChIP-seq:H3K4me1,polyA plus RNA-seq,0.011978117990648369,8.0,ChIP-seq:H3K4me1 x polyA plus RNA-seq
UBERON:0001043,ChIP-seq:H3K4me3,ChIP-seq:H3K27ac,0.09712928977812299,4.0,ChIP-seq:H3K27ac x ChIP-seq:H3K4me3
UBERON:0001043,ChIP-seq:H3K4me3,ChIP-seq:H3K27me3,0.03416606089898518,4.0,ChIP-seq:H3K27me3 x ChIP-seq:H3K4me3
UBERON:0001043,ChIP-seq:H3K4me3,ChIP-seq:H3K36me3,0.0304531985056148,4.0,ChIP-seq:H3K36me3 x ChIP-seq:H3K4me3
UBERON:0001043,ChIP-seq:H3K4me3,ChIP-seq:H3K4me1,0.01583769445210858,4.0,ChIP-seq:H3K4me1 x ChIP-seq:H3K4me3
UBERON:0001043,ChIP-seq:H3K4me3,ChIP-seq:H3K9me3,0.04452011355474675,4.0,ChIP-seq:H3K4me3 x ChIP-seq:H3K9me3
UBERON:0001043,ChIP-seq:H3K4me3,polyA plus RNA-seq,0.002820030198317093,8.0,ChIP-seq:H3K4me3 x polyA plus RNA-seq
UBERON:0001043,ChIP-seq:H3K9me3,ChIP-seq:H3K27ac,0.0009847184099395813,4.0,ChIP-seq:H3K27ac x ChIP-seq:H3K9me3
UBERON:0001043,ChIP-seq:H3K9me3,ChIP-seq:H3K27me3,0.10370249586445944,4.0,ChIP-seq:H3K27me3 x ChIP-seq:H3K9me3
UBERON:0001043,ChIP-seq:H3K9me3,ChIP-seq:H3K36me3,0.10989133808663282,4.0,ChIP-seq:H3K36me3 x ChIP-seq:H3K9me3
UBERON:0001043,ChIP-seq:H3K9me3,ChIP-seq:H3K4me1,0.20902479085765902,4.0,ChIP-seq:H3K4me1 x ChIP-seq:H3K9me3
UBERON:0001043,ChIP-seq:H3K9me3,ChIP-seq:H3K4me3,0.0381532771008037,4.0,ChIP-seq:H3K4me3 x ChIP-seq:H3K9me3
UBERON:0001043,ChIP-seq:H3K9me3,polyA plus RNA-seq,-0.002716308415354758,8.0,ChIP-seq:H3K9me3 x polyA plus RNA-seq
UBERON:0001043,polyA plus RNA-seq,ChIP-seq:H3K27ac,0.01371345673658833,8.0,ChIP-seq:H3K27ac x polyA plus RNA-seq
UBERON:0001043,polyA plus RNA-seq,ChIP-seq:H3K27me3,-0.008408340183751924,8.0,ChIP-seq:H3K27me3 x polyA plus RNA-seq
UBERON:0001043,polyA plus RNA-seq,ChIP-seq:H3K36me3,-0.005582385100227183,8.0,ChIP-seq:H3K36me3 x polyA plus RNA-seq
UBERON:0001043,polyA plus RNA-seq,ChIP-seq:H3K4me1,-0.005575588390312559,8.0,ChIP-seq:H3K4me1 x polyA plus RNA-seq
UBERON:0001043,polyA plus RNA-seq,ChIP-seq:H3K4me3,0.014235249607362478,8.0,ChIP-seq:H3K4me3 x polyA plus RNA-seq
UBERON:0001043,polyA plus RNA-seq,ChIP-seq:H3K9me3,-0.0051909556804880415,8.0,ChIP-seq:H3K9me3 x polyA plus RNA-seq
UBERON:0004648,DNase-seq,ChIP-seq:H3K27ac,-0.006923243725373424,1.0,ChIP-seq:H3K27ac x DNase-seq
UBERON:0004648,DNase-seq,ChIP-seq:H3K36me3,-0.04509680608385488,1.0,ChIP-seq:H3K36me3 x DNase-seq
UBERON:0004648,DNase-seq,ChIP-seq:H3K4me1,-0.00657675621788139,1.0,ChIP-seq:H3K4me1 x DNase-seq
UBERON:0004648,DNase-seq,ChIP-seq:H3K4me3,-0.022699496236651448,1.0,ChIP-seq:H3K4me3 x DNase-seq
UBERON:0004648,DNase-seq,ChIP-seq:CTCF,0.009928208895218685,3.0,ChIP-seq:CTCF x DNase-seq
UBERON:0004648,DNase-seq,RNA-seq,0.006513038377505406,8.0,DNase-seq x RNA-seq
UBERON:0004648,DNase-seq,ChIP-seq:POLR2A,-0.012795174200283851,1.0,ChIP-seq:POLR2A x DNase-seq
UBERON:0004648,DNase-seq,ChIP-seq:POLR2AphosphoS5,0.04374800788031685,3.0,ChIP-seq:POLR2AphosphoS5 x DNase-seq
UBERON:0004648,DNase-seq,ChIP-seq:EP300,0.03822529315948486,1.0,ChIP-seq:EP300 x DNase-seq
UBERON:0004648,ChIP-seq:H3K27ac,DNase-seq,-0.04608405570099777,1.0,ChIP-seq:H3K27ac x DNase-seq
UBERON:0004648,ChIP-seq:H3K27ac,ChIP-seq:H3K36me3,0.04026798252996645,1.0,ChIP-seq:H3K27ac x ChIP-seq:H3K36me3
UBERON:0004648,ChIP-seq:H3K27ac,ChIP-seq:H3K4me1,0.12110419960125633,1.0,ChIP-seq:H3K27ac x ChIP-seq:H3K4me1
UBERON:0004648,ChIP-seq:H3K27ac,ChIP-seq:H3K4me3,0.15892273104468058,1.0,ChIP-seq:H3K27ac x ChIP-seq:H3K4me3
UBERON:0004648,ChIP-seq:H3K27ac,ChIP-seq:CTCF,0.020990453087366544,3.0,ChIP-seq:CTCF x ChIP-seq:H3K27ac
UBERON:0004648,ChIP-seq:H3K27ac,RNA-seq,0.03229884155572452,8.0,ChIP-seq:H3K27ac x RNA-seq
UBERON:0004648,ChIP-seq:H3K27ac,ChIP-seq:POLR2A,0.06255671120526499,1.0,ChIP-seq:H3K27ac x ChIP-seq:POLR2A
UBERON:0004648,ChIP-seq:H3K27ac,ChIP-seq:POLR2AphosphoS5,0.03306734561920166,3.0,ChIP-seq:H3K27ac x ChIP-seq:POLR2AphosphoS5
UBERON:0004648,ChIP-seq:H3K27ac,ChIP-seq:EP300,-0.030373521149158478,1.0,ChIP-seq:EP300 x ChIP-seq:H3K27ac
UBERON:0004648,ChIP-seq:H3K36me3,DNase-seq,-0.026152136259183174,1.0,ChIP-seq:H3K36me3 x DNase-seq
UBERON:0004648,ChIP-seq:H3K36me3,ChIP-seq:H3K27ac,0.03028286873926351,1.0,ChIP-seq:H3K27ac x ChIP-seq:H3K36me3
UBERON:0004648,ChIP-seq:H3K36me3,ChIP-seq:H3K4me1,0.09842417032822319,1.0,ChIP-seq:H3K36me3 x ChIP-seq:H3K4me1
UBERON:0004648,ChIP-seq:H3K36me3,ChIP-seq:H3K4me3,0.0170141824802687,1.0,ChIP-seq:H3K36me3 x ChIP-seq:H3K4me3
UBERON:0004648,ChIP-seq:H3K36me3,ChIP-seq:CTCF,-0.012076231722648326,3.0,ChIP-seq:CTCF x ChIP-seq:H3K36me3
UBERON:0004648,ChIP-seq:H3K36me3,RNA-seq,-0.010190810335715991,8.0,ChIP-seq:H3K36me3 x RNA-seq
UBERON:0004648,ChIP-seq:H3K36me3,ChIP-seq:POLR2A,0.007669627274337568,1.0,ChIP-seq:H3K36me3 x ChIP-seq:POLR2A
UBERON:0004648,ChIP-seq:H3K36me3,ChIP-seq:POLR2AphosphoS5,0.04176667774165119,3.0,ChIP-seq:H3K36me3 x ChIP-seq:POLR2AphosphoS5
UBERON:0004648,ChIP-seq:H3K36me3,ChIP-seq:EP300,-0.005499811843037605,1.0,ChIP-seq:EP300 x ChIP-seq:H3K36me3
UBERON:0004648,ChIP-seq:H3K4me1,DNase-seq,0.007639229410162775,1.0,ChIP-seq:H3K4me1 x DNase-seq
UBERON:0004648,ChIP-seq:H3K4me1,ChIP-seq:H3K27ac,0.10966567253624951,1.0,ChIP-seq:H3K27ac x ChIP-seq:H3K4me1
UBERON:0004648,ChIP-seq:H3K4me1,ChIP-seq:H3K36me3,0.08737578580254002,1.0,ChIP-seq:H3K36me3 x ChIP-seq:H3K4me1
UBERON:0004648,ChIP-seq:H3K4me1,ChIP-seq:H3K4me3,-0.12760469019412995,1.0,ChIP-seq:H3K4me1 x ChIP-seq:H3K4me3
UBERON:0004648,ChIP-seq:H3K4me1,ChIP-seq:CTCF,0.012109581094521742,3.0,ChIP-seq:CTCF x ChIP-seq:H3K4me1
UBERON:0004648,ChIP-seq:H3K4me1,RNA-seq,-0.005597958394332907,8.0,ChIP-seq:H3K4me1 x RNA-seq
UBERON:0004648,ChIP-seq:H3K4me1,ChIP-seq:POLR2A,-0.01391863071343355,1.0,ChIP-seq:H3K4me1 x ChIP-seq:POLR2A
UBERON:0004648,ChIP-seq:H3K4me1,ChIP-seq:POLR2AphosphoS5,-0.0033068317506048453,3.0,ChIP-seq:H3K4me1 x ChIP-seq:POLR2AphosphoS5
UBERON:0004648,ChIP-seq:H3K4me1,ChIP-seq:EP300,-0.03381322976201773,1.0,ChIP-seq:EP300 x ChIP-seq:H3K4me1
UBERON:0004648,ChIP-seq:H3K4me3,DNase-seq,-0.09048650146564971,1.0,ChIP-seq:H3K4me3 x DNase-seq
UBERON:0004648,ChIP-seq:H3K4me3,ChIP-seq:H3K27ac,0.188158968348562,1.0,ChIP-seq:H3K27ac x ChIP-seq:H3K4me3
UBERON:0004648,ChIP-seq:H3K4me3,ChIP-seq:H3K36me3,0.05447650151817422,1.0,ChIP-seq:H3K36me3 x ChIP-seq:H3K4me3
UBERON:0004648,ChIP-seq:H3K4me3,ChIP-seq:H3K4me1,-0.08733948093393575,1.0,ChIP-seq:H3K4me1 x ChIP-seq:H3K4me3
UBERON:0004648,ChIP-seq:H3K4me3,ChIP-seq:CTCF,0.027620147054012008,3.0,ChIP-seq:CTCF x ChIP-seq:H3K4me3
UBERON:0004648,ChIP-seq:H3K4me3,RNA-seq,0.02079162343168485,8.0,ChIP-seq:H3K4me3 x RNA-seq
UBERON:0004648,ChIP-seq:H3K4me3,ChIP-seq:POLR2A,0.03666241493141442,1.0,ChIP-seq:H3K4me3 x ChIP-seq:POLR2A
UBERON:0004648,ChIP-seq:H3K4me3,ChIP-seq:POLR2AphosphoS5,0.027579771147833942,3.0,ChIP-seq:H3K4me3 x ChIP-seq:POLR2AphosphoS5
UBERON:0004648,ChIP-seq:H3K4me3,ChIP-seq:EP300,-0.03974046837538481,1.0,ChIP-seq:EP300 x ChIP-seq:H3K4me3
UBERON:0004648,ChIP-seq:CTCF,DNase-seq,-0.05188496021399053,3.0,ChIP-seq:CTCF x DNase-seq
UBERON:0004648,ChIP-seq:CTCF,ChIP-seq:H3K27ac,0.018892813182662054,3.0,ChIP-seq:CTCF x ChIP-seq:H3K27ac
UBERON:0004648,ChIP-seq:CTCF,ChIP-seq:H3K36me3,0.0029558690754990825,3.0,ChIP-seq:CTCF x ChIP-seq:H3K36me3
UBERON:0004648,ChIP-seq:CTCF,ChIP-seq:H3K4me1,0.016200418705525604,3.0,ChIP-seq:CTCF x ChIP-seq:H3K4me1
UBERON:0004648,ChIP-seq:CTCF,ChIP-seq:H3K4me3,0.030674444081247317,3.0,ChIP-seq:CTCF x ChIP-seq:H3K4me3
UBERON:0004648,ChIP-seq:CTCF,RNA-seq,0.009812191995900485,24.0,ChIP-seq:CTCF x RNA-seq
UBERON:0004648,ChIP-seq:CTCF,ChIP-seq:POLR2A,0.048537742324739855,3.0,ChIP-seq:CTCF x ChIP-seq:POLR2A
UBERON:0004648,ChIP-seq:CTCF,ChIP-seq:POLR2AphosphoS5,-0.014916481795134356,9.0,ChIP-seq:CTCF x ChIP-seq:POLR2AphosphoS5
UBERON:0004648,ChIP-seq:CTCF,ChIP-seq:EP300,-0.024601673086484276,3.0,ChIP-seq:CTCF x ChIP-seq:EP300
UBERON:0004648,RNA-seq,DNase-seq,0.01056731091680575,8.0,DNase-seq x RNA-seq
UBERON:0004648,RNA-seq,ChIP-seq:H3K27ac,0.03409528879471767,8.0,ChIP-seq:H3K27ac x RNA-seq
UBERON:0004648,RNA-seq,ChIP-seq:H3K36me3,0.008516400542698407,8.0,ChIP-seq:H3K36me3 x RNA-seq
UBERON:0004648,RNA-seq,ChIP-seq:H3K4me1,0.0022368716966846714,8.0,ChIP-seq:H3K4me1 x RNA-seq
UBERON:0004648,RNA-seq,ChIP-seq:H3K4me3,0.018725256552529893,8.0,ChIP-seq:H3K4me3 x RNA-seq
UBERON:0004648,RNA-seq,ChIP-seq:CTCF,0.008509805951363,24.0,ChIP-seq:CTCF x RNA-seq
UBERON:0004648,RNA-seq,ChIP-seq:POLR2A,0.008079517436654943,8.0,ChIP-seq:POLR2A x RNA-seq
UBERON:0004648,RNA-seq,ChIP-seq:POLR2AphosphoS5,0.012776826266889217,24.0,ChIP-seq:POLR2AphosphoS5 x RNA-seq
UBERON:0004648,RNA-seq,ChIP-seq:EP300,-0.009773130994290113,8.0,ChIP-seq:EP300 x RNA-seq
UBERON:0004648,ChIP-seq:POLR2A,DNase-seq,-0.03097823536104899,1.0,ChIP-seq:POLR2A x DNase-seq
UBERON:0004648,ChIP-seq:POLR2A,ChIP-seq:H3K27ac,0.03536247986334343,1.0,ChIP-seq:H3K27ac x ChIP-seq:POLR2A
UBERON:0004648,ChIP-seq:POLR2A,ChIP-seq:H3K36me3,-0.008797208023698707,1.0,ChIP-seq:H3K36me3 x ChIP-seq:POLR2A
UBERON:0004648,ChIP-seq:POLR2A,ChIP-seq:H3K4me1,-0.06000245573080104,1.0,ChIP-seq:H3K4me1 x ChIP-seq:POLR2A
UBERON:0004648,ChIP-seq:POLR2A,ChIP-seq:H3K4me3,0.07946863742761834,1.0,ChIP-seq:H3K4me3 x ChIP-seq:POLR2A
UBERON:0004648,ChIP-seq:POLR2A,ChIP-seq:CTCF,-0.012307283205863773,3.0,ChIP-seq:CTCF x ChIP-seq:POLR2A
UBERON:0004648,ChIP-seq:POLR2A,RNA-seq,0.02034232999041075,8.0,ChIP-seq:POLR2A x RNA-seq
UBERON:0004648,ChIP-seq:POLR2A,ChIP-seq:POLR2AphosphoS5,0.07608902012860336,3.0,ChIP-seq:POLR2A x ChIP-seq:POLR2AphosphoS5
UBERON:0004648,ChIP-seq:POLR2A,ChIP-seq:EP300,-0.05666424334049225,1.0,ChIP-seq:EP300 x ChIP-seq:POLR2A
UBERON:0004648,ChIP-seq:POLR2AphosphoS5,DNase-seq,0.03303768293614456,3.0,ChIP-seq:POLR2AphosphoS5 x DNase-seq
UBERON:0004648,ChIP-seq:POLR2AphosphoS5,ChIP-seq:H3K27ac,0.07750461670596903,3.0,ChIP-seq:H3K27ac x ChIP-seq:POLR2AphosphoS5
UBERON:0004648,ChIP-seq:POLR2AphosphoS5,ChIP-seq:H3K36me3,0.06006927040585301,3.0,ChIP-seq:H3K36me3 x ChIP-seq:POLR2AphosphoS5
UBERON:0004648,ChIP-seq:POLR2AphosphoS5,ChIP-seq:H3K4me1,0.01358784853980161,3.0,ChIP-seq:H3K4me1 x ChIP-seq:POLR2AphosphoS5
UBERON:0004648,ChIP-seq:POLR2AphosphoS5,ChIP-seq:H3K4me3,0.0685197015141332,3.0,ChIP-seq:H3K4me3 x ChIP-seq:POLR2AphosphoS5
UBERON:0004648,ChIP-seq:POLR2AphosphoS5,ChIP-seq:CTCF,0.016422449014125734,9.0,ChIP-seq:CTCF x ChIP-seq:POLR2AphosphoS5
UBERON:0004648,ChIP-seq:POLR2AphosphoS5,RNA-seq,0.020291248414597618,24.0,ChIP-seq:POLR2AphosphoS5 x RNA-seq
UBERON:0004648,ChIP-seq:POLR2AphosphoS5,ChIP-seq:POLR2A,0.06650701740331816,3.0,ChIP-seq:POLR2A x ChIP-seq:POLR2AphosphoS5
UBERON:0004648,ChIP-seq:POLR2AphosphoS5,ChIP-seq:EP300,-0.007968167463938358,3.0,ChIP-seq:EP300 x ChIP-seq:POLR2AphosphoS5
UBERON:0004648,ChIP-seq:EP300,DNase-seq,0.15977779000154804,1.0,ChIP-seq:EP300 x DNase-seq
UBERON:0004648,ChIP-seq:EP300,ChIP-seq:H3K27ac,-0.006114439463909761,1.0,ChIP-seq:EP300 x ChIP-seq:H3K27ac
UBERON:0004648,ChIP-seq:EP300,ChIP-seq:H3K36me3,-0.06426270272778838,1.0,ChIP-seq:EP300 x ChIP-seq:H3K36me3
UBERON:0004648,ChIP-seq:EP300,ChIP-seq:H3K4me1,-0.07079009274425714,1.0,ChIP-seq:EP300 x ChIP-seq:H3K4me1
UBERON:0004648,ChIP-seq:EP300,ChIP-seq:H3K4me3,-0.027006342708198138,1.0,ChIP-seq:EP300 x ChIP-seq:H3K4me3
UBERON:0004648,ChIP-seq:EP300,ChIP-seq:CTCF,-0.01708984260375683,3.0,ChIP-seq:CTCF x ChIP-seq:EP300
UBERON:0004648,ChIP-seq:EP300,RNA-seq,-0.012820142001630362,8.0,ChIP-seq:EP300 x RNA-seq
UBERON:0004648,ChIP-seq:EP300,ChIP-seq:POLR2A,-0.00752719923069603,1.0,ChIP-seq:EP300 x ChIP-seq:POLR2A
UBERON:0004648,ChIP-seq:EP300,ChIP-seq:POLR2AphosphoS5,0.01301137164787014,3.0,ChIP-seq:EP300 x ChIP-seq:POLR2AphosphoS5
UBERON:0006920,DNase-seq,ChIP-seq:H3K27ac,0.017144621522338303,1.0,ChIP-seq:H3K27ac x DNase-seq
UBERON:0006920,DNase-seq,ChIP-seq:H3K36me3,0.05252153959713484,1.0,ChIP-seq:H3K36me3 x DNase-seq
UBERON:0006920,DNase-seq,ChIP-seq:H3K4me1,0.004775058721070705,1.0,ChIP-seq:H3K4me1 x DNase-seq
UBERON:0006920,DNase-seq,ChIP-seq:H3K4me3,0.004269534557364708,1.0,ChIP-seq:H3K4me3 x DNase-seq
UBERON:0006920,DNase-seq,ChIP-seq:CTCF,0.012743216948312465,4.0,ChIP-seq:CTCF x DNase-seq
UBERON:0006920,DNase-seq,RNA-seq,-0.006226257684324246,8.0,DNase-seq x RNA-seq
UBERON:0006920,DNase-seq,ChIP-seq:POLR2A,0.031087604436007416,3.0,ChIP-seq:POLR2A x DNase-seq
UBERON:0006920,ChIP-seq:H3K27ac,DNase-seq,-0.04186168083188466,1.0,ChIP-seq:H3K27ac x DNase-seq
UBERON:0006920,ChIP-seq:H3K27ac,ChIP-seq:H3K36me3,0.05168326814707957,1.0,ChIP-seq:H3K27ac x ChIP-seq:H3K36me3
UBERON:0006920,ChIP-seq:H3K27ac,ChIP-seq:H3K4me1,0.09700335659410643,1.0,ChIP-seq:H3K27ac x ChIP-seq:H3K4me1
UBERON:0006920,ChIP-seq:H3K27ac,ChIP-seq:H3K4me3,0.24911787579225939,1.0,ChIP-seq:H3K27ac x ChIP-seq:H3K4me3
UBERON:0006920,ChIP-seq:H3K27ac,ChIP-seq:CTCF,0.029728767796627524,4.0,ChIP-seq:CTCF x ChIP-seq:H3K27ac
UBERON:0006920,ChIP-seq:H3K27ac,RNA-seq,0.026675797149432807,8.0,ChIP-seq:H3K27ac x RNA-seq
UBERON:0006920,ChIP-seq:H3K27ac,ChIP-seq:POLR2A,0.04591734951192683,3.0,ChIP-seq:H3K27ac x ChIP-seq:POLR2A
UBERON:0006920,ChIP-seq:H3K36me3,DNase-seq,0.0912930584084099,1.0,ChIP-seq:H3K36me3 x DNase-seq
UBERON:0006920,ChIP-seq:H3K36me3,ChIP-seq:H3K27ac,0.0008105197346504819,1.0,ChIP-seq:H3K27ac x ChIP-seq:H3K36me3
UBERON:0006920,ChIP-seq:H3K36me3,ChIP-seq:H3K4me1,0.1688886725384256,1.0,ChIP-seq:H3K36me3 x ChIP-seq:H3K4me1
UBERON:0006920,ChIP-seq:H3K36me3,ChIP-seq:H3K4me3,-0.01150213433213012,1.0,ChIP-seq:H3K36me3 x ChIP-seq:H3K4me3
UBERON:0006920,ChIP-seq:H3K36me3,ChIP-seq:CTCF,-0.008154143262835381,4.0,ChIP-seq:CTCF x ChIP-seq:H3K36me3
UBERON:0006920,ChIP-seq:H3K36me3,RNA-seq,0.0043459241400138765,8.0,ChIP-seq:H3K36me3 x RNA-seq
UBERON:0006920,ChIP-seq:H3K36me3,ChIP-seq:POLR2A,0.01053958119768085,3.0,ChIP-seq:H3K36me3 x ChIP-seq:POLR2A
UBERON:0006920,ChIP-seq:H3K4me1,DNase-seq,0.03455566114489861,1.0,ChIP-seq:H3K4me1 x DNase-seq
UBERON:0006920,ChIP-seq:H3K4me1,ChIP-seq:H3K27ac,0.08025183234317804,1.0,ChIP-seq:H3K27ac x ChIP-seq:H3K4me1
UBERON:0006920,ChIP-seq:H3K4me1,ChIP-seq:H3K36me3,0.17806289321497867,1.0,ChIP-seq:H3K36me3 x ChIP-seq:H3K4me1
UBERON:0006920,ChIP-seq:H3K4me1,ChIP-seq:H3K4me3,-0.06071361968683642,1.0,ChIP-seq:H3K4me1 x ChIP-seq:H3K4me3
UBERON:0006920,ChIP-seq:H3K4me1,ChIP-seq:CTCF,0.0312567529747787,4.0,ChIP-seq:CTCF x ChIP-seq:H3K4me1
UBERON:0006920,ChIP-seq:H3K4me1,RNA-seq,0.0012015849705829754,8.0,ChIP-seq:H3K4me1 x RNA-seq
UBERON:0006920,ChIP-seq:H3K4me1,ChIP-seq:POLR2A,-0.005277984792535953,3.0,ChIP-seq:H3K4me1 x ChIP-seq:POLR2A
UBERON:0006920,ChIP-seq:H3K4me3,DNase-seq,-0.1056631210913695,1.0,ChIP-seq:H3K4me3 x DNase-seq
UBERON:0006920,ChIP-seq:H3K4me3,ChIP-seq:H3K27ac,0.21004340346948602,1.0,ChIP-seq:H3K27ac x ChIP-seq:H3K4me3
UBERON:0006920,ChIP-seq:H3K4me3,ChIP-seq:H3K36me3,0.04101959353214816,1.0,ChIP-seq:H3K36me3 x ChIP-seq:H3K4me3
UBERON:0006920,ChIP-seq:H3K4me3,ChIP-seq:H3K4me1,-0.040994960652745285,1.0,ChIP-seq:H3K4me1 x ChIP-seq:H3K4me3
UBERON:0006920,ChIP-seq:H3K4me3,ChIP-seq:CTCF,0.03396192098994857,4.0,ChIP-seq:CTCF x ChIP-seq:H3K4me3
UBERON:0006920,ChIP-seq:H3K4me3,RNA-seq,0.04144496284867692,8.0,ChIP-seq:H3K4me3 x RNA-seq
UBERON:0006920,ChIP-seq:H3K4me3,ChIP-seq:POLR2A,0.04862851085084857,3.0,ChIP-seq:H3K4me3 x ChIP-seq:POLR2A
UBERON:0006920,ChIP-seq:CTCF,DNase-seq,-0.06602257178919174,4.0,ChIP-seq:CTCF x DNase-seq
UBERON:0006920,ChIP-seq:CTCF,ChIP-seq:H3K27ac,0.02839073741141661,4.0,ChIP-seq:CTCF x ChIP-seq:H3K27ac
UBERON:0006920,ChIP-seq:CTCF,ChIP-seq:H3K36me3,0.027433990334209644,4.0,ChIP-seq:CTCF x ChIP-seq:H3K36me3
UBERON:0006920,ChIP-seq:CTCF,ChIP-seq:H3K4me1,0.03908298196999923,4.0,ChIP-seq:CTCF x ChIP-seq:H3K4me1
UBERON:0006920,ChIP-seq:CTCF,ChIP-seq:H3K4me3,0.044544427859228714,4.0,ChIP-seq:CTCF x ChIP-seq:H3K4me3
UBERON:0006920,ChIP-seq:CTCF,RNA-seq,0.0029226584169757056,32.0,ChIP-seq:CTCF x RNA-seq
UBERON:0006920,ChIP-seq:CTCF,ChIP-seq:POLR2A,0.03204337484908826,12.0,ChIP-seq:CTCF x ChIP-seq:POLR2A
UBERON:0006920,RNA-seq,DNase-seq,0.013180965217725783,8.0,DNase-seq x RNA-seq
UBERON:0006920,RNA-seq,ChIP-seq:H3K27ac,0.021974070296611317,8.0,ChIP-seq:H3K27ac x RNA-seq
UBERON:0006920,RNA-seq,ChIP-seq:H3K36me3,0.008388210362509675,8.0,ChIP-seq:H3K36me3 x RNA-seq
UBERON:0006920,RNA-seq,ChIP-seq:H3K4me1,-0.0039036364659019145,8.0,ChIP-seq:H3K4me1 x RNA-seq
UBERON:0006920,RNA-seq,ChIP-seq:H3K4me3,0.03351819445920545,8.0,ChIP-seq:H3K4me3 x RNA-seq
UBERON:0006920,RNA-seq,ChIP-seq:CTCF,0.00901962881817401,32.0,ChIP-seq:CTCF x RNA-seq
UBERON:0006920,RNA-seq,ChIP-seq:POLR2A,0.019282809261119728,24.0,ChIP-seq:POLR2A x RNA-seq
UBERON:0006920,ChIP-seq:POLR2A,DNase-seq,-0.03398083302335242,3.0,ChIP-seq:POLR2A x DNase-seq
UBERON:0006920,ChIP-seq:POLR2A,ChIP-seq:H3K27ac,0.09370685089762809,3.0,ChIP-seq:H3K27ac x ChIP-seq:POLR2A
UBERON:0006920,ChIP-seq:POLR2A,ChIP-seq:H3K36me3,0.025175877830438443,3.0,ChIP-seq:H3K36me3 x ChIP-seq:POLR2A
UBERON:0006920,ChIP-seq:POLR2A,ChIP-seq:H3K4me1,-0.06455053626627162,3.0,ChIP-seq:H3K4me1 x ChIP-seq:POLR2A
UBERON:0006920,ChIP-seq:POLR2A,ChIP-seq:H3K4me3,0.10359934097112611,3.0,ChIP-seq:H3K4me3 x ChIP-seq:POLR2A
UBERON:0006920,ChIP-seq:POLR2A,ChIP-seq:CTCF,0.015123838842108023,12.0,ChIP-seq:CTCF x ChIP-seq:POLR2A
UBERON:0006920,ChIP-seq:POLR2A,RNA-seq,0.02409161150644247,24.0,ChIP-seq:POLR2A x RNA-seq
UBERON:0003662,DNase-seq,polyA plus RNA-seq,-2.807842833655108e-05,1.0,DNase-seq x polyA plus RNA-seq
UBERON:0003662,polyA plus RNA-seq,DNase-seq,-0.006587392087920465,1.0,DNase-seq x polyA plus RNA-seq
UBERON:0001870,DNase-seq,RNA-seq,-0.01777561099663272,4.0,DNase-seq x RNA-seq
UBERON:0001870,RNA-seq,DNase-seq,-0.02499738228075283,4.0,DNase-seq x RNA-seq
UBERON:0011907,DNase-seq,ChIP-seq:H3K27ac,0.16454355981614854,9.0,ChIP-seq:H3K27ac x DNase-seq
UBERON:0011907,DNase-seq,ChIP-seq:H3K27me3,-0.08585092619461118,9.0,ChIP-seq:H3K27me3 x DNase-seq
UBERON:0011907,DNase-seq,ChIP-seq:H3K36me3,-0.05172168654003681,6.0,ChIP-seq:H3K36me3 x DNase-seq
UBERON:0011907,DNase-seq,ChIP-seq:H3K4me1,-0.022949445451426707,9.0,ChIP-seq:H3K4me1 x DNase-seq
UBERON:0011907,DNase-seq,ChIP-seq:H3K4me3,0.05012424152595149,9.0,ChIP-seq:H3K4me3 x DNase-seq
UBERON:0011907,DNase-seq,ChIP-seq:H3K9me3,-0.08120538186094614,6.0,ChIP-seq:H3K9me3 x DNase-seq
UBERON:0011907,DNase-seq,ChIP-seq:CTCF,0.011297860716143221,9.0,ChIP-seq:CTCF x DNase-seq
UBERON:0011907,DNase-seq,RNA-seq,0.018427446139467583,24.0,DNase-seq x RNA-seq
UBERON:0011907,DNase-seq,ChIP-seq:POLR2A,0.12631695894967943,6.0,ChIP-seq:POLR2A x DNase-seq
UBERON:0011907,ChIP-seq:H3K27ac,DNase-seq,0.19338056119118754,9.0,ChIP-seq:H3K27ac x DNase-seq
UBERON:0011907,ChIP-seq:H3K27ac,ChIP-seq:H3K27me3,-0.09860224719248513,9.0,ChIP-seq:H3K27ac x ChIP-seq:H3K27me3
UBERON:0011907,ChIP-seq:H3K27ac,ChIP-seq:H3K36me3,-0.0242698272358383,6.0,ChIP-seq:H3K27ac x ChIP-seq:H3K36me3
UBERON:0011907,ChIP-seq:H3K27ac,ChIP-seq:H3K4me1,0.2935337572016268,9.0,ChIP-seq:H3K27ac x ChIP-seq:H3K4me1
UBERON:0011907,ChIP-seq:H3K27ac,ChIP-seq:H3K4me3,0.24892097347778894,9.0,ChIP-seq:H3K27ac x ChIP-seq:H3K4me3
UBERON:0011907,ChIP-seq:H3K27ac,ChIP-seq:H3K9me3,-0.040738800606470095,6.0,ChIP-seq:H3K27ac x ChIP-seq:H3K9me3
UBERON:0011907,ChIP-seq:H3K27ac,ChIP-seq:CTCF,-0.021991969524031013,9.0,ChIP-seq:CTCF x ChIP-seq:H3K27ac
UBERON:0011907,ChIP-seq:H3K27ac,RNA-seq,0.013775657363949742,24.0,ChIP-seq:H3K27ac x RNA-seq
UBERON:0011907,ChIP-seq:H3K27ac,ChIP-seq:POLR2A,0.07316887094860985,6.0,ChIP-seq:H3K27ac x ChIP-seq:POLR2A
UBERON:0011907,ChIP-seq:H3K27me3,DNase-seq,-0.06994068786874091,9.0,ChIP-seq:H3K27me3 x DNase-seq
UBERON:0011907,ChIP-seq:H3K27me3,ChIP-seq:H3K27ac,-0.10430611073970796,9.0,ChIP-seq:H3K27ac x ChIP-seq:H3K27me3
UBERON:0011907,ChIP-seq:H3K27me3,ChIP-seq:H3K36me3,0.09009374207710252,6.0,ChIP-seq:H3K27me3 x ChIP-seq:H3K36me3
UBERON:0011907,ChIP-seq:H3K27me3,ChIP-seq:H3K4me1,0.047142417439610965,9.0,ChIP-seq:H3K27me3 x ChIP-seq:H3K4me1
UBERON:0011907,ChIP-seq:H3K27me3,ChIP-seq:H3K4me3,0.04718107605390892,9.0,ChIP-seq:H3K27me3 x ChIP-seq:H3K4me3
UBERON:0011907,ChIP-seq:H3K27me3,ChIP-seq:H3K9me3,0.2090888729308571,6.0,ChIP-seq:H3K27me3 x ChIP-seq:H3K9me3
UBERON:0011907,ChIP-seq:H3K27me3,ChIP-seq:CTCF,-0.018940589939936612,9.0,ChIP-seq:CTCF x ChIP-seq:H3K27me3
UBERON:0011907,ChIP-seq:H3K27me3,RNA-seq,-0.001325512967077589,24.0,ChIP-seq:H3K27me3 x RNA-seq
UBERON:0011907,ChIP-seq:H3K27me3,ChIP-seq:POLR2A,-0.032909458237034936,6.0,ChIP-seq:H3K27me3 x ChIP-seq:POLR2A
UBERON:0011907,ChIP-seq:H3K36me3,DNase-seq,-0.03773814982684083,6.0,ChIP-seq:H3K36me3 x DNase-seq
UBERON:0011907,ChIP-seq:H3K36me3,ChIP-seq:H3K27ac,-0.027907998859882356,6.0,ChIP-seq:H3K27ac x ChIP-seq:H3K36me3
UBERON:0011907,ChIP-seq:H3K36me3,ChIP-seq:H3K27me3,0.07218864525871715,6.0,ChIP-seq:H3K27me3 x ChIP-seq:H3K36me3
UBERON:0011907,ChIP-seq:H3K36me3,ChIP-seq:H3K4me1,-0.008654105139302683,6.0,ChIP-seq:H3K36me3 x ChIP-seq:H3K4me1
UBERON:0011907,ChIP-seq:H3K36me3,ChIP-seq:H3K4me3,0.06978171000458265,6.0,ChIP-seq:H3K36me3 x ChIP-seq:H3K4me3
UBERON:0011907,ChIP-seq:H3K36me3,ChIP-seq:H3K9me3,0.27587887578170395,4.0,ChIP-seq:H3K36me3 x ChIP-seq:H3K9me3
UBERON:0011907,ChIP-seq:H3K36me3,ChIP-seq:CTCF,-0.02753364700728502,6.0,ChIP-seq:CTCF x ChIP-seq:H3K36me3
UBERON:0011907,ChIP-seq:H3K36me3,RNA-seq,0.02083778489301437,16.0,ChIP-seq:H3K36me3 x RNA-seq
UBERON:0011907,ChIP-seq:H3K36me3,ChIP-seq:POLR2A,-0.04100254311093262,4.0,ChIP-seq:H3K36me3 x ChIP-seq:POLR2A
UBERON:0011907,ChIP-seq:H3K4me1,DNase-seq,-0.013676070068336373,9.0,ChIP-seq:H3K4me1 x DNase-seq
UBERON:0011907,ChIP-seq:H3K4me1,ChIP-seq:H3K27ac,0.309345195028517,9.0,ChIP-seq:H3K27ac x ChIP-seq:H3K4me1
UBERON:0011907,ChIP-seq:H3K4me1,ChIP-seq:H3K27me3,0.06953448171359827,9.0,ChIP-seq:H3K27me3 x ChIP-seq:H3K4me1
UBERON:0011907,ChIP-seq:H3K4me1,ChIP-seq:H3K36me3,0.004190533144343679,6.0,ChIP-seq:H3K36me3 x ChIP-seq:H3K4me1
UBERON:0011907,ChIP-seq:H3K4me1,ChIP-seq:H3K4me3,0.02758308812532813,9.0,ChIP-seq:H3K4me1 x ChIP-seq:H3K4me3
UBERON:0011907,ChIP-seq:H3K4me1,ChIP-seq:H3K9me3,0.05891739195507553,6.0,ChIP-seq:H3K4me1 x ChIP-seq:H3K9me3
UBERON:0011907,ChIP-seq:H3K4me1,ChIP-seq:CTCF,-0.02131809880081405,9.0,ChIP-seq:CTCF x ChIP-seq:H3K4me1
UBERON:0011907,ChIP-seq:H3K4me1,RNA-seq,-0.019637150087512538,24.0,ChIP-seq:H3K4me1 x RNA-seq
UBERON:0011907,ChIP-seq:H3K4me1,ChIP-seq:POLR2A,-0.08599526825405301,6.0,ChIP-seq:H3K4me1 x ChIP-seq:POLR2A
UBERON:0011907,ChIP-seq:H3K4me3,DNase-seq,0.06293521555819252,9.0,ChIP-seq:H3K4me3 x DNase-seq
UBERON:0011907,ChIP-seq:H3K4me3,ChIP-seq:H3K27ac,0.24861990080939397,9.0,ChIP-seq:H3K27ac x ChIP-seq:H3K4me3
UBERON:0011907,ChIP-seq:H3K4me3,ChIP-seq:H3K27me3,0.02506506134723795,9.0,ChIP-seq:H3K27me3 x ChIP-seq:H3K4me3
UBERON:0011907,ChIP-seq:H3K4me3,ChIP-seq:H3K36me3,0.0747906105228202,6.0,ChIP-seq:H3K36me3 x ChIP-seq:H3K4me3
UBERON:0011907,ChIP-seq:H3K4me3,ChIP-seq:H3K4me1,-0.007980809861996526,9.0,ChIP-seq:H3K4me1 x ChIP-seq:H3K4me3
UBERON:0011907,ChIP-seq:H3K4me3,ChIP-seq:H3K9me3,0.10591572933800837,6.0,ChIP-seq:H3K4me3 x ChIP-seq:H3K9me3
UBERON:0011907,ChIP-seq:H3K4me3,ChIP-seq:CTCF,-0.019177008515749223,9.0,ChIP-seq:CTCF x ChIP-seq:H3K4me3
UBERON:0011907,ChIP-seq:H3K4me3,RNA-seq,-0.005808905238965531,24.0,ChIP-seq:H3K4me3 x RNA-seq
UBERON:0011907,ChIP-seq:H3K4me3,ChIP-seq:POLR2A,0.04082744178317843,6.0,ChIP-seq:H3K4me3 x ChIP-seq:POLR2A
UBERON:0011907,ChIP-seq:H3K9me3,DNase-seq,-0.03980562445113209,6.0,ChIP-seq:H3K9me3 x DNase-seq
UBERON:0011907,ChIP-seq:H3K9me3,ChIP-seq:H3K27ac,-0.0407911212493976,6.0,ChIP-seq:H3K27ac x ChIP-seq:H3K9me3
UBERON:0011907,ChIP-seq:H3K9me3,ChIP-seq:H3K27me3,0.21690504304293928,6.0,ChIP-seq:H3K27me3 x ChIP-seq:H3K9me3
UBERON:0011907,ChIP-seq:H3K9me3,ChIP-seq:H3K36me3,0.28783818511735826,4.0,ChIP-seq:H3K36me3 x ChIP-seq:H3K9me3
UBERON:0011907,ChIP-seq:H3K9me3,ChIP-seq:H3K4me1,0.026427152938458508,6.0,ChIP-seq:H3K4me1 x ChIP-seq:H3K9me3
UBERON:0011907,ChIP-seq:H3K9me3,ChIP-seq:H3K4me3,0.11663136907586469,6.0,ChIP-seq:H3K4me3 x ChIP-seq:H3K9me3
UBERON:0011907,ChIP-seq:H3K9me3,ChIP-seq:CTCF,-0.010998397970046753,6.0,ChIP-seq:CTCF x ChIP-seq:H3K9me3
UBERON:0011907,ChIP-seq:H3K9me3,RNA-seq,-0.0038372156721254427,16.0,ChIP-seq:H3K9me3 x RNA-seq
UBERON:0011907,ChIP-seq:H3K9me3,ChIP-seq:POLR2A,-0.053647476115397046,4.0,ChIP-seq:H3K9me3 x ChIP-seq:POLR2A
UBERON:0011907,ChIP-seq:CTCF,DNase-seq,0.0042313706967257725,9.0,ChIP-seq:CTCF x DNase-seq
UBERON:0011907,ChIP-seq:CTCF,ChIP-seq:H3K27ac,-0.027683634476529224,9.0,ChIP-seq:CTCF x ChIP-seq:H3K27ac
UBERON:0011907,ChIP-seq:CTCF,ChIP-seq:H3K27me3,-0.026365344152139977,9.0,ChIP-seq:CTCF x ChIP-seq:H3K27me3
UBERON:0011907,ChIP-seq:CTCF,ChIP-seq:H3K36me3,-0.0194823066268701,6.0,ChIP-seq:CTCF x ChIP-seq:H3K36me3
UBERON:0011907,ChIP-seq:CTCF,ChIP-seq:H3K4me1,-0.034924378780072714,9.0,ChIP-seq:CTCF x ChIP-seq:H3K4me1
UBERON:0011907,ChIP-seq:CTCF,ChIP-seq:H3K4me3,-0.01229478549416263,9.0,ChIP-seq:CTCF x ChIP-seq:H3K4me3
UBERON:0011907,ChIP-seq:CTCF,ChIP-seq:H3K9me3,-0.0066836305462115286,6.0,ChIP-seq:CTCF x ChIP-seq:H3K9me3
UBERON:0011907,ChIP-seq:CTCF,RNA-seq,0.004527903046172852,24.0,ChIP-seq:CTCF x RNA-seq
UBERON:0011907,ChIP-seq:CTCF,ChIP-seq:POLR2A,-0.050966572193872364,6.0,ChIP-seq:CTCF x ChIP-seq:POLR2A
UBERON:0011907,RNA-seq,DNase-seq,0.01232198145461945,24.0,DNase-seq x RNA-seq
UBERON:0011907,RNA-seq,ChIP-seq:H3K27ac,0.012909598151842748,24.0,ChIP-seq:H3K27ac x RNA-seq
UBERON:0011907,RNA-seq,ChIP-seq:H3K27me3,-0.015137027135525626,24.0,ChIP-seq:H3K27me3 x RNA-seq
UBERON:0011907,RNA-seq,ChIP-seq:H3K36me3,0.027640240099379626,16.0,ChIP-seq:H3K36me3 x RNA-seq
UBERON:0011907,RNA-seq,ChIP-seq:H3K4me1,-0.006856589960173154,24.0,ChIP-seq:H3K4me1 x RNA-seq
UBERON:0011907,RNA-seq,ChIP-seq:H3K4me3,0.0017066113126110033,24.0,ChIP-seq:H3K4me3 x RNA-seq
UBERON:0011907,RNA-seq,ChIP-seq:H3K9me3,-0.009476522930674046,16.0,ChIP-seq:H3K9me3 x RNA-seq
UBERON:0011907,RNA-seq,ChIP-seq:CTCF,0.010834398333174296,24.0,ChIP-seq:CTCF x RNA-seq
UBERON:0011907,RNA-seq,ChIP-seq:POLR2A,0.021276134465421946,16.0,ChIP-seq:POLR2A x RNA-seq
UBERON:0011907,ChIP-seq:POLR2A,DNase-seq,0.15232376457800853,6.0,ChIP-seq:POLR2A x DNase-seq
UBERON:0011907,ChIP-seq:POLR2A,ChIP-seq:H3K27ac,0.010649736722310399,6.0,ChIP-seq:H3K27ac x ChIP-seq:POLR2A
UBERON:0011907,ChIP-seq:POLR2A,ChIP-seq:H3K27me3,-0.0006905764170076663,6.0,ChIP-seq:H3K27me3 x ChIP-seq:POLR2A
UBERON:0011907,ChIP-seq:POLR2A,ChIP-seq:H3K36me3,0.027964075179721312,4.0,ChIP-seq:H3K36me3 x ChIP-seq:POLR2A
UBERON:0011907,ChIP-seq:POLR2A,ChIP-seq:H3K4me1,-0.1135743533298646,6.0,ChIP-seq:H3K4me1 x ChIP-seq:POLR2A
UBERON:0011907,ChIP-seq:POLR2A,ChIP-seq:H3K4me3,0.008065662193746076,6.0,ChIP-seq:H3K4me3 x ChIP-seq:POLR2A
UBERON:0011907,ChIP-seq:POLR2A,ChIP-seq:H3K9me3,-0.023602285302717595,4.0,ChIP-seq:H3K9me3 x ChIP-seq:POLR2A
UBERON:0011907,ChIP-seq:POLR2A,ChIP-seq:CTCF,0.008549951590024508,6.0,ChIP-seq:CTCF x ChIP-seq:POLR2A
UBERON:0011907,ChIP-seq:POLR2A,RNA-seq,0.04021084250223042,16.0,ChIP-seq:POLR2A x RNA-seq
UBERON:0004550,ChIP-seq:H3K27ac,ChIP-seq:H3K4me1,0.12807175970595816,1.0,ChIP-seq:H3K27ac x ChIP-seq:H3K4me1
UBERON:0004550,ChIP-seq:H3K27ac,ChIP-seq:H3K4me3,0.24581823501476022,1.0,ChIP-seq:H3K27ac x ChIP-seq:H3K4me3
UBERON:0004550,ChIP-seq:H3K27ac,ChIP-seq:H3K9me3,0.030445385517345533,1.0,ChIP-seq:H3K27ac x ChIP-seq:H3K9me3
UBERON:0004550,ChIP-seq:H3K27ac,ChIP-seq:CTCF,0.01852824220668922,4.0,ChIP-seq:CTCF x ChIP-seq:H3K27ac
UBERON:0004550,ChIP-seq:H3K27ac,RNA-seq,0.024433545237340724,8.0,ChIP-seq:H3K27ac x RNA-seq
UBERON:0004550,ChIP-seq:H3K27ac,ChIP-seq:POLR2A,0.029460051545390387,4.0,ChIP-seq:H3K27ac x ChIP-seq:POLR2A
UBERON:0004550,ChIP-seq:H3K27ac,ChIP-seq:POLR2AphosphoS5,0.020632728420454882,1.0,ChIP-seq:H3K27ac x ChIP-seq:POLR2AphosphoS5
UBERON:0004550,ChIP-seq:H3K27ac,ChIP-seq:EP300,-0.020697448402643204,2.0,ChIP-seq:EP300 x ChIP-seq:H3K27ac
UBERON:0004550,ChIP-seq:H3K4me1,ChIP-seq:H3K27ac,0.11182272636596068,1.0,ChIP-seq:H3K27ac x ChIP-seq:H3K4me1
UBERON:0004550,ChIP-seq:H3K4me1,ChIP-seq:H3K4me3,-0.08285324143808942,1.0,ChIP-seq:H3K4me1 x ChIP-seq:H3K4me3
UBERON:0004550,ChIP-seq:H3K4me1,ChIP-seq:H3K9me3,0.08404238952530754,1.0,ChIP-seq:H3K4me1 x ChIP-seq:H3K9me3
UBERON:0004550,ChIP-seq:H3K4me1,ChIP-seq:CTCF,0.010637333887873343,4.0,ChIP-seq:CTCF x ChIP-seq:H3K4me1
UBERON:0004550,ChIP-seq:H3K4me1,RNA-seq,-0.0029507841441488315,8.0,ChIP-seq:H3K4me1 x RNA-seq
UBERON:0004550,ChIP-seq:H3K4me1,ChIP-seq:POLR2A,-0.04892102863501619,4.0,ChIP-seq:H3K4me1 x ChIP-seq:POLR2A
UBERON:0004550,ChIP-seq:H3K4me1,ChIP-seq:POLR2AphosphoS5,0.030560004813917754,1.0,ChIP-seq:H3K4me1 x ChIP-seq:POLR2AphosphoS5
UBERON:0004550,ChIP-seq:H3K4me1,ChIP-seq:EP300,-0.0186259297033151,2.0,ChIP-seq:EP300 x ChIP-seq:H3K4me1
UBERON:0004550,ChIP-seq:H3K4me3,ChIP-seq:H3K27ac,0.23797999966291733,1.0,ChIP-seq:H3K27ac x ChIP-seq:H3K4me3
UBERON:0004550,ChIP-seq:H3K4me3,ChIP-seq:H3K4me1,-0.04414530811102494,1.0,ChIP-seq:H3K4me1 x ChIP-seq:H3K4me3
UBERON:0004550,ChIP-seq:H3K4me3,ChIP-seq:H3K9me3,0.04547672447645002,1.0,ChIP-seq:H3K4me3 x ChIP-seq:H3K9me3
UBERON:0004550,ChIP-seq:H3K4me3,ChIP-seq:CTCF,0.023085183165605788,4.0,ChIP-seq:CTCF x ChIP-seq:H3K4me3
UBERON:0004550,ChIP-seq:H3K4me3,RNA-seq,0.0177993149167002,8.0,ChIP-seq:H3K4me3 x RNA-seq
UBERON:0004550,ChIP-seq:H3K4me3,ChIP-seq:POLR2A,0.042170772949854524,4.0,ChIP-seq:H3K4me3 x ChIP-seq:POLR2A
UBERON:0004550,ChIP-seq:H3K4me3,ChIP-seq:POLR2AphosphoS5,-0.005434942142716781,1.0,ChIP-seq:H3K4me3 x ChIP-seq:POLR2AphosphoS5
UBERON:0004550,ChIP-seq:H3K4me3,ChIP-seq:EP300,-0.018895954204102356,2.0,ChIP-seq:EP300 x ChIP-seq:H3K4me3
UBERON:0004550,ChIP-seq:H3K9me3,ChIP-seq:H3K27ac,-0.005849795737936175,1.0,ChIP-seq:H3K27ac x ChIP-seq:H3K9me3
UBERON:0004550,ChIP-seq:H3K9me3,ChIP-seq:H3K4me1,0.08221596868141838,1.0,ChIP-seq:H3K4me1 x ChIP-seq:H3K9me3
UBERON:0004550,ChIP-seq:H3K9me3,ChIP-seq:H3K4me3,0.0019535825522833117,1.0,ChIP-seq:H3K4me3 x ChIP-seq:H3K9me3
UBERON:0004550,ChIP-seq:H3K9me3,ChIP-seq:CTCF,-0.030022424184581606,4.0,ChIP-seq:CTCF x ChIP-seq:H3K9me3
UBERON:0004550,ChIP-seq:H3K9me3,RNA-seq,-0.010422117921862211,8.0,ChIP-seq:H3K9me3 x RNA-seq
UBERON:0004550,ChIP-seq:H3K9me3,ChIP-seq:POLR2A,-0.02854908340507084,4.0,ChIP-seq:H3K9me3 x ChIP-seq:POLR2A
UBERON:0004550,ChIP-seq:H3K9me3,ChIP-seq:POLR2AphosphoS5,-0.001302770499525402,1.0,ChIP-seq:H3K9me3 x ChIP-seq:POLR2AphosphoS5
UBERON:0004550,ChIP-seq:H3K9me3,ChIP-seq:EP300,0.01793980598449707,2.0,ChIP-seq:EP300 x ChIP-seq:H3K9me3
UBERON:0004550,ChIP-seq:CTCF,ChIP-seq:H3K27ac,0.022410913657994917,4.0,ChIP-seq:CTCF x ChIP-seq:H3K27ac
UBERON:0004550,ChIP-seq:CTCF,ChIP-seq:H3K4me1,0.025019107629423557,4.0,ChIP-seq:CTCF x ChIP-seq:H3K4me1
UBERON:0004550,ChIP-seq:CTCF,ChIP-seq:H3K4me3,0.028637586014215337,4.0,ChIP-seq:CTCF x ChIP-seq:H3K4me3
UBERON:0004550,ChIP-seq:CTCF,ChIP-seq:H3K9me3,0.02669234954648548,4.0,ChIP-seq:CTCF x ChIP-seq:H3K9me3
UBERON:0004550,ChIP-seq:CTCF,RNA-seq,0.010093193779967176,32.0,ChIP-seq:CTCF x RNA-seq
UBERON:0004550,ChIP-seq:CTCF,ChIP-seq:POLR2A,0.0034842046874540844,16.0,ChIP-seq:CTCF x ChIP-seq:POLR2A
UBERON:0004550,ChIP-seq:CTCF,ChIP-seq:POLR2AphosphoS5,0.007140205338083461,4.0,ChIP-seq:CTCF x ChIP-seq:POLR2AphosphoS5
UBERON:0004550,ChIP-seq:CTCF,ChIP-seq:EP300,-0.045383619237691165,8.0,ChIP-seq:CTCF x ChIP-seq:EP300
UBERON:0004550,RNA-seq,ChIP-seq:H3K27ac,0.028040918395107174,8.0,ChIP-seq:H3K27ac x RNA-seq
UBERON:0004550,RNA-seq,ChIP-seq:H3K4me1,-0.0022818700855840816,8.0,ChIP-seq:H3K4me1 x RNA-seq
UBERON:0004550,RNA-seq,ChIP-seq:H3K4me3,0.018462721726229023,8.0,ChIP-seq:H3K4me3 x RNA-seq
UBERON:0004550,RNA-seq,ChIP-seq:H3K9me3,0.001896586827933788,8.0,ChIP-seq:H3K9me3 x RNA-seq
UBERON:0004550,RNA-seq,ChIP-seq:CTCF,0.00825400084474133,32.0,ChIP-seq:CTCF x RNA-seq
UBERON:0004550,RNA-seq,ChIP-seq:POLR2A,0.008913819712621195,32.0,ChIP-seq:POLR2A x RNA-seq
UBERON:0004550,RNA-seq,ChIP-seq:POLR2AphosphoS5,0.02787536973583287,8.0,ChIP-seq:POLR2AphosphoS5 x RNA-seq
UBERON:0004550,RNA-seq,ChIP-seq:EP300,-0.005398986488580703,16.0,ChIP-seq:EP300 x RNA-seq
UBERON:0004550,ChIP-seq:POLR2A,ChIP-seq:H3K27ac,0.03840398898831121,4.0,ChIP-seq:H3K27ac x ChIP-seq:POLR2A
UBERON:0004550,ChIP-seq:POLR2A,ChIP-seq:H3K4me1,-0.04598163246460583,4.0,ChIP-seq:H3K4me1 x ChIP-seq:POLR2A
UBERON:0004550,ChIP-seq:POLR2A,ChIP-seq:H3K4me3,0.08002568913060565,4.0,ChIP-seq:H3K4me3 x ChIP-seq:POLR2A
UBERON:0004550,ChIP-seq:POLR2A,ChIP-seq:H3K9me3,0.0733364419804679,4.0,ChIP-seq:H3K9me3 x ChIP-seq:POLR2A
UBERON:0004550,ChIP-seq:POLR2A,ChIP-seq:CTCF,-0.007438949372583228,16.0,ChIP-seq:CTCF x ChIP-seq:POLR2A
UBERON:0004550,ChIP-seq:POLR2A,RNA-seq,0.014181875541912404,32.0,ChIP-seq:POLR2A x RNA-seq
UBERON:0004550,ChIP-seq:POLR2A,ChIP-seq:POLR2AphosphoS5,-0.02362566364222557,4.0,ChIP-seq:POLR2A x ChIP-seq:POLR2AphosphoS5
UBERON:0004550,ChIP-seq:POLR2A,ChIP-seq:EP300,-0.014624734719594329,8.0,ChIP-seq:EP300 x ChIP-seq:POLR2A
UBERON:0004550,ChIP-seq:POLR2AphosphoS5,ChIP-seq:H3K27ac,0.09481191230408939,1.0,ChIP-seq:H3K27ac x ChIP-seq:POLR2AphosphoS5
UBERON:0004550,ChIP-seq:POLR2AphosphoS5,ChIP-seq:H3K4me1,0.04820595033790755,1.0,ChIP-seq:H3K4me1 x ChIP-seq:POLR2AphosphoS5
UBERON:0004550,ChIP-seq:POLR2AphosphoS5,ChIP-seq:H3K4me3,0.06505266836909361,1.0,ChIP-seq:H3K4me3 x ChIP-seq:POLR2AphosphoS5
UBERON:0004550,ChIP-seq:POLR2AphosphoS5,ChIP-seq:H3K9me3,0.07620034482744005,1.0,ChIP-seq:H3K9me3 x ChIP-seq:POLR2AphosphoS5
UBERON:0004550,ChIP-seq:POLR2AphosphoS5,ChIP-seq:CTCF,0.02891858963711748,4.0,ChIP-seq:CTCF x ChIP-seq:POLR2AphosphoS5
UBERON:0004550,ChIP-seq:POLR2AphosphoS5,RNA-seq,0.028374256951084045,8.0,ChIP-seq:POLR2AphosphoS5 x RNA-seq
UBERON:0004550,ChIP-seq:POLR2AphosphoS5,ChIP-seq:POLR2A,0.0839727653397454,4.0,ChIP-seq:POLR2A x ChIP-seq:POLR2AphosphoS5
UBERON:0004550,ChIP-seq:POLR2AphosphoS5,ChIP-seq:EP300,-0.017189045747121157,2.0,ChIP-seq:EP300 x ChIP-seq:POLR2AphosphoS5
UBERON:0004550,ChIP-seq:EP300,ChIP-seq:H3K27ac,-0.002276623368631176,2.0,ChIP-seq:EP300 x ChIP-seq:H3K27ac
UBERON:0004550,ChIP-seq:EP300,ChIP-seq:H3K4me1,-0.018021343032950943,2.0,ChIP-seq:EP300 x ChIP-seq:H3K4me1
UBERON:0004550,ChIP-seq:EP300,ChIP-seq:H3K4me3,-0.011093250666420126,2.0,ChIP-seq:EP300 x ChIP-seq:H3K4me3
UBERON:0004550,ChIP-seq:EP300,ChIP-seq:H3K9me3,0.18629251586066353,2.0,ChIP-seq:EP300 x ChIP-seq:H3K9me3
UBERON:0004550,ChIP-seq:EP300,ChIP-seq:CTCF,-0.03737131393632119,8.0,ChIP-seq:CTCF x ChIP-seq:EP300
UBERON:0004550,ChIP-seq:EP300,RNA-seq,-0.011527172840618464,16.0,ChIP-seq:EP300 x RNA-seq
UBERON:0004550,ChIP-seq:EP300,ChIP-seq:POLR2A,-0.021254431318353723,8.0,ChIP-seq:EP300 x ChIP-seq:POLR2A
UBERON:0004550,ChIP-seq:EP300,ChIP-seq:POLR2AphosphoS5,0.07343405896219712,2.0,ChIP-seq:EP300 x ChIP-seq:POLR2AphosphoS5
NTR:0001407,ChIP-seq:H3K27me3,ChIP-seq:H3K36me3,0.05476364016375214,4.0,ChIP-seq:H3K27me3 x ChIP-seq:H3K36me3
NTR:0001407,ChIP-seq:H3K27me3,ChIP-seq:H3K4me1,0.014943418342396209,4.0,ChIP-seq:H3K27me3 x ChIP-seq:H3K4me1
NTR:0001407,ChIP-seq:H3K27me3,ChIP-seq:H3K4me3,-0.058859873719722317,4.0,ChIP-seq:H3K27me3 x ChIP-seq:H3K4me3
NTR:0001407,ChIP-seq:H3K27me3,ChIP-seq:H3K9me3,0.0745521592361301,4.0,ChIP-seq:H3K27me3 x ChIP-seq:H3K9me3
NTR:0001407,ChIP-seq:H3K36me3,ChIP-seq:H3K27me3,0.05516518256493977,4.0,ChIP-seq:H3K27me3 x ChIP-seq:H3K36me3
NTR:0001407,ChIP-seq:H3K36me3,ChIP-seq:H3K4me1,0.0283526082833608,4.0,ChIP-seq:H3K36me3 x ChIP-seq:H3K4me1
NTR:0001407,ChIP-seq:H3K36me3,ChIP-seq:H3K4me3,-0.034867146861887424,4.0,ChIP-seq:H3K36me3 x ChIP-seq:H3K4me3
NTR:0001407,ChIP-seq:H3K36me3,ChIP-seq:H3K9me3,0.16161038372769704,4.0,ChIP-seq:H3K36me3 x ChIP-seq:H3K9me3
NTR:0001407,ChIP-seq:H3K4me1,ChIP-seq:H3K27me3,0.014281038790941239,4.0,ChIP-seq:H3K27me3 x ChIP-seq:H3K4me1
NTR:0001407,ChIP-seq:H3K4me1,ChIP-seq:H3K36me3,0.01895212196799182,4.0,ChIP-seq:H3K36me3 x ChIP-seq:H3K4me1
NTR:0001407,ChIP-seq:H3K4me1,ChIP-seq:H3K4me3,-0.02114515807305541,4.0,ChIP-seq:H3K4me1 x ChIP-seq:H3K4me3
NTR:0001407,ChIP-seq:H3K4me1,ChIP-seq:H3K9me3,-0.031217233459959484,4.0,ChIP-seq:H3K4me1 x ChIP-seq:H3K9me3
NTR:0001407,ChIP-seq:H3K4me3,ChIP-seq:H3K27me3,0.013395654186606407,4.0,ChIP-seq:H3K27me3 x ChIP-seq:H3K4me3
NTR:0001407,ChIP-seq:H3K4me3,ChIP-seq:H3K36me3,-0.02264810105164846,4.0,ChIP-seq:H3K36me3 x ChIP-seq:H3K4me3
NTR:0001407,ChIP-seq:H3K4me3,ChIP-seq:H3K4me1,0.010215084124458292,4.0,ChIP-seq:H3K4me1 x ChIP-seq:H3K4me3
NTR:0001407,ChIP-seq:H3K4me3,ChIP-seq:H3K9me3,0.040124317724778,4.0,ChIP-seq:H3K4me3 x ChIP-seq:H3K9me3
NTR:0001407,ChIP-seq:H3K9me3,ChIP-seq:H3K27me3,0.09698846493448529,4.0,ChIP-seq:H3K27me3 x ChIP-seq:H3K9me3
NTR:0001407,ChIP-seq:H3K9me3,ChIP-seq:H3K36me3,0.15650667825703898,4.0,ChIP-seq:H3K36me3 x ChIP-seq:H3K9me3
NTR:0001407,ChIP-seq:H3K9me3,ChIP-seq:H3K4me1,0.00752350045724319,4.0,ChIP-seq:H3K4me1 x ChIP-seq:H3K9me3
NTR:0001407,ChIP-seq:H3K9me3,ChIP-seq:H3K4me3,0.010066152350089261,4.0,ChIP-seq:H3K4me3 x ChIP-seq:H3K9me3
UBERON:0000948,DNase-seq,ChIP-seq:H3K27me3,-0.004962743532778036,18.0,ChIP-seq:H3K27me3 x DNase-seq
UBERON:0000948,DNase-seq,ChIP-seq:H3K36me3,-0.045356037811926236,18.0,ChIP-seq:H3K36me3 x DNase-seq
UBERON:0000948,DNase-seq,ChIP-seq:H3K4me1,0.009350693634805639,36.0,ChIP-seq:H3K4me1 x DNase-seq
UBERON:0000948,DNase-seq,ChIP-seq:H3K4me3,-0.003652357131011724,18.0,ChIP-seq:H3K4me3 x DNase-seq
UBERON:0000948,DNase-seq,ChIP-seq:H3K9ac,0.07997457398308648,18.0,ChIP-seq:H3K9ac x DNase-seq
UBERON:0000948,DNase-seq,ChIP-seq:H3K9me3,0.021361304111318823,18.0,ChIP-seq:H3K9me3 x DNase-seq
UBERON:0000948,DNase-seq,polyA plus RNA-seq,-0.0015510903111337817,72.0,DNase-seq x polyA plus RNA-seq
UBERON:0000948,DNase-seq,RNA-seq,0.01537539454164848,72.0,DNase-seq x RNA-seq
UBERON:0000948,ChIP-seq:H3K27me3,DNase-seq,0.005151483961330947,18.0,ChIP-seq:H3K27me3 x DNase-seq
UBERON:0000948,ChIP-seq:H3K27me3,ChIP-seq:H3K36me3,0.3155134044195476,1.0,ChIP-seq:H3K27me3 x ChIP-seq:H3K36me3
UBERON:0000948,ChIP-seq:H3K27me3,ChIP-seq:H3K4me1,-0.015107489328403941,2.0,ChIP-seq:H3K27me3 x ChIP-seq:H3K4me1
UBERON:0000948,ChIP-seq:H3K27me3,ChIP-seq:H3K4me3,0.04882907337227533,1.0,ChIP-seq:H3K27me3 x ChIP-seq:H3K4me3
UBERON:0000948,ChIP-seq:H3K27me3,ChIP-seq:H3K9ac,-0.031142599061131475,1.0,ChIP-seq:H3K27me3 x ChIP-seq:H3K9ac
UBERON:0000948,ChIP-seq:H3K27me3,ChIP-seq:H3K9me3,0.3526328365008036,1.0,ChIP-seq:H3K27me3 x ChIP-seq:H3K9me3
UBERON:0000948,ChIP-seq:H3K27me3,polyA plus RNA-seq,-0.016720239593719887,4.0,ChIP-seq:H3K27me3 x polyA plus RNA-seq
UBERON:0000948,ChIP-seq:H3K27me3,RNA-seq,-0.03953741283977733,4.0,ChIP-seq:H3K27me3 x RNA-seq
UBERON:0000948,ChIP-seq:H3K36me3,DNase-seq,-0.029877910690922892,18.0,ChIP-seq:H3K36me3 x DNase-seq
UBERON:0000948,ChIP-seq:H3K36me3,ChIP-seq:H3K27me3,0.3076509724963795,1.0,ChIP-seq:H3K27me3 x ChIP-seq:H3K36me3
UBERON:0000948,ChIP-seq:H3K36me3,ChIP-seq:H3K4me1,0.06809273378445152,2.0,ChIP-seq:H3K36me3 x ChIP-seq:H3K4me1
UBERON:0000948,ChIP-seq:H3K36me3,ChIP-seq:H3K4me3,0.1459932827672293,1.0,ChIP-seq:H3K36me3 x ChIP-seq:H3K4me3
UBERON:0000948,ChIP-seq:H3K36me3,ChIP-seq:H3K9ac,0.0028087168559432028,1.0,ChIP-seq:H3K36me3 x ChIP-seq:H3K9ac
UBERON:0000948,ChIP-seq:H3K36me3,ChIP-seq:H3K9me3,0.5111672083536783,1.0,ChIP-seq:H3K36me3 x ChIP-seq:H3K9me3
UBERON:0000948,ChIP-seq:H3K36me3,polyA plus RNA-seq,0.050660283704656,4.0,ChIP-seq:H3K36me3 x polyA plus RNA-seq
UBERON:0000948,ChIP-seq:H3K36me3,RNA-seq,0.05219845472013249,4.0,ChIP-seq:H3K36me3 x RNA-seq
UBERON:0000948,ChIP-seq:H3K4me1,DNase-seq,0.028359710849741454,36.0,ChIP-seq:H3K4me1 x DNase-seq
UBERON:0000948,ChIP-seq:H3K4me1,ChIP-seq:H3K27me3,-0.012861111963337116,2.0,ChIP-seq:H3K27me3 x ChIP-seq:H3K4me1
UBERON:0000948,ChIP-seq:H3K4me1,ChIP-seq:H3K36me3,0.07998882720344945,2.0,ChIP-seq:H3K36me3 x ChIP-seq:H3K4me1
UBERON:0000948,ChIP-seq:H3K4me1,ChIP-seq:H3K4me3,0.4907037000323451,2.0,ChIP-seq:H3K4me1 x ChIP-seq:H3K4me3
UBERON:0000948,ChIP-seq:H3K4me1,ChIP-seq:H3K9ac,0.2864522588253021,2.0,ChIP-seq:H3K4me1 x ChIP-seq:H3K9ac
UBERON:0000948,ChIP-seq:H3K4me1,ChIP-seq:H3K9me3,0.08524317757950889,2.0,ChIP-seq:H3K4me1 x ChIP-seq:H3K9me3
UBERON:0000948,ChIP-seq:H3K4me1,polyA plus RNA-seq,0.03682641266316433,8.0,ChIP-seq:H3K4me1 x polyA plus RNA-seq
UBERON:0000948,ChIP-seq:H3K4me1,RNA-seq,0.03183241466388983,8.0,ChIP-seq:H3K4me1 x RNA-seq
UBERON:0000948,ChIP-seq:H3K4me3,DNase-seq,0.07785920088436442,18.0,ChIP-seq:H3K4me3 x DNase-seq
UBERON:0000948,ChIP-seq:H3K4me3,ChIP-seq:H3K27me3,0.017503767528317192,1.0,ChIP-seq:H3K27me3 x ChIP-seq:H3K4me3
UBERON:0000948,ChIP-seq:H3K4me3,ChIP-seq:H3K36me3,0.09469130447036342,1.0,ChIP-seq:H3K36me3 x ChIP-seq:H3K4me3
UBERON:0000948,ChIP-seq:H3K4me3,ChIP-seq:H3K4me1,0.3937784045771823,2.0,ChIP-seq:H3K4me1 x ChIP-seq:H3K4me3
UBERON:0000948,ChIP-seq:H3K4me3,ChIP-seq:H3K9ac,0.3115619897842407,1.0,ChIP-seq:H3K4me3 x ChIP-seq:H3K9ac
UBERON:0000948,ChIP-seq:H3K4me3,ChIP-seq:H3K9me3,0.4273177531030443,1.0,ChIP-seq:H3K4me3 x ChIP-seq:H3K9me3
UBERON:0000948,ChIP-seq:H3K4me3,polyA plus RNA-seq,0.016310705424901047,4.0,ChIP-seq:H3K4me3 x polyA plus RNA-seq
UBERON:0000948,ChIP-seq:H3K4me3,RNA-seq,0.023728938295560723,4.0,ChIP-seq:H3K4me3 x RNA-seq
UBERON:0000948,ChIP-seq:H3K9ac,DNase-seq,0.08005356104997752,18.0,ChIP-seq:H3K9ac x DNase-seq
UBERON:0000948,ChIP-seq:H3K9ac,ChIP-seq:H3K27me3,-0.008948268368840218,1.0,ChIP-seq:H3K27me3 x ChIP-seq:H3K9ac
UBERON:0000948,ChIP-seq:H3K9ac,ChIP-seq:H3K36me3,0.001294388357353838,1.0,ChIP-seq:H3K36me3 x ChIP-seq:H3K9ac
UBERON:0000948,ChIP-seq:H3K9ac,ChIP-seq:H3K4me1,0.26204852279418156,2.0,ChIP-seq:H3K4me1 x ChIP-seq:H3K9ac
UBERON:0000948,ChIP-seq:H3K9ac,ChIP-seq:H3K4me3,0.20660923747129217,1.0,ChIP-seq:H3K4me3 x ChIP-seq:H3K9ac
UBERON:0000948,ChIP-seq:H3K9ac,ChIP-seq:H3K9me3,0.17721288038624658,1.0,ChIP-seq:H3K9ac x ChIP-seq:H3K9me3
UBERON:0000948,ChIP-seq:H3K9ac,polyA plus RNA-seq,0.006661880729177845,4.0,ChIP-seq:H3K9ac x polyA plus RNA-seq
UBERON:0000948,ChIP-seq:H3K9ac,RNA-seq,0.015054294221541462,4.0,ChIP-seq:H3K9ac x RNA-seq
UBERON:0000948,ChIP-seq:H3K9me3,DNase-seq,0.02212897155393836,18.0,ChIP-seq:H3K9me3 x DNase-seq
UBERON:0000948,ChIP-seq:H3K9me3,ChIP-seq:H3K27me3,0.34281527454202826,1.0,ChIP-seq:H3K27me3 x ChIP-seq:H3K9me3
UBERON:0000948,ChIP-seq:H3K9me3,ChIP-seq:H3K36me3,0.491833169836747,1.0,ChIP-seq:H3K36me3 x ChIP-seq:H3K9me3
UBERON:0000948,ChIP-seq:H3K9me3,ChIP-seq:H3K4me1,0.0692536043909078,2.0,ChIP-seq:H3K4me1 x ChIP-seq:H3K9me3
UBERON:0000948,ChIP-seq:H3K9me3,ChIP-seq:H3K4me3,0.4311631909636564,1.0,ChIP-seq:H3K4me3 x ChIP-seq:H3K9me3
UBERON:0000948,ChIP-seq:H3K9me3,ChIP-seq:H3K9ac,0.09515134036540986,1.0,ChIP-seq:H3K9ac x ChIP-seq:H3K9me3
UBERON:0000948,ChIP-seq:H3K9me3,polyA plus RNA-seq,0.011558421857934178,4.0,ChIP-seq:H3K9me3 x polyA plus RNA-seq
UBERON:0000948,ChIP-seq:H3K9me3,RNA-seq,-0.0019771430422278018,4.0,ChIP-seq:H3K9me3 x RNA-seq
UBERON:0000948,polyA plus RNA-seq,DNase-seq,0.004483838074950761,72.0,DNase-seq x polyA plus RNA-seq
UBERON:0000948,polyA plus RNA-seq,ChIP-seq:H3K27me3,-0.00715589506382292,4.0,ChIP-seq:H3K27me3 x polyA plus RNA-seq
UBERON:0000948,polyA plus RNA-seq,ChIP-seq:H3K36me3,0.022361771840798225,4.0,ChIP-seq:H3K36me3 x polyA plus RNA-seq
UBERON:0000948,polyA plus RNA-seq,ChIP-seq:H3K4me1,0.03743697951237361,8.0,ChIP-seq:H3K4me1 x polyA plus RNA-seq
UBERON:0000948,polyA plus RNA-seq,ChIP-seq:H3K4me3,0.027867577138335205,4.0,ChIP-seq:H3K4me3 x polyA plus RNA-seq
UBERON:0000948,polyA plus RNA-seq,ChIP-seq:H3K9ac,0.008606749176979067,4.0,ChIP-seq:H3K9ac x polyA plus RNA-seq
UBERON:0000948,polyA plus RNA-seq,ChIP-seq:H3K9me3,0.028074655764632757,4.0,ChIP-seq:H3K9me3 x polyA plus RNA-seq
UBERON:0000948,polyA plus RNA-seq,RNA-seq,0.09524895527783561,16.0,RNA-seq x polyA plus RNA-seq
UBERON:0000948,RNA-seq,DNase-seq,0.014169166685752972,72.0,DNase-seq x RNA-seq
UBERON:0000948,RNA-seq,ChIP-seq:H3K27me3,-0.03243031285025857,4.0,ChIP-seq:H3K27me3 x RNA-seq
UBERON:0000948,RNA-seq,ChIP-seq:H3K36me3,0.055279258913115456,4.0,ChIP-seq:H3K36me3 x RNA-seq
UBERON:0000948,RNA-seq,ChIP-seq:H3K4me1,0.0455339074012686,8.0,ChIP-seq:H3K4me1 x RNA-seq
UBERON:0000948,RNA-seq,ChIP-seq:H3K4me3,0.032818386339864065,4.0,ChIP-seq:H3K4me3 x RNA-seq
UBERON:0000948,RNA-seq,ChIP-seq:H3K9ac,0.031290460824966435,4.0,ChIP-seq:H3K9ac x RNA-seq
UBERON:0000948,RNA-seq,ChIP-seq:H3K9me3,0.020866495702001782,4.0,ChIP-seq:H3K9me3 x RNA-seq
UBERON:0000948,RNA-seq,polyA plus RNA-seq,0.14402422746938656,16.0,RNA-seq x polyA plus RNA-seq
UBERON:0002084,DNase-seq,ChIP-seq:H3K27ac,0.02528745200898913,9.0,ChIP-seq:H3K27ac x DNase-seq
UBERON:0002084,DNase-seq,ChIP-seq:H3K27me3,0.028042811315178415,9.0,ChIP-seq:H3K27me3 x DNase-seq
UBERON:0002084,DNase-seq,ChIP-seq:H3K36me3,-0.018233665055980636,9.0,ChIP-seq:H3K36me3 x DNase-seq
UBERON:0002084,DNase-seq,ChIP-seq:H3K4me1,-0.015985890204070978,9.0,ChIP-seq:H3K4me1 x DNase-seq
UBERON:0002084,DNase-seq,ChIP-seq:H3K4me3,-0.019925868753722764,9.0,ChIP-seq:H3K4me3 x DNase-seq
UBERON:0002084,DNase-seq,ChIP-seq:H3K9me3,0.01724207725901431,9.0,ChIP-seq:H3K9me3 x DNase-seq
UBERON:0002084,DNase-seq,ChIP-seq:CTCF,0.09263220155049884,6.0,ChIP-seq:CTCF x DNase-seq
UBERON:0002084,DNase-seq,polyA plus RNA-seq,-0.0033584831892642473,12.0,DNase-seq x polyA plus RNA-seq
UBERON:0002084,DNase-seq,RNA-seq,-0.001526527719641832,30.0,DNase-seq x RNA-seq
UBERON:0002084,DNase-seq,ChIP-seq:POLR2A,-0.002083670525323794,6.0,ChIP-seq:POLR2A x DNase-seq
UBERON:0002084,ChIP-seq:H3K27ac,DNase-seq,0.024540728428156397,9.0,ChIP-seq:H3K27ac x DNase-seq
UBERON:0002084,ChIP-seq:H3K27ac,ChIP-seq:H3K27me3,0.019914073163065416,9.0,ChIP-seq:H3K27ac x ChIP-seq:H3K27me3
UBERON:0002084,ChIP-seq:H3K27ac,ChIP-seq:H3K36me3,0.00898115882918626,9.0,ChIP-seq:H3K27ac x ChIP-seq:H3K36me3
UBERON:0002084,ChIP-seq:H3K27ac,ChIP-seq:H3K4me1,0.07796805725866185,9.0,ChIP-seq:H3K27ac x ChIP-seq:H3K4me1
UBERON:0002084,ChIP-seq:H3K27ac,ChIP-seq:H3K4me3,0.13112448563971246,9.0,ChIP-seq:H3K27ac x ChIP-seq:H3K4me3
UBERON:0002084,ChIP-seq:H3K27ac,ChIP-seq:H3K9me3,0.03596799620677171,9.0,ChIP-seq:H3K27ac x ChIP-seq:H3K9me3
UBERON:0002084,ChIP-seq:H3K27ac,ChIP-seq:CTCF,0.03056268919081915,6.0,ChIP-seq:CTCF x ChIP-seq:H3K27ac
UBERON:0002084,ChIP-seq:H3K27ac,polyA plus RNA-seq,-0.011743576222034053,12.0,ChIP-seq:H3K27ac x polyA plus RNA-seq
UBERON:0002084,ChIP-seq:H3K27ac,RNA-seq,-0.002261756485003562,30.0,ChIP-seq:H3K27ac x RNA-seq
UBERON:0002084,ChIP-seq:H3K27ac,ChIP-seq:POLR2A,-0.0017557243506113734,6.0,ChIP-seq:H3K27ac x ChIP-seq:POLR2A
UBERON:0002084,ChIP-seq:H3K27me3,DNase-seq,0.014325813780972713,9.0,ChIP-seq:H3K27me3 x DNase-seq
UBERON:0002084,ChIP-seq:H3K27me3,ChIP-seq:H3K27ac,-0.001653477880689834,9.0,ChIP-seq:H3K27ac x ChIP-seq:H3K27me3
UBERON:0002084,ChIP-seq:H3K27me3,ChIP-seq:H3K36me3,0.06061162776699021,9.0,ChIP-seq:H3K27me3 x ChIP-seq:H3K36me3
UBERON:0002084,ChIP-seq:H3K27me3,ChIP-seq:H3K4me1,0.03261886746309906,9.0,ChIP-seq:H3K27me3 x ChIP-seq:H3K4me1
UBERON:0002084,ChIP-seq:H3K27me3,ChIP-seq:H3K4me3,0.057636226846578535,9.0,ChIP-seq:H3K27me3 x ChIP-seq:H3K4me3
UBERON:0002084,ChIP-seq:H3K27me3,ChIP-seq:H3K9me3,0.174878307942594,9.0,ChIP-seq:H3K27me3 x ChIP-seq:H3K9me3
UBERON:0002084,ChIP-seq:H3K27me3,ChIP-seq:CTCF,-0.014956113175740318,6.0,ChIP-seq:CTCF x ChIP-seq:H3K27me3
UBERON:0002084,ChIP-seq:H3K27me3,polyA plus RNA-seq,-0.013650304653058248,12.0,ChIP-seq:H3K27me3 x polyA plus RNA-seq
UBERON:0002084,ChIP-seq:H3K27me3,RNA-seq,-0.011470674707383131,30.0,ChIP-seq:H3K27me3 x RNA-seq
UBERON:0002084,ChIP-seq:H3K27me3,ChIP-seq:POLR2A,0.016785201572236563,6.0,ChIP-seq:H3K27me3 x ChIP-seq:POLR2A
UBERON:0002084,ChIP-seq:H3K36me3,DNase-seq,-0.0069438832058771015,9.0,ChIP-seq:H3K36me3 x DNase-seq
UBERON:0002084,ChIP-seq:H3K36me3,ChIP-seq:H3K27ac,0.01645953795976109,9.0,ChIP-seq:H3K27ac x ChIP-seq:H3K36me3
UBERON:0002084,ChIP-seq:H3K36me3,ChIP-seq:H3K27me3,0.07364282502981895,9.0,ChIP-seq:H3K27me3 x ChIP-seq:H3K36me3
UBERON:0002084,ChIP-seq:H3K36me3,ChIP-seq:H3K4me1,0.05280020006992587,9.0,ChIP-seq:H3K36me3 x ChIP-seq:H3K4me1
UBERON:0002084,ChIP-seq:H3K36me3,ChIP-seq:H3K4me3,0.052797703302708776,9.0,ChIP-seq:H3K36me3 x ChIP-seq:H3K4me3
UBERON:0002084,ChIP-seq:H3K36me3,ChIP-seq:H3K9me3,0.05070047848828872,9.0,ChIP-seq:H3K36me3 x ChIP-seq:H3K9me3
UBERON:0002084,ChIP-seq:H3K36me3,ChIP-seq:CTCF,-0.010448818701127219,6.0,ChIP-seq:CTCF x ChIP-seq:H3K36me3
UBERON:0002084,ChIP-seq:H3K36me3,polyA plus RNA-seq,0.005650413941008674,12.0,ChIP-seq:H3K36me3 x polyA plus RNA-seq
UBERON:0002084,ChIP-seq:H3K36me3,RNA-seq,0.008306415600727361,30.0,ChIP-seq:H3K36me3 x RNA-seq
UBERON:0002084,ChIP-seq:H3K36me3,ChIP-seq:POLR2A,0.01825182423705146,6.0,ChIP-seq:H3K36me3 x ChIP-seq:POLR2A
UBERON:0002084,ChIP-seq:H3K4me1,DNase-seq,-0.013677569078947325,9.0,ChIP-seq:H3K4me1 x DNase-seq
UBERON:0002084,ChIP-seq:H3K4me1,ChIP-seq:H3K27ac,0.08884742458661397,9.0,ChIP-seq:H3K27ac x ChIP-seq:H3K4me1
UBERON:0002084,ChIP-seq:H3K4me1,ChIP-seq:H3K27me3,0.05172275263687659,9.0,ChIP-seq:H3K27me3 x ChIP-seq:H3K4me1
UBERON:0002084,ChIP-seq:H3K4me1,ChIP-seq:H3K36me3,0.040185950890218675,9.0,ChIP-seq:H3K36me3 x ChIP-seq:H3K4me1
UBERON:0002084,ChIP-seq:H3K4me1,ChIP-seq:H3K4me3,-0.0599377756014303,9.0,ChIP-seq:H3K4me1 x ChIP-seq:H3K4me3
UBERON:0002084,ChIP-seq:H3K4me1,ChIP-seq:H3K9me3,-0.0038416379697611552,9.0,ChIP-seq:H3K4me1 x ChIP-seq:H3K9me3
UBERON:0002084,ChIP-seq:H3K4me1,ChIP-seq:CTCF,0.02325260166137938,6.0,ChIP-seq:CTCF x ChIP-seq:H3K4me1
UBERON:0002084,ChIP-seq:H3K4me1,polyA plus RNA-seq,-0.0015665388717087947,12.0,ChIP-seq:H3K4me1 x polyA plus RNA-seq
UBERON:0002084,ChIP-seq:H3K4me1,RNA-seq,-0.014125302995872953,30.0,ChIP-seq:H3K4me1 x RNA-seq
UBERON:0002084,ChIP-seq:H3K4me1,ChIP-seq:POLR2A,-0.04379483099494662,6.0,ChIP-seq:H3K4me1 x ChIP-seq:POLR2A
UBERON:0002084,ChIP-seq:H3K4me3,DNase-seq,0.0013106831387134643,9.0,ChIP-seq:H3K4me3 x DNase-seq
UBERON:0002084,ChIP-seq:H3K4me3,ChIP-seq:H3K27ac,0.11662877400716148,9.0,ChIP-seq:H3K27ac x ChIP-seq:H3K4me3
UBERON:0002084,ChIP-seq:H3K4me3,ChIP-seq:H3K27me3,0.055560416645473905,9.0,ChIP-seq:H3K27me3 x ChIP-seq:H3K4me3
UBERON:0002084,ChIP-seq:H3K4me3,ChIP-seq:H3K36me3,0.043471774310930404,9.0,ChIP-seq:H3K36me3 x ChIP-seq:H3K4me3
UBERON:0002084,ChIP-seq:H3K4me3,ChIP-seq:H3K4me1,-0.04112646518609463,9.0,ChIP-seq:H3K4me1 x ChIP-seq:H3K4me3
UBERON:0002084,ChIP-seq:H3K4me3,ChIP-seq:H3K9me3,0.05688796850030639,9.0,ChIP-seq:H3K4me3 x ChIP-seq:H3K9me3
UBERON:0002084,ChIP-seq:H3K4me3,ChIP-seq:CTCF,0.02809908631302062,6.0,ChIP-seq:CTCF x ChIP-seq:H3K4me3
UBERON:0002084,ChIP-seq:H3K4me3,polyA plus RNA-seq,-0.014104562007270102,12.0,ChIP-seq:H3K4me3 x polyA plus RNA-seq
UBERON:0002084,ChIP-seq:H3K4me3,RNA-seq,-0.0062901782344614784,30.0,ChIP-seq:H3K4me3 x RNA-seq
UBERON:0002084,ChIP-seq:H3K4me3,ChIP-seq:POLR2A,0.026323511486961715,6.0,ChIP-seq:H3K4me3 x ChIP-seq:POLR2A
UBERON:0002084,ChIP-seq:H3K9me3,DNase-seq,0.009695775267843744,9.0,ChIP-seq:H3K9me3 x DNase-seq
UBERON:0002084,ChIP-seq:H3K9me3,ChIP-seq:H3K27ac,0.028892122374640568,9.0,ChIP-seq:H3K27ac x ChIP-seq:H3K9me3
UBERON:0002084,ChIP-seq:H3K9me3,ChIP-seq:H3K27me3,0.2009720509993162,9.0,ChIP-seq:H3K27me3 x ChIP-seq:H3K9me3
UBERON:0002084,ChIP-seq:H3K9me3,ChIP-seq:H3K36me3,0.07074914023667644,9.0,ChIP-seq:H3K36me3 x ChIP-seq:H3K9me3
UBERON:0002084,ChIP-seq:H3K9me3,ChIP-seq:H3K4me1,0.01374599814269423,9.0,ChIP-seq:H3K4me1 x ChIP-seq:H3K9me3
UBERON:0002084,ChIP-seq:H3K9me3,ChIP-seq:H3K4me3,0.059781778026634536,9.0,ChIP-seq:H3K4me3 x ChIP-seq:H3K9me3
UBERON:0002084,ChIP-seq:H3K9me3,ChIP-seq:CTCF,-0.00913076296685234,6.0,ChIP-seq:CTCF x ChIP-seq:H3K9me3
UBERON:0002084,ChIP-seq:H3K9me3,polyA plus RNA-seq,-0.011288357091625647,12.0,ChIP-seq:H3K9me3 x polyA plus RNA-seq
UBERON:0002084,ChIP-seq:H3K9me3,RNA-seq,-0.003635441065545867,30.0,ChIP-seq:H3K9me3 x RNA-seq
UBERON:0002084,ChIP-seq:H3K9me3,ChIP-seq:POLR2A,0.007759103108020058,6.0,ChIP-seq:H3K9me3 x ChIP-seq:POLR2A
UBERON:0002084,ChIP-seq:CTCF,DNase-seq,0.07078548072228444,6.0,ChIP-seq:CTCF x DNase-seq
UBERON:0002084,ChIP-seq:CTCF,ChIP-seq:H3K27ac,0.02616466283798218,6.0,ChIP-seq:CTCF x ChIP-seq:H3K27ac
UBERON:0002084,ChIP-seq:CTCF,ChIP-seq:H3K27me3,0.022053209358248217,6.0,ChIP-seq:CTCF x ChIP-seq:H3K27me3
UBERON:0002084,ChIP-seq:CTCF,ChIP-seq:H3K36me3,0.006344305523109775,6.0,ChIP-seq:CTCF x ChIP-seq:H3K36me3
UBERON:0002084,ChIP-seq:CTCF,ChIP-seq:H3K4me1,0.01651575298973056,6.0,ChIP-seq:CTCF x ChIP-seq:H3K4me1
UBERON:0002084,ChIP-seq:CTCF,ChIP-seq:H3K4me3,0.011250386565503936,6.0,ChIP-seq:CTCF x ChIP-seq:H3K4me3
UBERON:0002084,ChIP-seq:CTCF,ChIP-seq:H3K9me3,-0.0017897831589988103,6.0,ChIP-seq:CTCF x ChIP-seq:H3K9me3
UBERON:0002084,ChIP-seq:CTCF,polyA plus RNA-seq,-0.002005375752638843,8.0,ChIP-seq:CTCF x polyA plus RNA-seq
UBERON:0002084,ChIP-seq:CTCF,RNA-seq,0.00704941109071768,20.0,ChIP-seq:CTCF x RNA-seq
UBERON:0002084,ChIP-seq:CTCF,ChIP-seq:POLR2A,-0.002482058746474128,4.0,ChIP-seq:CTCF x ChIP-seq:POLR2A
UBERON:0002084,polyA plus RNA-seq,DNase-seq,0.004093278526720765,12.0,DNase-seq x polyA plus RNA-seq
UBERON:0002084,polyA plus RNA-seq,ChIP-seq:H3K27ac,-0.002489129702250164,12.0,ChIP-seq:H3K27ac x polyA plus RNA-seq
UBERON:0002084,polyA plus RNA-seq,ChIP-seq:H3K27me3,-0.007049163096937639,12.0,ChIP-seq:H3K27me3 x polyA plus RNA-seq
UBERON:0002084,polyA plus RNA-seq,ChIP-seq:H3K36me3,-0.0028210624735406087,12.0,ChIP-seq:H3K36me3 x polyA plus RNA-seq
UBERON:0002084,polyA plus RNA-seq,ChIP-seq:H3K4me1,-0.0006694107319845793,12.0,ChIP-seq:H3K4me1 x polyA plus RNA-seq
UBERON:0002084,polyA plus RNA-seq,ChIP-seq:H3K4me3,-0.0003644116047962151,12.0,ChIP-seq:H3K4me3 x polyA plus RNA-seq
UBERON:0002084,polyA plus RNA-seq,ChIP-seq:H3K9me3,-0.0078488082419174,12.0,ChIP-seq:H3K9me3 x polyA plus RNA-seq
UBERON:0002084,polyA plus RNA-seq,ChIP-seq:CTCF,0.0007425689715005101,8.0,ChIP-seq:CTCF x polyA plus RNA-seq
UBERON:0002084,polyA plus RNA-seq,RNA-seq,0.14792641569151227,40.0,RNA-seq x polyA plus RNA-seq
UBERON:0002084,polyA plus RNA-seq,ChIP-seq:POLR2A,0.008028482220002582,8.0,ChIP-seq:POLR2A x polyA plus RNA-seq
UBERON:0002084,RNA-seq,DNase-seq,0.00034945750421331787,30.0,DNase-seq x RNA-seq
UBERON:0002084,RNA-seq,ChIP-seq:H3K27ac,0.006286810239156084,30.0,ChIP-seq:H3K27ac x RNA-seq
UBERON:0002084,RNA-seq,ChIP-seq:H3K27me3,-0.007530858633161962,30.0,ChIP-seq:H3K27me3 x RNA-seq
UBERON:0002084,RNA-seq,ChIP-seq:H3K36me3,0.008433627828638608,30.0,ChIP-seq:H3K36me3 x RNA-seq
UBERON:0002084,RNA-seq,ChIP-seq:H3K4me1,0.003218044051320562,30.0,ChIP-seq:H3K4me1 x RNA-seq
UBERON:0002084,RNA-seq,ChIP-seq:H3K4me3,0.015095604081668764,30.0,ChIP-seq:H3K4me3 x RNA-seq
UBERON:0002084,RNA-seq,ChIP-seq:H3K9me3,-0.01621632281872217,30.0,ChIP-seq:H3K9me3 x RNA-seq
UBERON:0002084,RNA-seq,ChIP-seq:CTCF,0.010718019079594385,20.0,ChIP-seq:CTCF x RNA-seq
UBERON:0002084,RNA-seq,polyA plus RNA-seq,0.12070542646072782,40.0,RNA-seq x polyA plus RNA-seq
UBERON:0002084,RNA-seq,ChIP-seq:POLR2A,0.011364530665533883,20.0,ChIP-seq:POLR2A x RNA-seq
UBERON:0002084,ChIP-seq:POLR2A,DNase-seq,0.015964308142354,6.0,ChIP-seq:POLR2A x DNase-seq
UBERON:0002084,ChIP-seq:POLR2A,ChIP-seq:H3K27ac,0.012487918138504028,6.0,ChIP-seq:H3K27ac x ChIP-seq:POLR2A
UBERON:0002084,ChIP-seq:POLR2A,ChIP-seq:H3K27me3,0.040704095500639116,6.0,ChIP-seq:H3K27me3 x ChIP-seq:POLR2A
UBERON:0002084,ChIP-seq:POLR2A,ChIP-seq:H3K36me3,0.03380994625548099,6.0,ChIP-seq:H3K36me3 x ChIP-seq:POLR2A
UBERON:0002084,ChIP-seq:POLR2A,ChIP-seq:H3K4me1,-0.042241016832681805,6.0,ChIP-seq:H3K4me1 x ChIP-seq:POLR2A
UBERON:0002084,ChIP-seq:POLR2A,ChIP-seq:H3K4me3,0.0676272799711272,6.0,ChIP-seq:H3K4me3 x ChIP-seq:POLR2A
UBERON:0002084,ChIP-seq:POLR2A,ChIP-seq:H3K9me3,-0.0038893736536136717,6.0,ChIP-seq:H3K9me3 x ChIP-seq:POLR2A
UBERON:0002084,ChIP-seq:POLR2A,ChIP-seq:CTCF,-0.0005398334491820561,4.0,ChIP-seq:CTCF x ChIP-seq:POLR2A
UBERON:0002084,ChIP-seq:POLR2A,polyA plus RNA-seq,0.00811759372824207,8.0,ChIP-seq:POLR2A x polyA plus RNA-seq
UBERON:0002084,ChIP-seq:POLR2A,RNA-seq,0.008339175247633942,20.0,ChIP-seq:POLR2A x RNA-seq
UBERON:0002080,DNase-seq,ChIP-seq:H3K27ac,-0.015554719506213385,2.0,ChIP-seq:H3K27ac x DNase-seq
UBERON:0002080,DNase-seq,ChIP-seq:H3K27me3,-0.027369578502007892,2.0,ChIP-seq:H3K27me3 x DNase-seq
UBERON:0002080,DNase-seq,ChIP-seq:H3K36me3,-0.03890388261861902,2.0,ChIP-seq:H3K36me3 x DNase-seq
UBERON:0002080,DNase-seq,ChIP-seq:H3K4me1,-0.05166587514466926,2.0,ChIP-seq:H3K4me1 x DNase-seq
UBERON:0002080,DNase-seq,ChIP-seq:H3K4me3,-0.008363912177977162,2.0,ChIP-seq:H3K4me3 x DNase-seq
UBERON:0002080,DNase-seq,ChIP-seq:H3K9me3,-0.023383978505929312,1.0,ChIP-seq:H3K9me3 x DNase-seq
UBERON:0002080,DNase-seq,polyA plus RNA-seq,-0.020363044197689903,4.0,DNase-seq x polyA plus RNA-seq
UBERON:0002080,DNase-seq,RNA-seq,-0.012049219991580252,6.0,DNase-seq x RNA-seq
UBERON:0002080,ChIP-seq:H3K27ac,DNase-seq,-0.02022337417446249,2.0,ChIP-seq:H3K27ac x DNase-seq
UBERON:0002080,ChIP-seq:H3K27ac,ChIP-seq:H3K27me3,-0.0061617945879697805,4.0,ChIP-seq:H3K27ac x ChIP-seq:H3K27me3
UBERON:0002080,ChIP-seq:H3K27ac,ChIP-seq:H3K36me3,0.012765844056885394,4.0,ChIP-seq:H3K27ac x ChIP-seq:H3K36me3
UBERON:0002080,ChIP-seq:H3K27ac,ChIP-seq:H3K4me1,0.07779396651058249,4.0,ChIP-seq:H3K27ac x ChIP-seq:H3K4me1
UBERON:0002080,ChIP-seq:H3K27ac,ChIP-seq:H3K4me3,0.13919432837272358,4.0,ChIP-seq:H3K27ac x ChIP-seq:H3K4me3
UBERON:0002080,ChIP-seq:H3K27ac,ChIP-seq:H3K9me3,0.013614794984459878,2.0,ChIP-seq:H3K27ac x ChIP-seq:H3K9me3
UBERON:0002080,ChIP-seq:H3K27ac,polyA plus RNA-seq,-0.0035295824302891826,8.0,ChIP-seq:H3K27ac x polyA plus RNA-seq
UBERON:0002080,ChIP-seq:H3K27ac,RNA-seq,0.008846638015257834,12.0,ChIP-seq:H3K27ac x RNA-seq
UBERON:0002080,ChIP-seq:H3K27me3,DNase-seq,0.009215885548251451,2.0,ChIP-seq:H3K27me3 x DNase-seq
UBERON:0002080,ChIP-seq:H3K27me3,ChIP-seq:H3K27ac,-0.005228765343564638,4.0,ChIP-seq:H3K27ac x ChIP-seq:H3K27me3
UBERON:0002080,ChIP-seq:H3K27me3,ChIP-seq:H3K36me3,0.08258827385448274,4.0,ChIP-seq:H3K27me3 x ChIP-seq:H3K36me3
UBERON:0002080,ChIP-seq:H3K27me3,ChIP-seq:H3K4me1,0.08749800179499746,4.0,ChIP-seq:H3K27me3 x ChIP-seq:H3K4me1
UBERON:0002080,ChIP-seq:H3K27me3,ChIP-seq:H3K4me3,0.11638225670729842,4.0,ChIP-seq:H3K27me3 x ChIP-seq:H3K4me3
UBERON:0002080,ChIP-seq:H3K27me3,ChIP-seq:H3K9me3,0.28986884885364106,2.0,ChIP-seq:H3K27me3 x ChIP-seq:H3K9me3
UBERON:0002080,ChIP-seq:H3K27me3,polyA plus RNA-seq,0.00022051378987965765,8.0,ChIP-seq:H3K27me3 x polyA plus RNA-seq
UBERON:0002080,ChIP-seq:H3K27me3,RNA-seq,-0.01191760330564446,12.0,ChIP-seq:H3K27me3 x RNA-seq
UBERON:0002080,ChIP-seq:H3K36me3,DNase-seq,-0.031237035166175323,2.0,ChIP-seq:H3K36me3 x DNase-seq
UBERON:0002080,ChIP-seq:H3K36me3,ChIP-seq:H3K27ac,0.012676760884036558,4.0,ChIP-seq:H3K27ac x ChIP-seq:H3K36me3
UBERON:0002080,ChIP-seq:H3K36me3,ChIP-seq:H3K27me3,0.07956837058067322,4.0,ChIP-seq:H3K27me3 x ChIP-seq:H3K36me3
UBERON:0002080,ChIP-seq:H3K36me3,ChIP-seq:H3K4me1,0.1467379181762862,4.0,ChIP-seq:H3K36me3 x ChIP-seq:H3K4me1
UBERON:0002080,ChIP-seq:H3K36me3,ChIP-seq:H3K4me3,0.019342420344180038,4.0,ChIP-seq:H3K36me3 x ChIP-seq:H3K4me3
UBERON:0002080,ChIP-seq:H3K36me3,ChIP-seq:H3K9me3,0.10868578950564067,2.0,ChIP-seq:H3K36me3 x ChIP-seq:H3K9me3
UBERON:0002080,ChIP-seq:H3K36me3,polyA plus RNA-seq,0.01506780196378485,8.0,ChIP-seq:H3K36me3 x polyA plus RNA-seq
UBERON:0002080,ChIP-seq:H3K36me3,RNA-seq,0.02094087836026582,12.0,ChIP-seq:H3K36me3 x RNA-seq
UBERON:0002080,ChIP-seq:H3K4me1,DNase-seq,-0.016853829793114894,2.0,ChIP-seq:H3K4me1 x DNase-seq
UBERON:0002080,ChIP-seq:H3K4me1,ChIP-seq:H3K27ac,0.08305810701958141,4.0,ChIP-seq:H3K27ac x ChIP-seq:H3K4me1
UBERON:0002080,ChIP-seq:H3K4me1,ChIP-seq:H3K27me3,0.07210626542568208,4.0,ChIP-seq:H3K27me3 x ChIP-seq:H3K4me1
UBERON:0002080,ChIP-seq:H3K4me1,ChIP-seq:H3K36me3,0.1327319309194252,4.0,ChIP-seq:H3K36me3 x ChIP-seq:H3K4me1
UBERON:0002080,ChIP-seq:H3K4me1,ChIP-seq:H3K4me3,-0.012380480574809501,4.0,ChIP-seq:H3K4me1 x ChIP-seq:H3K4me3
UBERON:0002080,ChIP-seq:H3K4me1,ChIP-seq:H3K9me3,0.08832446369859907,2.0,ChIP-seq:H3K4me1 x ChIP-seq:H3K9me3
UBERON:0002080,ChIP-seq:H3K4me1,polyA plus RNA-seq,0.007328096632268657,8.0,ChIP-seq:H3K4me1 x polyA plus RNA-seq
UBERON:0002080,ChIP-seq:H3K4me1,RNA-seq,-0.0032960976832865536,12.0,ChIP-seq:H3K4me1 x RNA-seq
UBERON:0002080,ChIP-seq:H3K4me3,DNase-seq,0.016907311688658513,2.0,ChIP-seq:H3K4me3 x DNase-seq
UBERON:0002080,ChIP-seq:H3K4me3,ChIP-seq:H3K27ac,0.17604002800787458,4.0,ChIP-seq:H3K27ac x ChIP-seq:H3K4me3
UBERON:0002080,ChIP-seq:H3K4me3,ChIP-seq:H3K27me3,0.07909016226019178,4.0,ChIP-seq:H3K27me3 x ChIP-seq:H3K4me3
UBERON:0002080,ChIP-seq:H3K4me3,ChIP-seq:H3K36me3,0.019322079828097707,4.0,ChIP-seq:H3K36me3 x ChIP-seq:H3K4me3
UBERON:0002080,ChIP-seq:H3K4me3,ChIP-seq:H3K4me1,-0.0133773190340872,4.0,ChIP-seq:H3K4me1 x ChIP-seq:H3K4me3
UBERON:0002080,ChIP-seq:H3K4me3,ChIP-seq:H3K9me3,0.032338450683487785,2.0,ChIP-seq:H3K4me3 x ChIP-seq:H3K9me3
UBERON:0002080,ChIP-seq:H3K4me3,polyA plus RNA-seq,-0.028398241445164514,8.0,ChIP-seq:H3K4me3 x polyA plus RNA-seq
UBERON:0002080,ChIP-seq:H3K4me3,RNA-seq,-0.004719573414353896,12.0,ChIP-seq:H3K4me3 x RNA-seq
UBERON:0002080,ChIP-seq:H3K9me3,DNase-seq,0.0010211581704242662,1.0,ChIP-seq:H3K9me3 x DNase-seq
UBERON:0002080,ChIP-seq:H3K9me3,ChIP-seq:H3K27ac,0.023899568684445406,2.0,ChIP-seq:H3K27ac x ChIP-seq:H3K9me3
UBERON:0002080,ChIP-seq:H3K9me3,ChIP-seq:H3K27me3,0.2704887618337359,2.0,ChIP-seq:H3K27me3 x ChIP-seq:H3K9me3
UBERON:0002080,ChIP-seq:H3K9me3,ChIP-seq:H3K36me3,0.1192612141843826,2.0,ChIP-seq:H3K36me3 x ChIP-seq:H3K9me3
UBERON:0002080,ChIP-seq:H3K9me3,ChIP-seq:H3K4me1,0.09810849087811559,2.0,ChIP-seq:H3K4me1 x ChIP-seq:H3K9me3
UBERON:0002080,ChIP-seq:H3K9me3,ChIP-seq:H3K4me3,0.04829517633558433,2.0,ChIP-seq:H3K4me3 x ChIP-seq:H3K9me3
UBERON:0002080,ChIP-seq:H3K9me3,polyA plus RNA-seq,-0.005780234146508943,4.0,ChIP-seq:H3K9me3 x polyA plus RNA-seq
UBERON:0002080,ChIP-seq:H3K9me3,RNA-seq,-0.001606389748077866,6.0,ChIP-seq:H3K9me3 x RNA-seq
UBERON:0002080,polyA plus RNA-seq,DNase-seq,-0.011334782202936385,4.0,DNase-seq x polyA plus RNA-seq
UBERON:0002080,polyA plus RNA-seq,ChIP-seq:H3K27ac,0.007573942567065634,8.0,ChIP-seq:H3K27ac x polyA plus RNA-seq
UBERON:0002080,polyA plus RNA-seq,ChIP-seq:H3K27me3,0.002505599297583103,8.0,ChIP-seq:H3K27me3 x polyA plus RNA-seq
UBERON:0002080,polyA plus RNA-seq,ChIP-seq:H3K36me3,0.013731796570398191,8.0,ChIP-seq:H3K36me3 x polyA plus RNA-seq
UBERON:0002080,polyA plus RNA-seq,ChIP-seq:H3K4me1,0.004887325098850037,8.0,ChIP-seq:H3K4me1 x polyA plus RNA-seq
UBERON:0002080,polyA plus RNA-seq,ChIP-seq:H3K4me3,-0.018039663800987128,8.0,ChIP-seq:H3K4me3 x polyA plus RNA-seq
UBERON:0002080,polyA plus RNA-seq,ChIP-seq:H3K9me3,-0.006145976587302155,4.0,ChIP-seq:H3K9me3 x polyA plus RNA-seq
UBERON:0002080,polyA plus RNA-seq,RNA-seq,0.13945770770945445,24.0,RNA-seq x polyA plus RNA-seq
UBERON:0002080,RNA-seq,DNase-seq,-0.006292127143039394,6.0,DNase-seq x RNA-seq
UBERON:0002080,RNA-seq,ChIP-seq:H3K27ac,0.013898517620242655,12.0,ChIP-seq:H3K27ac x RNA-seq
UBERON:0002080,RNA-seq,ChIP-seq:H3K27me3,0.0012485438053097039,12.0,ChIP-seq:H3K27me3 x RNA-seq
UBERON:0002080,RNA-seq,ChIP-seq:H3K36me3,0.01994262480651681,12.0,ChIP-seq:H3K36me3 x RNA-seq
UBERON:0002080,RNA-seq,ChIP-seq:H3K4me1,0.015010559928004642,12.0,ChIP-seq:H3K4me1 x RNA-seq
UBERON:0002080,RNA-seq,ChIP-seq:H3K4me3,0.017343116140811247,12.0,ChIP-seq:H3K4me3 x RNA-seq
UBERON:0002080,RNA-seq,ChIP-seq:H3K9me3,-0.011986231334783413,6.0,ChIP-seq:H3K9me3 x RNA-seq
UBERON:0002080,RNA-seq,polyA plus RNA-seq,0.07795625896435535,24.0,RNA-seq x polyA plus RNA-seq
UBERON:0003663,DNase-seq,polyA plus RNA-seq,0.012100361234375408,1.0,DNase-seq x polyA plus RNA-seq
UBERON:0003663,polyA plus RNA-seq,DNase-seq,0.00477591427497968,1.0,DNase-seq x polyA plus RNA-seq
UBERON:0002113,DNase-seq,ChIP-seq:H3K27ac,0.043723671389605756,26.0,ChIP-seq:H3K27ac x DNase-seq
UBERON:0002113,DNase-seq,ChIP-seq:H3K27me3,0.044626543571898984,13.0,ChIP-seq:H3K27me3 x DNase-seq
UBERON:0002113,DNase-seq,ChIP-seq:H3K36me3,0.013752387868076872,39.0,ChIP-seq:H3K36me3 x DNase-seq
UBERON:0002113,DNase-seq,ChIP-seq:H3K4me1,-0.010691816704681001,39.0,ChIP-seq:H3K4me1 x DNase-seq
UBERON:0002113,DNase-seq,ChIP-seq:H3K4me3,0.011340208112138761,39.0,ChIP-seq:H3K4me3 x DNase-seq
UBERON:0002113,DNase-seq,ChIP-seq:H3K9ac,0.012156144166604058,39.0,ChIP-seq:H3K9ac x DNase-seq
UBERON:0002113,DNase-seq,ChIP-seq:H3K9me3,-0.006701997156893267,39.0,ChIP-seq:H3K9me3 x DNase-seq
UBERON:0002113,DNase-seq,polyA plus RNA-seq,-0.0009566945242908374,78.0,DNase-seq x polyA plus RNA-seq
UBERON:0002113,DNase-seq,RNA-seq,-0.013835180441423962,26.0,DNase-seq x RNA-seq
UBERON:0002113,ChIP-seq:H3K27ac,DNase-seq,0.013022938837107048,26.0,ChIP-seq:H3K27ac x DNase-seq
UBERON:0002113,ChIP-seq:H3K27ac,ChIP-seq:H3K27me3,-0.013251501728187908,2.0,ChIP-seq:H3K27ac x ChIP-seq:H3K27me3
UBERON:0002113,ChIP-seq:H3K27ac,ChIP-seq:H3K36me3,0.017345842951578448,6.0,ChIP-seq:H3K27ac x ChIP-seq:H3K36me3
UBERON:0002113,ChIP-seq:H3K27ac,ChIP-seq:H3K4me1,0.1579832484870603,6.0,ChIP-seq:H3K27ac x ChIP-seq:H3K4me1
UBERON:0002113,ChIP-seq:H3K27ac,ChIP-seq:H3K4me3,0.08069965649098856,6.0,ChIP-seq:H3K27ac x ChIP-seq:H3K4me3
UBERON:0002113,ChIP-seq:H3K27ac,ChIP-seq:H3K9ac,0.09020070234934491,6.0,ChIP-seq:H3K27ac x ChIP-seq:H3K9ac
UBERON:0002113,ChIP-seq:H3K27ac,ChIP-seq:H3K9me3,0.0273226618990023,6.0,ChIP-seq:H3K27ac x ChIP-seq:H3K9me3
UBERON:0002113,ChIP-seq:H3K27ac,polyA plus RNA-seq,0.012903493556423465,12.0,ChIP-seq:H3K27ac x polyA plus RNA-seq
UBERON:0002113,ChIP-seq:H3K27ac,RNA-seq,0.012836111164204689,4.0,ChIP-seq:H3K27ac x RNA-seq
UBERON:0002113,ChIP-seq:H3K27me3,DNase-seq,0.018758273251176828,13.0,ChIP-seq:H3K27me3 x DNase-seq
UBERON:0002113,ChIP-seq:H3K27me3,ChIP-seq:H3K27ac,-0.00225168026937461,2.0,ChIP-seq:H3K27ac x ChIP-seq:H3K27me3
UBERON:0002113,ChIP-seq:H3K27me3,ChIP-seq:H3K36me3,0.16810728810357708,3.0,ChIP-seq:H3K27me3 x ChIP-seq:H3K36me3
UBERON:0002113,ChIP-seq:H3K27me3,ChIP-seq:H3K4me1,0.15823789000947833,3.0,ChIP-seq:H3K27me3 x ChIP-seq:H3K4me1
UBERON:0002113,ChIP-seq:H3K27me3,ChIP-seq:H3K4me3,0.06258121230792552,3.0,ChIP-seq:H3K27me3 x ChIP-seq:H3K4me3
UBERON:0002113,ChIP-seq:H3K27me3,ChIP-seq:H3K9ac,0.08228910466035208,3.0,ChIP-seq:H3K27me3 x ChIP-seq:H3K9ac
UBERON:0002113,ChIP-seq:H3K27me3,ChIP-seq:H3K9me3,0.19161299708184232,3.0,ChIP-seq:H3K27me3 x ChIP-seq:H3K9me3
UBERON:0002113,ChIP-seq:H3K27me3,polyA plus RNA-seq,-0.00888730337222417,6.0,ChIP-seq:H3K27me3 x polyA plus RNA-seq
UBERON:0002113,ChIP-seq:H3K27me3,RNA-seq,-0.0014504555665148505,2.0,ChIP-seq:H3K27me3 x RNA-seq
UBERON:0002113,ChIP-seq:H3K36me3,DNase-seq,0.002610538671967416,39.0,ChIP-seq:H3K36me3 x DNase-seq
UBERON:0002113,ChIP-seq:H3K36me3,ChIP-seq:H3K27ac,0.021104749376976217,6.0,ChIP-seq:H3K27ac x ChIP-seq:H3K36me3
UBERON:0002113,ChIP-seq:H3K36me3,ChIP-seq:H3K27me3,0.16660901994416208,3.0,ChIP-seq:H3K27me3 x ChIP-seq:H3K36me3
UBERON:0002113,ChIP-seq:H3K36me3,ChIP-seq:H3K4me1,0.09873046048249372,9.0,ChIP-seq:H3K36me3 x ChIP-seq:H3K4me1
UBERON:0002113,ChIP-seq:H3K36me3,ChIP-seq:H3K4me3,0.04898148859050912,9.0,ChIP-seq:H3K36me3 x ChIP-seq:H3K4me3
UBERON:0002113,ChIP-seq:H3K36me3,ChIP-seq:H3K9ac,0.07441511419084337,9.0,ChIP-seq:H3K36me3 x ChIP-seq:H3K9ac
UBERON:0002113,ChIP-seq:H3K36me3,ChIP-seq:H3K9me3,0.17261530308241257,9.0,ChIP-seq:H3K36me3 x ChIP-seq:H3K9me3
UBERON:0002113,ChIP-seq:H3K36me3,polyA plus RNA-seq,0.0213906761528789,18.0,ChIP-seq:H3K36me3 x polyA plus RNA-seq
UBERON:0002113,ChIP-seq:H3K36me3,RNA-seq,0.027671709109990512,6.0,ChIP-seq:H3K36me3 x RNA-seq
UBERON:0002113,ChIP-seq:H3K4me1,DNase-seq,-0.009438261903565507,39.0,ChIP-seq:H3K4me1 x DNase-seq
UBERON:0002113,ChIP-seq:H3K4me1,ChIP-seq:H3K27ac,0.13462859972169927,6.0,ChIP-seq:H3K27ac x ChIP-seq:H3K4me1
UBERON:0002113,ChIP-seq:H3K4me1,ChIP-seq:H3K27me3,0.13200360355955182,3.0,ChIP-seq:H3K27me3 x ChIP-seq:H3K4me1
UBERON:0002113,ChIP-seq:H3K4me1,ChIP-seq:H3K36me3,0.1034562954102284,9.0,ChIP-seq:H3K36me3 x ChIP-seq:H3K4me1
UBERON:0002113,ChIP-seq:H3K4me1,ChIP-seq:H3K4me3,0.08827106960129477,9.0,ChIP-seq:H3K4me1 x ChIP-seq:H3K4me3
UBERON:0002113,ChIP-seq:H3K4me1,ChIP-seq:H3K9ac,0.15744674536916944,9.0,ChIP-seq:H3K4me1 x ChIP-seq:H3K9ac
UBERON:0002113,ChIP-seq:H3K4me1,ChIP-seq:H3K9me3,0.11337163802538619,9.0,ChIP-seq:H3K4me1 x ChIP-seq:H3K9me3
UBERON:0002113,ChIP-seq:H3K4me1,polyA plus RNA-seq,-0.0013567353216346334,18.0,ChIP-seq:H3K4me1 x polyA plus RNA-seq
UBERON:0002113,ChIP-seq:H3K4me1,RNA-seq,0.010832314573629678,6.0,ChIP-seq:H3K4me1 x RNA-seq
UBERON:0002113,ChIP-seq:H3K4me3,DNase-seq,0.021687871897568448,39.0,ChIP-seq:H3K4me3 x DNase-seq
UBERON:0002113,ChIP-seq:H3K4me3,ChIP-seq:H3K27ac,0.1300657422399422,6.0,ChIP-seq:H3K27ac x ChIP-seq:H3K4me3
UBERON:0002113,ChIP-seq:H3K4me3,ChIP-seq:H3K27me3,0.045721493887178825,3.0,ChIP-seq:H3K27me3 x ChIP-seq:H3K4me3
UBERON:0002113,ChIP-seq:H3K4me3,ChIP-seq:H3K36me3,0.049403624613516155,9.0,ChIP-seq:H3K36me3 x ChIP-seq:H3K4me3
UBERON:0002113,ChIP-seq:H3K4me3,ChIP-seq:H3K4me1,0.08527047744746319,9.0,ChIP-seq:H3K4me1 x ChIP-seq:H3K4me3
UBERON:0002113,ChIP-seq:H3K4me3,ChIP-seq:H3K9ac,0.29795122146606445,9.0,ChIP-seq:H3K4me3 x ChIP-seq:H3K9ac
UBERON:0002113,ChIP-seq:H3K4me3,ChIP-seq:H3K9me3,0.08052020186044453,9.0,ChIP-seq:H3K4me3 x ChIP-seq:H3K9me3
UBERON:0002113,ChIP-seq:H3K4me3,polyA plus RNA-seq,0.015234809163687892,18.0,ChIP-seq:H3K4me3 x polyA plus RNA-seq
UBERON:0002113,ChIP-seq:H3K4me3,RNA-seq,0.012445348661733177,6.0,ChIP-seq:H3K4me3 x RNA-seq
UBERON:0002113,ChIP-seq:H3K9ac,DNase-seq,0.009883517190273833,39.0,ChIP-seq:H3K9ac x DNase-seq
UBERON:0002113,ChIP-seq:H3K9ac,ChIP-seq:H3K27ac,0.1854274746794138,6.0,ChIP-seq:H3K27ac x ChIP-seq:H3K9ac
UBERON:0002113,ChIP-seq:H3K9ac,ChIP-seq:H3K27me3,0.06887935508381238,3.0,ChIP-seq:H3K27me3 x ChIP-seq:H3K9ac
UBERON:0002113,ChIP-seq:H3K9ac,ChIP-seq:H3K36me3,0.08573298561375756,9.0,ChIP-seq:H3K36me3 x ChIP-seq:H3K9ac
UBERON:0002113,ChIP-seq:H3K9ac,ChIP-seq:H3K4me1,0.16763457841488905,9.0,ChIP-seq:H3K4me1 x ChIP-seq:H3K9ac
UBERON:0002113,ChIP-seq:H3K9ac,ChIP-seq:H3K4me3,0.3354057228434627,9.0,ChIP-seq:H3K4me3 x ChIP-seq:H3K9ac
UBERON:0002113,ChIP-seq:H3K9ac,ChIP-seq:H3K9me3,0.09767108671971772,9.0,ChIP-seq:H3K9ac x ChIP-seq:H3K9me3
UBERON:0002113,ChIP-seq:H3K9ac,polyA plus RNA-seq,0.01777093940311008,18.0,ChIP-seq:H3K9ac x polyA plus RNA-seq
UBERON:0002113,ChIP-seq:H3K9ac,RNA-seq,0.02721524336298959,6.0,ChIP-seq:H3K9ac x RNA-seq
UBERON:0002113,ChIP-seq:H3K9me3,DNase-seq,-0.0020967417328258617,39.0,ChIP-seq:H3K9me3 x DNase-seq
UBERON:0002113,ChIP-seq:H3K9me3,ChIP-seq:H3K27ac,0.03716656380558606,6.0,ChIP-seq:H3K27ac x ChIP-seq:H3K9me3
UBERON:0002113,ChIP-seq:H3K9me3,ChIP-seq:H3K27me3,0.17341410210638336,3.0,ChIP-seq:H3K27me3 x ChIP-seq:H3K9me3
UBERON:0002113,ChIP-seq:H3K9me3,ChIP-seq:H3K36me3,0.1668007255445981,9.0,ChIP-seq:H3K36me3 x ChIP-seq:H3K9me3
UBERON:0002113,ChIP-seq:H3K9me3,ChIP-seq:H3K4me1,0.11811593891791225,9.0,ChIP-seq:H3K4me1 x ChIP-seq:H3K9me3
UBERON:0002113,ChIP-seq:H3K9me3,ChIP-seq:H3K4me3,0.09305435726900056,9.0,ChIP-seq:H3K4me3 x ChIP-seq:H3K9me3
UBERON:0002113,ChIP-seq:H3K9me3,ChIP-seq:H3K9ac,0.10340862472852072,9.0,ChIP-seq:H3K9ac x ChIP-seq:H3K9me3
UBERON:0002113,ChIP-seq:H3K9me3,polyA plus RNA-seq,0.0037150308129868075,18.0,ChIP-seq:H3K9me3 x polyA plus RNA-seq
UBERON:0002113,ChIP-seq:H3K9me3,RNA-seq,0.006990695440564464,6.0,ChIP-seq:H3K9me3 x RNA-seq
UBERON:0002113,polyA plus RNA-seq,DNase-seq,-0.003967365577724738,78.0,DNase-seq x polyA plus RNA-seq
UBERON:0002113,polyA plus RNA-seq,ChIP-seq:H3K27ac,0.008576141257710584,12.0,ChIP-seq:H3K27ac x polyA plus RNA-seq
UBERON:0002113,polyA plus RNA-seq,ChIP-seq:H3K27me3,-0.01397357993956768,6.0,ChIP-seq:H3K27me3 x polyA plus RNA-seq
UBERON:0002113,polyA plus RNA-seq,ChIP-seq:H3K36me3,0.015459275696576347,18.0,ChIP-seq:H3K36me3 x polyA plus RNA-seq
UBERON:0002113,polyA plus RNA-seq,ChIP-seq:H3K4me1,0.003810055235512238,18.0,ChIP-seq:H3K4me1 x polyA plus RNA-seq
UBERON:0002113,polyA plus RNA-seq,ChIP-seq:H3K4me3,0.013143674401983226,18.0,ChIP-seq:H3K4me3 x polyA plus RNA-seq
UBERON:0002113,polyA plus RNA-seq,ChIP-seq:H3K9ac,0.022616393036312528,18.0,ChIP-seq:H3K9ac x polyA plus RNA-seq
UBERON:0002113,polyA plus RNA-seq,ChIP-seq:H3K9me3,0.0023852223611800713,18.0,ChIP-seq:H3K9me3 x polyA plus RNA-seq
UBERON:0002113,polyA plus RNA-seq,RNA-seq,0.12183457738621734,12.0,RNA-seq x polyA plus RNA-seq
UBERON:0002113,RNA-seq,DNase-seq,-0.003074432083403085,26.0,DNase-seq x RNA-seq
UBERON:0002113,RNA-seq,ChIP-seq:H3K27ac,0.015378054069436112,4.0,ChIP-seq:H3K27ac x RNA-seq
UBERON:0002113,RNA-seq,ChIP-seq:H3K27me3,-0.009714809066446667,2.0,ChIP-seq:H3K27me3 x RNA-seq
UBERON:0002113,RNA-seq,ChIP-seq:H3K36me3,0.016814056229084093,6.0,ChIP-seq:H3K36me3 x RNA-seq
UBERON:0002113,RNA-seq,ChIP-seq:H3K4me1,0.007712475600696746,6.0,ChIP-seq:H3K4me1 x RNA-seq
UBERON:0002113,RNA-seq,ChIP-seq:H3K4me3,0.01855248597586099,6.0,ChIP-seq:H3K4me3 x RNA-seq
UBERON:0002113,RNA-seq,ChIP-seq:H3K9ac,0.02498550713062287,6.0,ChIP-seq:H3K9ac x RNA-seq
UBERON:0002113,RNA-seq,ChIP-seq:H3K9me3,0.0037806068969130063,6.0,ChIP-seq:H3K9me3 x RNA-seq
UBERON:0002113,RNA-seq,polyA plus RNA-seq,0.07953742898028832,12.0,RNA-seq x polyA plus RNA-seq
UBERON:0000059,DNase-seq,ChIP-seq:H3K27ac,0.11973321837302447,14.0,ChIP-seq:H3K27ac x DNase-seq
UBERON:0000059,DNase-seq,ChIP-seq:H3K27me3,-0.05377210386387713,14.0,ChIP-seq:H3K27me3 x DNase-seq
UBERON:0000059,DNase-seq,ChIP-seq:H3K36me3,-0.09251273646390527,14.0,ChIP-seq:H3K36me3 x DNase-seq
UBERON:0000059,DNase-seq,ChIP-seq:H3K4me1,-0.020809305253328747,14.0,ChIP-seq:H3K4me1 x DNase-seq
UBERON:0000059,DNase-seq,ChIP-seq:H3K4me3,0.003954750596486853,14.0,ChIP-seq:H3K4me3 x DNase-seq
UBERON:0000059,DNase-seq,ChIP-seq:H3K9me3,-0.016879841827210924,14.0,ChIP-seq:H3K9me3 x DNase-seq
UBERON:0000059,DNase-seq,polyA plus RNA-seq,0.00634688160178443,98.0,DNase-seq x polyA plus RNA-seq
UBERON:0000059,ChIP-seq:H3K27ac,DNase-seq,0.16050499913177954,14.0,ChIP-seq:H3K27ac x DNase-seq
UBERON:0000059,ChIP-seq:H3K27ac,ChIP-seq:H3K27me3,-0.025700163265520874,1.0,ChIP-seq:H3K27ac x ChIP-seq:H3K27me3
UBERON:0000059,ChIP-seq:H3K27ac,ChIP-seq:H3K36me3,-0.10711626935946314,1.0,ChIP-seq:H3K27ac x ChIP-seq:H3K36me3
UBERON:0000059,ChIP-seq:H3K27ac,ChIP-seq:H3K4me1,0.478697217029074,1.0,ChIP-seq:H3K27ac x ChIP-seq:H3K4me1
UBERON:0000059,ChIP-seq:H3K27ac,ChIP-seq:H3K4me3,0.21687903972559197,1.0,ChIP-seq:H3K27ac x ChIP-seq:H3K4me3
UBERON:0000059,ChIP-seq:H3K27ac,ChIP-seq:H3K9me3,0.04189447263876597,1.0,ChIP-seq:H3K27ac x ChIP-seq:H3K9me3
UBERON:0000059,ChIP-seq:H3K27ac,polyA plus RNA-seq,0.02349210419132068,7.0,ChIP-seq:H3K27ac x polyA plus RNA-seq
UBERON:0000059,ChIP-seq:H3K27me3,DNase-seq,-0.06180170452431704,14.0,ChIP-seq:H3K27me3 x DNase-seq
UBERON:0000059,ChIP-seq:H3K27me3,ChIP-seq:H3K27ac,-0.012864025585629322,1.0,ChIP-seq:H3K27ac x ChIP-seq:H3K27me3
UBERON:0000059,ChIP-seq:H3K27me3,ChIP-seq:H3K36me3,0.00395409672668106,1.0,ChIP-seq:H3K27me3 x ChIP-seq:H3K36me3
UBERON:0000059,ChIP-seq:H3K27me3,ChIP-seq:H3K4me1,-0.0022237687169209784,1.0,ChIP-seq:H3K27me3 x ChIP-seq:H3K4me1
UBERON:0000059,ChIP-seq:H3K27me3,ChIP-seq:H3K4me3,-0.0009271947796954672,1.0,ChIP-seq:H3K27me3 x ChIP-seq:H3K4me3
UBERON:0000059,ChIP-seq:H3K27me3,ChIP-seq:H3K9me3,0.15401729179753199,1.0,ChIP-seq:H3K27me3 x ChIP-seq:H3K9me3
UBERON:0000059,ChIP-seq:H3K27me3,polyA plus RNA-seq,0.002903193458172174,7.0,ChIP-seq:H3K27me3 x polyA plus RNA-seq
UBERON:0000059,ChIP-seq:H3K36me3,DNase-seq,-0.0779922675216814,14.0,ChIP-seq:H3K36me3 x DNase-seq
UBERON:0000059,ChIP-seq:H3K36me3,ChIP-seq:H3K27ac,-0.10197088131566107,1.0,ChIP-seq:H3K27ac x ChIP-seq:H3K36me3
UBERON:0000059,ChIP-seq:H3K36me3,ChIP-seq:H3K27me3,0.03740023855458606,1.0,ChIP-seq:H3K27me3 x ChIP-seq:H3K36me3
UBERON:0000059,ChIP-seq:H3K36me3,ChIP-seq:H3K4me1,-0.01847619757704113,1.0,ChIP-seq:H3K36me3 x ChIP-seq:H3K4me1
UBERON:0000059,ChIP-seq:H3K36me3,ChIP-seq:H3K4me3,-0.0014173727699143945,1.0,ChIP-seq:H3K36me3 x ChIP-seq:H3K4me3
UBERON:0000059,ChIP-seq:H3K36me3,ChIP-seq:H3K9me3,0.009197037915388742,1.0,ChIP-seq:H3K36me3 x ChIP-seq:H3K9me3
UBERON:0000059,ChIP-seq:H3K36me3,polyA plus RNA-seq,0.05436429826920215,7.0,ChIP-seq:H3K36me3 x polyA plus RNA-seq
UBERON:0000059,ChIP-seq:H3K4me1,DNase-seq,-0.005068980225313761,14.0,ChIP-seq:H3K4me1 x DNase-seq
UBERON:0000059,ChIP-seq:H3K4me1,ChIP-seq:H3K27ac,0.4685969720652074,1.0,ChIP-seq:H3K27ac x ChIP-seq:H3K4me1
UBERON:0000059,ChIP-seq:H3K4me1,ChIP-seq:H3K27me3,0.007506268776275894,1.0,ChIP-seq:H3K27me3 x ChIP-seq:H3K4me1
UBERON:0000059,ChIP-seq:H3K4me1,ChIP-seq:H3K36me3,-0.013925314341720785,1.0,ChIP-seq:H3K36me3 x ChIP-seq:H3K4me1
UBERON:0000059,ChIP-seq:H3K4me1,ChIP-seq:H3K4me3,-0.04407571715324424,1.0,ChIP-seq:H3K4me1 x ChIP-seq:H3K4me3
UBERON:0000059,ChIP-seq:H3K4me1,ChIP-seq:H3K9me3,0.11939870284663306,1.0,ChIP-seq:H3K4me1 x ChIP-seq:H3K9me3
UBERON:0000059,ChIP-seq:H3K4me1,polyA plus RNA-seq,0.005674724736284973,7.0,ChIP-seq:H3K4me1 x polyA plus RNA-seq
UBERON:0000059,ChIP-seq:H3K4me3,DNase-seq,0.008640354889866794,14.0,ChIP-seq:H3K4me3 x DNase-seq
UBERON:0000059,ChIP-seq:H3K4me3,ChIP-seq:H3K27ac,0.15790773578632025,1.0,ChIP-seq:H3K27ac x ChIP-seq:H3K4me3
UBERON:0000059,ChIP-seq:H3K4me3,ChIP-seq:H3K27me3,-0.009337225759571249,1.0,ChIP-seq:H3K27me3 x ChIP-seq:H3K4me3
UBERON:0000059,ChIP-seq:H3K4me3,ChIP-seq:H3K36me3,-0.007481708956000052,1.0,ChIP-seq:H3K36me3 x ChIP-seq:H3K4me3
UBERON:0000059,ChIP-seq:H3K4me3,ChIP-seq:H3K4me1,-0.03206754070909127,1.0,ChIP-seq:H3K4me1 x ChIP-seq:H3K4me3
UBERON:0000059,ChIP-seq:H3K4me3,ChIP-seq:H3K9me3,0.07517897925443119,1.0,ChIP-seq:H3K4me3 x ChIP-seq:H3K9me3
UBERON:0000059,ChIP-seq:H3K4me3,polyA plus RNA-seq,0.05254398905161607,7.0,ChIP-seq:H3K4me3 x polyA plus RNA-seq
UBERON:0000059,ChIP-seq:H3K9me3,DNase-seq,-0.03664411051838593,14.0,ChIP-seq:H3K9me3 x DNase-seq
UBERON:0000059,ChIP-seq:H3K9me3,ChIP-seq:H3K27ac,0.034356845197854216,1.0,ChIP-seq:H3K27ac x ChIP-seq:H3K9me3
UBERON:0000059,ChIP-seq:H3K9me3,ChIP-seq:H3K27me3,0.17528868127952923,1.0,ChIP-seq:H3K27me3 x ChIP-seq:H3K9me3
UBERON:0000059,ChIP-seq:H3K9me3,ChIP-seq:H3K36me3,0.03762951799129185,1.0,ChIP-seq:H3K36me3 x ChIP-seq:H3K9me3
UBERON:0000059,ChIP-seq:H3K9me3,ChIP-seq:H3K4me1,0.11553923656111179,1.0,ChIP-seq:H3K4me1 x ChIP-seq:H3K9me3
UBERON:0000059,ChIP-seq:H3K9me3,ChIP-seq:H3K4me3,0.06481108214966086,1.0,ChIP-seq:H3K4me3 x ChIP-seq:H3K9me3
UBERON:0000059,ChIP-seq:H3K9me3,polyA plus RNA-seq,0.03550429389722323,7.0,ChIP-seq:H3K9me3 x polyA plus RNA-seq
UBERON:0000059,polyA plus RNA-seq,DNase-seq,-0.004350616874458787,98.0,DNase-seq x polyA plus RNA-seq
UBERON:0000059,polyA plus RNA-seq,ChIP-seq:H3K27ac,-0.023068806902231155,7.0,ChIP-seq:H3K27ac x polyA plus RNA-seq
UBERON:0000059,polyA plus RNA-seq,ChIP-seq:H3K27me3,-0.0008488749335338538,7.0,ChIP-seq:H3K27me3 x polyA plus RNA-seq
UBERON:0000059,polyA plus RNA-seq,ChIP-seq:H3K36me3,0.015598121621554953,7.0,ChIP-seq:H3K36me3 x polyA plus RNA-seq
UBERON:0000059,polyA plus RNA-seq,ChIP-seq:H3K4me1,-0.01843894809854697,7.0,ChIP-seq:H3K4me1 x polyA plus RNA-seq
UBERON:0000059,polyA plus RNA-seq,ChIP-seq:H3K4me3,0.024208248889327447,7.0,ChIP-seq:H3K4me3 x polyA plus RNA-seq
UBERON:0000059,polyA plus RNA-seq,ChIP-seq:H3K9me3,0.03659723836278158,7.0,ChIP-seq:H3K9me3 x polyA plus RNA-seq
UBERON:0002305,ChIP-seq:H3K27ac,ChIP-seq:H3K27me3,-0.007941195905436958,9.0,ChIP-seq:H3K27ac x ChIP-seq:H3K27me3
UBERON:0002305,ChIP-seq:H3K27ac,ChIP-seq:H3K36me3,0.01433066773640067,9.0,ChIP-seq:H3K27ac x ChIP-seq:H3K36me3
UBERON:0002305,ChIP-seq:H3K27ac,ChIP-seq:H3K4me1,0.21339159134106758,9.0,ChIP-seq:H3K27ac x ChIP-seq:H3K4me1
UBERON:0002305,ChIP-seq:H3K27ac,ChIP-seq:H3K4me3,0.2056295722489812,9.0,ChIP-seq:H3K27ac x ChIP-seq:H3K4me3
UBERON:0002305,ChIP-seq:H3K27ac,ChIP-seq:H3K9ac,0.26450273354848225,3.0,ChIP-seq:H3K27ac x ChIP-seq:H3K9ac
UBERON:0002305,ChIP-seq:H3K27ac,ChIP-seq:H3K9me3,0.0031243275464994946,9.0,ChIP-seq:H3K27ac x ChIP-seq:H3K9me3
UBERON:0002305,ChIP-seq:H3K27me3,ChIP-seq:H3K27ac,-0.037482203377617734,9.0,ChIP-seq:H3K27ac x ChIP-seq:H3K27me3
UBERON:0002305,ChIP-seq:H3K27me3,ChIP-seq:H3K36me3,-0.02730387223809605,9.0,ChIP-seq:H3K27me3 x ChIP-seq:H3K36me3
UBERON:0002305,ChIP-seq:H3K27me3,ChIP-seq:H3K4me1,0.014685163203904339,9.0,ChIP-seq:H3K27me3 x ChIP-seq:H3K4me1
UBERON:0002305,ChIP-seq:H3K27me3,ChIP-seq:H3K4me3,0.02227975859515171,9.0,ChIP-seq:H3K27me3 x ChIP-seq:H3K4me3
UBERON:0002305,ChIP-seq:H3K27me3,ChIP-seq:H3K9ac,-0.022748130361239117,3.0,ChIP-seq:H3K27me3 x ChIP-seq:H3K9ac
UBERON:0002305,ChIP-seq:H3K27me3,ChIP-seq:H3K9me3,0.07262267185358817,9.0,ChIP-seq:H3K27me3 x ChIP-seq:H3K9me3
UBERON:0002305,ChIP-seq:H3K36me3,ChIP-seq:H3K27ac,-0.0006131119198269294,9.0,ChIP-seq:H3K27ac x ChIP-seq:H3K36me3
UBERON:0002305,ChIP-seq:H3K36me3,ChIP-seq:H3K27me3,-0.027667391574245758,9.0,ChIP-seq:H3K27me3 x ChIP-seq:H3K36me3
UBERON:0002305,ChIP-seq:H3K36me3,ChIP-seq:H3K4me1,0.010270265650836538,9.0,ChIP-seq:H3K36me3 x ChIP-seq:H3K4me1
UBERON:0002305,ChIP-seq:H3K36me3,ChIP-seq:H3K4me3,0.018072394884434847,9.0,ChIP-seq:H3K36me3 x ChIP-seq:H3K4me3
UBERON:0002305,ChIP-seq:H3K36me3,ChIP-seq:H3K9ac,-0.0052387233575185155,3.0,ChIP-seq:H3K36me3 x ChIP-seq:H3K9ac
UBERON:0002305,ChIP-seq:H3K36me3,ChIP-seq:H3K9me3,0.0910640587372131,9.0,ChIP-seq:H3K36me3 x ChIP-seq:H3K9me3
UBERON:0002305,ChIP-seq:H3K4me1,ChIP-seq:H3K27ac,0.1885138471921285,9.0,ChIP-seq:H3K27ac x ChIP-seq:H3K4me1
UBERON:0002305,ChIP-seq:H3K4me1,ChIP-seq:H3K27me3,0.019581849776008582,9.0,ChIP-seq:H3K27me3 x ChIP-seq:H3K4me1
UBERON:0002305,ChIP-seq:H3K4me1,ChIP-seq:H3K36me3,0.009152143982285303,9.0,ChIP-seq:H3K36me3 x ChIP-seq:H3K4me1
UBERON:0002305,ChIP-seq:H3K4me1,ChIP-seq:H3K4me3,-0.004451913546321911,9.0,ChIP-seq:H3K4me1 x ChIP-seq:H3K4me3
UBERON:0002305,ChIP-seq:H3K4me1,ChIP-seq:H3K9ac,0.06332569678624472,3.0,ChIP-seq:H3K4me1 x ChIP-seq:H3K9ac
UBERON:0002305,ChIP-seq:H3K4me1,ChIP-seq:H3K9me3,0.027494618136635732,9.0,ChIP-seq:H3K4me1 x ChIP-seq:H3K9me3
UBERON:0002305,ChIP-seq:H3K4me3,ChIP-seq:H3K27ac,0.21340270042419435,9.0,ChIP-seq:H3K27ac x ChIP-seq:H3K4me3
UBERON:0002305,ChIP-seq:H3K4me3,ChIP-seq:H3K27me3,0.01917061175423107,9.0,ChIP-seq:H3K27me3 x ChIP-seq:H3K4me3
UBERON:0002305,ChIP-seq:H3K4me3,ChIP-seq:H3K36me3,0.030822431505712775,9.0,ChIP-seq:H3K36me3 x ChIP-seq:H3K4me3
UBERON:0002305,ChIP-seq:H3K4me3,ChIP-seq:H3K4me1,-0.03907523567132169,9.0,ChIP-seq:H3K4me1 x ChIP-seq:H3K4me3
UBERON:0002305,ChIP-seq:H3K4me3,ChIP-seq:H3K9ac,0.24975424448649092,3.0,ChIP-seq:H3K4me3 x ChIP-seq:H3K9ac
UBERON:0002305,ChIP-seq:H3K4me3,ChIP-seq:H3K9me3,0.06525712959775318,9.0,ChIP-seq:H3K4me3 x ChIP-seq:H3K9me3
UBERON:0002305,ChIP-seq:H3K9ac,ChIP-seq:H3K27ac,0.3126059532165527,3.0,ChIP-seq:H3K27ac x ChIP-seq:H3K9ac
UBERON:0002305,ChIP-seq:H3K9ac,ChIP-seq:H3K27me3,0.007096739849825015,3.0,ChIP-seq:H3K27me3 x ChIP-seq:H3K9ac
UBERON:0002305,ChIP-seq:H3K9ac,ChIP-seq:H3K36me3,0.01069639570324133,3.0,ChIP-seq:H3K36me3 x ChIP-seq:H3K9ac
UBERON:0002305,ChIP-seq:H3K9ac,ChIP-seq:H3K4me1,0.07850114962993525,3.0,ChIP-seq:H3K4me1 x ChIP-seq:H3K9ac
UBERON:0002305,ChIP-seq:H3K9ac,ChIP-seq:H3K4me3,0.30389912475442665,3.0,ChIP-seq:H3K4me3 x ChIP-seq:H3K9ac
UBERON:0002305,ChIP-seq:H3K9ac,ChIP-seq:H3K9me3,-0.01997860340394554,3.0,ChIP-seq:H3K9ac x ChIP-seq:H3K9me3
UBERON:0002305,ChIP-seq:H3K9me3,ChIP-seq:H3K27ac,1.9142362806534585e-05,9.0,ChIP-seq:H3K27ac x ChIP-seq:H3K9me3
UBERON:0002305,ChIP-seq:H3K9me3,ChIP-seq:H3K27me3,0.059614492102144326,9.0,ChIP-seq:H3K27me3 x ChIP-seq:H3K9me3
UBERON:0002305,ChIP-seq:H3K9me3,ChIP-seq:H3K36me3,0.09791386437472441,9.0,ChIP-seq:H3K36me3 x ChIP-seq:H3K9me3
UBERON:0002305,ChIP-seq:H3K9me3,ChIP-seq:H3K4me1,0.014071004221873115,9.0,ChIP-seq:H3K4me1 x ChIP-seq:H3K9me3
UBERON:0002305,ChIP-seq:H3K9me3,ChIP-seq:H3K4me3,0.08954934969381174,9.0,ChIP-seq:H3K4me3 x ChIP-seq:H3K9me3
UBERON:0002305,ChIP-seq:H3K9me3,ChIP-seq:H3K9ac,-0.028523687546451886,3.0,ChIP-seq:H3K9ac x ChIP-seq:H3K9me3
UBERON:0002079,DNase-seq,RNA-seq,-0.006250990252284441,4.0,DNase-seq x RNA-seq
UBERON:0002079,RNA-seq,DNase-seq,-0.005795259641574405,4.0,DNase-seq x RNA-seq
UBERON:0004538,DNase-seq,polyA plus RNA-seq,0.0040235634834047355,9.0,DNase-seq x polyA plus RNA-seq
UBERON:0004538,polyA plus RNA-seq,DNase-seq,0.0013966289718007167,9.0,DNase-seq x polyA plus RNA-seq
UBERON:0002168,DNase-seq,polyA plus RNA-seq,0.0044309861182538265,66.0,DNase-seq x polyA plus RNA-seq
UBERON:0002168,DNase-seq,RNA-seq,-0.01311013374736602,44.0,DNase-seq x RNA-seq
UBERON:0002168,polyA plus RNA-seq,DNase-seq,-0.0018759459850455846,66.0,DNase-seq x polyA plus RNA-seq
UBERON:0002168,polyA plus RNA-seq,RNA-seq,0.11261947332643993,24.0,RNA-seq x polyA plus RNA-seq
UBERON:0002168,RNA-seq,DNase-seq,-0.004620038224913629,44.0,DNase-seq x RNA-seq
UBERON:0002168,RNA-seq,polyA plus RNA-seq,0.0981742084890172,24.0,RNA-seq x polyA plus RNA-seq
UBERON:0018117,DNase-seq,polyA plus RNA-seq,0.010332287286518287,16.0,DNase-seq x polyA plus RNA-seq
UBERON:0018117,polyA plus RNA-seq,DNase-seq,0.0013562140436215722,16.0,DNase-seq x polyA plus RNA-seq
UBERON:0018115,DNase-seq,polyA plus RNA-seq,0.0056338492480324034,16.0,DNase-seq x polyA plus RNA-seq
UBERON:0018115,polyA plus RNA-seq,DNase-seq,-0.002318395919364351,16.0,DNase-seq x polyA plus RNA-seq
UBERON:0002107,DNase-seq,ChIP-seq:H3K27ac,0.044211136998597134,4.0,ChIP-seq:H3K27ac x DNase-seq
UBERON:0002107,DNase-seq,ChIP-seq:H3K27me3,-0.035704209668443385,8.0,ChIP-seq:H3K27me3 x DNase-seq
UBERON:0002107,DNase-seq,ChIP-seq:H3K36me3,-0.03462663268979221,8.0,ChIP-seq:H3K36me3 x DNase-seq
UBERON:0002107,DNase-seq,ChIP-seq:H3K4me1,-0.013681793142912796,8.0,ChIP-seq:H3K4me1 x DNase-seq
UBERON:0002107,DNase-seq,ChIP-seq:H3K4me3,-0.03619584061627118,8.0,ChIP-seq:H3K4me3 x DNase-seq
UBERON:0002107,DNase-seq,ChIP-seq:H3K9ac,-0.033779798417675255,4.0,ChIP-seq:H3K9ac x DNase-seq
UBERON:0002107,DNase-seq,ChIP-seq:H3K9me3,-0.014254724175411428,8.0,ChIP-seq:H3K9me3 x DNase-seq
UBERON:0002107,DNase-seq,ChIP-seq:CTCF,-0.01449748002133279,2.0,ChIP-seq:CTCF x DNase-seq
UBERON:0002107,DNase-seq,polyA plus RNA-seq,-0.00581068227745894,10.0,DNase-seq x polyA plus RNA-seq
UBERON:0002107,DNase-seq,RNA-seq,0.025715231961187194,8.0,DNase-seq x RNA-seq
UBERON:0002107,ChIP-seq:H3K27ac,DNase-seq,0.025751946513185797,4.0,ChIP-seq:H3K27ac x DNase-seq
UBERON:0002107,ChIP-seq:H3K27ac,ChIP-seq:H3K27me3,-0.0194427567948668,8.0,ChIP-seq:H3K27ac x ChIP-seq:H3K27me3
UBERON:0002107,ChIP-seq:H3K27ac,ChIP-seq:H3K36me3,-0.0822193001441777,8.0,ChIP-seq:H3K27ac x ChIP-seq:H3K36me3
UBERON:0002107,ChIP-seq:H3K27ac,ChIP-seq:H3K4me1,0.17532951495924048,8.0,ChIP-seq:H3K27ac x ChIP-seq:H3K4me1
UBERON:0002107,ChIP-seq:H3K27ac,ChIP-seq:H3K4me3,0.18964532861169778,8.0,ChIP-seq:H3K27ac x ChIP-seq:H3K4me3
UBERON:0002107,ChIP-seq:H3K27ac,ChIP-seq:H3K9ac,0.24512450549067283,4.0,ChIP-seq:H3K27ac x ChIP-seq:H3K9ac
UBERON:0002107,ChIP-seq:H3K27ac,ChIP-seq:H3K9me3,-0.043345216872160044,8.0,ChIP-seq:H3K27ac x ChIP-seq:H3K9me3
UBERON:0002107,ChIP-seq:H3K27ac,ChIP-seq:CTCF,-0.016517562897137877,2.0,ChIP-seq:CTCF x ChIP-seq:H3K27ac
UBERON:0002107,ChIP-seq:H3K27ac,polyA plus RNA-seq,0.004607684746643026,10.0,ChIP-seq:H3K27ac x polyA plus RNA-seq
UBERON:0002107,ChIP-seq:H3K27ac,RNA-seq,0.02826762088957955,8.0,ChIP-seq:H3K27ac x RNA-seq
UBERON:0002107,ChIP-seq:H3K27me3,DNase-seq,-0.016386390116411388,8.0,ChIP-seq:H3K27me3 x DNase-seq
UBERON:0002107,ChIP-seq:H3K27me3,ChIP-seq:H3K27ac,-0.014847560247741871,8.0,ChIP-seq:H3K27ac x ChIP-seq:H3K27me3
UBERON:0002107,ChIP-seq:H3K27me3,ChIP-seq:H3K36me3,-0.02676037171068676,16.0,ChIP-seq:H3K27me3 x ChIP-seq:H3K36me3
UBERON:0002107,ChIP-seq:H3K27me3,ChIP-seq:H3K4me1,-0.01820474214728366,16.0,ChIP-seq:H3K27me3 x ChIP-seq:H3K4me1
UBERON:0002107,ChIP-seq:H3K27me3,ChIP-seq:H3K4me3,-0.0026513544034283115,16.0,ChIP-seq:H3K27me3 x ChIP-seq:H3K4me3
UBERON:0002107,ChIP-seq:H3K27me3,ChIP-seq:H3K9ac,0.02718810493848762,8.0,ChIP-seq:H3K27me3 x ChIP-seq:H3K9ac
UBERON:0002107,ChIP-seq:H3K27me3,ChIP-seq:H3K9me3,0.16585678636690993,16.0,ChIP-seq:H3K27me3 x ChIP-seq:H3K9me3
UBERON:0002107,ChIP-seq:H3K27me3,ChIP-seq:CTCF,0.03962509390318169,4.0,ChIP-seq:CTCF x ChIP-seq:H3K27me3
UBERON:0002107,ChIP-seq:H3K27me3,polyA plus RNA-seq,-0.01938252161348486,20.0,ChIP-seq:H3K27me3 x polyA plus RNA-seq
UBERON:0002107,ChIP-seq:H3K27me3,RNA-seq,-0.039033737752367466,16.0,ChIP-seq:H3K27me3 x RNA-seq
UBERON:0002107,ChIP-seq:H3K36me3,DNase-seq,-0.008840805937334436,8.0,ChIP-seq:H3K36me3 x DNase-seq
UBERON:0002107,ChIP-seq:H3K36me3,ChIP-seq:H3K27ac,-0.06646241539198419,8.0,ChIP-seq:H3K27ac x ChIP-seq:H3K36me3
UBERON:0002107,ChIP-seq:H3K36me3,ChIP-seq:H3K27me3,-0.029958876980350196,16.0,ChIP-seq:H3K27me3 x ChIP-seq:H3K36me3
UBERON:0002107,ChIP-seq:H3K36me3,ChIP-seq:H3K4me1,-0.04327344867652951,16.0,ChIP-seq:H3K36me3 x ChIP-seq:H3K4me1
UBERON:0002107,ChIP-seq:H3K36me3,ChIP-seq:H3K4me3,-0.03464379175653998,16.0,ChIP-seq:H3K36me3 x ChIP-seq:H3K4me3
UBERON:0002107,ChIP-seq:H3K36me3,ChIP-seq:H3K9ac,-0.011710304747886802,8.0,ChIP-seq:H3K36me3 x ChIP-seq:H3K9ac
UBERON:0002107,ChIP-seq:H3K36me3,ChIP-seq:H3K9me3,0.032473506311238826,16.0,ChIP-seq:H3K36me3 x ChIP-seq:H3K9me3
UBERON:0002107,ChIP-seq:H3K36me3,ChIP-seq:CTCF,0.010710863150515646,4.0,ChIP-seq:CTCF x ChIP-seq:H3K36me3
UBERON:0002107,ChIP-seq:H3K36me3,polyA plus RNA-seq,0.024515321557921473,20.0,ChIP-seq:H3K36me3 x polyA plus RNA-seq
UBERON:0002107,ChIP-seq:H3K36me3,RNA-seq,0.03310930942787844,16.0,ChIP-seq:H3K36me3 x RNA-seq
UBERON:0002107,ChIP-seq:H3K4me1,DNase-seq,-0.027627555480630128,8.0,ChIP-seq:H3K4me1 x DNase-seq
UBERON:0002107,ChIP-seq:H3K4me1,ChIP-seq:H3K27ac,0.17151437820114704,8.0,ChIP-seq:H3K27ac x ChIP-seq:H3K4me1
UBERON:0002107,ChIP-seq:H3K4me1,ChIP-seq:H3K27me3,-0.03403819944558805,16.0,ChIP-seq:H3K27me3 x ChIP-seq:H3K4me1
UBERON:0002107,ChIP-seq:H3K4me1,ChIP-seq:H3K36me3,-0.033626789017953976,16.0,ChIP-seq:H3K36me3 x ChIP-seq:H3K4me1
UBERON:0002107,ChIP-seq:H3K4me1,ChIP-seq:H3K4me3,0.05489217447784712,16.0,ChIP-seq:H3K4me1 x ChIP-seq:H3K4me3
UBERON:0002107,ChIP-seq:H3K4me1,ChIP-seq:H3K9ac,0.09417854355914251,8.0,ChIP-seq:H3K4me1 x ChIP-seq:H3K9ac
UBERON:0002107,ChIP-seq:H3K4me1,ChIP-seq:H3K9me3,-0.01594081870411749,16.0,ChIP-seq:H3K4me1 x ChIP-seq:H3K9me3
UBERON:0002107,ChIP-seq:H3K4me1,ChIP-seq:CTCF,0.00867353773341989,4.0,ChIP-seq:CTCF x ChIP-seq:H3K4me1
UBERON:0002107,ChIP-seq:H3K4me1,polyA plus RNA-seq,0.00819137799257488,20.0,ChIP-seq:H3K4me1 x polyA plus RNA-seq
UBERON:0002107,ChIP-seq:H3K4me1,RNA-seq,-0.0009317738124552891,16.0,ChIP-seq:H3K4me1 x RNA-seq
UBERON:0002107,ChIP-seq:H3K4me3,DNase-seq,0.011415877523495974,8.0,ChIP-seq:H3K4me3 x DNase-seq
UBERON:0002107,ChIP-seq:H3K4me3,ChIP-seq:H3K27ac,0.2593706624108072,8.0,ChIP-seq:H3K27ac x ChIP-seq:H3K4me3
UBERON:0002107,ChIP-seq:H3K4me3,ChIP-seq:H3K27me3,-0.013997652562539702,16.0,ChIP-seq:H3K27me3 x ChIP-seq:H3K4me3
UBERON:0002107,ChIP-seq:H3K4me3,ChIP-seq:H3K36me3,-0.0535060607175776,16.0,ChIP-seq:H3K36me3 x ChIP-seq:H3K4me3
UBERON:0002107,ChIP-seq:H3K4me3,ChIP-seq:H3K4me1,0.03993099236356619,16.0,ChIP-seq:H3K4me1 x ChIP-seq:H3K4me3
UBERON:0002107,ChIP-seq:H3K4me3,ChIP-seq:H3K9ac,0.3225297027704667,8.0,ChIP-seq:H3K4me3 x ChIP-seq:H3K9ac
UBERON:0002107,ChIP-seq:H3K4me3,ChIP-seq:H3K9me3,0.023088838463112465,16.0,ChIP-seq:H3K4me3 x ChIP-seq:H3K9me3
UBERON:0002107,ChIP-seq:H3K4me3,ChIP-seq:CTCF,-0.022253670747268875,4.0,ChIP-seq:CTCF x ChIP-seq:H3K4me3
UBERON:0002107,ChIP-seq:H3K4me3,polyA plus RNA-seq,0.004151856761447269,20.0,ChIP-seq:H3K4me3 x polyA plus RNA-seq
UBERON:0002107,ChIP-seq:H3K4me3,RNA-seq,0.0300183026229634,16.0,ChIP-seq:H3K4me3 x RNA-seq
UBERON:0002107,ChIP-seq:H3K9ac,DNase-seq,0.018907351745772606,4.0,ChIP-seq:H3K9ac x DNase-seq
UBERON:0002107,ChIP-seq:H3K9ac,ChIP-seq:H3K27ac,0.3300031934465681,4.0,ChIP-seq:H3K27ac x ChIP-seq:H3K9ac
UBERON:0002107,ChIP-seq:H3K9ac,ChIP-seq:H3K27me3,0.0006263117397451654,8.0,ChIP-seq:H3K27me3 x ChIP-seq:H3K9ac
UBERON:0002107,ChIP-seq:H3K9ac,ChIP-seq:H3K36me3,-0.04685563160315714,8.0,ChIP-seq:H3K36me3 x ChIP-seq:H3K9ac
UBERON:0002107,ChIP-seq:H3K9ac,ChIP-seq:H3K4me1,0.08883583154632242,8.0,ChIP-seq:H3K4me1 x ChIP-seq:H3K9ac
UBERON:0002107,ChIP-seq:H3K9ac,ChIP-seq:H3K4me3,0.3460991495060471,8.0,ChIP-seq:H3K4me3 x ChIP-seq:H3K9ac
UBERON:0002107,ChIP-seq:H3K9ac,ChIP-seq:H3K9me3,-0.08652642967000519,8.0,ChIP-seq:H3K9ac x ChIP-seq:H3K9me3
UBERON:0002107,ChIP-seq:H3K9ac,ChIP-seq:CTCF,-0.013392031755087512,2.0,ChIP-seq:CTCF x ChIP-seq:H3K9ac
UBERON:0002107,ChIP-seq:H3K9ac,polyA plus RNA-seq,0.008112372828356793,10.0,ChIP-seq:H3K9ac x polyA plus RNA-seq
UBERON:0002107,ChIP-seq:H3K9ac,RNA-seq,0.019211756166289833,8.0,ChIP-seq:H3K9ac x RNA-seq
UBERON:0002107,ChIP-seq:H3K9me3,DNase-seq,0.005938082126919757,8.0,ChIP-seq:H3K9me3 x DNase-seq
UBERON:0002107,ChIP-seq:H3K9me3,ChIP-seq:H3K27ac,-0.020151566528940793,8.0,ChIP-seq:H3K27ac x ChIP-seq:H3K9me3
UBERON:0002107,ChIP-seq:H3K9me3,ChIP-seq:H3K27me3,0.16744887277570075,16.0,ChIP-seq:H3K27me3 x ChIP-seq:H3K9me3
UBERON:0002107,ChIP-seq:H3K9me3,ChIP-seq:H3K36me3,0.03862384766499626,16.0,ChIP-seq:H3K36me3 x ChIP-seq:H3K9me3
UBERON:0002107,ChIP-seq:H3K9me3,ChIP-seq:H3K4me1,-0.015929709605419833,16.0,ChIP-seq:H3K4me1 x ChIP-seq:H3K9me3
UBERON:0002107,ChIP-seq:H3K9me3,ChIP-seq:H3K4me3,0.09080322171157261,16.0,ChIP-seq:H3K4me3 x ChIP-seq:H3K9me3
UBERON:0002107,ChIP-seq:H3K9me3,ChIP-seq:H3K9ac,-0.01203651604603748,8.0,ChIP-seq:H3K9ac x ChIP-seq:H3K9me3
UBERON:0002107,ChIP-seq:H3K9me3,ChIP-seq:CTCF,0.00597897765911975,4.0,ChIP-seq:CTCF x ChIP-seq:H3K9me3
UBERON:0002107,ChIP-seq:H3K9me3,polyA plus RNA-seq,-0.015664406310271665,20.0,ChIP-seq:H3K9me3 x polyA plus RNA-seq
UBERON:0002107,ChIP-seq:H3K9me3,RNA-seq,-0.030831616661127874,16.0,ChIP-seq:H3K9me3 x RNA-seq
UBERON:0002107,ChIP-seq:CTCF,DNase-seq,0.013401973646940638,2.0,ChIP-seq:CTCF x DNase-seq
UBERON:0002107,ChIP-seq:CTCF,ChIP-seq:H3K27ac,-0.007090221812821323,2.0,ChIP-seq:CTCF x ChIP-seq:H3K27ac
UBERON:0002107,ChIP-seq:CTCF,ChIP-seq:H3K27me3,0.022711744284354192,4.0,ChIP-seq:CTCF x ChIP-seq:H3K27me3
UBERON:0002107,ChIP-seq:CTCF,ChIP-seq:H3K36me3,-0.0005871932853989438,4.0,ChIP-seq:CTCF x ChIP-seq:H3K36me3
UBERON:0002107,ChIP-seq:CTCF,ChIP-seq:H3K4me1,0.02882112990756061,4.0,ChIP-seq:CTCF x ChIP-seq:H3K4me1
UBERON:0002107,ChIP-seq:CTCF,ChIP-seq:H3K4me3,-0.0023529799127916112,4.0,ChIP-seq:CTCF x ChIP-seq:H3K4me3
UBERON:0002107,ChIP-seq:CTCF,ChIP-seq:H3K9ac,0.009480506181716919,2.0,ChIP-seq:CTCF x ChIP-seq:H3K9ac
UBERON:0002107,ChIP-seq:CTCF,ChIP-seq:H3K9me3,-0.008796242618207203,4.0,ChIP-seq:CTCF x ChIP-seq:H3K9me3
UBERON:0002107,ChIP-seq:CTCF,polyA plus RNA-seq,-0.0036098400120101234,5.0,ChIP-seq:CTCF x polyA plus RNA-seq
UBERON:0002107,ChIP-seq:CTCF,RNA-seq,-0.0024228107973056686,4.0,ChIP-seq:CTCF x RNA-seq
UBERON:0002107,polyA plus RNA-seq,DNase-seq,0.013248061519308189,10.0,DNase-seq x polyA plus RNA-seq
UBERON:0002107,polyA plus RNA-seq,ChIP-seq:H3K27ac,0.01858456777119489,10.0,ChIP-seq:H3K27ac x polyA plus RNA-seq
UBERON:0002107,polyA plus RNA-seq,ChIP-seq:H3K27me3,-0.01786419079138364,20.0,ChIP-seq:H3K27me3 x polyA plus RNA-seq
UBERON:0002107,polyA plus RNA-seq,ChIP-seq:H3K36me3,0.03323950608146381,20.0,ChIP-seq:H3K36me3 x polyA plus RNA-seq
UBERON:0002107,polyA plus RNA-seq,ChIP-seq:H3K4me1,0.003806974347783716,20.0,ChIP-seq:H3K4me1 x polyA plus RNA-seq
UBERON:0002107,polyA plus RNA-seq,ChIP-seq:H3K4me3,0.018352772379821206,20.0,ChIP-seq:H3K4me3 x polyA plus RNA-seq
UBERON:0002107,polyA plus RNA-seq,ChIP-seq:H3K9ac,0.024391488153107314,10.0,ChIP-seq:H3K9ac x polyA plus RNA-seq
UBERON:0002107,polyA plus RNA-seq,ChIP-seq:H3K9me3,-0.022883414371875722,20.0,ChIP-seq:H3K9me3 x polyA plus RNA-seq
UBERON:0002107,polyA plus RNA-seq,ChIP-seq:CTCF,-0.0049735927919171904,5.0,ChIP-seq:CTCF x polyA plus RNA-seq
UBERON:0002107,polyA plus RNA-seq,RNA-seq,0.1005951244129854,20.0,RNA-seq x polyA plus RNA-seq
UBERON:0002107,RNA-seq,DNase-seq,0.024013560284505187,8.0,DNase-seq x RNA-seq
UBERON:0002107,RNA-seq,ChIP-seq:H3K27ac,0.034085822818071945,8.0,ChIP-seq:H3K27ac x RNA-seq
UBERON:0002107,RNA-seq,ChIP-seq:H3K27me3,-0.04074179310071675,16.0,ChIP-seq:H3K27me3 x RNA-seq
UBERON:0002107,RNA-seq,ChIP-seq:H3K36me3,0.05314096529534794,16.0,ChIP-seq:H3K36me3 x RNA-seq
UBERON:0002107,RNA-seq,ChIP-seq:H3K4me1,-0.0023616634988488407,16.0,ChIP-seq:H3K4me1 x RNA-seq
UBERON:0002107,RNA-seq,ChIP-seq:H3K4me3,0.0217549592818854,16.0,ChIP-seq:H3K4me3 x RNA-seq
UBERON:0002107,RNA-seq,ChIP-seq:H3K9ac,0.02763369344935125,8.0,ChIP-seq:H3K9ac x RNA-seq
UBERON:0002107,RNA-seq,ChIP-seq:H3K9me3,-0.03198159119840396,16.0,ChIP-seq:H3K9me3 x RNA-seq
UBERON:0002107,RNA-seq,ChIP-seq:CTCF,-0.004450832792329338,4.0,ChIP-seq:CTCF x RNA-seq
UBERON:0002107,RNA-seq,polyA plus RNA-seq,0.11361731215019447,20.0,RNA-seq x polyA plus RNA-seq
UBERON:0004264,DNase-seq,ChIP-seq:CTCF,0.04348808888671468,4.0,ChIP-seq:CTCF x DNase-seq
UBERON:0004264,DNase-seq,RNA-seq,0.007565449222019762,8.0,DNase-seq x RNA-seq
UBERON:0004264,DNase-seq,ChIP-seq:POLR2A,-0.03658950494395363,4.0,ChIP-seq:POLR2A x DNase-seq
UBERON:0004264,ChIP-seq:CTCF,DNase-seq,0.038027944134256225,4.0,ChIP-seq:CTCF x DNase-seq
UBERON:0004264,ChIP-seq:CTCF,RNA-seq,0.010190608294021488,32.0,ChIP-seq:CTCF x RNA-seq
UBERON:0004264,ChIP-seq:CTCF,ChIP-seq:POLR2A,0.13313175903426278,16.0,ChIP-seq:CTCF x ChIP-seq:POLR2A
UBERON:0004264,RNA-seq,DNase-seq,0.004021635319759883,8.0,DNase-seq x RNA-seq
UBERON:0004264,RNA-seq,ChIP-seq:CTCF,0.020049212699376262,32.0,ChIP-seq:CTCF x RNA-seq
UBERON:0004264,RNA-seq,ChIP-seq:POLR2A,-0.01208907890099066,32.0,ChIP-seq:POLR2A x RNA-seq
UBERON:0004264,ChIP-seq:POLR2A,DNase-seq,0.0683448839846491,4.0,ChIP-seq:POLR2A x DNase-seq
UBERON:0004264,ChIP-seq:POLR2A,ChIP-seq:CTCF,0.347421966420794,16.0,ChIP-seq:CTCF x ChIP-seq:POLR2A
UBERON:0004264,ChIP-seq:POLR2A,RNA-seq,0.016231555748297315,32.0,ChIP-seq:POLR2A x RNA-seq
UBERON:0002048,DNase-seq,ChIP-seq:H3K27ac,-0.020098315063299774,26.0,ChIP-seq:H3K27ac x DNase-seq
UBERON:0002048,DNase-seq,ChIP-seq:H3K27me3,-0.01380563751982968,39.0,ChIP-seq:H3K27me3 x DNase-seq
UBERON:0002048,DNase-seq,ChIP-seq:H3K36me3,-0.021785349266757598,52.0,ChIP-seq:H3K36me3 x DNase-seq
UBERON:0002048,DNase-seq,ChIP-seq:H3K4me1,-0.012387410697773991,65.0,ChIP-seq:H3K4me1 x DNase-seq
UBERON:0002048,DNase-seq,ChIP-seq:H3K4me3,-0.02692089501243891,52.0,ChIP-seq:H3K4me3 x DNase-seq
UBERON:0002048,DNase-seq,ChIP-seq:H3K9ac,-0.01027648162617227,26.0,ChIP-seq:H3K9ac x DNase-seq
UBERON:0002048,DNase-seq,ChIP-seq:H3K9me3,-0.005111212305067312,52.0,ChIP-seq:H3K9me3 x DNase-seq
UBERON:0002048,DNase-seq,polyA plus RNA-seq,-0.011347473903643247,78.0,DNase-seq x polyA plus RNA-seq
UBERON:0002048,DNase-seq,RNA-seq,-0.0019567918993229245,52.0,DNase-seq x RNA-seq
UBERON:0002048,ChIP-seq:H3K27ac,DNase-seq,-0.01639130055430081,26.0,ChIP-seq:H3K27ac x DNase-seq
UBERON:0002048,ChIP-seq:H3K27ac,ChIP-seq:H3K27me3,-0.00653797480138554,6.0,ChIP-seq:H3K27ac x ChIP-seq:H3K27me3
UBERON:0002048,ChIP-seq:H3K27ac,ChIP-seq:H3K36me3,0.00838318079670164,8.0,ChIP-seq:H3K27ac x ChIP-seq:H3K36me3
UBERON:0002048,ChIP-seq:H3K27ac,ChIP-seq:H3K4me1,0.01626617113749186,10.0,ChIP-seq:H3K27ac x ChIP-seq:H3K4me1
UBERON:0002048,ChIP-seq:H3K27ac,ChIP-seq:H3K4me3,-0.010398858560706076,8.0,ChIP-seq:H3K27ac x ChIP-seq:H3K4me3
UBERON:0002048,ChIP-seq:H3K27ac,ChIP-seq:H3K9ac,-0.07724203382219588,4.0,ChIP-seq:H3K27ac x ChIP-seq:H3K9ac
UBERON:0002048,ChIP-seq:H3K27ac,ChIP-seq:H3K9me3,0.012158168879690144,8.0,ChIP-seq:H3K27ac x ChIP-seq:H3K9me3
UBERON:0002048,ChIP-seq:H3K27ac,polyA plus RNA-seq,-0.014850315905135608,12.0,ChIP-seq:H3K27ac x polyA plus RNA-seq
UBERON:0002048,ChIP-seq:H3K27ac,RNA-seq,0.01941878254799282,8.0,ChIP-seq:H3K27ac x RNA-seq
UBERON:0002048,ChIP-seq:H3K27me3,DNase-seq,-0.006243697528181404,39.0,ChIP-seq:H3K27me3 x DNase-seq
UBERON:0002048,ChIP-seq:H3K27me3,ChIP-seq:H3K27ac,0.007418191060423851,6.0,ChIP-seq:H3K27ac x ChIP-seq:H3K27me3
UBERON:0002048,ChIP-seq:H3K27me3,ChIP-seq:H3K36me3,-0.007850303289724546,12.0,ChIP-seq:H3K27me3 x ChIP-seq:H3K36me3
UBERON:0002048,ChIP-seq:H3K27me3,ChIP-seq:H3K4me1,-0.011144579560668381,15.0,ChIP-seq:H3K27me3 x ChIP-seq:H3K4me1
UBERON:0002048,ChIP-seq:H3K27me3,ChIP-seq:H3K4me3,0.012844050285529415,12.0,ChIP-seq:H3K27me3 x ChIP-seq:H3K4me3
UBERON:0002048,ChIP-seq:H3K27me3,ChIP-seq:H3K9ac,0.008064837302683162,6.0,ChIP-seq:H3K27me3 x ChIP-seq:H3K9ac
UBERON:0002048,ChIP-seq:H3K27me3,ChIP-seq:H3K9me3,0.01728523204106619,12.0,ChIP-seq:H3K27me3 x ChIP-seq:H3K9me3
UBERON:0002048,ChIP-seq:H3K27me3,polyA plus RNA-seq,-0.003996022153591764,18.0,ChIP-seq:H3K27me3 x polyA plus RNA-seq
UBERON:0002048,ChIP-seq:H3K27me3,RNA-seq,-0.015178930440954135,12.0,ChIP-seq:H3K27me3 x RNA-seq
UBERON:0002048,ChIP-seq:H3K36me3,DNase-seq,-0.009904333466876407,52.0,ChIP-seq:H3K36me3 x DNase-seq
UBERON:0002048,ChIP-seq:H3K36me3,ChIP-seq:H3K27ac,0.008475975046709456,8.0,ChIP-seq:H3K27ac x ChIP-seq:H3K36me3
UBERON:0002048,ChIP-seq:H3K36me3,ChIP-seq:H3K27me3,0.017512560747135645,12.0,ChIP-seq:H3K27me3 x ChIP-seq:H3K36me3
UBERON:0002048,ChIP-seq:H3K36me3,ChIP-seq:H3K4me1,0.005314234230253435,20.0,ChIP-seq:H3K36me3 x ChIP-seq:H3K4me1
UBERON:0002048,ChIP-seq:H3K36me3,ChIP-seq:H3K4me3,0.03994123946945622,16.0,ChIP-seq:H3K36me3 x ChIP-seq:H3K4me3
UBERON:0002048,ChIP-seq:H3K36me3,ChIP-seq:H3K9ac,0.010722823136923264,8.0,ChIP-seq:H3K36me3 x ChIP-seq:H3K9ac
UBERON:0002048,ChIP-seq:H3K36me3,ChIP-seq:H3K9me3,0.04911086981916159,16.0,ChIP-seq:H3K36me3 x ChIP-seq:H3K9me3
UBERON:0002048,ChIP-seq:H3K36me3,polyA plus RNA-seq,-0.011408062862313315,24.0,ChIP-seq:H3K36me3 x polyA plus RNA-seq
UBERON:0002048,ChIP-seq:H3K36me3,RNA-seq,0.010317405471030404,16.0,ChIP-seq:H3K36me3 x RNA-seq
UBERON:0002048,ChIP-seq:H3K4me1,DNase-seq,0.0013138932005480053,65.0,ChIP-seq:H3K4me1 x DNase-seq
UBERON:0002048,ChIP-seq:H3K4me1,ChIP-seq:H3K27ac,0.024064158652880176,10.0,ChIP-seq:H3K27ac x ChIP-seq:H3K4me1
UBERON:0002048,ChIP-seq:H3K4me1,ChIP-seq:H3K27me3,-0.01357654230347995,15.0,ChIP-seq:H3K27me3 x ChIP-seq:H3K4me1
UBERON:0002048,ChIP-seq:H3K4me1,ChIP-seq:H3K36me3,0.0052131978904499734,20.0,ChIP-seq:H3K36me3 x ChIP-seq:H3K4me1
UBERON:0002048,ChIP-seq:H3K4me1,ChIP-seq:H3K4me3,0.04000543198495541,20.0,ChIP-seq:H3K4me1 x ChIP-seq:H3K4me3
UBERON:0002048,ChIP-seq:H3K4me1,ChIP-seq:H3K9ac,0.09915445532117571,10.0,ChIP-seq:H3K4me1 x ChIP-seq:H3K9ac
UBERON:0002048,ChIP-seq:H3K4me1,ChIP-seq:H3K9me3,0.03495440075626481,20.0,ChIP-seq:H3K4me1 x ChIP-seq:H3K9me3
UBERON:0002048,ChIP-seq:H3K4me1,polyA plus RNA-seq,0.0012448070964951458,30.0,ChIP-seq:H3K4me1 x polyA plus RNA-seq
UBERON:0002048,ChIP-seq:H3K4me1,RNA-seq,0.005351938626345467,20.0,ChIP-seq:H3K4me1 x RNA-seq
UBERON:0002048,ChIP-seq:H3K4me3,DNase-seq,-0.0014879037910178194,52.0,ChIP-seq:H3K4me3 x DNase-seq
UBERON:0002048,ChIP-seq:H3K4me3,ChIP-seq:H3K27ac,0.046528359932929086,8.0,ChIP-seq:H3K27ac x ChIP-seq:H3K4me3
UBERON:0002048,ChIP-seq:H3K4me3,ChIP-seq:H3K27me3,-0.023480026939905238,12.0,ChIP-seq:H3K27me3 x ChIP-seq:H3K4me3
UBERON:0002048,ChIP-seq:H3K4me3,ChIP-seq:H3K36me3,0.028340245791297545,16.0,ChIP-seq:H3K36me3 x ChIP-seq:H3K4me3
UBERON:0002048,ChIP-seq:H3K4me3,ChIP-seq:H3K4me1,0.032533180051379736,20.0,ChIP-seq:H3K4me1 x ChIP-seq:H3K4me3
UBERON:0002048,ChIP-seq:H3K4me3,ChIP-seq:H3K9ac,0.12084505205251733,8.0,ChIP-seq:H3K4me3 x ChIP-seq:H3K9ac
UBERON:0002048,ChIP-seq:H3K4me3,ChIP-seq:H3K9me3,0.00943074851049542,16.0,ChIP-seq:H3K4me3 x ChIP-seq:H3K9me3
UBERON:0002048,ChIP-seq:H3K4me3,polyA plus RNA-seq,-0.014111884521401448,24.0,ChIP-seq:H3K4me3 x polyA plus RNA-seq
UBERON:0002048,ChIP-seq:H3K4me3,RNA-seq,0.012514363492236419,16.0,ChIP-seq:H3K4me3 x RNA-seq
UBERON:0002048,ChIP-seq:H3K9ac,DNase-seq,-0.0031839107961173993,26.0,ChIP-seq:H3K9ac x DNase-seq
UBERON:0002048,ChIP-seq:H3K9ac,ChIP-seq:H3K27ac,-0.05590322150947144,4.0,ChIP-seq:H3K27ac x ChIP-seq:H3K9ac
UBERON:0002048,ChIP-seq:H3K9ac,ChIP-seq:H3K27me3,-0.022836708602891574,6.0,ChIP-seq:H3K27me3 x ChIP-seq:H3K9ac
UBERON:0002048,ChIP-seq:H3K9ac,ChIP-seq:H3K36me3,0.01953247703492323,8.0,ChIP-seq:H3K36me3 x ChIP-seq:H3K9ac
UBERON:0002048,ChIP-seq:H3K9ac,ChIP-seq:H3K4me1,0.06931111017862956,10.0,ChIP-seq:H3K4me1 x ChIP-seq:H3K9ac
UBERON:0002048,ChIP-seq:H3K9ac,ChIP-seq:H3K4me3,0.12167531533061332,8.0,ChIP-seq:H3K4me3 x ChIP-seq:H3K9ac
UBERON:0002048,ChIP-seq:H3K9ac,ChIP-seq:H3K9me3,-0.018596072107721857,8.0,ChIP-seq:H3K9ac x ChIP-seq:H3K9me3
UBERON:0002048,ChIP-seq:H3K9ac,polyA plus RNA-seq,-0.012112854701885278,12.0,ChIP-seq:H3K9ac x polyA plus RNA-seq
UBERON:0002048,ChIP-seq:H3K9ac,RNA-seq,0.00857856959104538,8.0,ChIP-seq:H3K9ac x RNA-seq
UBERON:0002048,ChIP-seq:H3K9me3,DNase-seq,0.00320077867343508,52.0,ChIP-seq:H3K9me3 x DNase-seq
UBERON:0002048,ChIP-seq:H3K9me3,ChIP-seq:H3K27ac,0.028673540881794433,8.0,ChIP-seq:H3K27ac x ChIP-seq:H3K9me3
UBERON:0002048,ChIP-seq:H3K9me3,ChIP-seq:H3K27me3,0.032267422511659816,12.0,ChIP-seq:H3K27me3 x ChIP-seq:H3K9me3
UBERON:0002048,ChIP-seq:H3K9me3,ChIP-seq:H3K36me3,0.05889255071387572,16.0,ChIP-seq:H3K36me3 x ChIP-seq:H3K9me3
UBERON:0002048,ChIP-seq:H3K9me3,ChIP-seq:H3K4me1,0.04625580906867981,20.0,ChIP-seq:H3K4me1 x ChIP-seq:H3K9me3
UBERON:0002048,ChIP-seq:H3K9me3,ChIP-seq:H3K4me3,0.05131546956188274,16.0,ChIP-seq:H3K4me3 x ChIP-seq:H3K9me3
UBERON:0002048,ChIP-seq:H3K9me3,ChIP-seq:H3K9ac,0.012143781750786061,8.0,ChIP-seq:H3K9ac x ChIP-seq:H3K9me3
UBERON:0002048,ChIP-seq:H3K9me3,polyA plus RNA-seq,-0.009437522049183432,24.0,ChIP-seq:H3K9me3 x polyA plus RNA-seq
UBERON:0002048,ChIP-seq:H3K9me3,RNA-seq,-0.00226175897371243,16.0,ChIP-seq:H3K9me3 x RNA-seq
UBERON:0002048,polyA plus RNA-seq,DNase-seq,-0.006933779552065093,78.0,DNase-seq x polyA plus RNA-seq
UBERON:0002048,polyA plus RNA-seq,ChIP-seq:H3K27ac,-0.004179453766494062,12.0,ChIP-seq:H3K27ac x polyA plus RNA-seq
UBERON:0002048,polyA plus RNA-seq,ChIP-seq:H3K27me3,-0.006458645750736368,18.0,ChIP-seq:H3K27me3 x polyA plus RNA-seq
UBERON:0002048,polyA plus RNA-seq,ChIP-seq:H3K36me3,-0.009649357428100233,24.0,ChIP-seq:H3K36me3 x polyA plus RNA-seq
UBERON:0002048,polyA plus RNA-seq,ChIP-seq:H3K4me1,-0.009045178250030234,30.0,ChIP-seq:H3K4me1 x polyA plus RNA-seq
UBERON:0002048,polyA plus RNA-seq,ChIP-seq:H3K4me3,-0.004483834565060692,24.0,ChIP-seq:H3K4me3 x polyA plus RNA-seq
UBERON:0002048,polyA plus RNA-seq,ChIP-seq:H3K9ac,0.0050636606962502426,12.0,ChIP-seq:H3K9ac x polyA plus RNA-seq
UBERON:0002048,polyA plus RNA-seq,ChIP-seq:H3K9me3,-0.007351705671170562,24.0,ChIP-seq:H3K9me3 x polyA plus RNA-seq
UBERON:0002048,polyA plus RNA-seq,RNA-seq,0.04817955980113908,24.0,RNA-seq x polyA plus RNA-seq
UBERON:0002048,RNA-seq,DNase-seq,-0.008972023146854472,52.0,DNase-seq x RNA-seq
UBERON:0002048,RNA-seq,ChIP-seq:H3K27ac,0.012972858358429089,8.0,ChIP-seq:H3K27ac x RNA-seq
UBERON:0002048,RNA-seq,ChIP-seq:H3K27me3,-0.01560684246407158,12.0,ChIP-seq:H3K27me3 x RNA-seq
UBERON:0002048,RNA-seq,ChIP-seq:H3K36me3,0.007333092730153694,16.0,ChIP-seq:H3K36me3 x RNA-seq
UBERON:0002048,RNA-seq,ChIP-seq:H3K4me1,0.0008308205339643687,20.0,ChIP-seq:H3K4me1 x RNA-seq
UBERON:0002048,RNA-seq,ChIP-seq:H3K4me3,-0.00022684937378145836,16.0,ChIP-seq:H3K4me3 x RNA-seq
UBERON:0002048,RNA-seq,ChIP-seq:H3K9ac,-0.006876782647200992,8.0,ChIP-seq:H3K9ac x RNA-seq
UBERON:0002048,RNA-seq,ChIP-seq:H3K9me3,-0.0005021407005855929,16.0,ChIP-seq:H3K9me3 x RNA-seq
UBERON:0002048,RNA-seq,polyA plus RNA-seq,-0.0008896824242412282,24.0,RNA-seq x polyA plus RNA-seq
UBERON:0003346,ChIP-seq:H3K27ac,ChIP-seq:H3K27me3,0.018616516451750484,4.0,ChIP-seq:H3K27ac x ChIP-seq:H3K27me3
UBERON:0003346,ChIP-seq:H3K27ac,ChIP-seq:H3K36me3,0.0016578927774120265,4.0,ChIP-seq:H3K27ac x ChIP-seq:H3K36me3
UBERON:0003346,ChIP-seq:H3K27ac,ChIP-seq:H3K4me1,0.3310613006841941,4.0,ChIP-seq:H3K27ac x ChIP-seq:H3K4me1
UBERON:0003346,ChIP-seq:H3K27ac,ChIP-seq:H3K4me3,0.2657211422920227,4.0,ChIP-seq:H3K27ac x ChIP-seq:H3K4me3
UBERON:0003346,ChIP-seq:H3K27ac,ChIP-seq:H3K9ac,0.38934213409618457,4.0,ChIP-seq:H3K27ac x ChIP-seq:H3K9ac
UBERON:0003346,ChIP-seq:H3K27ac,ChIP-seq:H3K9me3,0.02070654183626175,4.0,ChIP-seq:H3K27ac x ChIP-seq:H3K9me3
UBERON:0003346,ChIP-seq:H3K27me3,ChIP-seq:H3K27ac,0.002952956230096195,4.0,ChIP-seq:H3K27ac x ChIP-seq:H3K27me3
UBERON:0003346,ChIP-seq:H3K27me3,ChIP-seq:H3K36me3,0.0019230175585973827,4.0,ChIP-seq:H3K27me3 x ChIP-seq:H3K36me3
UBERON:0003346,ChIP-seq:H3K27me3,ChIP-seq:H3K4me1,0.04247221611236614,4.0,ChIP-seq:H3K27me3 x ChIP-seq:H3K4me1
UBERON:0003346,ChIP-seq:H3K27me3,ChIP-seq:H3K4me3,-0.00934239107871724,4.0,ChIP-seq:H3K27me3 x ChIP-seq:H3K4me3
UBERON:0003346,ChIP-seq:H3K27me3,ChIP-seq:H3K9ac,-0.0005729534492200788,4.0,ChIP-seq:H3K27me3 x ChIP-seq:H3K9ac
UBERON:0003346,ChIP-seq:H3K27me3,ChIP-seq:H3K9me3,0.1755884289741516,4.0,ChIP-seq:H3K27me3 x ChIP-seq:H3K9me3
UBERON:0003346,ChIP-seq:H3K36me3,ChIP-seq:H3K27ac,-0.02770201747323045,4.0,ChIP-seq:H3K27ac x ChIP-seq:H3K36me3
UBERON:0003346,ChIP-seq:H3K36me3,ChIP-seq:H3K27me3,0.023699394464492797,4.0,ChIP-seq:H3K27me3 x ChIP-seq:H3K36me3
UBERON:0003346,ChIP-seq:H3K36me3,ChIP-seq:H3K4me1,0.015040251360239225,4.0,ChIP-seq:H3K36me3 x ChIP-seq:H3K4me1
UBERON:0003346,ChIP-seq:H3K36me3,ChIP-seq:H3K4me3,-0.0002666546432214395,4.0,ChIP-seq:H3K36me3 x ChIP-seq:H3K4me3
UBERON:0003346,ChIP-seq:H3K36me3,ChIP-seq:H3K9ac,0.019105239790313103,4.0,ChIP-seq:H3K36me3 x ChIP-seq:H3K9ac
UBERON:0003346,ChIP-seq:H3K36me3,ChIP-seq:H3K9me3,0.11085798953498542,4.0,ChIP-seq:H3K36me3 x ChIP-seq:H3K9me3
UBERON:0003346,ChIP-seq:H3K4me1,ChIP-seq:H3K27ac,0.28922913533560235,4.0,ChIP-seq:H3K27ac x ChIP-seq:H3K4me1
UBERON:0003346,ChIP-seq:H3K4me1,ChIP-seq:H3K27me3,0.06253762330327715,4.0,ChIP-seq:H3K27me3 x ChIP-seq:H3K4me1
UBERON:0003346,ChIP-seq:H3K4me1,ChIP-seq:H3K36me3,0.017608662643445232,4.0,ChIP-seq:H3K36me3 x ChIP-seq:H3K4me1
UBERON:0003346,ChIP-seq:H3K4me1,ChIP-seq:H3K4me3,0.1373704969882965,4.0,ChIP-seq:H3K4me1 x ChIP-seq:H3K4me3
UBERON:0003346,ChIP-seq:H3K4me1,ChIP-seq:H3K9ac,0.12986466531850854,4.0,ChIP-seq:H3K4me1 x ChIP-seq:H3K9ac
UBERON:0003346,ChIP-seq:H3K4me1,ChIP-seq:H3K9me3,0.07205106384594348,4.0,ChIP-seq:H3K4me1 x ChIP-seq:H3K9me3
UBERON:0003346,ChIP-seq:H3K4me3,ChIP-seq:H3K27ac,0.2296819675783193,4.0,ChIP-seq:H3K27ac x ChIP-seq:H3K4me3
UBERON:0003346,ChIP-seq:H3K4me3,ChIP-seq:H3K27me3,0.023832706553595408,4.0,ChIP-seq:H3K27me3 x ChIP-seq:H3K4me3
UBERON:0003346,ChIP-seq:H3K4me3,ChIP-seq:H3K36me3,0.02832252538156888,4.0,ChIP-seq:H3K36me3 x ChIP-seq:H3K4me3
UBERON:0003346,ChIP-seq:H3K4me3,ChIP-seq:H3K4me1,0.16278257347195527,4.0,ChIP-seq:H3K4me1 x ChIP-seq:H3K4me3
UBERON:0003346,ChIP-seq:H3K4me3,ChIP-seq:H3K9ac,0.3086890541777319,4.0,ChIP-seq:H3K4me3 x ChIP-seq:H3K9ac
UBERON:0003346,ChIP-seq:H3K4me3,ChIP-seq:H3K9me3,0.0717470456934508,4.0,ChIP-seq:H3K4me3 x ChIP-seq:H3K9me3
UBERON:0003346,ChIP-seq:H3K9ac,ChIP-seq:H3K27ac,0.32795621778654016,4.0,ChIP-seq:H3K27ac x ChIP-seq:H3K9ac
UBERON:0003346,ChIP-seq:H3K9ac,ChIP-seq:H3K27me3,0.050241844866956986,4.0,ChIP-seq:H3K27me3 x ChIP-seq:H3K9ac
UBERON:0003346,ChIP-seq:H3K9ac,ChIP-seq:H3K36me3,0.06575684572653795,4.0,ChIP-seq:H3K36me3 x ChIP-seq:H3K9ac
UBERON:0003346,ChIP-seq:H3K9ac,ChIP-seq:H3K4me1,0.19541937878223065,4.0,ChIP-seq:H3K4me1 x ChIP-seq:H3K9ac
UBERON:0003346,ChIP-seq:H3K9ac,ChIP-seq:H3K4me3,0.3307415815157311,4.0,ChIP-seq:H3K4me3 x ChIP-seq:H3K9ac
UBERON:0003346,ChIP-seq:H3K9ac,ChIP-seq:H3K9me3,0.04231107493019637,4.0,ChIP-seq:H3K9ac x ChIP-seq:H3K9me3
UBERON:0003346,ChIP-seq:H3K9me3,ChIP-seq:H3K27ac,0.0161927316962562,4.0,ChIP-seq:H3K27ac x ChIP-seq:H3K9me3
UBERON:0003346,ChIP-seq:H3K9me3,ChIP-seq:H3K27me3,0.16602339165551322,4.0,ChIP-seq:H3K27me3 x ChIP-seq:H3K9me3
UBERON:0003346,ChIP-seq:H3K9me3,ChIP-seq:H3K36me3,0.06918815897886084,4.0,ChIP-seq:H3K36me3 x ChIP-seq:H3K9me3
UBERON:0003346,ChIP-seq:H3K9me3,ChIP-seq:H3K4me1,0.07439480966231862,4.0,ChIP-seq:H3K4me1 x ChIP-seq:H3K9me3
UBERON:0003346,ChIP-seq:H3K9me3,ChIP-seq:H3K4me3,0.061080908803182225,4.0,ChIP-seq:H3K4me3 x ChIP-seq:H3K9me3
UBERON:0003346,ChIP-seq:H3K9me3,ChIP-seq:H3K9ac,0.009481755142309228,4.0,ChIP-seq:H3K9ac x ChIP-seq:H3K9me3
UBERON:0001199,ChIP-seq:H3K27me3,ChIP-seq:H3K36me3,0.17510928339079807,1.0,ChIP-seq:H3K27me3 x ChIP-seq:H3K36me3
UBERON:0001199,ChIP-seq:H3K27me3,ChIP-seq:H3K4me1,0.13754764393619867,1.0,ChIP-seq:H3K27me3 x ChIP-seq:H3K4me1
UBERON:0001199,ChIP-seq:H3K27me3,ChIP-seq:H3K4me3,0.1670565481795821,1.0,ChIP-seq:H3K27me3 x ChIP-seq:H3K4me3
UBERON:0001199,ChIP-seq:H3K27me3,ChIP-seq:H3K9ac,0.03886979281902313,1.0,ChIP-seq:H3K27me3 x ChIP-seq:H3K9ac
UBERON:0001199,ChIP-seq:H3K27me3,ChIP-seq:H3K9me3,0.3732002682156033,1.0,ChIP-seq:H3K27me3 x ChIP-seq:H3K9me3
UBERON:0001199,ChIP-seq:H3K36me3,ChIP-seq:H3K27me3,0.13983020863749762,1.0,ChIP-seq:H3K27me3 x ChIP-seq:H3K36me3
UBERON:0001199,ChIP-seq:H3K36me3,ChIP-seq:H3K4me1,0.17099332550297613,1.0,ChIP-seq:H3K36me3 x ChIP-seq:H3K4me1
UBERON:0001199,ChIP-seq:H3K36me3,ChIP-seq:H3K4me3,0.3886627981829089,1.0,ChIP-seq:H3K36me3 x ChIP-seq:H3K4me3
UBERON:0001199,ChIP-seq:H3K36me3,ChIP-seq:H3K9ac,0.12379360496997834,1.0,ChIP-seq:H3K36me3 x ChIP-seq:H3K9ac
UBERON:0001199,ChIP-seq:H3K36me3,ChIP-seq:H3K9me3,0.44756359259287515,1.0,ChIP-seq:H3K36me3 x ChIP-seq:H3K9me3
UBERON:0001199,ChIP-seq:H3K4me1,ChIP-seq:H3K27me3,0.1603885279460387,1.0,ChIP-seq:H3K27me3 x ChIP-seq:H3K4me1
UBERON:0001199,ChIP-seq:H3K4me1,ChIP-seq:H3K36me3,0.2112637199853596,1.0,ChIP-seq:H3K36me3 x ChIP-seq:H3K4me1
UBERON:0001199,ChIP-seq:H3K4me1,ChIP-seq:H3K4me3,0.28522185378296433,1.0,ChIP-seq:H3K4me1 x ChIP-seq:H3K4me3
UBERON:0001199,ChIP-seq:H3K4me1,ChIP-seq:H3K9ac,0.1339999520778656,1.0,ChIP-seq:H3K4me1 x ChIP-seq:H3K9ac
UBERON:0001199,ChIP-seq:H3K4me1,ChIP-seq:H3K9me3,0.23348322113355002,1.0,ChIP-seq:H3K4me1 x ChIP-seq:H3K9me3
UBERON:0001199,ChIP-seq:H3K4me3,ChIP-seq:H3K27me3,0.12652153047648343,1.0,ChIP-seq:H3K27me3 x ChIP-seq:H3K4me3
UBERON:0001199,ChIP-seq:H3K4me3,ChIP-seq:H3K36me3,0.3838545918464661,1.0,ChIP-seq:H3K36me3 x ChIP-seq:H3K4me3
UBERON:0001199,ChIP-seq:H3K4me3,ChIP-seq:H3K4me1,0.20723682253257086,1.0,ChIP-seq:H3K4me1 x ChIP-seq:H3K4me3
UBERON:0001199,ChIP-seq:H3K4me3,ChIP-seq:H3K9ac,0.343105890750885,1.0,ChIP-seq:H3K4me3 x ChIP-seq:H3K9ac
UBERON:0001199,ChIP-seq:H3K4me3,ChIP-seq:H3K9me3,0.363445692592197,1.0,ChIP-seq:H3K4me3 x ChIP-seq:H3K9me3
UBERON:0001199,ChIP-seq:H3K9ac,ChIP-seq:H3K27me3,0.052534772591157394,1.0,ChIP-seq:H3K27me3 x ChIP-seq:H3K9ac
UBERON:0001199,ChIP-seq:H3K9ac,ChIP-seq:H3K36me3,0.20653025021678523,1.0,ChIP-seq:H3K36me3 x ChIP-seq:H3K9ac
UBERON:0001199,ChIP-seq:H3K9ac,ChIP-seq:H3K4me1,0.15055960805519766,1.0,ChIP-seq:H3K4me1 x ChIP-seq:H3K9ac
UBERON:0001199,ChIP-seq:H3K9ac,ChIP-seq:H3K4me3,0.3724435093790986,1.0,ChIP-seq:H3K4me3 x ChIP-seq:H3K9ac
UBERON:0001199,ChIP-seq:H3K9ac,ChIP-seq:H3K9me3,0.21786389317777421,1.0,ChIP-seq:H3K9ac x ChIP-seq:H3K9me3
UBERON:0001199,ChIP-seq:H3K9me3,ChIP-seq:H3K27me3,0.3072207515889948,1.0,ChIP-seq:H3K27me3 x ChIP-seq:H3K9me3
UBERON:0001199,ChIP-seq:H3K9me3,ChIP-seq:H3K36me3,0.42897070458060815,1.0,ChIP-seq:H3K36me3 x ChIP-seq:H3K9me3
UBERON:0001199,ChIP-seq:H3K9me3,ChIP-seq:H3K4me1,0.18503371658532516,1.0,ChIP-seq:H3K4me1 x ChIP-seq:H3K9me3
UBERON:0001199,ChIP-seq:H3K9me3,ChIP-seq:H3K4me3,0.38622016296830286,1.0,ChIP-seq:H3K4me3 x ChIP-seq:H3K9me3
UBERON:0001199,ChIP-seq:H3K9me3,ChIP-seq:H3K9ac,0.11061704337596893,1.0,ChIP-seq:H3K9ac x ChIP-seq:H3K9me3
UBERON:0012489,ChIP-seq:H3K27ac,ChIP-seq:H3K27me3,-0.014551737643778324,2.0,ChIP-seq:H3K27ac x ChIP-seq:H3K27me3
UBERON:0012489,ChIP-seq:H3K27ac,ChIP-seq:H3K36me3,0.05669341232410814,2.0,ChIP-seq:H3K27ac x ChIP-seq:H3K36me3
UBERON:0012489,ChIP-seq:H3K27ac,ChIP-seq:H3K4me1,0.23102617782095203,1.0,ChIP-seq:H3K27ac x ChIP-seq:H3K4me1
UBERON:0012489,ChIP-seq:H3K27ac,ChIP-seq:H3K4me3,0.21510721589917337,2.0,ChIP-seq:H3K27ac x ChIP-seq:H3K4me3
UBERON:0012489,ChIP-seq:H3K27ac,ChIP-seq:H3K9ac,0.1704061818122864,1.0,ChIP-seq:H3K27ac x ChIP-seq:H3K9ac
UBERON:0012489,ChIP-seq:H3K27ac,ChIP-seq:H3K9me3,0.05426952338584974,2.0,ChIP-seq:H3K27ac x ChIP-seq:H3K9me3
UBERON:0012489,ChIP-seq:H3K27me3,ChIP-seq:H3K27ac,-0.016004575634904115,2.0,ChIP-seq:H3K27ac x ChIP-seq:H3K27me3
UBERON:0012489,ChIP-seq:H3K27me3,ChIP-seq:H3K36me3,0.1518469135912638,4.0,ChIP-seq:H3K27me3 x ChIP-seq:H3K36me3
UBERON:0012489,ChIP-seq:H3K27me3,ChIP-seq:H3K4me1,0.05682624811711519,2.0,ChIP-seq:H3K27me3 x ChIP-seq:H3K4me1
UBERON:0012489,ChIP-seq:H3K27me3,ChIP-seq:H3K4me3,0.06161404108611223,4.0,ChIP-seq:H3K27me3 x ChIP-seq:H3K4me3
UBERON:0012489,ChIP-seq:H3K27me3,ChIP-seq:H3K9ac,0.08708669006824493,2.0,ChIP-seq:H3K27me3 x ChIP-seq:H3K9ac
UBERON:0012489,ChIP-seq:H3K27me3,ChIP-seq:H3K9me3,0.31835345948874616,4.0,ChIP-seq:H3K27me3 x ChIP-seq:H3K9me3
UBERON:0012489,ChIP-seq:H3K36me3,ChIP-seq:H3K27ac,0.04682268257494326,2.0,ChIP-seq:H3K27ac x ChIP-seq:H3K36me3
UBERON:0012489,ChIP-seq:H3K36me3,ChIP-seq:H3K27me3,0.1481698627131326,4.0,ChIP-seq:H3K27me3 x ChIP-seq:H3K36me3
UBERON:0012489,ChIP-seq:H3K36me3,ChIP-seq:H3K4me1,0.10271750649680263,2.0,ChIP-seq:H3K36me3 x ChIP-seq:H3K4me1
UBERON:0012489,ChIP-seq:H3K36me3,ChIP-seq:H3K4me3,0.10553503788520242,4.0,ChIP-seq:H3K36me3 x ChIP-seq:H3K4me3
UBERON:0012489,ChIP-seq:H3K36me3,ChIP-seq:H3K9ac,0.10513370454311372,2.0,ChIP-seq:H3K36me3 x ChIP-seq:H3K9ac
UBERON:0012489,ChIP-seq:H3K36me3,ChIP-seq:H3K9me3,0.27259945985991196,4.0,ChIP-seq:H3K36me3 x ChIP-seq:H3K9me3
UBERON:0012489,ChIP-seq:H3K4me1,ChIP-seq:H3K27ac,0.24610929356680977,1.0,ChIP-seq:H3K27ac x ChIP-seq:H3K4me1
UBERON:0012489,ChIP-seq:H3K4me1,ChIP-seq:H3K27me3,0.07779274242264883,2.0,ChIP-seq:H3K27me3 x ChIP-seq:H3K4me1
UBERON:0012489,ChIP-seq:H3K4me1,ChIP-seq:H3K36me3,0.12128826794485567,2.0,ChIP-seq:H3K36me3 x ChIP-seq:H3K4me1
UBERON:0012489,ChIP-seq:H3K4me1,ChIP-seq:H3K4me3,0.16369193109953514,2.0,ChIP-seq:H3K4me1 x ChIP-seq:H3K4me3
UBERON:0012489,ChIP-seq:H3K4me1,ChIP-seq:H3K9ac,0.1561821871995926,1.0,ChIP-seq:H3K4me1 x ChIP-seq:H3K9ac
UBERON:0012489,ChIP-seq:H3K4me1,ChIP-seq:H3K9me3,0.130942278317899,2.0,ChIP-seq:H3K4me1 x ChIP-seq:H3K9me3
UBERON:0012489,ChIP-seq:H3K4me3,ChIP-seq:H3K27ac,0.29615200596091185,2.0,ChIP-seq:H3K27ac x ChIP-seq:H3K4me3
UBERON:0012489,ChIP-seq:H3K4me3,ChIP-seq:H3K27me3,0.053572447853428976,4.0,ChIP-seq:H3K27me3 x ChIP-seq:H3K4me3
UBERON:0012489,ChIP-seq:H3K4me3,ChIP-seq:H3K36me3,0.11704850780270087,4.0,ChIP-seq:H3K36me3 x ChIP-seq:H3K4me3
UBERON:0012489,ChIP-seq:H3K4me3,ChIP-seq:H3K4me1,0.0929171877062839,2.0,ChIP-seq:H3K4me1 x ChIP-seq:H3K4me3
UBERON:0012489,ChIP-seq:H3K4me3,ChIP-seq:H3K9ac,0.16974599838256837,2.0,ChIP-seq:H3K4me3 x ChIP-seq:H3K9ac
UBERON:0012489,ChIP-seq:H3K4me3,ChIP-seq:H3K9me3,0.19515597220905667,4.0,ChIP-seq:H3K4me3 x ChIP-seq:H3K9me3
UBERON:0012489,ChIP-seq:H3K9ac,ChIP-seq:H3K27ac,0.32127160569767893,1.0,ChIP-seq:H3K27ac x ChIP-seq:H3K9ac
UBERON:0012489,ChIP-seq:H3K9ac,ChIP-seq:H3K27me3,0.07904198706150055,2.0,ChIP-seq:H3K27me3 x ChIP-seq:H3K9ac
UBERON:0012489,ChIP-seq:H3K9ac,ChIP-seq:H3K36me3,0.10749181198379981,2.0,ChIP-seq:H3K36me3 x ChIP-seq:H3K9ac
UBERON:0012489,ChIP-seq:H3K9ac,ChIP-seq:H3K4me1,0.12792273643224136,1.0,ChIP-seq:H3K4me1 x ChIP-seq:H3K9ac
UBERON:0012489,ChIP-seq:H3K9ac,ChIP-seq:H3K4me3,0.276058495601761,2.0,ChIP-seq:H3K4me3 x ChIP-seq:H3K9ac
UBERON:0012489,ChIP-seq:H3K9ac,ChIP-seq:H3K9me3,0.10874207900556107,2.0,ChIP-seq:H3K9ac x ChIP-seq:H3K9me3
UBERON:0012489,ChIP-seq:H3K9me3,ChIP-seq:H3K27ac,0.04368165034202882,2.0,ChIP-seq:H3K27ac x ChIP-seq:H3K9me3
UBERON:0012489,ChIP-seq:H3K9me3,ChIP-seq:H3K27me3,0.30315828834261216,4.0,ChIP-seq:H3K27me3 x ChIP-seq:H3K9me3
UBERON:0012489,ChIP-seq:H3K9me3,ChIP-seq:H3K36me3,0.28088593624887015,4.0,ChIP-seq:H3K36me3 x ChIP-seq:H3K9me3
UBERON:0012489,ChIP-seq:H3K9me3,ChIP-seq:H3K4me1,0.1045142509367155,2.0,ChIP-seq:H3K4me1 x ChIP-seq:H3K9me3
UBERON:0012489,ChIP-seq:H3K9me3,ChIP-seq:H3K4me3,0.21019579985431422,4.0,ChIP-seq:H3K4me3 x ChIP-seq:H3K9me3
UBERON:0012489,ChIP-seq:H3K9me3,ChIP-seq:H3K9ac,0.11312128484249115,2.0,ChIP-seq:H3K9ac x ChIP-seq:H3K9me3
UBERON:0012488,ChIP-seq:H3K27ac,ChIP-seq:H3K27me3,0.11678672092301505,2.0,ChIP-seq:H3K27ac x ChIP-seq:H3K27me3
UBERON:0012488,ChIP-seq:H3K27ac,ChIP-seq:H3K36me3,0.12313418594933061,2.0,ChIP-seq:H3K27ac x ChIP-seq:H3K36me3
UBERON:0012488,ChIP-seq:H3K27ac,ChIP-seq:H3K4me1,0.15067750215530396,2.0,ChIP-seq:H3K27ac x ChIP-seq:H3K4me1
UBERON:0012488,ChIP-seq:H3K27ac,ChIP-seq:H3K4me3,0.23436307739988665,2.0,ChIP-seq:H3K27ac x ChIP-seq:H3K4me3
UBERON:0012488,ChIP-seq:H3K27ac,ChIP-seq:H3K9me3,0.06420705201073065,2.0,ChIP-seq:H3K27ac x ChIP-seq:H3K9me3
UBERON:0012488,ChIP-seq:H3K27me3,ChIP-seq:H3K27ac,0.14376059616053546,2.0,ChIP-seq:H3K27ac x ChIP-seq:H3K27me3
UBERON:0012488,ChIP-seq:H3K27me3,ChIP-seq:H3K36me3,0.06453485432125274,4.0,ChIP-seq:H3K27me3 x ChIP-seq:H3K36me3
UBERON:0012488,ChIP-seq:H3K27me3,ChIP-seq:H3K4me1,0.12355867158519765,4.0,ChIP-seq:H3K27me3 x ChIP-seq:H3K4me1
UBERON:0012488,ChIP-seq:H3K27me3,ChIP-seq:H3K4me3,0.06155442286317594,4.0,ChIP-seq:H3K27me3 x ChIP-seq:H3K4me3
UBERON:0012488,ChIP-seq:H3K27me3,ChIP-seq:H3K9me3,0.17254998797144971,4.0,ChIP-seq:H3K27me3 x ChIP-seq:H3K9me3
UBERON:0012488,ChIP-seq:H3K36me3,ChIP-seq:H3K27ac,0.11356857731754397,2.0,ChIP-seq:H3K27ac x ChIP-seq:H3K36me3
UBERON:0012488,ChIP-seq:H3K36me3,ChIP-seq:H3K27me3,0.07743351561682565,4.0,ChIP-seq:H3K27me3 x ChIP-seq:H3K36me3
UBERON:0012488,ChIP-seq:H3K36me3,ChIP-seq:H3K4me1,0.08350312294530088,4.0,ChIP-seq:H3K36me3 x ChIP-seq:H3K4me1
UBERON:0012488,ChIP-seq:H3K36me3,ChIP-seq:H3K4me3,0.06204082204081188,4.0,ChIP-seq:H3K36me3 x ChIP-seq:H3K4me3
UBERON:0012488,ChIP-seq:H3K36me3,ChIP-seq:H3K9me3,0.1291591178771504,4.0,ChIP-seq:H3K36me3 x ChIP-seq:H3K9me3
UBERON:0012488,ChIP-seq:H3K4me1,ChIP-seq:H3K27ac,0.1669045090675354,2.0,ChIP-seq:H3K27ac x ChIP-seq:H3K4me1
UBERON:0012488,ChIP-seq:H3K4me1,ChIP-seq:H3K27me3,0.12576808980533055,4.0,ChIP-seq:H3K27me3 x ChIP-seq:H3K4me1
UBERON:0012488,ChIP-seq:H3K4me1,ChIP-seq:H3K36me3,0.07011176220008306,4.0,ChIP-seq:H3K36me3 x ChIP-seq:H3K4me1
UBERON:0012488,ChIP-seq:H3K4me1,ChIP-seq:H3K4me3,0.1550920789486894,4.0,ChIP-seq:H3K4me1 x ChIP-seq:H3K4me3
UBERON:0012488,ChIP-seq:H3K4me1,ChIP-seq:H3K9me3,0.0897649823786826,4.0,ChIP-seq:H3K4me1 x ChIP-seq:H3K9me3
UBERON:0012488,ChIP-seq:H3K4me3,ChIP-seq:H3K27ac,0.23898927591465138,2.0,ChIP-seq:H3K27ac x ChIP-seq:H3K4me3
UBERON:0012488,ChIP-seq:H3K4me3,ChIP-seq:H3K27me3,0.05773762932845525,4.0,ChIP-seq:H3K27me3 x ChIP-seq:H3K4me3
UBERON:0012488,ChIP-seq:H3K4me3,ChIP-seq:H3K36me3,0.061614357565761245,4.0,ChIP-seq:H3K36me3 x ChIP-seq:H3K4me3
UBERON:0012488,ChIP-seq:H3K4me3,ChIP-seq:H3K4me1,0.10619095928682004,4.0,ChIP-seq:H3K4me1 x ChIP-seq:H3K4me3
UBERON:0012488,ChIP-seq:H3K4me3,ChIP-seq:H3K9me3,0.08316743323922823,4.0,ChIP-seq:H3K4me3 x ChIP-seq:H3K9me3
UBERON:0012488,ChIP-seq:H3K9me3,ChIP-seq:H3K27ac,0.08343491408927942,2.0,ChIP-seq:H3K27ac x ChIP-seq:H3K9me3
UBERON:0012488,ChIP-seq:H3K9me3,ChIP-seq:H3K27me3,0.15562405007226127,4.0,ChIP-seq:H3K27me3 x ChIP-seq:H3K9me3
UBERON:0012488,ChIP-seq:H3K9me3,ChIP-seq:H3K36me3,0.1359605937407761,4.0,ChIP-seq:H3K36me3 x ChIP-seq:H3K9me3
UBERON:0012488,ChIP-seq:H3K9me3,ChIP-seq:H3K4me1,0.10422019041626832,4.0,ChIP-seq:H3K4me1 x ChIP-seq:H3K9me3
UBERON:0012488,ChIP-seq:H3K9me3,ChIP-seq:H3K4me3,0.13595081406218984,4.0,ChIP-seq:H3K4me3 x ChIP-seq:H3K9me3
UBERON:0001499,DNase-seq,polyA plus RNA-seq,0.0020326622555741167,192.0,DNase-seq x polyA plus RNA-seq
UBERON:0001499,polyA plus RNA-seq,DNase-seq,0.0026330349438968177,192.0,DNase-seq x polyA plus RNA-seq
UBERON:0002324,DNase-seq,polyA plus RNA-seq,0.0025672537187443924,150.0,DNase-seq x polyA plus RNA-seq
UBERON:0002324,polyA plus RNA-seq,DNase-seq,0.0005784862518310539,150.0,DNase-seq x polyA plus RNA-seq
UBERON:0001383,DNase-seq,ChIP-seq:H3K27me3,-0.006721089978318115,13.0,ChIP-seq:H3K27me3 x DNase-seq
UBERON:0001383,DNase-seq,ChIP-seq:H3K36me3,-0.04731334587823041,13.0,ChIP-seq:H3K36me3 x DNase-seq
UBERON:0001383,DNase-seq,ChIP-seq:H3K4me1,-0.016559417331497805,13.0,ChIP-seq:H3K4me1 x DNase-seq
UBERON:0001383,DNase-seq,ChIP-seq:H3K4me3,0.023794294896407275,13.0,ChIP-seq:H3K4me3 x DNase-seq
UBERON:0001383,DNase-seq,ChIP-seq:H3K9me3,-0.03813184774838961,13.0,ChIP-seq:H3K9me3 x DNase-seq
UBERON:0001383,DNase-seq,polyA plus RNA-seq,0.010642095842177516,104.0,DNase-seq x polyA plus RNA-seq
UBERON:0001383,ChIP-seq:H3K27me3,DNase-seq,-0.019191989136627563,13.0,ChIP-seq:H3K27me3 x DNase-seq
UBERON:0001383,ChIP-seq:H3K27me3,ChIP-seq:H3K36me3,0.06215744198937165,1.0,ChIP-seq:H3K27me3 x ChIP-seq:H3K36me3
UBERON:0001383,ChIP-seq:H3K27me3,ChIP-seq:H3K4me1,0.12390904128551483,1.0,ChIP-seq:H3K27me3 x ChIP-seq:H3K4me1
UBERON:0001383,ChIP-seq:H3K27me3,ChIP-seq:H3K4me3,-0.018102914493444353,1.0,ChIP-seq:H3K27me3 x ChIP-seq:H3K4me3
UBERON:0001383,ChIP-seq:H3K27me3,ChIP-seq:H3K9me3,0.0721858243147532,1.0,ChIP-seq:H3K27me3 x ChIP-seq:H3K9me3
UBERON:0001383,ChIP-seq:H3K27me3,polyA plus RNA-seq,-0.00549679503127194,8.0,ChIP-seq:H3K27me3 x polyA plus RNA-seq
UBERON:0001383,ChIP-seq:H3K36me3,DNase-seq,-0.022643527870785336,13.0,ChIP-seq:H3K36me3 x DNase-seq
UBERON:0001383,ChIP-seq:H3K36me3,ChIP-seq:H3K27me3,0.06559185615994714,1.0,ChIP-seq:H3K27me3 x ChIP-seq:H3K36me3
UBERON:0001383,ChIP-seq:H3K36me3,ChIP-seq:H3K4me1,0.08466063051120094,1.0,ChIP-seq:H3K36me3 x ChIP-seq:H3K4me1
UBERON:0001383,ChIP-seq:H3K36me3,ChIP-seq:H3K4me3,0.004654941157719424,1.0,ChIP-seq:H3K36me3 x ChIP-seq:H3K4me3
UBERON:0001383,ChIP-seq:H3K36me3,ChIP-seq:H3K9me3,0.10063932405577766,1.0,ChIP-seq:H3K36me3 x ChIP-seq:H3K9me3
UBERON:0001383,ChIP-seq:H3K36me3,polyA plus RNA-seq,0.029400473694064524,8.0,ChIP-seq:H3K36me3 x polyA plus RNA-seq
UBERON:0001383,ChIP-seq:H3K4me1,DNase-seq,-0.010196134092320813,13.0,ChIP-seq:H3K4me1 x DNase-seq
UBERON:0001383,ChIP-seq:H3K4me1,ChIP-seq:H3K27me3,0.12100865895097906,1.0,ChIP-seq:H3K27me3 x ChIP-seq:H3K4me1
UBERON:0001383,ChIP-seq:H3K4me1,ChIP-seq:H3K36me3,0.0926539764592522,1.0,ChIP-seq:H3K36me3 x ChIP-seq:H3K4me1
UBERON:0001383,ChIP-seq:H3K4me1,ChIP-seq:H3K4me3,-0.048236911483975346,1.0,ChIP-seq:H3K4me1 x ChIP-seq:H3K4me3
UBERON:0001383,ChIP-seq:H3K4me1,ChIP-seq:H3K9me3,0.043303531077173024,1.0,ChIP-seq:H3K4me1 x ChIP-seq:H3K9me3
UBERON:0001383,ChIP-seq:H3K4me1,polyA plus RNA-seq,0.017285106394103248,8.0,ChIP-seq:H3K4me1 x polyA plus RNA-seq
UBERON:0001383,ChIP-seq:H3K4me3,DNase-seq,0.023326573384535393,13.0,ChIP-seq:H3K4me3 x DNase-seq
UBERON:0001383,ChIP-seq:H3K4me3,ChIP-seq:H3K27me3,-0.02669031765650619,1.0,ChIP-seq:H3K27me3 x ChIP-seq:H3K4me3
UBERON:0001383,ChIP-seq:H3K4me3,ChIP-seq:H3K36me3,-0.000887184188162026,1.0,ChIP-seq:H3K36me3 x ChIP-seq:H3K4me3
UBERON:0001383,ChIP-seq:H3K4me3,ChIP-seq:H3K4me1,-0.01818286821894024,1.0,ChIP-seq:H3K4me1 x ChIP-seq:H3K4me3
UBERON:0001383,ChIP-seq:H3K4me3,ChIP-seq:H3K9me3,0.031184601535399755,1.0,ChIP-seq:H3K4me3 x ChIP-seq:H3K9me3
UBERON:0001383,ChIP-seq:H3K4me3,polyA plus RNA-seq,0.020865826864805585,8.0,ChIP-seq:H3K4me3 x polyA plus RNA-seq
UBERON:0001383,ChIP-seq:H3K9me3,DNase-seq,-0.022968360852815742,13.0,ChIP-seq:H3K9me3 x DNase-seq
UBERON:0001383,ChIP-seq:H3K9me3,ChIP-seq:H3K27me3,0.08412805470553311,1.0,ChIP-seq:H3K27me3 x ChIP-seq:H3K9me3
UBERON:0001383,ChIP-seq:H3K9me3,ChIP-seq:H3K36me3,0.11178399167562786,1.0,ChIP-seq:H3K36me3 x ChIP-seq:H3K9me3
UBERON:0001383,ChIP-seq:H3K9me3,ChIP-seq:H3K4me1,0.05703403573969136,1.0,ChIP-seq:H3K4me1 x ChIP-seq:H3K9me3
UBERON:0001383,ChIP-seq:H3K9me3,ChIP-seq:H3K4me3,0.03541684949467348,1.0,ChIP-seq:H3K4me3 x ChIP-seq:H3K9me3
UBERON:0001383,ChIP-seq:H3K9me3,polyA plus RNA-seq,0.0023459356234737457,8.0,ChIP-seq:H3K9me3 x polyA plus RNA-seq
UBERON:0001383,polyA plus RNA-seq,DNase-seq,0.0016746099652915165,104.0,DNase-seq x polyA plus RNA-seq
UBERON:0001383,polyA plus RNA-seq,ChIP-seq:H3K27me3,-0.009973164139823479,8.0,ChIP-seq:H3K27me3 x polyA plus RNA-seq
UBERON:0001383,polyA plus RNA-seq,ChIP-seq:H3K36me3,0.021641030750776585,8.0,ChIP-seq:H3K36me3 x polyA plus RNA-seq
UBERON:0001383,polyA plus RNA-seq,ChIP-seq:H3K4me1,0.016360115745793217,8.0,ChIP-seq:H3K4me1 x polyA plus RNA-seq
UBERON:0001383,polyA plus RNA-seq,ChIP-seq:H3K4me3,0.009719582525796668,8.0,ChIP-seq:H3K4me3 x polyA plus RNA-seq
UBERON:0001383,polyA plus RNA-seq,ChIP-seq:H3K9me3,-0.00824083789355225,8.0,ChIP-seq:H3K9me3 x polyA plus RNA-seq
UBERON:0001774,DNase-seq,ChIP-seq:H3K27ac,0.05083578714617977,3.0,ChIP-seq:H3K27ac x DNase-seq
UBERON:0001774,DNase-seq,ChIP-seq:H3K27me3,0.021891795550331924,3.0,ChIP-seq:H3K27me3 x DNase-seq
UBERON:0001774,DNase-seq,ChIP-seq:H3K36me3,-0.02667444688186311,3.0,ChIP-seq:H3K36me3 x DNase-seq
UBERON:0001774,DNase-seq,ChIP-seq:H3K4me1,0.028948316539543262,3.0,ChIP-seq:H3K4me1 x DNase-seq
UBERON:0001774,DNase-seq,ChIP-seq:H3K4me3,0.049752147253169565,3.0,ChIP-seq:H3K4me3 x DNase-seq
UBERON:0001774,DNase-seq,ChIP-seq:H3K9me3,-0.030353118203304434,3.0,ChIP-seq:H3K9me3 x DNase-seq
UBERON:0001774,DNase-seq,polyA plus RNA-seq,-0.006224775257564728,3.0,DNase-seq x polyA plus RNA-seq
UBERON:0001774,DNase-seq,RNA-seq,0.0017920771259756496,3.0,DNase-seq x RNA-seq
UBERON:0001774,ChIP-seq:H3K27ac,DNase-seq,0.04289674335363916,3.0,ChIP-seq:H3K27ac x DNase-seq
UBERON:0001774,ChIP-seq:H3K27ac,ChIP-seq:H3K27me3,0.01690979471260851,1.0,ChIP-seq:H3K27ac x ChIP-seq:H3K27me3
UBERON:0001774,ChIP-seq:H3K27ac,ChIP-seq:H3K36me3,0.018023744460783506,1.0,ChIP-seq:H3K27ac x ChIP-seq:H3K36me3
UBERON:0001774,ChIP-seq:H3K27ac,ChIP-seq:H3K4me1,0.180674539959949,1.0,ChIP-seq:H3K27ac x ChIP-seq:H3K4me1
UBERON:0001774,ChIP-seq:H3K27ac,ChIP-seq:H3K4me3,0.24621191551518995,1.0,ChIP-seq:H3K27ac x ChIP-seq:H3K4me3
UBERON:0001774,ChIP-seq:H3K27ac,ChIP-seq:H3K9me3,0.059496309691005285,1.0,ChIP-seq:H3K27ac x ChIP-seq:H3K9me3
UBERON:0001774,ChIP-seq:H3K27ac,polyA plus RNA-seq,0.01954189449548721,1.0,ChIP-seq:H3K27ac x polyA plus RNA-seq
UBERON:0001774,ChIP-seq:H3K27ac,RNA-seq,0.023051743404330496,1.0,ChIP-seq:H3K27ac x RNA-seq
UBERON:0001774,ChIP-seq:H3K27me3,DNase-seq,-0.008713153462847381,3.0,ChIP-seq:H3K27me3 x DNase-seq
UBERON:0001774,ChIP-seq:H3K27me3,ChIP-seq:H3K27ac,0.03988175862181334,1.0,ChIP-seq:H3K27ac x ChIP-seq:H3K27me3
UBERON:0001774,ChIP-seq:H3K27me3,ChIP-seq:H3K36me3,0.09764482582870282,1.0,ChIP-seq:H3K27me3 x ChIP-seq:H3K36me3
UBERON:0001774,ChIP-seq:H3K27me3,ChIP-seq:H3K4me1,0.25272469773240713,1.0,ChIP-seq:H3K27me3 x ChIP-seq:H3K4me1
UBERON:0001774,ChIP-seq:H3K27me3,ChIP-seq:H3K4me3,0.02179734690418077,1.0,ChIP-seq:H3K27me3 x ChIP-seq:H3K4me3
UBERON:0001774,ChIP-seq:H3K27me3,ChIP-seq:H3K9me3,0.13244089053736793,1.0,ChIP-seq:H3K27me3 x ChIP-seq:H3K9me3
UBERON:0001774,ChIP-seq:H3K27me3,polyA plus RNA-seq,0.010596217108624323,1.0,ChIP-seq:H3K27me3 x polyA plus RNA-seq
UBERON:0001774,ChIP-seq:H3K27me3,RNA-seq,-0.009070420028450333,1.0,ChIP-seq:H3K27me3 x RNA-seq
UBERON:0001774,ChIP-seq:H3K36me3,DNase-seq,-0.017900837368743365,3.0,ChIP-seq:H3K36me3 x DNase-seq
UBERON:0001774,ChIP-seq:H3K36me3,ChIP-seq:H3K27ac,0.03346324436090611,1.0,ChIP-seq:H3K27ac x ChIP-seq:H3K36me3
UBERON:0001774,ChIP-seq:H3K36me3,ChIP-seq:H3K27me3,0.09933273900638927,1.0,ChIP-seq:H3K27me3 x ChIP-seq:H3K36me3
UBERON:0001774,ChIP-seq:H3K36me3,ChIP-seq:H3K4me1,0.042654346836649856,1.0,ChIP-seq:H3K36me3 x ChIP-seq:H3K4me1
UBERON:0001774,ChIP-seq:H3K36me3,ChIP-seq:H3K4me3,0.06761637723376585,1.0,ChIP-seq:H3K36me3 x ChIP-seq:H3K4me3
UBERON:0001774,ChIP-seq:H3K36me3,ChIP-seq:H3K9me3,0.17634150154060788,1.0,ChIP-seq:H3K36me3 x ChIP-seq:H3K9me3
UBERON:0001774,ChIP-seq:H3K36me3,polyA plus RNA-seq,0.029218429795333317,1.0,ChIP-seq:H3K36me3 x polyA plus RNA-seq
UBERON:0001774,ChIP-seq:H3K36me3,RNA-seq,0.10902620392425039,1.0,ChIP-seq:H3K36me3 x RNA-seq
UBERON:0001774,ChIP-seq:H3K4me1,DNase-seq,0.01301461073163252,3.0,ChIP-seq:H3K4me1 x DNase-seq
UBERON:0001774,ChIP-seq:H3K4me1,ChIP-seq:H3K27ac,0.18250143822328543,1.0,ChIP-seq:H3K27ac x ChIP-seq:H3K4me1
UBERON:0001774,ChIP-seq:H3K4me1,ChIP-seq:H3K27me3,0.23724030635573648,1.0,ChIP-seq:H3K27me3 x ChIP-seq:H3K4me1
UBERON:0001774,ChIP-seq:H3K4me1,ChIP-seq:H3K36me3,0.05197153930601321,1.0,ChIP-seq:H3K36me3 x ChIP-seq:H3K4me1
UBERON:0001774,ChIP-seq:H3K4me1,ChIP-seq:H3K4me3,0.006301412272245385,1.0,ChIP-seq:H3K4me1 x ChIP-seq:H3K4me3
UBERON:0001774,ChIP-seq:H3K4me1,ChIP-seq:H3K9me3,0.05035671293735504,1.0,ChIP-seq:H3K4me1 x ChIP-seq:H3K9me3
UBERON:0001774,ChIP-seq:H3K4me1,polyA plus RNA-seq,0.010743724937949862,1.0,ChIP-seq:H3K4me1 x polyA plus RNA-seq
UBERON:0001774,ChIP-seq:H3K4me1,RNA-seq,0.019006152680822622,1.0,ChIP-seq:H3K4me1 x RNA-seq
UBERON:0001774,ChIP-seq:H3K4me3,DNase-seq,0.01958785346620151,3.0,ChIP-seq:H3K4me3 x DNase-seq
UBERON:0001774,ChIP-seq:H3K4me3,ChIP-seq:H3K27ac,0.22683350613087783,1.0,ChIP-seq:H3K27ac x ChIP-seq:H3K4me3
UBERON:0001774,ChIP-seq:H3K4me3,ChIP-seq:H3K27me3,0.017695997418327766,1.0,ChIP-seq:H3K27me3 x ChIP-seq:H3K4me3
UBERON:0001774,ChIP-seq:H3K4me3,ChIP-seq:H3K36me3,0.04627888590881699,1.0,ChIP-seq:H3K36me3 x ChIP-seq:H3K4me3
UBERON:0001774,ChIP-seq:H3K4me3,ChIP-seq:H3K4me1,0.038895283785203225,1.0,ChIP-seq:H3K4me1 x ChIP-seq:H3K4me3
UBERON:0001774,ChIP-seq:H3K4me3,ChIP-seq:H3K9me3,0.06171166963047452,1.0,ChIP-seq:H3K4me3 x ChIP-seq:H3K9me3
UBERON:0001774,ChIP-seq:H3K4me3,polyA plus RNA-seq,-0.004457870679242269,1.0,ChIP-seq:H3K4me3 x polyA plus RNA-seq
UBERON:0001774,ChIP-seq:H3K4me3,RNA-seq,0.03370828759447436,1.0,ChIP-seq:H3K4me3 x RNA-seq
UBERON:0001774,ChIP-seq:H3K9me3,DNase-seq,-0.025112639063396506,3.0,ChIP-seq:H3K9me3 x DNase-seq
UBERON:0001774,ChIP-seq:H3K9me3,ChIP-seq:H3K27ac,0.07790383567780625,1.0,ChIP-seq:H3K27ac x ChIP-seq:H3K9me3
UBERON:0001774,ChIP-seq:H3K9me3,ChIP-seq:H3K27me3,0.1214801330458034,1.0,ChIP-seq:H3K27me3 x ChIP-seq:H3K9me3
UBERON:0001774,ChIP-seq:H3K9me3,ChIP-seq:H3K36me3,0.16989592580418839,1.0,ChIP-seq:H3K36me3 x ChIP-seq:H3K9me3
UBERON:0001774,ChIP-seq:H3K9me3,ChIP-seq:H3K4me1,0.05547510346640711,1.0,ChIP-seq:H3K4me1 x ChIP-seq:H3K9me3
UBERON:0001774,ChIP-seq:H3K9me3,ChIP-seq:H3K4me3,0.07370339950849844,1.0,ChIP-seq:H3K4me3 x ChIP-seq:H3K9me3
UBERON:0001774,ChIP-seq:H3K9me3,polyA plus RNA-seq,0.0064408671536615916,1.0,ChIP-seq:H3K9me3 x polyA plus RNA-seq
UBERON:0001774,ChIP-seq:H3K9me3,RNA-seq,-0.01981494412975055,1.0,ChIP-seq:H3K9me3 x RNA-seq
UBERON:0001774,polyA plus RNA-seq,DNase-seq,-0.013433192204443369,3.0,DNase-seq x polyA plus RNA-seq
UBERON:0001774,polyA plus RNA-seq,ChIP-seq:H3K27ac,0.005994372621730519,1.0,ChIP-seq:H3K27ac x polyA plus RNA-seq
UBERON:0001774,polyA plus RNA-seq,ChIP-seq:H3K27me3,0.008401093496517702,1.0,ChIP-seq:H3K27me3 x polyA plus RNA-seq
UBERON:0001774,polyA plus RNA-seq,ChIP-seq:H3K36me3,0.02239445251853843,1.0,ChIP-seq:H3K36me3 x polyA plus RNA-seq
UBERON:0001774,polyA plus RNA-seq,ChIP-seq:H3K4me1,-0.0006108143083427275,1.0,ChIP-seq:H3K4me1 x polyA plus RNA-seq
UBERON:0001774,polyA plus RNA-seq,ChIP-seq:H3K4me3,-0.008904964528804599,1.0,ChIP-seq:H3K4me3 x polyA plus RNA-seq
UBERON:0001774,polyA plus RNA-seq,ChIP-seq:H3K9me3,-0.009785308813055357,1.0,ChIP-seq:H3K9me3 x polyA plus RNA-seq
UBERON:0001774,polyA plus RNA-seq,RNA-seq,0.3810567382340119,1.0,RNA-seq x polyA plus RNA-seq
UBERON:0001774,RNA-seq,DNase-seq,-0.008595555847467375,3.0,DNase-seq x RNA-seq
UBERON:0001774,RNA-seq,ChIP-seq:H3K27ac,0.00661051650474101,1.0,ChIP-seq:H3K27ac x RNA-seq
UBERON:0001774,RNA-seq,ChIP-seq:H3K27me3,-0.004555599255995317,1.0,ChIP-seq:H3K27me3 x RNA-seq
UBERON:0001774,RNA-seq,ChIP-seq:H3K36me3,0.07864761634876853,1.0,ChIP-seq:H3K36me3 x RNA-seq
UBERON:0001774,RNA-seq,ChIP-seq:H3K4me1,0.003617680429116539,1.0,ChIP-seq:H3K4me1 x RNA-seq
UBERON:0001774,RNA-seq,ChIP-seq:H3K4me3,0.02041012291298356,1.0,ChIP-seq:H3K4me3 x RNA-seq
UBERON:0001774,RNA-seq,ChIP-seq:H3K9me3,-0.01792967011117273,1.0,ChIP-seq:H3K9me3 x RNA-seq
UBERON:0001774,RNA-seq,polyA plus RNA-seq,0.274791738986969,1.0,RNA-seq x polyA plus RNA-seq
UBERON:0002021,DNase-seq,RNA-seq,0.034022425979689914,2.0,DNase-seq x RNA-seq
UBERON:0002021,RNA-seq,DNase-seq,0.02931447396567211,2.0,DNase-seq x RNA-seq
UBERON:0010414,DNase-seq,ChIP-seq:CTCF,0.018756079368102238,6.0,ChIP-seq:CTCF x DNase-seq
UBERON:0010414,DNase-seq,RNA-seq,0.009148475366717562,16.0,DNase-seq x RNA-seq
UBERON:0010414,ChIP-seq:CTCF,DNase-seq,0.040748320699147744,6.0,ChIP-seq:CTCF x DNase-seq
UBERON:0010414,ChIP-seq:CTCF,RNA-seq,-0.0016472314735867175,24.0,ChIP-seq:CTCF x RNA-seq
UBERON:0010414,RNA-seq,DNase-seq,0.0204329577072994,16.0,DNase-seq x RNA-seq
UBERON:0010414,RNA-seq,ChIP-seq:CTCF,0.011187862891417284,24.0,ChIP-seq:CTCF x RNA-seq
UBERON:0000992,DNase-seq,ChIP-seq:CTCF,0.04854675758452642,8.0,ChIP-seq:CTCF x DNase-seq
UBERON:0000992,DNase-seq,polyA plus RNA-seq,-0.0005619317573102222,20.0,DNase-seq x polyA plus RNA-seq
UBERON:0000992,DNase-seq,RNA-seq,0.0021920930281531612,48.0,DNase-seq x RNA-seq
UBERON:0000992,DNase-seq,ChIP-seq:POLR2A,0.044744745158312615,4.0,ChIP-seq:POLR2A x DNase-seq
UBERON:0000992,DNase-seq,ChIP-seq:EP300,0.046728700399398804,4.0,ChIP-seq:EP300 x DNase-seq
UBERON:0000992,ChIP-seq:CTCF,DNase-seq,0.06387936296858318,8.0,ChIP-seq:CTCF x DNase-seq
UBERON:0000992,ChIP-seq:CTCF,polyA plus RNA-seq,-0.010835610924428599,10.0,ChIP-seq:CTCF x polyA plus RNA-seq
UBERON:0000992,ChIP-seq:CTCF,RNA-seq,0.01050837530935411,24.0,ChIP-seq:CTCF x RNA-seq
UBERON:0000992,ChIP-seq:CTCF,ChIP-seq:POLR2A,0.17433260930211922,2.0,ChIP-seq:CTCF x ChIP-seq:POLR2A
UBERON:0000992,ChIP-seq:CTCF,ChIP-seq:EP300,0.0235539972782135,2.0,ChIP-seq:CTCF x ChIP-seq:EP300
UBERON:0000992,polyA plus RNA-seq,DNase-seq,0.013782476589392504,20.0,DNase-seq x polyA plus RNA-seq
UBERON:0000992,polyA plus RNA-seq,ChIP-seq:CTCF,0.008424365634009952,10.0,ChIP-seq:CTCF x polyA plus RNA-seq
UBERON:0000992,polyA plus RNA-seq,RNA-seq,0.0828360532399276,60.0,RNA-seq x polyA plus RNA-seq
UBERON:0000992,polyA plus RNA-seq,ChIP-seq:POLR2A,0.0012404244066330425,5.0,ChIP-seq:POLR2A x polyA plus RNA-seq
UBERON:0000992,polyA plus RNA-seq,ChIP-seq:EP300,0.0022586735896766184,5.0,ChIP-seq:EP300 x polyA plus RNA-seq
UBERON:0000992,RNA-seq,DNase-seq,0.01494845742800487,48.0,DNase-seq x RNA-seq
UBERON:0000992,RNA-seq,ChIP-seq:CTCF,0.01955988487553975,24.0,ChIP-seq:CTCF x RNA-seq
UBERON:0000992,RNA-seq,polyA plus RNA-seq,0.0265477505722487,60.0,RNA-seq x polyA plus RNA-seq
UBERON:0000992,RNA-seq,ChIP-seq:POLR2A,0.004032030658066621,12.0,ChIP-seq:POLR2A x RNA-seq
UBERON:0000992,RNA-seq,ChIP-seq:EP300,0.002493107070525486,12.0,ChIP-seq:EP300 x RNA-seq
UBERON:0000992,ChIP-seq:POLR2A,DNase-seq,0.07784943460182822,4.0,ChIP-seq:POLR2A x DNase-seq
UBERON:0000992,ChIP-seq:POLR2A,ChIP-seq:CTCF,0.14364420970280964,2.0,ChIP-seq:CTCF x ChIP-seq:POLR2A
UBERON:0000992,ChIP-seq:POLR2A,polyA plus RNA-seq,-0.024121758862899217,5.0,ChIP-seq:POLR2A x polyA plus RNA-seq
UBERON:0000992,ChIP-seq:POLR2A,RNA-seq,0.010153862194334576,12.0,ChIP-seq:POLR2A x RNA-seq
UBERON:0000992,ChIP-seq:POLR2A,ChIP-seq:EP300,0.03416021168231964,1.0,ChIP-seq:EP300 x ChIP-seq:POLR2A
UBERON:0000992,ChIP-seq:EP300,DNase-seq,0.09366475547533579,4.0,ChIP-seq:EP300 x DNase-seq
UBERON:0000992,ChIP-seq:EP300,ChIP-seq:CTCF,0.08404144488629842,2.0,ChIP-seq:CTCF x ChIP-seq:EP300
UBERON:0000992,ChIP-seq:EP300,polyA plus RNA-seq,-0.0003404073664821641,5.0,ChIP-seq:EP300 x polyA plus RNA-seq
UBERON:0000992,ChIP-seq:EP300,RNA-seq,0.01280728143324955,12.0,ChIP-seq:EP300 x RNA-seq
UBERON:0000992,ChIP-seq:EP300,ChIP-seq:POLR2A,0.12071028874631515,1.0,ChIP-seq:EP300 x ChIP-seq:POLR2A
UBERON:0001264,DNase-seq,ChIP-seq:H3K27ac,0.030201617188705426,4.0,ChIP-seq:H3K27ac x DNase-seq
UBERON:0001264,DNase-seq,ChIP-seq:H3K27me3,-0.028782340479748588,4.0,ChIP-seq:H3K27me3 x DNase-seq
UBERON:0001264,DNase-seq,ChIP-seq:H3K36me3,-0.02941959662727578,4.0,ChIP-seq:H3K36me3 x DNase-seq
UBERON:0001264,DNase-seq,ChIP-seq:H3K4me1,-0.0038776290323076354,4.0,ChIP-seq:H3K4me1 x DNase-seq
UBERON:0001264,DNase-seq,ChIP-seq:H3K4me3,-0.028575568625303076,4.0,ChIP-seq:H3K4me3 x DNase-seq
UBERON:0001264,DNase-seq,ChIP-seq:H3K9me3,-0.005620462310047789,4.0,ChIP-seq:H3K9me3 x DNase-seq
UBERON:0001264,DNase-seq,polyA plus RNA-seq,0.002350261245948681,12.0,DNase-seq x polyA plus RNA-seq
UBERON:0001264,DNase-seq,RNA-seq,-0.00874335287863429,20.0,DNase-seq x RNA-seq
UBERON:0001264,ChIP-seq:H3K27ac,DNase-seq,0.004687326393791075,4.0,ChIP-seq:H3K27ac x DNase-seq
UBERON:0001264,ChIP-seq:H3K27ac,ChIP-seq:H3K27me3,0.0950349903532437,4.0,ChIP-seq:H3K27ac x ChIP-seq:H3K27me3
UBERON:0001264,ChIP-seq:H3K27ac,ChIP-seq:H3K36me3,0.07556626689497126,4.0,ChIP-seq:H3K27ac x ChIP-seq:H3K36me3
UBERON:0001264,ChIP-seq:H3K27ac,ChIP-seq:H3K4me1,0.156217819191719,4.0,ChIP-seq:H3K27ac x ChIP-seq:H3K4me1
UBERON:0001264,ChIP-seq:H3K27ac,ChIP-seq:H3K4me3,0.14490085895930496,4.0,ChIP-seq:H3K27ac x ChIP-seq:H3K4me3
UBERON:0001264,ChIP-seq:H3K27ac,ChIP-seq:H3K9me3,0.05844812365717062,4.0,ChIP-seq:H3K27ac x ChIP-seq:H3K9me3
UBERON:0001264,ChIP-seq:H3K27ac,polyA plus RNA-seq,-0.011176131082617717,12.0,ChIP-seq:H3K27ac x polyA plus RNA-seq
UBERON:0001264,ChIP-seq:H3K27ac,RNA-seq,0.01612529295867838,20.0,ChIP-seq:H3K27ac x RNA-seq
UBERON:0001264,ChIP-seq:H3K27me3,DNase-seq,-0.03265938988512324,4.0,ChIP-seq:H3K27me3 x DNase-seq
UBERON:0001264,ChIP-seq:H3K27me3,ChIP-seq:H3K27ac,0.07716445999671213,4.0,ChIP-seq:H3K27ac x ChIP-seq:H3K27me3
UBERON:0001264,ChIP-seq:H3K27me3,ChIP-seq:H3K36me3,0.11710250488034002,4.0,ChIP-seq:H3K27me3 x ChIP-seq:H3K36me3
UBERON:0001264,ChIP-seq:H3K27me3,ChIP-seq:H3K4me1,0.06027932611645245,4.0,ChIP-seq:H3K27me3 x ChIP-seq:H3K4me1
UBERON:0001264,ChIP-seq:H3K27me3,ChIP-seq:H3K4me3,0.0652449722184199,4.0,ChIP-seq:H3K27me3 x ChIP-seq:H3K4me3
UBERON:0001264,ChIP-seq:H3K27me3,ChIP-seq:H3K9me3,0.12337935478660647,4.0,ChIP-seq:H3K27me3 x ChIP-seq:H3K9me3
UBERON:0001264,ChIP-seq:H3K27me3,polyA plus RNA-seq,-0.010210384628263073,12.0,ChIP-seq:H3K27me3 x polyA plus RNA-seq
UBERON:0001264,ChIP-seq:H3K27me3,RNA-seq,-0.004404803559290765,20.0,ChIP-seq:H3K27me3 x RNA-seq
UBERON:0001264,ChIP-seq:H3K36me3,DNase-seq,-0.028570461058125052,4.0,ChIP-seq:H3K36me3 x DNase-seq
UBERON:0001264,ChIP-seq:H3K36me3,ChIP-seq:H3K27ac,0.07500535842054379,4.0,ChIP-seq:H3K27ac x ChIP-seq:H3K36me3
UBERON:0001264,ChIP-seq:H3K36me3,ChIP-seq:H3K27me3,0.11818086913653783,4.0,ChIP-seq:H3K27me3 x ChIP-seq:H3K36me3
UBERON:0001264,ChIP-seq:H3K36me3,ChIP-seq:H3K4me1,0.06072582719755954,4.0,ChIP-seq:H3K36me3 x ChIP-seq:H3K4me1
UBERON:0001264,ChIP-seq:H3K36me3,ChIP-seq:H3K4me3,0.0298236868231096,4.0,ChIP-seq:H3K36me3 x ChIP-seq:H3K4me3
UBERON:0001264,ChIP-seq:H3K36me3,ChIP-seq:H3K9me3,0.16011290435351472,4.0,ChIP-seq:H3K36me3 x ChIP-seq:H3K9me3
UBERON:0001264,ChIP-seq:H3K36me3,polyA plus RNA-seq,-0.007033316207968668,12.0,ChIP-seq:H3K36me3 x polyA plus RNA-seq
UBERON:0001264,ChIP-seq:H3K36me3,RNA-seq,0.004229018085042727,20.0,ChIP-seq:H3K36me3 x RNA-seq
UBERON:0001264,ChIP-seq:H3K4me1,DNase-seq,0.005970459181776981,4.0,ChIP-seq:H3K4me1 x DNase-seq
UBERON:0001264,ChIP-seq:H3K4me1,ChIP-seq:H3K27ac,0.15177923792637654,4.0,ChIP-seq:H3K27ac x ChIP-seq:H3K4me1
UBERON:0001264,ChIP-seq:H3K4me1,ChIP-seq:H3K27me3,0.07081519986901964,4.0,ChIP-seq:H3K27me3 x ChIP-seq:H3K4me1
UBERON:0001264,ChIP-seq:H3K4me1,ChIP-seq:H3K36me3,0.06752151077386563,4.0,ChIP-seq:H3K36me3 x ChIP-seq:H3K4me1
UBERON:0001264,ChIP-seq:H3K4me1,ChIP-seq:H3K4me3,0.014091085259602449,4.0,ChIP-seq:H3K4me1 x ChIP-seq:H3K4me3
UBERON:0001264,ChIP-seq:H3K4me1,ChIP-seq:H3K9me3,0.20096835910274996,4.0,ChIP-seq:H3K4me1 x ChIP-seq:H3K9me3
UBERON:0001264,ChIP-seq:H3K4me1,polyA plus RNA-seq,0.01900834296492563,12.0,ChIP-seq:H3K4me1 x polyA plus RNA-seq
UBERON:0001264,ChIP-seq:H3K4me1,RNA-seq,0.011411695011618029,20.0,ChIP-seq:H3K4me1 x RNA-seq
UBERON:0001264,ChIP-seq:H3K4me3,DNase-seq,-0.07013396772834443,4.0,ChIP-seq:H3K4me3 x DNase-seq
UBERON:0001264,ChIP-seq:H3K4me3,ChIP-seq:H3K27ac,0.11294719003002096,4.0,ChIP-seq:H3K27ac x ChIP-seq:H3K4me3
UBERON:0001264,ChIP-seq:H3K4me3,ChIP-seq:H3K27me3,0.07069164127111435,4.0,ChIP-seq:H3K27me3 x ChIP-seq:H3K4me3
UBERON:0001264,ChIP-seq:H3K4me3,ChIP-seq:H3K36me3,0.04384974492763086,4.0,ChIP-seq:H3K36me3 x ChIP-seq:H3K4me3
UBERON:0001264,ChIP-seq:H3K4me3,ChIP-seq:H3K4me1,0.018184237100713242,4.0,ChIP-seq:H3K4me1 x ChIP-seq:H3K4me3
UBERON:0001264,ChIP-seq:H3K4me3,ChIP-seq:H3K9me3,0.10612739722488979,4.0,ChIP-seq:H3K4me3 x ChIP-seq:H3K9me3
UBERON:0001264,ChIP-seq:H3K4me3,polyA plus RNA-seq,-0.023940699148005336,12.0,ChIP-seq:H3K4me3 x polyA plus RNA-seq
UBERON:0001264,ChIP-seq:H3K4me3,RNA-seq,0.0016996698049486086,20.0,ChIP-seq:H3K4me3 x RNA-seq
UBERON:0001264,ChIP-seq:H3K9me3,DNase-seq,-0.03182043327191442,4.0,ChIP-seq:H3K9me3 x DNase-seq
UBERON:0001264,ChIP-seq:H3K9me3,ChIP-seq:H3K27ac,0.046423211647486834,4.0,ChIP-seq:H3K27ac x ChIP-seq:H3K9me3
UBERON:0001264,ChIP-seq:H3K9me3,ChIP-seq:H3K27me3,0.13475855903966086,4.0,ChIP-seq:H3K27me3 x ChIP-seq:H3K9me3
UBERON:0001264,ChIP-seq:H3K9me3,ChIP-seq:H3K36me3,0.1837082111803943,4.0,ChIP-seq:H3K36me3 x ChIP-seq:H3K9me3
UBERON:0001264,ChIP-seq:H3K9me3,ChIP-seq:H3K4me1,0.2117790254087396,4.0,ChIP-seq:H3K4me1 x ChIP-seq:H3K9me3
UBERON:0001264,ChIP-seq:H3K9me3,ChIP-seq:H3K4me3,0.0935797689952583,4.0,ChIP-seq:H3K4me3 x ChIP-seq:H3K9me3
UBERON:0001264,ChIP-seq:H3K9me3,polyA plus RNA-seq,-0.01572009034562802,12.0,ChIP-seq:H3K9me3 x polyA plus RNA-seq
UBERON:0001264,ChIP-seq:H3K9me3,RNA-seq,-0.02114480362587157,20.0,ChIP-seq:H3K9me3 x RNA-seq
UBERON:0001264,polyA plus RNA-seq,DNase-seq,0.0017249625163389647,12.0,DNase-seq x polyA plus RNA-seq
UBERON:0001264,polyA plus RNA-seq,ChIP-seq:H3K27ac,-0.002070931667620103,12.0,ChIP-seq:H3K27ac x polyA plus RNA-seq
UBERON:0001264,polyA plus RNA-seq,ChIP-seq:H3K27me3,0.0008549131204684578,12.0,ChIP-seq:H3K27me3 x polyA plus RNA-seq
UBERON:0001264,polyA plus RNA-seq,ChIP-seq:H3K36me3,-0.026175357729879847,12.0,ChIP-seq:H3K36me3 x polyA plus RNA-seq
UBERON:0001264,polyA plus RNA-seq,ChIP-seq:H3K4me1,0.004141466932978573,12.0,ChIP-seq:H3K4me1 x polyA plus RNA-seq
UBERON:0001264,polyA plus RNA-seq,ChIP-seq:H3K4me3,-0.004318091333655183,12.0,ChIP-seq:H3K4me3 x polyA plus RNA-seq
UBERON:0001264,polyA plus RNA-seq,ChIP-seq:H3K9me3,-0.02119599132203745,12.0,ChIP-seq:H3K9me3 x polyA plus RNA-seq
UBERON:0001264,polyA plus RNA-seq,RNA-seq,0.09938170130326812,60.0,RNA-seq x polyA plus RNA-seq
UBERON:0001264,RNA-seq,DNase-seq,0.008843139029040777,20.0,DNase-seq x RNA-seq
UBERON:0001264,RNA-seq,ChIP-seq:H3K27ac,0.014890010479074088,20.0,ChIP-seq:H3K27ac x RNA-seq
UBERON:0001264,RNA-seq,ChIP-seq:H3K27me3,0.009068864456244878,20.0,ChIP-seq:H3K27me3 x RNA-seq
UBERON:0001264,RNA-seq,ChIP-seq:H3K36me3,-0.024681998749889397,20.0,ChIP-seq:H3K36me3 x RNA-seq
UBERON:0001264,RNA-seq,ChIP-seq:H3K4me1,0.002157151153504521,20.0,ChIP-seq:H3K4me1 x RNA-seq
UBERON:0001264,RNA-seq,ChIP-seq:H3K4me3,0.012874905528309187,20.0,ChIP-seq:H3K4me3 x RNA-seq
UBERON:0001264,RNA-seq,ChIP-seq:H3K9me3,-0.02702095938128466,20.0,ChIP-seq:H3K9me3 x RNA-seq
UBERON:0001264,RNA-seq,polyA plus RNA-seq,-0.003690180018328215,60.0,RNA-seq x polyA plus RNA-seq
NTR:0001226,ChIP-seq:H3K27ac,ChIP-seq:H3K27me3,0.1353347491134297,2.0,ChIP-seq:H3K27ac x ChIP-seq:H3K27me3
NTR:0001226,ChIP-seq:H3K27ac,ChIP-seq:H3K36me3,0.18449968570157102,2.0,ChIP-seq:H3K27ac x ChIP-seq:H3K36me3
NTR:0001226,ChIP-seq:H3K27ac,ChIP-seq:H3K4me1,0.31159026472946333,4.0,ChIP-seq:H3K27ac x ChIP-seq:H3K4me1
NTR:0001226,ChIP-seq:H3K27ac,ChIP-seq:H3K4me3,0.38640875428221944,2.0,ChIP-seq:H3K27ac x ChIP-seq:H3K4me3
NTR:0001226,ChIP-seq:H3K27ac,ChIP-seq:H3K9ac,0.2828249201482656,4.0,ChIP-seq:H3K27ac x ChIP-seq:H3K9ac
NTR:0001226,ChIP-seq:H3K27ac,ChIP-seq:H3K9me3,0.13287924461894565,2.0,ChIP-seq:H3K27ac x ChIP-seq:H3K9me3
NTR:0001226,ChIP-seq:H3K27ac,ChIP-seq:CTCF,0.12518496201151894,4.0,ChIP-seq:CTCF x ChIP-seq:H3K27ac
NTR:0001226,ChIP-seq:H3K27me3,ChIP-seq:H3K27ac,0.12085930512558599,2.0,ChIP-seq:H3K27ac x ChIP-seq:H3K27me3
NTR:0001226,ChIP-seq:H3K27me3,ChIP-seq:H3K36me3,0.4000156198677264,1.0,ChIP-seq:H3K27me3 x ChIP-seq:H3K36me3
NTR:0001226,ChIP-seq:H3K27me3,ChIP-seq:H3K4me1,0.25917631973985766,2.0,ChIP-seq:H3K27me3 x ChIP-seq:H3K4me1
NTR:0001226,ChIP-seq:H3K27me3,ChIP-seq:H3K4me3,0.07125432550214059,1.0,ChIP-seq:H3K27me3 x ChIP-seq:H3K4me3
NTR:0001226,ChIP-seq:H3K27me3,ChIP-seq:H3K9ac,0.29484948150965634,2.0,ChIP-seq:H3K27me3 x ChIP-seq:H3K9ac
NTR:0001226,ChIP-seq:H3K27me3,ChIP-seq:H3K9me3,0.39335422648323903,1.0,ChIP-seq:H3K27me3 x ChIP-seq:H3K9me3
NTR:0001226,ChIP-seq:H3K27me3,ChIP-seq:CTCF,0.1732377787431081,2.0,ChIP-seq:CTCF x ChIP-seq:H3K27me3
NTR:0001226,ChIP-seq:H3K36me3,ChIP-seq:H3K27ac,0.15712409119428314,2.0,ChIP-seq:H3K27ac x ChIP-seq:H3K36me3
NTR:0001226,ChIP-seq:H3K36me3,ChIP-seq:H3K27me3,0.362553442066366,1.0,ChIP-seq:H3K27me3 x ChIP-seq:H3K36me3
NTR:0001226,ChIP-seq:H3K36me3,ChIP-seq:H3K4me1,0.2885546417184215,2.0,ChIP-seq:H3K36me3 x ChIP-seq:H3K4me1
NTR:0001226,ChIP-seq:H3K36me3,ChIP-seq:H3K4me3,0.17403615962627322,1.0,ChIP-seq:H3K36me3 x ChIP-seq:H3K4me3
NTR:0001226,ChIP-seq:H3K36me3,ChIP-seq:H3K9ac,0.3179558783161397,2.0,ChIP-seq:H3K36me3 x ChIP-seq:H3K9ac
NTR:0001226,ChIP-seq:H3K36me3,ChIP-seq:H3K9me3,0.6499407556321886,1.0,ChIP-seq:H3K36me3 x ChIP-seq:H3K9me3
NTR:0001226,ChIP-seq:H3K36me3,ChIP-seq:CTCF,0.14852344734328132,2.0,ChIP-seq:CTCF x ChIP-seq:H3K36me3
NTR:0001226,ChIP-seq:H3K4me1,ChIP-seq:H3K27ac,0.266902062093249,4.0,ChIP-seq:H3K27ac x ChIP-seq:H3K4me1
NTR:0001226,ChIP-seq:H3K4me1,ChIP-seq:H3K27me3,0.2669238502329046,2.0,ChIP-seq:H3K27me3 x ChIP-seq:H3K4me1
NTR:0001226,ChIP-seq:H3K4me1,ChIP-seq:H3K36me3,0.29952399981649297,2.0,ChIP-seq:H3K36me3 x ChIP-seq:H3K4me1
NTR:0001226,ChIP-seq:H3K4me1,ChIP-seq:H3K4me3,0.13178635863370675,2.0,ChIP-seq:H3K4me1 x ChIP-seq:H3K4me3
NTR:0001226,ChIP-seq:H3K4me1,ChIP-seq:H3K9ac,0.27336097615105764,4.0,ChIP-seq:H3K4me1 x ChIP-seq:H3K9ac
NTR:0001226,ChIP-seq:H3K4me1,ChIP-seq:H3K9me3,0.2563934067885081,2.0,ChIP-seq:H3K4me1 x ChIP-seq:H3K9me3
NTR:0001226,ChIP-seq:H3K4me1,ChIP-seq:CTCF,0.1417011158806937,4.0,ChIP-seq:CTCF x ChIP-seq:H3K4me1
NTR:0001226,ChIP-seq:H3K4me3,ChIP-seq:H3K27ac,0.2968921639164042,2.0,ChIP-seq:H3K27ac x ChIP-seq:H3K4me3
NTR:0001226,ChIP-seq:H3K4me3,ChIP-seq:H3K27me3,0.09256783466447484,1.0,ChIP-seq:H3K27me3 x ChIP-seq:H3K4me3
NTR:0001226,ChIP-seq:H3K4me3,ChIP-seq:H3K36me3,0.26102326041773743,1.0,ChIP-seq:H3K36me3 x ChIP-seq:H3K4me3
NTR:0001226,ChIP-seq:H3K4me3,ChIP-seq:H3K4me1,0.14840914121742457,2.0,ChIP-seq:H3K4me1 x ChIP-seq:H3K4me3
NTR:0001226,ChIP-seq:H3K4me3,ChIP-seq:H3K9ac,0.11547940969467163,2.0,ChIP-seq:H3K4me3 x ChIP-seq:H3K9ac
NTR:0001226,ChIP-seq:H3K4me3,ChIP-seq:H3K9me3,0.22086214787430233,1.0,ChIP-seq:H3K4me3 x ChIP-seq:H3K9me3
NTR:0001226,ChIP-seq:H3K4me3,ChIP-seq:CTCF,0.08320493031115758,2.0,ChIP-seq:CTCF x ChIP-seq:H3K4me3
NTR:0001226,ChIP-seq:H3K79me2,ChIP-seq:H3K27ac,0.10732635244819688,4.0,ChIP-seq:H3K27ac x ChIP-seq:H3K79me2
NTR:0001226,ChIP-seq:H3K79me2,ChIP-seq:H3K27me3,0.25659896568818524,2.0,ChIP-seq:H3K27me3 x ChIP-seq:H3K79me2
NTR:0001226,ChIP-seq:H3K79me2,ChIP-seq:H3K36me3,0.24622039073391966,2.0,ChIP-seq:H3K36me3 x ChIP-seq:H3K79me2
NTR:0001226,ChIP-seq:H3K79me2,ChIP-seq:H3K4me1,0.25179514044620954,4.0,ChIP-seq:H3K4me1 x ChIP-seq:H3K79me2
NTR:0001226,ChIP-seq:H3K79me2,ChIP-seq:H3K4me3,0.1322558841039968,2.0,ChIP-seq:H3K4me3 x ChIP-seq:H3K79me2
NTR:0001226,ChIP-seq:H3K79me2,ChIP-seq:H3K9ac,0.21759610638326526,4.0,ChIP-seq:H3K79me2 x ChIP-seq:H3K9ac
NTR:0001226,ChIP-seq:H3K79me2,ChIP-seq:H3K9me3,0.21497803727785747,2.0,ChIP-seq:H3K79me2 x ChIP-seq:H3K9me3
NTR:0001226,ChIP-seq:H3K79me2,ChIP-seq:CTCF,0.11323155703998747,4.0,ChIP-seq:CTCF x ChIP-seq:H3K79me2
NTR:0001226,ChIP-seq:H3K9ac,ChIP-seq:H3K27ac,0.3334172749371262,4.0,ChIP-seq:H3K27ac x ChIP-seq:H3K9ac
NTR:0001226,ChIP-seq:H3K9ac,ChIP-seq:H3K27me3,0.2869926772334359,2.0,ChIP-seq:H3K27me3 x ChIP-seq:H3K9ac
NTR:0001226,ChIP-seq:H3K9ac,ChIP-seq:H3K36me3,0.31215108821266574,2.0,ChIP-seq:H3K36me3 x ChIP-seq:H3K9ac
NTR:0001226,ChIP-seq:H3K9ac,ChIP-seq:H3K4me1,0.27892197318415823,4.0,ChIP-seq:H3K4me1 x ChIP-seq:H3K9ac
NTR:0001226,ChIP-seq:H3K9ac,ChIP-seq:H3K4me3,0.29728253192679827,2.0,ChIP-seq:H3K4me3 x ChIP-seq:H3K9ac
NTR:0001226,ChIP-seq:H3K9ac,ChIP-seq:H3K9me3,0.2572535210185581,2.0,ChIP-seq:H3K9ac x ChIP-seq:H3K9me3
NTR:0001226,ChIP-seq:H3K9ac,ChIP-seq:CTCF,0.1673530148608344,4.0,ChIP-seq:CTCF x ChIP-seq:H3K9ac
NTR:0001226,ChIP-seq:H3K9me3,ChIP-seq:H3K27ac,0.12725315497528691,2.0,ChIP-seq:H3K27ac x ChIP-seq:H3K9me3
NTR:0001226,ChIP-seq:H3K9me3,ChIP-seq:H3K27me3,0.37935414639386267,1.0,ChIP-seq:H3K27me3 x ChIP-seq:H3K9me3
NTR:0001226,ChIP-seq:H3K9me3,ChIP-seq:H3K36me3,0.7695834159851074,1.0,ChIP-seq:H3K36me3 x ChIP-seq:H3K9me3
NTR:0001226,ChIP-seq:H3K9me3,ChIP-seq:H3K4me1,0.24900310596481698,2.0,ChIP-seq:H3K4me1 x ChIP-seq:H3K9me3
NTR:0001226,ChIP-seq:H3K9me3,ChIP-seq:H3K4me3,0.160625390327254,1.0,ChIP-seq:H3K4me3 x ChIP-seq:H3K9me3
NTR:0001226,ChIP-seq:H3K9me3,ChIP-seq:H3K9ac,0.3142472347434686,2.0,ChIP-seq:H3K9ac x ChIP-seq:H3K9me3
NTR:0001226,ChIP-seq:H3K9me3,ChIP-seq:CTCF,0.1315179610536212,2.0,ChIP-seq:CTCF x ChIP-seq:H3K9me3
NTR:0001226,ChIP-seq:CTCF,ChIP-seq:H3K27ac,0.11128392223245609,4.0,ChIP-seq:CTCF x ChIP-seq:H3K27ac
NTR:0001226,ChIP-seq:CTCF,ChIP-seq:H3K27me3,0.20140402425419202,2.0,ChIP-seq:CTCF x ChIP-seq:H3K27me3
NTR:0001226,ChIP-seq:CTCF,ChIP-seq:H3K36me3,0.12973400573981436,2.0,ChIP-seq:CTCF x ChIP-seq:H3K36me3
NTR:0001226,ChIP-seq:CTCF,ChIP-seq:H3K4me1,0.14908626496466132,4.0,ChIP-seq:CTCF x ChIP-seq:H3K4me1
NTR:0001226,ChIP-seq:CTCF,ChIP-seq:H3K4me3,0.06531955689884895,2.0,ChIP-seq:CTCF x ChIP-seq:H3K4me3
NTR:0001226,ChIP-seq:CTCF,ChIP-seq:H3K9ac,0.17611381746068294,4.0,ChIP-seq:CTCF x ChIP-seq:H3K9ac
NTR:0001226,ChIP-seq:CTCF,ChIP-seq:H3K9me3,0.09991250468624963,2.0,ChIP-seq:CTCF x ChIP-seq:H3K9me3
UBERON:0001987,DNase-seq,ChIP-seq:H3K27ac,0.010356868108113607,30.0,ChIP-seq:H3K27ac x DNase-seq
UBERON:0001987,DNase-seq,ChIP-seq:H3K27me3,0.013178308016952427,30.0,ChIP-seq:H3K27me3 x DNase-seq
UBERON:0001987,DNase-seq,ChIP-seq:H3K36me3,-0.0030678658303639568,30.0,ChIP-seq:H3K36me3 x DNase-seq
UBERON:0001987,DNase-seq,ChIP-seq:H3K4me1,-0.005749522417019575,30.0,ChIP-seq:H3K4me1 x DNase-seq
UBERON:0001987,DNase-seq,ChIP-seq:H3K4me3,0.054345128905605264,30.0,ChIP-seq:H3K4me3 x DNase-seq
UBERON:0001987,DNase-seq,ChIP-seq:H3K9me3,0.008912731199228809,30.0,ChIP-seq:H3K9me3 x DNase-seq
UBERON:0001987,DNase-seq,RNA-seq,0.0004633426080464728,220.0,DNase-seq x RNA-seq
UBERON:0001987,ChIP-seq:H3K27ac,DNase-seq,-0.021459043235109554,30.0,ChIP-seq:H3K27ac x DNase-seq
UBERON:0001987,ChIP-seq:H3K27ac,ChIP-seq:H3K27me3,-0.0131681257166625,9.0,ChIP-seq:H3K27ac x ChIP-seq:H3K27me3
UBERON:0001987,ChIP-seq:H3K27ac,ChIP-seq:H3K36me3,-0.03581577419671043,9.0,ChIP-seq:H3K27ac x ChIP-seq:H3K36me3
UBERON:0001987,ChIP-seq:H3K27ac,ChIP-seq:H3K4me1,0.3513073426317674,9.0,ChIP-seq:H3K27ac x ChIP-seq:H3K4me1
UBERON:0001987,ChIP-seq:H3K27ac,ChIP-seq:H3K4me3,0.18958500703922085,9.0,ChIP-seq:H3K27ac x ChIP-seq:H3K4me3
UBERON:0001987,ChIP-seq:H3K27ac,ChIP-seq:H3K9me3,0.003873582096879699,9.0,ChIP-seq:H3K27ac x ChIP-seq:H3K9me3
UBERON:0001987,ChIP-seq:H3K27ac,RNA-seq,0.04002929983521757,66.0,ChIP-seq:H3K27ac x RNA-seq
UBERON:0001987,ChIP-seq:H3K27me3,DNase-seq,-0.0037048564668287313,30.0,ChIP-seq:H3K27me3 x DNase-seq
UBERON:0001987,ChIP-seq:H3K27me3,ChIP-seq:H3K27ac,-0.027171849873330857,9.0,ChIP-seq:H3K27ac x ChIP-seq:H3K27me3
UBERON:0001987,ChIP-seq:H3K27me3,ChIP-seq:H3K36me3,0.014996137249836117,9.0,ChIP-seq:H3K27me3 x ChIP-seq:H3K36me3
UBERON:0001987,ChIP-seq:H3K27me3,ChIP-seq:H3K4me1,0.00028374831172864323,9.0,ChIP-seq:H3K27me3 x ChIP-seq:H3K4me1
UBERON:0001987,ChIP-seq:H3K27me3,ChIP-seq:H3K4me3,0.040640712157474806,9.0,ChIP-seq:H3K27me3 x ChIP-seq:H3K4me3
UBERON:0001987,ChIP-seq:H3K27me3,ChIP-seq:H3K9me3,0.1056907916634568,9.0,ChIP-seq:H3K27me3 x ChIP-seq:H3K9me3
UBERON:0001987,ChIP-seq:H3K27me3,RNA-seq,-0.03920352722561623,66.0,ChIP-seq:H3K27me3 x RNA-seq
UBERON:0001987,ChIP-seq:H3K36me3,DNase-seq,-0.012902517093901049,30.0,ChIP-seq:H3K36me3 x DNase-seq
UBERON:0001987,ChIP-seq:H3K36me3,ChIP-seq:H3K27ac,-0.03651911285188463,9.0,ChIP-seq:H3K27ac x ChIP-seq:H3K36me3
UBERON:0001987,ChIP-seq:H3K36me3,ChIP-seq:H3K27me3,0.026319937573538885,9.0,ChIP-seq:H3K27me3 x ChIP-seq:H3K36me3
UBERON:0001987,ChIP-seq:H3K36me3,ChIP-seq:H3K4me1,-0.01219213940430619,9.0,ChIP-seq:H3K36me3 x ChIP-seq:H3K4me1
UBERON:0001987,ChIP-seq:H3K36me3,ChIP-seq:H3K4me3,0.007315460691616196,9.0,ChIP-seq:H3K36me3 x ChIP-seq:H3K4me3
UBERON:0001987,ChIP-seq:H3K36me3,ChIP-seq:H3K9me3,0.07349004236499916,9.0,ChIP-seq:H3K36me3 x ChIP-seq:H3K9me3
UBERON:0001987,ChIP-seq:H3K36me3,RNA-seq,0.04609494146804746,66.0,ChIP-seq:H3K36me3 x RNA-seq
UBERON:0001987,ChIP-seq:H3K4me1,DNase-seq,-0.022565407920302007,30.0,ChIP-seq:H3K4me1 x DNase-seq
UBERON:0001987,ChIP-seq:H3K4me1,ChIP-seq:H3K27ac,0.35168942477968007,9.0,ChIP-seq:H3K27ac x ChIP-seq:H3K4me1
UBERON:0001987,ChIP-seq:H3K4me1,ChIP-seq:H3K27me3,0.003247834941893249,9.0,ChIP-seq:H3K27me3 x ChIP-seq:H3K4me1
UBERON:0001987,ChIP-seq:H3K4me1,ChIP-seq:H3K36me3,-0.006919415848193153,9.0,ChIP-seq:H3K36me3 x ChIP-seq:H3K4me1
UBERON:0001987,ChIP-seq:H3K4me1,ChIP-seq:H3K4me3,-0.04130151998455722,9.0,ChIP-seq:H3K4me1 x ChIP-seq:H3K4me3
UBERON:0001987,ChIP-seq:H3K4me1,ChIP-seq:H3K9me3,0.03378426466839442,9.0,ChIP-seq:H3K4me1 x ChIP-seq:H3K9me3
UBERON:0001987,ChIP-seq:H3K4me1,RNA-seq,0.013188948258330448,66.0,ChIP-seq:H3K4me1 x RNA-seq
UBERON:0001987,ChIP-seq:H3K4me3,DNase-seq,0.016861931482950843,30.0,ChIP-seq:H3K4me3 x DNase-seq
UBERON:0001987,ChIP-seq:H3K4me3,ChIP-seq:H3K27ac,0.16668113072713214,9.0,ChIP-seq:H3K27ac x ChIP-seq:H3K4me3
UBERON:0001987,ChIP-seq:H3K4me3,ChIP-seq:H3K27me3,0.06594837990757149,9.0,ChIP-seq:H3K27me3 x ChIP-seq:H3K4me3
UBERON:0001987,ChIP-seq:H3K4me3,ChIP-seq:H3K36me3,-0.002779428558710338,9.0,ChIP-seq:H3K36me3 x ChIP-seq:H3K4me3
UBERON:0001987,ChIP-seq:H3K4me3,ChIP-seq:H3K4me1,-0.008348537997885066,9.0,ChIP-seq:H3K4me1 x ChIP-seq:H3K4me3
UBERON:0001987,ChIP-seq:H3K4me3,ChIP-seq:H3K9me3,0.044725892695594814,9.0,ChIP-seq:H3K4me3 x ChIP-seq:H3K9me3
UBERON:0001987,ChIP-seq:H3K4me3,RNA-seq,0.002565115909904457,66.0,ChIP-seq:H3K4me3 x RNA-seq
UBERON:0001987,ChIP-seq:H3K9me3,DNase-seq,-0.021378879379807855,30.0,ChIP-seq:H3K9me3 x DNase-seq
UBERON:0001987,ChIP-seq:H3K9me3,ChIP-seq:H3K27ac,-0.027961315380202398,9.0,ChIP-seq:H3K27ac x ChIP-seq:H3K9me3
UBERON:0001987,ChIP-seq:H3K9me3,ChIP-seq:H3K27me3,0.12661829533704852,9.0,ChIP-seq:H3K27me3 x ChIP-seq:H3K9me3
UBERON:0001987,ChIP-seq:H3K9me3,ChIP-seq:H3K36me3,0.05925410605491477,9.0,ChIP-seq:H3K36me3 x ChIP-seq:H3K9me3
UBERON:0001987,ChIP-seq:H3K9me3,ChIP-seq:H3K4me1,0.0098418397271735,9.0,ChIP-seq:H3K4me1 x ChIP-seq:H3K9me3
UBERON:0001987,ChIP-seq:H3K9me3,ChIP-seq:H3K4me3,0.01124917341509895,9.0,ChIP-seq:H3K4me3 x ChIP-seq:H3K9me3
UBERON:0001987,ChIP-seq:H3K9me3,RNA-seq,-0.012778953389004543,66.0,ChIP-seq:H3K9me3 x RNA-seq
UBERON:0001987,RNA-seq,DNase-seq,0.007657776951219476,220.0,DNase-seq x RNA-seq
UBERON:0001987,RNA-seq,ChIP-seq:H3K27ac,0.031491450107458865,66.0,ChIP-seq:H3K27ac x RNA-seq
UBERON:0001987,RNA-seq,ChIP-seq:H3K27me3,-0.040376464650424174,66.0,ChIP-seq:H3K27me3 x RNA-seq
UBERON:0001987,RNA-seq,ChIP-seq:H3K36me3,0.047501485167896255,66.0,ChIP-seq:H3K36me3 x RNA-seq
UBERON:0001987,RNA-seq,ChIP-seq:H3K4me1,0.004580494109448139,66.0,ChIP-seq:H3K4me1 x RNA-seq
UBERON:0001987,RNA-seq,ChIP-seq:H3K4me3,0.016107793501488832,66.0,ChIP-seq:H3K4me3 x RNA-seq
UBERON:0001987,RNA-seq,ChIP-seq:H3K9me3,-0.019519279187416437,66.0,ChIP-seq:H3K9me3 x RNA-seq
NTR:0003013,ChIP-seq:H3K27ac,ChIP-seq:H3K27me3,0.05554666302420876,2.0,ChIP-seq:H3K27ac x ChIP-seq:H3K27me3
NTR:0003013,ChIP-seq:H3K27ac,ChIP-seq:H3K36me3,-0.03604545381669172,4.0,ChIP-seq:H3K27ac x ChIP-seq:H3K36me3
NTR:0003013,ChIP-seq:H3K27ac,ChIP-seq:H3K4me1,0.4668669467386992,2.0,ChIP-seq:H3K27ac x ChIP-seq:H3K4me1
NTR:0003013,ChIP-seq:H3K27ac,ChIP-seq:H3K4me3,0.20466966439630382,4.0,ChIP-seq:H3K27ac x ChIP-seq:H3K4me3
NTR:0003013,ChIP-seq:H3K27ac,ChIP-seq:H3K9me3,0.0827005782061153,2.0,ChIP-seq:H3K27ac x ChIP-seq:H3K9me3
NTR:0003013,ChIP-seq:H3K27ac,polyA plus RNA-seq,0.01230329511898947,16.0,ChIP-seq:H3K27ac x polyA plus RNA-seq
NTR:0003013,ChIP-seq:H3K27me3,ChIP-seq:H3K27ac,0.029909438228014833,2.0,ChIP-seq:H3K27ac x ChIP-seq:H3K27me3
NTR:0003013,ChIP-seq:H3K27me3,ChIP-seq:H3K36me3,0.12979575897020007,2.0,ChIP-seq:H3K27me3 x ChIP-seq:H3K36me3
NTR:0003013,ChIP-seq:H3K27me3,ChIP-seq:H3K4me1,0.11654875589453656,1.0,ChIP-seq:H3K27me3 x ChIP-seq:H3K4me1
NTR:0003013,ChIP-seq:H3K27me3,ChIP-seq:H3K4me3,0.13088319945001156,2.0,ChIP-seq:H3K27me3 x ChIP-seq:H3K4me3
NTR:0003013,ChIP-seq:H3K27me3,ChIP-seq:H3K9me3,0.36355180078082616,1.0,ChIP-seq:H3K27me3 x ChIP-seq:H3K9me3
NTR:0003013,ChIP-seq:H3K27me3,polyA plus RNA-seq,-0.0074675520447574275,8.0,ChIP-seq:H3K27me3 x polyA plus RNA-seq
NTR:0003013,ChIP-seq:H3K36me3,ChIP-seq:H3K27ac,-0.02710428859992242,4.0,ChIP-seq:H3K27ac x ChIP-seq:H3K36me3
NTR:0003013,ChIP-seq:H3K36me3,ChIP-seq:H3K27me3,0.11338537660512057,2.0,ChIP-seq:H3K27me3 x ChIP-seq:H3K36me3
NTR:0003013,ChIP-seq:H3K36me3,ChIP-seq:H3K4me1,0.00017724898846253195,2.0,ChIP-seq:H3K36me3 x ChIP-seq:H3K4me1
NTR:0003013,ChIP-seq:H3K36me3,ChIP-seq:H3K4me3,0.1124808052989924,4.0,ChIP-seq:H3K36me3 x ChIP-seq:H3K4me3
NTR:0003013,ChIP-seq:H3K36me3,ChIP-seq:H3K9me3,0.22428355746799045,2.0,ChIP-seq:H3K36me3 x ChIP-seq:H3K9me3
NTR:0003013,ChIP-seq:H3K36me3,polyA plus RNA-seq,-0.0048061060140848835,16.0,ChIP-seq:H3K36me3 x polyA plus RNA-seq
NTR:0003013,ChIP-seq:H3K4me1,ChIP-seq:H3K27ac,0.49009364473153344,2.0,ChIP-seq:H3K27ac x ChIP-seq:H3K4me1
NTR:0003013,ChIP-seq:H3K4me1,ChIP-seq:H3K27me3,0.12222323634407736,1.0,ChIP-seq:H3K27me3 x ChIP-seq:H3K4me1
NTR:0003013,ChIP-seq:H3K4me1,ChIP-seq:H3K36me3,0.012082223341893898,2.0,ChIP-seq:H3K36me3 x ChIP-seq:H3K4me1
NTR:0003013,ChIP-seq:H3K4me1,ChIP-seq:H3K4me3,-0.03463431743678646,2.0,ChIP-seq:H3K4me1 x ChIP-seq:H3K4me3
NTR:0003013,ChIP-seq:H3K4me1,ChIP-seq:H3K9me3,0.15540720423062643,1.0,ChIP-seq:H3K4me1 x ChIP-seq:H3K9me3
NTR:0003013,ChIP-seq:H3K4me1,polyA plus RNA-seq,0.0038949996613118106,8.0,ChIP-seq:H3K4me1 x polyA plus RNA-seq
NTR:0003013,ChIP-seq:H3K4me3,ChIP-seq:H3K27ac,0.16351668471875397,4.0,ChIP-seq:H3K27ac x ChIP-seq:H3K4me3
NTR:0003013,ChIP-seq:H3K4me3,ChIP-seq:H3K27me3,0.149701789021492,2.0,ChIP-seq:H3K27me3 x ChIP-seq:H3K4me3
NTR:0003013,ChIP-seq:H3K4me3,ChIP-seq:H3K36me3,0.08948314268753012,4.0,ChIP-seq:H3K36me3 x ChIP-seq:H3K4me3
NTR:0003013,ChIP-seq:H3K4me3,ChIP-seq:H3K4me1,0.003959281451028326,2.0,ChIP-seq:H3K4me1 x ChIP-seq:H3K4me3
NTR:0003013,ChIP-seq:H3K4me3,ChIP-seq:H3K9me3,0.15969824658499823,2.0,ChIP-seq:H3K4me3 x ChIP-seq:H3K9me3
NTR:0003013,ChIP-seq:H3K4me3,polyA plus RNA-seq,0.00401958349668597,16.0,ChIP-seq:H3K4me3 x polyA plus RNA-seq
NTR:0003013,ChIP-seq:H3K9me3,ChIP-seq:H3K27ac,0.06936408917170875,2.0,ChIP-seq:H3K27ac x ChIP-seq:H3K9me3
NTR:0003013,ChIP-seq:H3K9me3,ChIP-seq:H3K27me3,0.38289431008425623,1.0,ChIP-seq:H3K27me3 x ChIP-seq:H3K9me3
NTR:0003013,ChIP-seq:H3K9me3,ChIP-seq:H3K36me3,0.23571903743441142,2.0,ChIP-seq:H3K36me3 x ChIP-seq:H3K9me3
NTR:0003013,ChIP-seq:H3K9me3,ChIP-seq:H3K4me1,0.13245767484540524,1.0,ChIP-seq:H3K4me1 x ChIP-seq:H3K9me3
NTR:0003013,ChIP-seq:H3K9me3,ChIP-seq:H3K4me3,0.1486189437803821,2.0,ChIP-seq:H3K4me3 x ChIP-seq:H3K9me3
NTR:0003013,ChIP-seq:H3K9me3,polyA plus RNA-seq,-0.006810345619091487,8.0,ChIP-seq:H3K9me3 x polyA plus RNA-seq
NTR:0003013,polyA plus RNA-seq,ChIP-seq:H3K27ac,0.007255888272146259,16.0,ChIP-seq:H3K27ac x polyA plus RNA-seq
NTR:0003013,polyA plus RNA-seq,ChIP-seq:H3K27me3,-0.000171012245118618,8.0,ChIP-seq:H3K27me3 x polyA plus RNA-seq
NTR:0003013,polyA plus RNA-seq,ChIP-seq:H3K36me3,0.007230507002936468,16.0,ChIP-seq:H3K36me3 x polyA plus RNA-seq
NTR:0003013,polyA plus RNA-seq,ChIP-seq:H3K4me1,0.007169057412639908,8.0,ChIP-seq:H3K4me1 x polyA plus RNA-seq
NTR:0003013,polyA plus RNA-seq,ChIP-seq:H3K4me3,0.01181477823547114,16.0,ChIP-seq:H3K4me3 x polyA plus RNA-seq
NTR:0003013,polyA plus RNA-seq,ChIP-seq:H3K9me3,-0.004896570286817021,8.0,ChIP-seq:H3K9me3 x polyA plus RNA-seq
UBERON:0002367,DNase-seq,ChIP-seq:CTCF,0.037135589477561765,2.0,ChIP-seq:CTCF x DNase-seq
UBERON:0002367,DNase-seq,RNA-seq,0.03103948361295111,4.0,DNase-seq x RNA-seq
UBERON:0002367,DNase-seq,ChIP-seq:POLR2A,0.09612755690302169,2.0,ChIP-seq:POLR2A x DNase-seq
UBERON:0002367,DNase-seq,ChIP-seq:POLR2AphosphoS5,0.12493148871830531,2.0,ChIP-seq:POLR2AphosphoS5 x DNase-seq
UBERON:0002367,ChIP-seq:CTCF,DNase-seq,-0.0239496541934945,2.0,ChIP-seq:CTCF x DNase-seq
UBERON:0002367,ChIP-seq:CTCF,RNA-seq,0.021983373165130615,8.0,ChIP-seq:CTCF x RNA-seq
UBERON:0002367,ChIP-seq:CTCF,ChIP-seq:POLR2A,0.0328265300818852,4.0,ChIP-seq:CTCF x ChIP-seq:POLR2A
UBERON:0002367,ChIP-seq:CTCF,ChIP-seq:POLR2AphosphoS5,0.0748530924320221,4.0,ChIP-seq:CTCF x ChIP-seq:POLR2AphosphoS5
UBERON:0002367,RNA-seq,DNase-seq,0.03176788676884456,4.0,DNase-seq x RNA-seq
UBERON:0002367,RNA-seq,ChIP-seq:CTCF,0.015033390976133801,8.0,ChIP-seq:CTCF x RNA-seq
UBERON:0002367,RNA-seq,ChIP-seq:POLR2A,0.013686324868883402,8.0,ChIP-seq:POLR2A x RNA-seq
UBERON:0002367,RNA-seq,ChIP-seq:POLR2AphosphoS5,-0.0174127636211259,8.0,ChIP-seq:POLR2AphosphoS5 x RNA-seq
UBERON:0002367,ChIP-seq:POLR2A,DNase-seq,0.11263417745617177,2.0,ChIP-seq:POLR2A x DNase-seq
UBERON:0002367,ChIP-seq:POLR2A,ChIP-seq:CTCF,0.061824072826476326,4.0,ChIP-seq:CTCF x ChIP-seq:POLR2A
UBERON:0002367,ChIP-seq:POLR2A,RNA-seq,0.042880509180181166,8.0,ChIP-seq:POLR2A x RNA-seq
UBERON:0002367,ChIP-seq:POLR2A,ChIP-seq:POLR2AphosphoS5,-0.06933452401842388,4.0,ChIP-seq:POLR2A x ChIP-seq:POLR2AphosphoS5
UBERON:0002367,ChIP-seq:POLR2AphosphoS5,DNase-seq,0.05624226524774706,2.0,ChIP-seq:POLR2AphosphoS5 x DNase-seq
UBERON:0002367,ChIP-seq:POLR2AphosphoS5,ChIP-seq:CTCF,0.08915116020611354,4.0,ChIP-seq:CTCF x ChIP-seq:POLR2AphosphoS5
UBERON:0002367,ChIP-seq:POLR2AphosphoS5,RNA-seq,0.02774129718542099,8.0,ChIP-seq:POLR2AphosphoS5 x RNA-seq
UBERON:0002367,ChIP-seq:POLR2AphosphoS5,ChIP-seq:POLR2A,0.06625095435551237,4.0,ChIP-seq:POLR2A x ChIP-seq:POLR2AphosphoS5
UBERON:0008450,DNase-seq,ChIP-seq:H3K27ac,-0.008149535457293189,6.0,ChIP-seq:H3K27ac x DNase-seq
UBERON:0008450,DNase-seq,ChIP-seq:H3K27me3,-0.019440431871584483,4.0,ChIP-seq:H3K27me3 x DNase-seq
UBERON:0008450,DNase-seq,ChIP-seq:H3K36me3,-0.03951355712978463,2.0,ChIP-seq:H3K36me3 x DNase-seq
UBERON:0008450,DNase-seq,ChIP-seq:H3K4me1,-0.028021785771586205,4.0,ChIP-seq:H3K4me1 x DNase-seq
UBERON:0008450,DNase-seq,ChIP-seq:H3K4me3,0.008223021281099765,4.0,ChIP-seq:H3K4me3 x DNase-seq
UBERON:0008450,DNase-seq,ChIP-seq:H3K9me3,-0.04103810729251968,2.0,ChIP-seq:H3K9me3 x DNase-seq
UBERON:0008450,DNase-seq,polyA plus RNA-seq,-0.015872752860836357,12.0,DNase-seq x polyA plus RNA-seq
UBERON:0008450,DNase-seq,RNA-seq,-0.014427073843338911,8.0,DNase-seq x RNA-seq
UBERON:0008450,ChIP-seq:H3K27ac,DNase-seq,0.013173871587232218,6.0,ChIP-seq:H3K27ac x DNase-seq
UBERON:0008450,ChIP-seq:H3K27ac,ChIP-seq:H3K27me3,0.026622294102396284,6.0,ChIP-seq:H3K27ac x ChIP-seq:H3K27me3
UBERON:0008450,ChIP-seq:H3K27ac,ChIP-seq:H3K36me3,0.1369883146202355,3.0,ChIP-seq:H3K27ac x ChIP-seq:H3K36me3
UBERON:0008450,ChIP-seq:H3K27ac,ChIP-seq:H3K4me1,0.20467663104416894,6.0,ChIP-seq:H3K27ac x ChIP-seq:H3K4me1
UBERON:0008450,ChIP-seq:H3K27ac,ChIP-seq:H3K4me3,0.18545591534112474,6.0,ChIP-seq:H3K27ac x ChIP-seq:H3K4me3
UBERON:0008450,ChIP-seq:H3K27ac,ChIP-seq:H3K9me3,0.08926523504433809,3.0,ChIP-seq:H3K27ac x ChIP-seq:H3K9me3
UBERON:0008450,ChIP-seq:H3K27ac,polyA plus RNA-seq,-0.004513966720461268,18.0,ChIP-seq:H3K27ac x polyA plus RNA-seq
UBERON:0008450,ChIP-seq:H3K27ac,RNA-seq,0.013639287212315727,12.0,ChIP-seq:H3K27ac x RNA-seq
UBERON:0008450,ChIP-seq:H3K27me3,DNase-seq,-0.0003039186685970148,4.0,ChIP-seq:H3K27me3 x DNase-seq
UBERON:0008450,ChIP-seq:H3K27me3,ChIP-seq:H3K27ac,0.02615573207537333,6.0,ChIP-seq:H3K27ac x ChIP-seq:H3K27me3
UBERON:0008450,ChIP-seq:H3K27me3,ChIP-seq:H3K36me3,0.1666977728668012,2.0,ChIP-seq:H3K27me3 x ChIP-seq:H3K36me3
UBERON:0008450,ChIP-seq:H3K27me3,ChIP-seq:H3K4me1,0.1378625486392141,4.0,ChIP-seq:H3K27me3 x ChIP-seq:H3K4me1
UBERON:0008450,ChIP-seq:H3K27me3,ChIP-seq:H3K4me3,0.1022055458242648,4.0,ChIP-seq:H3K27me3 x ChIP-seq:H3K4me3
UBERON:0008450,ChIP-seq:H3K27me3,ChIP-seq:H3K9me3,0.2789591007762485,2.0,ChIP-seq:H3K27me3 x ChIP-seq:H3K9me3
UBERON:0008450,ChIP-seq:H3K27me3,polyA plus RNA-seq,-0.005888858210781346,12.0,ChIP-seq:H3K27me3 x polyA plus RNA-seq
UBERON:0008450,ChIP-seq:H3K27me3,RNA-seq,-0.0040134369888726405,8.0,ChIP-seq:H3K27me3 x RNA-seq
UBERON:0008450,ChIP-seq:H3K36me3,DNase-seq,-0.00157539815325098,2.0,ChIP-seq:H3K36me3 x DNase-seq
UBERON:0008450,ChIP-seq:H3K36me3,ChIP-seq:H3K27ac,0.16631779745221137,3.0,ChIP-seq:H3K27ac x ChIP-seq:H3K36me3
UBERON:0008450,ChIP-seq:H3K36me3,ChIP-seq:H3K27me3,0.1375090719972338,2.0,ChIP-seq:H3K27me3 x ChIP-seq:H3K36me3
UBERON:0008450,ChIP-seq:H3K36me3,ChIP-seq:H3K4me1,0.20436416476802097,2.0,ChIP-seq:H3K36me3 x ChIP-seq:H3K4me1
UBERON:0008450,ChIP-seq:H3K36me3,ChIP-seq:H3K4me3,0.08203606586032938,2.0,ChIP-seq:H3K36me3 x ChIP-seq:H3K4me3
UBERON:0008450,ChIP-seq:H3K36me3,ChIP-seq:H3K9me3,0.29964233504401316,1.0,ChIP-seq:H3K36me3 x ChIP-seq:H3K9me3
UBERON:0008450,ChIP-seq:H3K36me3,polyA plus RNA-seq,0.014393482346465626,6.0,ChIP-seq:H3K36me3 x polyA plus RNA-seq
UBERON:0008450,ChIP-seq:H3K36me3,RNA-seq,0.023728895152316375,4.0,ChIP-seq:H3K36me3 x RNA-seq
UBERON:0008450,ChIP-seq:H3K4me1,DNase-seq,0.005369005206319475,4.0,ChIP-seq:H3K4me1 x DNase-seq
UBERON:0008450,ChIP-seq:H3K4me1,ChIP-seq:H3K27ac,0.2470482820024093,6.0,ChIP-seq:H3K27ac x ChIP-seq:H3K4me1
UBERON:0008450,ChIP-seq:H3K4me1,ChIP-seq:H3K27me3,0.1290685876778194,4.0,ChIP-seq:H3K27me3 x ChIP-seq:H3K4me1
UBERON:0008450,ChIP-seq:H3K4me1,ChIP-seq:H3K36me3,0.2096902630831066,2.0,ChIP-seq:H3K36me3 x ChIP-seq:H3K4me1
UBERON:0008450,ChIP-seq:H3K4me1,ChIP-seq:H3K4me3,0.009910346034949072,4.0,ChIP-seq:H3K4me1 x ChIP-seq:H3K4me3
UBERON:0008450,ChIP-seq:H3K4me1,ChIP-seq:H3K9me3,0.14448343449168735,2.0,ChIP-seq:H3K4me1 x ChIP-seq:H3K9me3
UBERON:0008450,ChIP-seq:H3K4me1,polyA plus RNA-seq,-0.013581023192492086,12.0,ChIP-seq:H3K4me1 x polyA plus RNA-seq
UBERON:0008450,ChIP-seq:H3K4me1,RNA-seq,-0.01201277637744651,8.0,ChIP-seq:H3K4me1 x RNA-seq
UBERON:0008450,ChIP-seq:H3K4me3,DNase-seq,0.027948615938117823,4.0,ChIP-seq:H3K4me3 x DNase-seq
UBERON:0008450,ChIP-seq:H3K4me3,ChIP-seq:H3K27ac,0.19166574875513714,6.0,ChIP-seq:H3K27ac x ChIP-seq:H3K4me3
UBERON:0008450,ChIP-seq:H3K4me3,ChIP-seq:H3K27me3,0.06491485510553632,4.0,ChIP-seq:H3K27me3 x ChIP-seq:H3K4me3
UBERON:0008450,ChIP-seq:H3K4me3,ChIP-seq:H3K36me3,0.0747751124595341,2.0,ChIP-seq:H3K36me3 x ChIP-seq:H3K4me3
UBERON:0008450,ChIP-seq:H3K4me3,ChIP-seq:H3K4me1,-0.012787614658963485,4.0,ChIP-seq:H3K4me1 x ChIP-seq:H3K4me3
UBERON:0008450,ChIP-seq:H3K4me3,ChIP-seq:H3K9me3,0.08549950155946943,2.0,ChIP-seq:H3K4me3 x ChIP-seq:H3K9me3
UBERON:0008450,ChIP-seq:H3K4me3,polyA plus RNA-seq,-0.013876650881940036,12.0,ChIP-seq:H3K4me3 x polyA plus RNA-seq
UBERON:0008450,ChIP-seq:H3K4me3,RNA-seq,-0.015882907404619104,8.0,ChIP-seq:H3K4me3 x RNA-seq
UBERON:0008450,ChIP-seq:H3K9me3,DNase-seq,-0.0037097966624903903,2.0,ChIP-seq:H3K9me3 x DNase-seq
UBERON:0008450,ChIP-seq:H3K9me3,ChIP-seq:H3K27ac,0.10576569562156994,3.0,ChIP-seq:H3K27ac x ChIP-seq:H3K9me3
UBERON:0008450,ChIP-seq:H3K9me3,ChIP-seq:H3K27me3,0.2733061255727496,2.0,ChIP-seq:H3K27me3 x ChIP-seq:H3K9me3
UBERON:0008450,ChIP-seq:H3K9me3,ChIP-seq:H3K36me3,0.3263623312899941,1.0,ChIP-seq:H3K36me3 x ChIP-seq:H3K9me3
UBERON:0008450,ChIP-seq:H3K9me3,ChIP-seq:H3K4me1,0.13472801463200096,2.0,ChIP-seq:H3K4me1 x ChIP-seq:H3K9me3
UBERON:0008450,ChIP-seq:H3K9me3,ChIP-seq:H3K4me3,0.10575692606306522,2.0,ChIP-seq:H3K4me3 x ChIP-seq:H3K9me3
UBERON:0008450,ChIP-seq:H3K9me3,polyA plus RNA-seq,6.53905713039896e-05,6.0,ChIP-seq:H3K9me3 x polyA plus RNA-seq
UBERON:0008450,ChIP-seq:H3K9me3,RNA-seq,0.00203852100407376,4.0,ChIP-seq:H3K9me3 x RNA-seq
UBERON:0008450,polyA plus RNA-seq,DNase-seq,-0.01416939135986505,12.0,DNase-seq x polyA plus RNA-seq
UBERON:0008450,polyA plus RNA-seq,ChIP-seq:H3K27ac,-0.0037108216020796045,18.0,ChIP-seq:H3K27ac x polyA plus RNA-seq
UBERON:0008450,polyA plus RNA-seq,ChIP-seq:H3K27me3,-0.004447461047342845,12.0,ChIP-seq:H3K27me3 x polyA plus RNA-seq
UBERON:0008450,polyA plus RNA-seq,ChIP-seq:H3K36me3,-0.006145541709766049,6.0,ChIP-seq:H3K36me3 x polyA plus RNA-seq
UBERON:0008450,polyA plus RNA-seq,ChIP-seq:H3K4me1,-0.015338488594918955,12.0,ChIP-seq:H3K4me1 x polyA plus RNA-seq
UBERON:0008450,polyA plus RNA-seq,ChIP-seq:H3K4me3,-0.014302835727220752,12.0,ChIP-seq:H3K4me3 x polyA plus RNA-seq
UBERON:0008450,polyA plus RNA-seq,ChIP-seq:H3K9me3,0.006132217579417759,6.0,ChIP-seq:H3K9me3 x polyA plus RNA-seq
UBERON:0008450,polyA plus RNA-seq,RNA-seq,0.2133362497067919,24.0,RNA-seq x polyA plus RNA-seq
UBERON:0008450,RNA-seq,DNase-seq,-0.005225647970573188,8.0,DNase-seq x RNA-seq
UBERON:0008450,RNA-seq,ChIP-seq:H3K27ac,0.018575331568717955,12.0,ChIP-seq:H3K27ac x RNA-seq
UBERON:0008450,RNA-seq,ChIP-seq:H3K27me3,0.0009458220643656595,8.0,ChIP-seq:H3K27me3 x RNA-seq
UBERON:0008450,RNA-seq,ChIP-seq:H3K36me3,0.015527892269586265,4.0,ChIP-seq:H3K36me3 x RNA-seq
UBERON:0008450,RNA-seq,ChIP-seq:H3K4me1,-0.0006724823306981324,8.0,ChIP-seq:H3K4me1 x RNA-seq
UBERON:0008450,RNA-seq,ChIP-seq:H3K4me3,0.010076382171327822,8.0,ChIP-seq:H3K4me3 x RNA-seq
UBERON:0008450,RNA-seq,ChIP-seq:H3K9me3,0.0015283138387733033,4.0,ChIP-seq:H3K9me3 x RNA-seq
UBERON:0008450,RNA-seq,polyA plus RNA-seq,0.1993096199588499,24.0,RNA-seq x polyA plus RNA-seq
UBERON:0018112,ChIP-seq:H3K27ac,ChIP-seq:H3K27me3,0.034438445825468414,1.0,ChIP-seq:H3K27ac x ChIP-seq:H3K27me3
UBERON:0018112,ChIP-seq:H3K27ac,ChIP-seq:H3K36me3,0.06354073395854548,1.0,ChIP-seq:H3K27ac x ChIP-seq:H3K36me3
UBERON:0018112,ChIP-seq:H3K27ac,ChIP-seq:H3K4me1,0.21961546980816385,1.0,ChIP-seq:H3K27ac x ChIP-seq:H3K4me1
UBERON:0018112,ChIP-seq:H3K27ac,ChIP-seq:H3K4me3,0.1818865598634232,1.0,ChIP-seq:H3K27ac x ChIP-seq:H3K4me3
UBERON:0018112,ChIP-seq:H3K27ac,ChIP-seq:H3K9ac,0.13258280754089358,1.0,ChIP-seq:H3K27ac x ChIP-seq:H3K9ac
UBERON:0018112,ChIP-seq:H3K27me3,ChIP-seq:H3K27ac,-0.004525560195799229,1.0,ChIP-seq:H3K27ac x ChIP-seq:H3K27me3
UBERON:0018112,ChIP-seq:H3K27me3,ChIP-seq:H3K36me3,0.17742573901226646,1.0,ChIP-seq:H3K27me3 x ChIP-seq:H3K36me3
UBERON:0018112,ChIP-seq:H3K27me3,ChIP-seq:H3K4me1,0.06320269017115883,1.0,ChIP-seq:H3K27me3 x ChIP-seq:H3K4me1
UBERON:0018112,ChIP-seq:H3K27me3,ChIP-seq:H3K4me3,0.07170203373182651,1.0,ChIP-seq:H3K27me3 x ChIP-seq:H3K4me3
UBERON:0018112,ChIP-seq:H3K27me3,ChIP-seq:H3K9ac,0.20428017497062684,1.0,ChIP-seq:H3K27me3 x ChIP-seq:H3K9ac
UBERON:0018112,ChIP-seq:H3K36me3,ChIP-seq:H3K27ac,0.007493120836622923,1.0,ChIP-seq:H3K27ac x ChIP-seq:H3K36me3
UBERON:0018112,ChIP-seq:H3K36me3,ChIP-seq:H3K27me3,0.20133441415700046,1.0,ChIP-seq:H3K27me3 x ChIP-seq:H3K36me3
UBERON:0018112,ChIP-seq:H3K36me3,ChIP-seq:H3K4me1,0.0524933049860208,1.0,ChIP-seq:H3K36me3 x ChIP-seq:H3K4me1
UBERON:0018112,ChIP-seq:H3K36me3,ChIP-seq:H3K4me3,0.1125889076743015,1.0,ChIP-seq:H3K36me3 x ChIP-seq:H3K4me3
UBERON:0018112,ChIP-seq:H3K36me3,ChIP-seq:H3K9ac,0.23713128685951235,1.0,ChIP-seq:H3K36me3 x ChIP-seq:H3K9ac
UBERON:0018112,ChIP-seq:H3K4me1,ChIP-seq:H3K27ac,0.18751081345993795,1.0,ChIP-seq:H3K27ac x ChIP-seq:H3K4me1
UBERON:0018112,ChIP-seq:H3K4me1,ChIP-seq:H3K27me3,0.07558802176605572,1.0,ChIP-seq:H3K27me3 x ChIP-seq:H3K4me1
UBERON:0018112,ChIP-seq:H3K4me1,ChIP-seq:H3K36me3,0.06879956588933342,1.0,ChIP-seq:H3K36me3 x ChIP-seq:H3K4me1
UBERON:0018112,ChIP-seq:H3K4me1,ChIP-seq:H3K4me3,0.12199764723001524,1.0,ChIP-seq:H3K4me1 x ChIP-seq:H3K4me3
UBERON:0018112,ChIP-seq:H3K4me1,ChIP-seq:H3K9ac,0.054374461174011235,1.0,ChIP-seq:H3K4me1 x ChIP-seq:H3K9ac
UBERON:0018112,ChIP-seq:H3K4me3,ChIP-seq:H3K27ac,0.16652033652788328,1.0,ChIP-seq:H3K27ac x ChIP-seq:H3K4me3
UBERON:0018112,ChIP-seq:H3K4me3,ChIP-seq:H3K27me3,0.10435180095109073,1.0,ChIP-seq:H3K27me3 x ChIP-seq:H3K4me3
UBERON:0018112,ChIP-seq:H3K4me3,ChIP-seq:H3K36me3,0.16194005702671252,1.0,ChIP-seq:H3K36me3 x ChIP-seq:H3K4me3
UBERON:0018112,ChIP-seq:H3K4me3,ChIP-seq:H3K4me1,0.0971029141674871,1.0,ChIP-seq:H3K4me1 x ChIP-seq:H3K4me3
UBERON:0018112,ChIP-seq:H3K4me3,ChIP-seq:H3K9ac,0.2546676063537598,1.0,ChIP-seq:H3K4me3 x ChIP-seq:H3K9ac
UBERON:0018112,ChIP-seq:H3K9ac,ChIP-seq:H3K27ac,0.16829716423411428,1.0,ChIP-seq:H3K27ac x ChIP-seq:H3K9ac
UBERON:0018112,ChIP-seq:H3K9ac,ChIP-seq:H3K27me3,0.23765463449738242,1.0,ChIP-seq:H3K27me3 x ChIP-seq:H3K9ac
UBERON:0018112,ChIP-seq:H3K9ac,ChIP-seq:H3K36me3,0.2838399168692137,1.0,ChIP-seq:H3K36me3 x ChIP-seq:H3K9ac
UBERON:0018112,ChIP-seq:H3K9ac,ChIP-seq:H3K4me1,0.08413960363553918,1.0,ChIP-seq:H3K4me1 x ChIP-seq:H3K9ac
UBERON:0018112,ChIP-seq:H3K9ac,ChIP-seq:H3K4me3,0.3548109963882801,1.0,ChIP-seq:H3K4me3 x ChIP-seq:H3K9ac
UBERON:0005270,DNase-seq,polyA plus RNA-seq,0.005526750999558306,33.0,DNase-seq x polyA plus RNA-seq
UBERON:0005270,polyA plus RNA-seq,DNase-seq,-0.0075661532787564875,33.0,DNase-seq x polyA plus RNA-seq
UBERON:0001224,DNase-seq,polyA plus RNA-seq,0.00963105442880214,30.0,DNase-seq x polyA plus RNA-seq
UBERON:0001224,polyA plus RNA-seq,DNase-seq,-0.005013622735676012,30.0,DNase-seq x polyA plus RNA-seq
UBERON:0006631,DNase-seq,ChIP-seq:H3K27ac,0.006345100976802687,2.0,ChIP-seq:H3K27ac x DNase-seq
UBERON:0006631,DNase-seq,ChIP-seq:H3K36me3,-0.04007611455101716,2.0,ChIP-seq:H3K36me3 x DNase-seq
UBERON:0006631,DNase-seq,ChIP-seq:H3K4me3,-0.02405620761388956,2.0,ChIP-seq:H3K4me3 x DNase-seq
UBERON:0006631,DNase-seq,ChIP-seq:CTCF,0.048341629358957396,2.0,ChIP-seq:CTCF x DNase-seq
UBERON:0006631,DNase-seq,RNA-seq,0.009248288293533465,8.0,DNase-seq x RNA-seq
UBERON:0006631,ChIP-seq:H3K27ac,DNase-seq,-0.032124008407297816,2.0,ChIP-seq:H3K27ac x DNase-seq
UBERON:0006631,ChIP-seq:H3K27ac,ChIP-seq:H3K36me3,0.007458491192052239,1.0,ChIP-seq:H3K27ac x ChIP-seq:H3K36me3
UBERON:0006631,ChIP-seq:H3K27ac,ChIP-seq:H3K4me3,0.16949724776800287,1.0,ChIP-seq:H3K27ac x ChIP-seq:H3K4me3
UBERON:0006631,ChIP-seq:H3K27ac,ChIP-seq:CTCF,0.013452172771377384,1.0,ChIP-seq:CTCF x ChIP-seq:H3K27ac
UBERON:0006631,ChIP-seq:H3K27ac,RNA-seq,0.015829903492156197,4.0,ChIP-seq:H3K27ac x RNA-seq
UBERON:0006631,ChIP-seq:H3K36me3,DNase-seq,-0.03371194227761829,2.0,ChIP-seq:H3K36me3 x DNase-seq
UBERON:0006631,ChIP-seq:H3K36me3,ChIP-seq:H3K27ac,-0.014689580387907263,1.0,ChIP-seq:H3K27ac x ChIP-seq:H3K36me3
UBERON:0006631,ChIP-seq:H3K36me3,ChIP-seq:H3K4me3,0.0496922621200251,1.0,ChIP-seq:H3K36me3 x ChIP-seq:H3K4me3
UBERON:0006631,ChIP-seq:H3K36me3,ChIP-seq:CTCF,-0.03759528090298738,1.0,ChIP-seq:CTCF x ChIP-seq:H3K36me3
UBERON:0006631,ChIP-seq:H3K36me3,RNA-seq,0.009731880137149027,4.0,ChIP-seq:H3K36me3 x RNA-seq
UBERON:0006631,ChIP-seq:H3K4me3,DNase-seq,-0.04289667131667285,2.0,ChIP-seq:H3K4me3 x DNase-seq
UBERON:0006631,ChIP-seq:H3K4me3,ChIP-seq:H3K27ac,0.13473856117990282,1.0,ChIP-seq:H3K27ac x ChIP-seq:H3K4me3
UBERON:0006631,ChIP-seq:H3K4me3,ChIP-seq:H3K36me3,0.08477283794628947,1.0,ChIP-seq:H3K36me3 x ChIP-seq:H3K4me3
UBERON:0006631,ChIP-seq:H3K4me3,ChIP-seq:CTCF,0.02213859276951484,1.0,ChIP-seq:CTCF x ChIP-seq:H3K4me3
UBERON:0006631,ChIP-seq:H3K4me3,RNA-seq,0.010818600452998102,4.0,ChIP-seq:H3K4me3 x RNA-seq
UBERON:0006631,ChIP-seq:CTCF,DNase-seq,-0.015014635687021868,2.0,ChIP-seq:CTCF x DNase-seq
UBERON:0006631,ChIP-seq:CTCF,ChIP-seq:H3K27ac,0.011407662091063864,1.0,ChIP-seq:CTCF x ChIP-seq:H3K27ac
UBERON:0006631,ChIP-seq:CTCF,ChIP-seq:H3K36me3,-0.029491603109789523,1.0,ChIP-seq:CTCF x ChIP-seq:H3K36me3
UBERON:0006631,ChIP-seq:CTCF,ChIP-seq:H3K4me3,0.027908873142198073,1.0,ChIP-seq:CTCF x ChIP-seq:H3K4me3
UBERON:0006631,ChIP-seq:CTCF,RNA-seq,0.0068227763605468415,4.0,ChIP-seq:CTCF x RNA-seq
UBERON:0006631,RNA-seq,DNase-seq,0.0009545974299004396,8.0,DNase-seq x RNA-seq
UBERON:0006631,RNA-seq,ChIP-seq:H3K27ac,0.021603969374188674,4.0,ChIP-seq:H3K27ac x RNA-seq
UBERON:0006631,RNA-seq,ChIP-seq:H3K36me3,0.026982876540798888,4.0,ChIP-seq:H3K36me3 x RNA-seq
UBERON:0006631,RNA-seq,ChIP-seq:H3K4me3,0.018516267576189925,4.0,ChIP-seq:H3K4me3 x RNA-seq
UBERON:0006631,RNA-seq,ChIP-seq:CTCF,-0.0001433629120858211,4.0,ChIP-seq:CTCF x RNA-seq
UBERON:0002078,ChIP-seq:H3K27ac,ChIP-seq:H3K27me3,0.04118769344958392,1.0,ChIP-seq:H3K27ac x ChIP-seq:H3K27me3
UBERON:0002078,ChIP-seq:H3K27ac,ChIP-seq:H3K4me1,0.3186805818391883,1.0,ChIP-seq:H3K27ac x ChIP-seq:H3K4me1
UBERON:0002078,ChIP-seq:H3K27ac,ChIP-seq:H3K4me3,0.03010973916497342,1.0,ChIP-seq:H3K27ac x ChIP-seq:H3K4me3
UBERON:0002078,ChIP-seq:H3K27ac,ChIP-seq:H3K9me3,0.052165714071856606,1.0,ChIP-seq:H3K27ac x ChIP-seq:H3K9me3
UBERON:0002078,ChIP-seq:H3K27ac,polyA plus RNA-seq,0.0032805683662351717,2.0,ChIP-seq:H3K27ac x polyA plus RNA-seq
UBERON:0002078,ChIP-seq:H3K27ac,RNA-seq,0.009403357092034506,8.0,ChIP-seq:H3K27ac x RNA-seq
UBERON:0002078,ChIP-seq:H3K27me3,ChIP-seq:H3K27ac,0.0617636106448409,1.0,ChIP-seq:H3K27ac x ChIP-seq:H3K27me3
UBERON:0002078,ChIP-seq:H3K27me3,ChIP-seq:H3K4me1,-0.12745725590249768,1.0,ChIP-seq:H3K27me3 x ChIP-seq:H3K4me1
UBERON:0002078,ChIP-seq:H3K27me3,ChIP-seq:H3K4me3,0.2329390635324079,1.0,ChIP-seq:H3K27me3 x ChIP-seq:H3K4me3
UBERON:0002078,ChIP-seq:H3K27me3,ChIP-seq:H3K9me3,0.1508774886528651,1.0,ChIP-seq:H3K27me3 x ChIP-seq:H3K9me3
UBERON:0002078,ChIP-seq:H3K27me3,polyA plus RNA-seq,-0.0033739812053035527,2.0,ChIP-seq:H3K27me3 x polyA plus RNA-seq
UBERON:0002078,ChIP-seq:H3K27me3,RNA-seq,-0.003930282614231464,8.0,ChIP-seq:H3K27me3 x RNA-seq
UBERON:0002078,ChIP-seq:H3K4me1,ChIP-seq:H3K27ac,0.3594418940720735,1.0,ChIP-seq:H3K27ac x ChIP-seq:H3K4me1
UBERON:0002078,ChIP-seq:H3K4me1,ChIP-seq:H3K27me3,-0.12319021739742972,1.0,ChIP-seq:H3K27me3 x ChIP-seq:H3K4me1
UBERON:0002078,ChIP-seq:H3K4me1,ChIP-seq:H3K4me3,-0.044927907197974445,1.0,ChIP-seq:H3K4me1 x ChIP-seq:H3K4me3
UBERON:0002078,ChIP-seq:H3K4me1,ChIP-seq:H3K9me3,-0.1077113883362876,1.0,ChIP-seq:H3K4me1 x ChIP-seq:H3K9me3
UBERON:0002078,ChIP-seq:H3K4me1,polyA plus RNA-seq,0.006498057694096962,2.0,ChIP-seq:H3K4me1 x polyA plus RNA-seq
UBERON:0002078,ChIP-seq:H3K4me1,RNA-seq,-0.004706978036926931,8.0,ChIP-seq:H3K4me1 x RNA-seq
UBERON:0002078,ChIP-seq:H3K4me3,ChIP-seq:H3K27ac,0.036885155939761494,1.0,ChIP-seq:H3K27ac x ChIP-seq:H3K4me3
UBERON:0002078,ChIP-seq:H3K4me3,ChIP-seq:H3K27me3,0.16589954766360196,1.0,ChIP-seq:H3K27me3 x ChIP-seq:H3K4me3
UBERON:0002078,ChIP-seq:H3K4me3,ChIP-seq:H3K4me1,-0.0651763969141504,1.0,ChIP-seq:H3K4me1 x ChIP-seq:H3K4me3
UBERON:0002078,ChIP-seq:H3K4me3,ChIP-seq:H3K9me3,0.06456242402394613,1.0,ChIP-seq:H3K4me3 x ChIP-seq:H3K9me3
UBERON:0002078,ChIP-seq:H3K4me3,polyA plus RNA-seq,-0.020603799247810015,2.0,ChIP-seq:H3K4me3 x polyA plus RNA-seq
UBERON:0002078,ChIP-seq:H3K4me3,RNA-seq,0.000712943367323797,8.0,ChIP-seq:H3K4me3 x RNA-seq
UBERON:0002078,ChIP-seq:H3K9me3,ChIP-seq:H3K27ac,0.029728483178733306,1.0,ChIP-seq:H3K27ac x ChIP-seq:H3K9me3
UBERON:0002078,ChIP-seq:H3K9me3,ChIP-seq:H3K27me3,0.11635279790921645,1.0,ChIP-seq:H3K27me3 x ChIP-seq:H3K9me3
UBERON:0002078,ChIP-seq:H3K9me3,ChIP-seq:H3K4me1,-0.10238701299480771,1.0,ChIP-seq:H3K4me1 x ChIP-seq:H3K9me3
UBERON:0002078,ChIP-seq:H3K9me3,ChIP-seq:H3K4me3,0.06746115296386009,1.0,ChIP-seq:H3K4me3 x ChIP-seq:H3K9me3
UBERON:0002078,ChIP-seq:H3K9me3,polyA plus RNA-seq,-0.008283185471052085,2.0,ChIP-seq:H3K9me3 x polyA plus RNA-seq
UBERON:0002078,ChIP-seq:H3K9me3,RNA-seq,0.005958899402119343,8.0,ChIP-seq:H3K9me3 x RNA-seq
UBERON:0002078,polyA plus RNA-seq,ChIP-seq:H3K27ac,0.00965853467767621,2.0,ChIP-seq:H3K27ac x polyA plus RNA-seq
UBERON:0002078,polyA plus RNA-seq,ChIP-seq:H3K27me3,-0.0006791956045410844,2.0,ChIP-seq:H3K27me3 x polyA plus RNA-seq
UBERON:0002078,polyA plus RNA-seq,ChIP-seq:H3K4me1,0.0035274402926797448,2.0,ChIP-seq:H3K4me1 x polyA plus RNA-seq
UBERON:0002078,polyA plus RNA-seq,ChIP-seq:H3K4me3,-0.01897317718627841,2.0,ChIP-seq:H3K4me3 x polyA plus RNA-seq
UBERON:0002078,polyA plus RNA-seq,ChIP-seq:H3K9me3,-0.0025448287940687602,2.0,ChIP-seq:H3K9me3 x polyA plus RNA-seq
UBERON:0002078,polyA plus RNA-seq,RNA-seq,0.15843321747564645,16.0,RNA-seq x polyA plus RNA-seq
UBERON:0002078,RNA-seq,ChIP-seq:H3K27ac,0.004202419363054228,8.0,ChIP-seq:H3K27ac x RNA-seq
UBERON:0002078,RNA-seq,ChIP-seq:H3K27me3,0.00850500763309273,8.0,ChIP-seq:H3K27me3 x RNA-seq
UBERON:0002078,RNA-seq,ChIP-seq:H3K4me1,0.0016002029828403302,8.0,ChIP-seq:H3K4me1 x RNA-seq
UBERON:0002078,RNA-seq,ChIP-seq:H3K4me3,0.015492174167965733,8.0,ChIP-seq:H3K4me3 x RNA-seq
UBERON:0002078,RNA-seq,ChIP-seq:H3K9me3,0.001095949837730991,8.0,ChIP-seq:H3K9me3 x RNA-seq
UBERON:0002078,RNA-seq,polyA plus RNA-seq,0.11665850570345335,16.0,RNA-seq x polyA plus RNA-seq
UBERON:0001114,DNase-seq,ChIP-seq:H3K27ac,0.11726061079973056,1.0,ChIP-seq:H3K27ac x DNase-seq
UBERON:0001114,DNase-seq,ChIP-seq:H3K36me3,-0.03656587345819724,1.0,ChIP-seq:H3K36me3 x DNase-seq
UBERON:0001114,DNase-seq,ChIP-seq:H3K4me1,0.007820909275956776,1.0,ChIP-seq:H3K4me1 x DNase-seq
UBERON:0001114,DNase-seq,ChIP-seq:H3K4me3,0.021551013339397518,1.0,ChIP-seq:H3K4me3 x DNase-seq
UBERON:0001114,DNase-seq,ChIP-seq:CTCF,-0.028178472282751554,1.0,ChIP-seq:CTCF x DNase-seq
UBERON:0001114,DNase-seq,RNA-seq,-0.002572676866606482,10.0,DNase-seq x RNA-seq
UBERON:0001114,DNase-seq,ChIP-seq:POLR2A,0.14173014854129992,1.0,ChIP-seq:POLR2A x DNase-seq
UBERON:0001114,ChIP-seq:H3K27ac,DNase-seq,0.1414223034844607,1.0,ChIP-seq:H3K27ac x DNase-seq
UBERON:0001114,ChIP-seq:H3K27ac,ChIP-seq:H3K36me3,0.047326240610135226,1.0,ChIP-seq:H3K27ac x ChIP-seq:H3K36me3
UBERON:0001114,ChIP-seq:H3K27ac,ChIP-seq:H3K4me1,0.18225553631782532,1.0,ChIP-seq:H3K27ac x ChIP-seq:H3K4me1
UBERON:0001114,ChIP-seq:H3K27ac,ChIP-seq:H3K4me3,0.2400653155737145,1.0,ChIP-seq:H3K27ac x ChIP-seq:H3K4me3
UBERON:0001114,ChIP-seq:H3K27ac,ChIP-seq:CTCF,0.0021328417197713292,1.0,ChIP-seq:CTCF x ChIP-seq:H3K27ac
UBERON:0001114,ChIP-seq:H3K27ac,RNA-seq,0.02583590329120153,10.0,ChIP-seq:H3K27ac x RNA-seq
UBERON:0001114,ChIP-seq:H3K27ac,ChIP-seq:POLR2A,0.16182595543694078,1.0,ChIP-seq:H3K27ac x ChIP-seq:POLR2A
UBERON:0001114,ChIP-seq:H3K36me3,DNase-seq,-0.04731960064111455,1.0,ChIP-seq:H3K36me3 x DNase-seq
UBERON:0001114,ChIP-seq:H3K36me3,ChIP-seq:H3K27ac,0.029340097703683524,1.0,ChIP-seq:H3K27ac x ChIP-seq:H3K36me3
UBERON:0001114,ChIP-seq:H3K36me3,ChIP-seq:H3K4me1,0.5522233662397965,1.0,ChIP-seq:H3K36me3 x ChIP-seq:H3K4me1
UBERON:0001114,ChIP-seq:H3K36me3,ChIP-seq:H3K4me3,0.02352374086892882,1.0,ChIP-seq:H3K36me3 x ChIP-seq:H3K4me3
UBERON:0001114,ChIP-seq:H3K36me3,ChIP-seq:CTCF,-0.02012572883856746,1.0,ChIP-seq:CTCF x ChIP-seq:H3K36me3
UBERON:0001114,ChIP-seq:H3K36me3,RNA-seq,0.03038304608875357,10.0,ChIP-seq:H3K36me3 x RNA-seq
UBERON:0001114,ChIP-seq:H3K36me3,ChIP-seq:POLR2A,-0.016742258087584852,1.0,ChIP-seq:H3K36me3 x ChIP-seq:POLR2A
UBERON:0001114,ChIP-seq:H3K4me1,DNase-seq,-0.053454457190854995,1.0,ChIP-seq:H3K4me1 x DNase-seq
UBERON:0001114,ChIP-seq:H3K4me1,ChIP-seq:H3K27ac,0.13932276140024633,1.0,ChIP-seq:H3K27ac x ChIP-seq:H3K4me1
UBERON:0001114,ChIP-seq:H3K4me1,ChIP-seq:H3K36me3,0.5272662978423269,1.0,ChIP-seq:H3K36me3 x ChIP-seq:H3K4me1
UBERON:0001114,ChIP-seq:H3K4me1,ChIP-seq:H3K4me3,0.011890413525492645,1.0,ChIP-seq:H3K4me1 x ChIP-seq:H3K4me3
UBERON:0001114,ChIP-seq:H3K4me1,ChIP-seq:CTCF,0.009622817753620866,1.0,ChIP-seq:CTCF x ChIP-seq:H3K4me1
UBERON:0001114,ChIP-seq:H3K4me1,RNA-seq,0.008982008318627933,10.0,ChIP-seq:H3K4me1 x RNA-seq
UBERON:0001114,ChIP-seq:H3K4me1,ChIP-seq:POLR2A,-0.09319883722223733,1.0,ChIP-seq:H3K4me1 x ChIP-seq:POLR2A
UBERON:0001114,ChIP-seq:H3K4me3,DNase-seq,0.013133609471100455,1.0,ChIP-seq:H3K4me3 x DNase-seq
UBERON:0001114,ChIP-seq:H3K4me3,ChIP-seq:H3K27ac,0.2684586566907388,1.0,ChIP-seq:H3K27ac x ChIP-seq:H3K4me3
UBERON:0001114,ChIP-seq:H3K4me3,ChIP-seq:H3K36me3,0.05593255009306104,1.0,ChIP-seq:H3K36me3 x ChIP-seq:H3K4me3
UBERON:0001114,ChIP-seq:H3K4me3,ChIP-seq:H3K4me1,0.06227715896523517,1.0,ChIP-seq:H3K4me1 x ChIP-seq:H3K4me3
UBERON:0001114,ChIP-seq:H3K4me3,ChIP-seq:CTCF,0.004826137268880627,1.0,ChIP-seq:CTCF x ChIP-seq:H3K4me3
UBERON:0001114,ChIP-seq:H3K4me3,RNA-seq,0.026129609673575173,10.0,ChIP-seq:H3K4me3 x RNA-seq
UBERON:0001114,ChIP-seq:H3K4me3,ChIP-seq:POLR2A,0.12876318787273608,1.0,ChIP-seq:H3K4me3 x ChIP-seq:POLR2A
UBERON:0001114,ChIP-seq:CTCF,DNase-seq,-0.0012253220636005008,1.0,ChIP-seq:CTCF x DNase-seq
UBERON:0001114,ChIP-seq:CTCF,ChIP-seq:H3K27ac,0.020232984865153278,1.0,ChIP-seq:CTCF x ChIP-seq:H3K27ac
UBERON:0001114,ChIP-seq:CTCF,ChIP-seq:H3K36me3,0.020900998441012283,1.0,ChIP-seq:CTCF x ChIP-seq:H3K36me3
UBERON:0001114,ChIP-seq:CTCF,ChIP-seq:H3K4me1,0.08111676865297815,1.0,ChIP-seq:CTCF x ChIP-seq:H3K4me1
UBERON:0001114,ChIP-seq:CTCF,ChIP-seq:H3K4me3,0.027756345531968183,1.0,ChIP-seq:CTCF x ChIP-seq:H3K4me3
UBERON:0001114,ChIP-seq:CTCF,RNA-seq,-0.007829589707896932,10.0,ChIP-seq:CTCF x RNA-seq
UBERON:0001114,ChIP-seq:CTCF,ChIP-seq:POLR2A,-0.032674061363203485,1.0,ChIP-seq:CTCF x ChIP-seq:POLR2A
UBERON:0001114,RNA-seq,DNase-seq,0.016249466823428333,10.0,DNase-seq x RNA-seq
UBERON:0001114,RNA-seq,ChIP-seq:H3K27ac,0.04156291241999025,10.0,ChIP-seq:H3K27ac x RNA-seq
UBERON:0001114,RNA-seq,ChIP-seq:H3K36me3,0.027565617812307264,10.0,ChIP-seq:H3K36me3 x RNA-seq
UBERON:0001114,RNA-seq,ChIP-seq:H3K4me1,0.010629392836404883,10.0,ChIP-seq:H3K4me1 x RNA-seq
UBERON:0001114,RNA-seq,ChIP-seq:H3K4me3,0.03417020326436952,10.0,ChIP-seq:H3K4me3 x RNA-seq
UBERON:0001114,RNA-seq,ChIP-seq:CTCF,-0.0021516248021485667,10.0,ChIP-seq:CTCF x RNA-seq
UBERON:0001114,RNA-seq,ChIP-seq:POLR2A,0.03192392577204788,10.0,ChIP-seq:POLR2A x RNA-seq
UBERON:0001114,ChIP-seq:POLR2A,DNase-seq,0.14052700000434423,1.0,ChIP-seq:POLR2A x DNase-seq
UBERON:0001114,ChIP-seq:POLR2A,ChIP-seq:H3K27ac,0.14869801313788802,1.0,ChIP-seq:H3K27ac x ChIP-seq:POLR2A
UBERON:0001114,ChIP-seq:POLR2A,ChIP-seq:H3K36me3,0.05954961039518055,1.0,ChIP-seq:H3K36me3 x ChIP-seq:POLR2A
UBERON:0001114,ChIP-seq:POLR2A,ChIP-seq:H3K4me1,0.03364841591404832,1.0,ChIP-seq:H3K4me1 x ChIP-seq:POLR2A
UBERON:0001114,ChIP-seq:POLR2A,ChIP-seq:H3K4me3,0.06637149702670964,1.0,ChIP-seq:H3K4me3 x ChIP-seq:POLR2A
UBERON:0001114,ChIP-seq:POLR2A,ChIP-seq:CTCF,0.012166499248090781,1.0,ChIP-seq:CTCF x ChIP-seq:POLR2A
UBERON:0001114,ChIP-seq:POLR2A,RNA-seq,0.019061995391913986,10.0,ChIP-seq:POLR2A x RNA-seq
UBERON:0002167,DNase-seq,polyA plus RNA-seq,0.005913830899716175,55.0,DNase-seq x polyA plus RNA-seq
UBERON:0002167,polyA plus RNA-seq,DNase-seq,0.0011121710560881692,55.0,DNase-seq x polyA plus RNA-seq
UBERON:0018118,DNase-seq,polyA plus RNA-seq,0.003911033386928369,9.0,DNase-seq x polyA plus RNA-seq
UBERON:0018118,polyA plus RNA-seq,DNase-seq,-0.0029070144912274505,9.0,DNase-seq x polyA plus RNA-seq
UBERON:0018116,DNase-seq,polyA plus RNA-seq,0.007544072656234677,16.0,DNase-seq x polyA plus RNA-seq
UBERON:0018116,polyA plus RNA-seq,DNase-seq,-0.0009935523040708483,16.0,DNase-seq x polyA plus RNA-seq
UBERON:0001159,DNase-seq,ChIP-seq:H3K27ac,0.03578998645146689,6.0,ChIP-seq:H3K27ac x DNase-seq
UBERON:0001159,DNase-seq,ChIP-seq:H3K27me3,0.1081191395010267,4.0,ChIP-seq:H3K27me3 x DNase-seq
UBERON:0001159,DNase-seq,ChIP-seq:H3K36me3,0.008052140791365441,6.0,ChIP-seq:H3K36me3 x DNase-seq
UBERON:0001159,DNase-seq,ChIP-seq:H3K4me1,-0.010547087502365556,4.0,ChIP-seq:H3K4me1 x DNase-seq
UBERON:0001159,DNase-seq,ChIP-seq:H3K4me3,-0.02082899702546742,6.0,ChIP-seq:H3K4me3 x DNase-seq
UBERON:0001159,DNase-seq,ChIP-seq:H3K9me3,-0.018498235957676107,6.0,ChIP-seq:H3K9me3 x DNase-seq
UBERON:0001159,DNase-seq,ChIP-seq:CTCF,-0.013834464053312939,6.0,ChIP-seq:CTCF x DNase-seq
UBERON:0001159,DNase-seq,polyA plus RNA-seq,0.00304720970549493,16.0,DNase-seq x polyA plus RNA-seq
UBERON:0001159,DNase-seq,RNA-seq,0.010906033137162832,16.0,DNase-seq x RNA-seq
UBERON:0001159,DNase-seq,ChIP-seq:POLR2A,0.023381057712766856,8.0,ChIP-seq:POLR2A x DNase-seq
UBERON:0001159,DNase-seq,ChIP-seq:POLR2AphosphoS5,-0.013474263823949367,8.0,ChIP-seq:POLR2AphosphoS5 x DNase-seq
UBERON:0001159,DNase-seq,ChIP-seq:EP300,-0.0032774674204679582,8.0,ChIP-seq:EP300 x DNase-seq
UBERON:0001159,ChIP-seq:H3K27ac,DNase-seq,0.033006718683078945,6.0,ChIP-seq:H3K27ac x DNase-seq
UBERON:0001159,ChIP-seq:H3K27ac,ChIP-seq:H3K27me3,0.12449320509320215,6.0,ChIP-seq:H3K27ac x ChIP-seq:H3K27me3
UBERON:0001159,ChIP-seq:H3K27ac,ChIP-seq:H3K36me3,-0.009612083100398945,9.0,ChIP-seq:H3K27ac x ChIP-seq:H3K36me3
UBERON:0001159,ChIP-seq:H3K27ac,ChIP-seq:H3K4me1,0.06259061621403651,6.0,ChIP-seq:H3K27ac x ChIP-seq:H3K4me1
UBERON:0001159,ChIP-seq:H3K27ac,ChIP-seq:H3K4me3,0.06205222789483825,9.0,ChIP-seq:H3K27ac x ChIP-seq:H3K4me3
UBERON:0001159,ChIP-seq:H3K27ac,ChIP-seq:H3K9me3,-0.009521858387634845,9.0,ChIP-seq:H3K27ac x ChIP-seq:H3K9me3
UBERON:0001159,ChIP-seq:H3K27ac,ChIP-seq:CTCF,-0.00799687168537042,9.0,ChIP-seq:CTCF x ChIP-seq:H3K27ac
UBERON:0001159,ChIP-seq:H3K27ac,polyA plus RNA-seq,-0.0012767550520113788,24.0,ChIP-seq:H3K27ac x polyA plus RNA-seq
UBERON:0001159,ChIP-seq:H3K27ac,RNA-seq,0.010801072948430135,24.0,ChIP-seq:H3K27ac x RNA-seq
UBERON:0001159,ChIP-seq:H3K27ac,ChIP-seq:POLR2A,0.0023824760207423468,12.0,ChIP-seq:H3K27ac x ChIP-seq:POLR2A
UBERON:0001159,ChIP-seq:H3K27ac,ChIP-seq:POLR2AphosphoS5,-0.006810403787172764,12.0,ChIP-seq:H3K27ac x ChIP-seq:POLR2AphosphoS5
UBERON:0001159,ChIP-seq:H3K27ac,ChIP-seq:EP300,-0.032567343364159264,12.0,ChIP-seq:EP300 x ChIP-seq:H3K27ac
UBERON:0001159,ChIP-seq:H3K27me3,DNase-seq,0.11000734782710518,4.0,ChIP-seq:H3K27me3 x DNase-seq
UBERON:0001159,ChIP-seq:H3K27me3,ChIP-seq:H3K27ac,0.09760186870892844,6.0,ChIP-seq:H3K27ac x ChIP-seq:H3K27me3
UBERON:0001159,ChIP-seq:H3K27me3,ChIP-seq:H3K36me3,0.001621190749161637,6.0,ChIP-seq:H3K27me3 x ChIP-seq:H3K36me3
UBERON:0001159,ChIP-seq:H3K27me3,ChIP-seq:H3K4me1,0.010791309300016184,4.0,ChIP-seq:H3K27me3 x ChIP-seq:H3K4me1
UBERON:0001159,ChIP-seq:H3K27me3,ChIP-seq:H3K4me3,0.009305502467312165,6.0,ChIP-seq:H3K27me3 x ChIP-seq:H3K4me3
UBERON:0001159,ChIP-seq:H3K27me3,ChIP-seq:H3K9me3,0.014367640688178251,6.0,ChIP-seq:H3K27me3 x ChIP-seq:H3K9me3
UBERON:0001159,ChIP-seq:H3K27me3,ChIP-seq:CTCF,-0.024158876198224537,6.0,ChIP-seq:CTCF x ChIP-seq:H3K27me3
UBERON:0001159,ChIP-seq:H3K27me3,polyA plus RNA-seq,-0.014336854273741168,16.0,ChIP-seq:H3K27me3 x polyA plus RNA-seq
UBERON:0001159,ChIP-seq:H3K27me3,RNA-seq,0.005141994867234927,16.0,ChIP-seq:H3K27me3 x RNA-seq
UBERON:0001159,ChIP-seq:H3K27me3,ChIP-seq:POLR2A,-0.006871690007823485,8.0,ChIP-seq:H3K27me3 x ChIP-seq:POLR2A
UBERON:0001159,ChIP-seq:H3K27me3,ChIP-seq:POLR2AphosphoS5,-0.0673462851689412,8.0,ChIP-seq:H3K27me3 x ChIP-seq:POLR2AphosphoS5
UBERON:0001159,ChIP-seq:H3K27me3,ChIP-seq:EP300,-0.04666938546758431,8.0,ChIP-seq:EP300 x ChIP-seq:H3K27me3
UBERON:0001159,ChIP-seq:H3K36me3,DNase-seq,0.023146106256652123,6.0,ChIP-seq:H3K36me3 x DNase-seq
UBERON:0001159,ChIP-seq:H3K36me3,ChIP-seq:H3K27ac,-0.014851118955347273,9.0,ChIP-seq:H3K27ac x ChIP-seq:H3K36me3
UBERON:0001159,ChIP-seq:H3K36me3,ChIP-seq:H3K27me3,0.006930533874602546,6.0,ChIP-seq:H3K27me3 x ChIP-seq:H3K36me3
UBERON:0001159,ChIP-seq:H3K36me3,ChIP-seq:H3K4me1,0.09202848980118453,6.0,ChIP-seq:H3K36me3 x ChIP-seq:H3K4me1
UBERON:0001159,ChIP-seq:H3K36me3,ChIP-seq:H3K4me3,0.040299298104732435,9.0,ChIP-seq:H3K36me3 x ChIP-seq:H3K4me3
UBERON:0001159,ChIP-seq:H3K36me3,ChIP-seq:H3K9me3,0.12443129251363422,9.0,ChIP-seq:H3K36me3 x ChIP-seq:H3K9me3
UBERON:0001159,ChIP-seq:H3K36me3,ChIP-seq:CTCF,0.034949084632417075,9.0,ChIP-seq:CTCF x ChIP-seq:H3K36me3
UBERON:0001159,ChIP-seq:H3K36me3,polyA plus RNA-seq,-0.006449150759636257,24.0,ChIP-seq:H3K36me3 x polyA plus RNA-seq
UBERON:0001159,ChIP-seq:H3K36me3,RNA-seq,-0.005894693677989813,24.0,ChIP-seq:H3K36me3 x RNA-seq
UBERON:0001159,ChIP-seq:H3K36me3,ChIP-seq:POLR2A,-0.000864684673739069,12.0,ChIP-seq:H3K36me3 x ChIP-seq:POLR2A
UBERON:0001159,ChIP-seq:H3K36me3,ChIP-seq:POLR2AphosphoS5,-0.012450115038798405,12.0,ChIP-seq:H3K36me3 x ChIP-seq:POLR2AphosphoS5
UBERON:0001159,ChIP-seq:H3K36me3,ChIP-seq:EP300,-0.0037385156521430388,12.0,ChIP-seq:EP300 x ChIP-seq:H3K36me3
UBERON:0001159,ChIP-seq:H3K4me1,DNase-seq,0.014401883674190217,4.0,ChIP-seq:H3K4me1 x DNase-seq
UBERON:0001159,ChIP-seq:H3K4me1,ChIP-seq:H3K27ac,0.05824230710665385,6.0,ChIP-seq:H3K27ac x ChIP-seq:H3K4me1
UBERON:0001159,ChIP-seq:H3K4me1,ChIP-seq:H3K27me3,0.005631684320313593,4.0,ChIP-seq:H3K27me3 x ChIP-seq:H3K4me1
UBERON:0001159,ChIP-seq:H3K4me1,ChIP-seq:H3K36me3,0.08029793192308846,6.0,ChIP-seq:H3K36me3 x ChIP-seq:H3K4me1
UBERON:0001159,ChIP-seq:H3K4me1,ChIP-seq:H3K4me3,0.03195485749015226,6.0,ChIP-seq:H3K4me1 x ChIP-seq:H3K4me3
UBERON:0001159,ChIP-seq:H3K4me1,ChIP-seq:H3K9me3,0.10170101126035055,6.0,ChIP-seq:H3K4me1 x ChIP-seq:H3K9me3
UBERON:0001159,ChIP-seq:H3K4me1,ChIP-seq:CTCF,0.03455514097825074,6.0,ChIP-seq:CTCF x ChIP-seq:H3K4me1
UBERON:0001159,ChIP-seq:H3K4me1,polyA plus RNA-seq,0.003723754865217834,16.0,ChIP-seq:H3K4me1 x polyA plus RNA-seq
UBERON:0001159,ChIP-seq:H3K4me1,RNA-seq,0.007041199252257154,16.0,ChIP-seq:H3K4me1 x RNA-seq
UBERON:0001159,ChIP-seq:H3K4me1,ChIP-seq:POLR2A,-0.002183067612349987,8.0,ChIP-seq:H3K4me1 x ChIP-seq:POLR2A
UBERON:0001159,ChIP-seq:H3K4me1,ChIP-seq:POLR2AphosphoS5,-0.02112527757596511,8.0,ChIP-seq:H3K4me1 x ChIP-seq:POLR2AphosphoS5
UBERON:0001159,ChIP-seq:H3K4me1,ChIP-seq:EP300,-0.0327608182739753,8.0,ChIP-seq:EP300 x ChIP-seq:H3K4me1
UBERON:0001159,ChIP-seq:H3K4me3,DNase-seq,-0.017182499272716825,6.0,ChIP-seq:H3K4me3 x DNase-seq
UBERON:0001159,ChIP-seq:H3K4me3,ChIP-seq:H3K27ac,0.0320928732554118,9.0,ChIP-seq:H3K27ac x ChIP-seq:H3K4me3
UBERON:0001159,ChIP-seq:H3K4me3,ChIP-seq:H3K27me3,0.015454280773798625,6.0,ChIP-seq:H3K27me3 x ChIP-seq:H3K4me3
UBERON:0001159,ChIP-seq:H3K4me3,ChIP-seq:H3K36me3,0.030736761806140836,9.0,ChIP-seq:H3K36me3 x ChIP-seq:H3K4me3
UBERON:0001159,ChIP-seq:H3K4me3,ChIP-seq:H3K4me1,0.047090338051101986,6.0,ChIP-seq:H3K4me1 x ChIP-seq:H3K4me3
UBERON:0001159,ChIP-seq:H3K4me3,ChIP-seq:H3K9me3,0.05434063549494178,9.0,ChIP-seq:H3K4me3 x ChIP-seq:H3K9me3
UBERON:0001159,ChIP-seq:H3K4me3,ChIP-seq:CTCF,0.005745052527158692,9.0,ChIP-seq:CTCF x ChIP-seq:H3K4me3
UBERON:0001159,ChIP-seq:H3K4me3,polyA plus RNA-seq,-0.013362753741711059,24.0,ChIP-seq:H3K4me3 x polyA plus RNA-seq
UBERON:0001159,ChIP-seq:H3K4me3,RNA-seq,0.007631730285317578,24.0,ChIP-seq:H3K4me3 x RNA-seq
UBERON:0001159,ChIP-seq:H3K4me3,ChIP-seq:POLR2A,-0.005568722148000471,12.0,ChIP-seq:H3K4me3 x ChIP-seq:POLR2A
UBERON:0001159,ChIP-seq:H3K4me3,ChIP-seq:POLR2AphosphoS5,0.0002534993183918588,12.0,ChIP-seq:H3K4me3 x ChIP-seq:POLR2AphosphoS5
UBERON:0001159,ChIP-seq:H3K4me3,ChIP-seq:EP300,-0.008325293278082825,12.0,ChIP-seq:EP300 x ChIP-seq:H3K4me3
UBERON:0001159,ChIP-seq:H3K9me3,DNase-seq,-0.017439339450749335,6.0,ChIP-seq:H3K9me3 x DNase-seq
UBERON:0001159,ChIP-seq:H3K9me3,ChIP-seq:H3K27ac,-0.024166236900620988,9.0,ChIP-seq:H3K27ac x ChIP-seq:H3K9me3
UBERON:0001159,ChIP-seq:H3K9me3,ChIP-seq:H3K27me3,0.011518731117248535,6.0,ChIP-seq:H3K27me3 x ChIP-seq:H3K9me3
UBERON:0001159,ChIP-seq:H3K9me3,ChIP-seq:H3K36me3,0.10042641405236354,9.0,ChIP-seq:H3K36me3 x ChIP-seq:H3K9me3
UBERON:0001159,ChIP-seq:H3K9me3,ChIP-seq:H3K4me1,0.09954644470918375,6.0,ChIP-seq:H3K4me1 x ChIP-seq:H3K9me3
UBERON:0001159,ChIP-seq:H3K9me3,ChIP-seq:H3K4me3,0.04426588698731902,9.0,ChIP-seq:H3K4me3 x ChIP-seq:H3K9me3
UBERON:0001159,ChIP-seq:H3K9me3,ChIP-seq:CTCF,0.025219569858322792,9.0,ChIP-seq:CTCF x ChIP-seq:H3K9me3
UBERON:0001159,ChIP-seq:H3K9me3,polyA plus RNA-seq,-0.01317010461683118,24.0,ChIP-seq:H3K9me3 x polyA plus RNA-seq
UBERON:0001159,ChIP-seq:H3K9me3,RNA-seq,-0.007380484630628795,24.0,ChIP-seq:H3K9me3 x RNA-seq
UBERON:0001159,ChIP-seq:H3K9me3,ChIP-seq:POLR2A,-0.010118226578206192,12.0,ChIP-seq:H3K9me3 x ChIP-seq:POLR2A
UBERON:0001159,ChIP-seq:H3K9me3,ChIP-seq:POLR2AphosphoS5,-0.007200265924135842,12.0,ChIP-seq:H3K9me3 x ChIP-seq:POLR2AphosphoS5
UBERON:0001159,ChIP-seq:H3K9me3,ChIP-seq:EP300,-0.005391390659870252,12.0,ChIP-seq:EP300 x ChIP-seq:H3K9me3
UBERON:0001159,ChIP-seq:CTCF,DNase-seq,-0.044577423828778814,6.0,ChIP-seq:CTCF x DNase-seq
UBERON:0001159,ChIP-seq:CTCF,ChIP-seq:H3K27ac,0.00026762088139851634,9.0,ChIP-seq:CTCF x ChIP-seq:H3K27ac
UBERON:0001159,ChIP-seq:CTCF,ChIP-seq:H3K27me3,-0.01903787579564821,6.0,ChIP-seq:CTCF x ChIP-seq:H3K27me3
UBERON:0001159,ChIP-seq:CTCF,ChIP-seq:H3K36me3,0.018174557257487706,9.0,ChIP-seq:CTCF x ChIP-seq:H3K36me3
UBERON:0001159,ChIP-seq:CTCF,ChIP-seq:H3K4me1,0.021625281737367524,6.0,ChIP-seq:CTCF x ChIP-seq:H3K4me1
UBERON:0001159,ChIP-seq:CTCF,ChIP-seq:H3K4me3,0.011594239115155364,9.0,ChIP-seq:CTCF x ChIP-seq:H3K4me3
UBERON:0001159,ChIP-seq:CTCF,ChIP-seq:H3K9me3,0.010457822297247454,9.0,ChIP-seq:CTCF x ChIP-seq:H3K9me3
UBERON:0001159,ChIP-seq:CTCF,polyA plus RNA-seq,0.005241201022971129,24.0,ChIP-seq:CTCF x polyA plus RNA-seq
UBERON:0001159,ChIP-seq:CTCF,RNA-seq,-0.011358490088395626,24.0,ChIP-seq:CTCF x RNA-seq
UBERON:0001159,ChIP-seq:CTCF,ChIP-seq:POLR2A,0.08208880895449791,12.0,ChIP-seq:CTCF x ChIP-seq:POLR2A
UBERON:0001159,ChIP-seq:CTCF,ChIP-seq:POLR2AphosphoS5,-0.011442640461982824,12.0,ChIP-seq:CTCF x ChIP-seq:POLR2AphosphoS5
UBERON:0001159,ChIP-seq:CTCF,ChIP-seq:EP300,0.016984643080295667,12.0,ChIP-seq:CTCF x ChIP-seq:EP300
UBERON:0001159,polyA plus RNA-seq,DNase-seq,0.0259086033233355,16.0,DNase-seq x polyA plus RNA-seq
UBERON:0001159,polyA plus RNA-seq,ChIP-seq:H3K27ac,0.007671210169792178,24.0,ChIP-seq:H3K27ac x polyA plus RNA-seq
UBERON:0001159,polyA plus RNA-seq,ChIP-seq:H3K27me3,-0.003618768560034888,16.0,ChIP-seq:H3K27me3 x polyA plus RNA-seq
UBERON:0001159,polyA plus RNA-seq,ChIP-seq:H3K36me3,-0.011796651738332518,24.0,ChIP-seq:H3K36me3 x polyA plus RNA-seq
UBERON:0001159,polyA plus RNA-seq,ChIP-seq:H3K4me1,-0.00371703710101667,16.0,ChIP-seq:H3K4me1 x polyA plus RNA-seq
UBERON:0001159,polyA plus RNA-seq,ChIP-seq:H3K4me3,-0.0010848342672759928,24.0,ChIP-seq:H3K4me3 x polyA plus RNA-seq
UBERON:0001159,polyA plus RNA-seq,ChIP-seq:H3K9me3,-0.005669566265513164,24.0,ChIP-seq:H3K9me3 x polyA plus RNA-seq
UBERON:0001159,polyA plus RNA-seq,ChIP-seq:CTCF,0.01252596099407245,24.0,ChIP-seq:CTCF x polyA plus RNA-seq
UBERON:0001159,polyA plus RNA-seq,RNA-seq,0.012102481729910658,64.0,RNA-seq x polyA plus RNA-seq
UBERON:0001159,polyA plus RNA-seq,ChIP-seq:POLR2A,0.0032688020211127065,32.0,ChIP-seq:POLR2A x polyA plus RNA-seq
UBERON:0001159,polyA plus RNA-seq,ChIP-seq:POLR2AphosphoS5,0.006106684987361614,32.0,ChIP-seq:POLR2AphosphoS5 x polyA plus RNA-seq
UBERON:0001159,polyA plus RNA-seq,ChIP-seq:EP300,0.00021686053906495775,32.0,ChIP-seq:EP300 x polyA plus RNA-seq
UBERON:0001159,RNA-seq,DNase-seq,0.02250073832392539,16.0,DNase-seq x RNA-seq
UBERON:0001159,RNA-seq,ChIP-seq:H3K27ac,0.005197107791900635,24.0,ChIP-seq:H3K27ac x RNA-seq
UBERON:0001159,RNA-seq,ChIP-seq:H3K27me3,0.0060773126940642085,16.0,ChIP-seq:H3K27me3 x RNA-seq
UBERON:0001159,RNA-seq,ChIP-seq:H3K36me3,-0.008112905084664095,24.0,ChIP-seq:H3K36me3 x RNA-seq
UBERON:0001159,RNA-seq,ChIP-seq:H3K4me1,0.004891302029454644,16.0,ChIP-seq:H3K4me1 x RNA-seq
UBERON:0001159,RNA-seq,ChIP-seq:H3K4me3,0.011105757713877541,24.0,ChIP-seq:H3K4me3 x RNA-seq
UBERON:0001159,RNA-seq,ChIP-seq:H3K9me3,-0.0038900895999946844,24.0,ChIP-seq:H3K9me3 x RNA-seq
UBERON:0001159,RNA-seq,ChIP-seq:CTCF,-0.008828046994331555,24.0,ChIP-seq:CTCF x RNA-seq
UBERON:0001159,RNA-seq,polyA plus RNA-seq,-0.030110050047104292,64.0,RNA-seq x polyA plus RNA-seq
UBERON:0001159,RNA-seq,ChIP-seq:POLR2A,-0.014508342715325181,32.0,ChIP-seq:POLR2A x RNA-seq
UBERON:0001159,RNA-seq,ChIP-seq:POLR2AphosphoS5,0.03387099275222191,32.0,ChIP-seq:POLR2AphosphoS5 x RNA-seq
UBERON:0001159,RNA-seq,ChIP-seq:EP300,-0.01392581843985961,32.0,ChIP-seq:EP300 x RNA-seq
UBERON:0001159,ChIP-seq:POLR2A,DNase-seq,0.04614585791666484,8.0,ChIP-seq:POLR2A x DNase-seq
UBERON:0001159,ChIP-seq:POLR2A,ChIP-seq:H3K27ac,0.004157195488611848,12.0,ChIP-seq:H3K27ac x ChIP-seq:POLR2A
UBERON:0001159,ChIP-seq:POLR2A,ChIP-seq:H3K27me3,-0.008314445689320563,8.0,ChIP-seq:H3K27me3 x ChIP-seq:POLR2A
UBERON:0001159,ChIP-seq:POLR2A,ChIP-seq:H3K36me3,0.013418762132208398,12.0,ChIP-seq:H3K36me3 x ChIP-seq:POLR2A
UBERON:0001159,ChIP-seq:POLR2A,ChIP-seq:H3K4me1,0.005519197668493445,8.0,ChIP-seq:H3K4me1 x ChIP-seq:POLR2A
UBERON:0001159,ChIP-seq:POLR2A,ChIP-seq:H3K4me3,0.011638549571865608,12.0,ChIP-seq:H3K4me3 x ChIP-seq:POLR2A
UBERON:0001159,ChIP-seq:POLR2A,ChIP-seq:H3K9me3,0.015238583199540329,12.0,ChIP-seq:H3K9me3 x ChIP-seq:POLR2A
UBERON:0001159,ChIP-seq:POLR2A,ChIP-seq:CTCF,0.1456261292482034,12.0,ChIP-seq:CTCF x ChIP-seq:POLR2A
UBERON:0001159,ChIP-seq:POLR2A,polyA plus RNA-seq,-0.012026332484411602,32.0,ChIP-seq:POLR2A x polyA plus RNA-seq
UBERON:0001159,ChIP-seq:POLR2A,RNA-seq,0.004006097150740885,32.0,ChIP-seq:POLR2A x RNA-seq
UBERON:0001159,ChIP-seq:POLR2A,ChIP-seq:POLR2AphosphoS5,0.14718555487119234,16.0,ChIP-seq:POLR2A x ChIP-seq:POLR2AphosphoS5
UBERON:0001159,ChIP-seq:POLR2A,ChIP-seq:EP300,0.011372091678472668,16.0,ChIP-seq:EP300 x ChIP-seq:POLR2A
UBERON:0001159,ChIP-seq:POLR2AphosphoS5,DNase-seq,-0.005944311772425159,8.0,ChIP-seq:POLR2AphosphoS5 x DNase-seq
UBERON:0001159,ChIP-seq:POLR2AphosphoS5,ChIP-seq:H3K27ac,0.01403857866923014,12.0,ChIP-seq:H3K27ac x ChIP-seq:POLR2AphosphoS5
UBERON:0001159,ChIP-seq:POLR2AphosphoS5,ChIP-seq:H3K27me3,-0.04184035514082227,8.0,ChIP-seq:H3K27me3 x ChIP-seq:POLR2AphosphoS5
UBERON:0001159,ChIP-seq:POLR2AphosphoS5,ChIP-seq:H3K36me3,0.01495212401058657,12.0,ChIP-seq:H3K36me3 x ChIP-seq:POLR2AphosphoS5
UBERON:0001159,ChIP-seq:POLR2AphosphoS5,ChIP-seq:H3K4me1,-0.0036784437194955152,8.0,ChIP-seq:H3K4me1 x ChIP-seq:POLR2AphosphoS5
UBERON:0001159,ChIP-seq:POLR2AphosphoS5,ChIP-seq:H3K4me3,-0.0018033034085107869,12.0,ChIP-seq:H3K4me3 x ChIP-seq:POLR2AphosphoS5
UBERON:0001159,ChIP-seq:POLR2AphosphoS5,ChIP-seq:H3K9me3,0.026290573598293777,12.0,ChIP-seq:H3K9me3 x ChIP-seq:POLR2AphosphoS5
UBERON:0001159,ChIP-seq:POLR2AphosphoS5,ChIP-seq:CTCF,-0.014504621235223919,12.0,ChIP-seq:CTCF x ChIP-seq:POLR2AphosphoS5
UBERON:0001159,ChIP-seq:POLR2AphosphoS5,polyA plus RNA-seq,-0.005362555297748688,32.0,ChIP-seq:POLR2AphosphoS5 x polyA plus RNA-seq
UBERON:0001159,ChIP-seq:POLR2AphosphoS5,RNA-seq,0.04786115637018109,32.0,ChIP-seq:POLR2AphosphoS5 x RNA-seq
UBERON:0001159,ChIP-seq:POLR2AphosphoS5,ChIP-seq:POLR2A,-0.001901277789363165,16.0,ChIP-seq:POLR2A x ChIP-seq:POLR2AphosphoS5
UBERON:0001159,ChIP-seq:POLR2AphosphoS5,ChIP-seq:EP300,0.028839528560638428,16.0,ChIP-seq:EP300 x ChIP-seq:POLR2AphosphoS5
UBERON:0001159,ChIP-seq:EP300,DNase-seq,0.051959102531683815,8.0,ChIP-seq:EP300 x DNase-seq
UBERON:0001159,ChIP-seq:EP300,ChIP-seq:H3K27ac,-0.025141629825035733,12.0,ChIP-seq:EP300 x ChIP-seq:H3K27ac
UBERON:0001159,ChIP-seq:EP300,ChIP-seq:H3K27me3,-0.026889362186193463,8.0,ChIP-seq:EP300 x ChIP-seq:H3K27me3
UBERON:0001159,ChIP-seq:EP300,ChIP-seq:H3K36me3,0.039339244577056134,12.0,ChIP-seq:EP300 x ChIP-seq:H3K36me3
UBERON:0001159,ChIP-seq:EP300,ChIP-seq:H3K4me1,-0.017530931526275932,8.0,ChIP-seq:EP300 x ChIP-seq:H3K4me1
UBERON:0001159,ChIP-seq:EP300,ChIP-seq:H3K4me3,0.02102497164072565,12.0,ChIP-seq:EP300 x ChIP-seq:H3K4me3
UBERON:0001159,ChIP-seq:EP300,ChIP-seq:H3K9me3,0.053192873014492936,12.0,ChIP-seq:EP300 x ChIP-seq:H3K9me3
UBERON:0001159,ChIP-seq:EP300,ChIP-seq:CTCF,0.047056292876219145,12.0,ChIP-seq:CTCF x ChIP-seq:EP300
UBERON:0001159,ChIP-seq:EP300,polyA plus RNA-seq,0.0059438619040408916,32.0,ChIP-seq:EP300 x polyA plus RNA-seq
UBERON:0001159,ChIP-seq:EP300,RNA-seq,-0.014297348537842904,32.0,ChIP-seq:EP300 x RNA-seq
UBERON:0001159,ChIP-seq:EP300,ChIP-seq:POLR2A,-0.013851418539329807,16.0,ChIP-seq:EP300 x ChIP-seq:POLR2A
UBERON:0001159,ChIP-seq:EP300,ChIP-seq:POLR2AphosphoS5,0.06577489467767567,16.0,ChIP-seq:EP300 x ChIP-seq:POLR2AphosphoS5
UBERON:0001134,ChIP-seq:H3K27ac,ChIP-seq:H3K27me3,-0.021590261580957764,3.0,ChIP-seq:H3K27ac x ChIP-seq:H3K27me3
UBERON:0001134,ChIP-seq:H3K27ac,ChIP-seq:H3K36me3,-0.0021839391519414613,3.0,ChIP-seq:H3K27ac x ChIP-seq:H3K36me3
UBERON:0001134,ChIP-seq:H3K27ac,ChIP-seq:H3K4me1,0.1356120934853187,3.0,ChIP-seq:H3K27ac x ChIP-seq:H3K4me1
UBERON:0001134,ChIP-seq:H3K27ac,ChIP-seq:H3K4me3,0.19866940672968478,3.0,ChIP-seq:H3K27ac x ChIP-seq:H3K4me3
UBERON:0001134,ChIP-seq:H3K27ac,ChIP-seq:H3K9ac,0.28929428259531653,3.0,ChIP-seq:H3K27ac x ChIP-seq:H3K9ac
UBERON:0001134,ChIP-seq:H3K27ac,ChIP-seq:H3K9me3,-0.0053702214809504345,3.0,ChIP-seq:H3K27ac x ChIP-seq:H3K9me3
UBERON:0001134,ChIP-seq:H3K27ac,RNA-seq,-0.009524251750956097,2.0,ChIP-seq:H3K27ac x RNA-seq
UBERON:0001134,ChIP-seq:H3K27me3,ChIP-seq:H3K27ac,-0.025061824117545727,3.0,ChIP-seq:H3K27ac x ChIP-seq:H3K27me3
UBERON:0001134,ChIP-seq:H3K27me3,ChIP-seq:H3K36me3,0.011013557302190901,9.0,ChIP-seq:H3K27me3 x ChIP-seq:H3K36me3
UBERON:0001134,ChIP-seq:H3K27me3,ChIP-seq:H3K4me1,0.01419717954046415,9.0,ChIP-seq:H3K27me3 x ChIP-seq:H3K4me1
UBERON:0001134,ChIP-seq:H3K27me3,ChIP-seq:H3K4me3,-0.008727967715785724,9.0,ChIP-seq:H3K27me3 x ChIP-seq:H3K4me3
UBERON:0001134,ChIP-seq:H3K27me3,ChIP-seq:H3K9ac,-0.03510916233062744,9.0,ChIP-seq:H3K27me3 x ChIP-seq:H3K9ac
UBERON:0001134,ChIP-seq:H3K27me3,ChIP-seq:H3K9me3,0.1675906940345907,9.0,ChIP-seq:H3K27me3 x ChIP-seq:H3K9me3
UBERON:0001134,ChIP-seq:H3K27me3,RNA-seq,-0.0013654883296623723,6.0,ChIP-seq:H3K27me3 x RNA-seq
UBERON:0001134,ChIP-seq:H3K36me3,ChIP-seq:H3K27ac,-0.01965816519817207,3.0,ChIP-seq:H3K27ac x ChIP-seq:H3K36me3
UBERON:0001134,ChIP-seq:H3K36me3,ChIP-seq:H3K27me3,-0.0028901321677869303,9.0,ChIP-seq:H3K27me3 x ChIP-seq:H3K36me3
UBERON:0001134,ChIP-seq:H3K36me3,ChIP-seq:H3K4me1,0.018373791405860616,9.0,ChIP-seq:H3K36me3 x ChIP-seq:H3K4me1
UBERON:0001134,ChIP-seq:H3K36me3,ChIP-seq:H3K4me3,0.061408039363150674,9.0,ChIP-seq:H3K36me3 x ChIP-seq:H3K4me3
UBERON:0001134,ChIP-seq:H3K36me3,ChIP-seq:H3K9ac,0.04815675152672662,9.0,ChIP-seq:H3K36me3 x ChIP-seq:H3K9ac
UBERON:0001134,ChIP-seq:H3K36me3,ChIP-seq:H3K9me3,0.0936747793847702,9.0,ChIP-seq:H3K36me3 x ChIP-seq:H3K9me3
UBERON:0001134,ChIP-seq:H3K36me3,RNA-seq,0.021007627621002258,6.0,ChIP-seq:H3K36me3 x RNA-seq
UBERON:0001134,ChIP-seq:H3K4me1,ChIP-seq:H3K27ac,0.12520381354500726,3.0,ChIP-seq:H3K27ac x ChIP-seq:H3K4me1
UBERON:0001134,ChIP-seq:H3K4me1,ChIP-seq:H3K27me3,0.015012397619956298,9.0,ChIP-seq:H3K27me3 x ChIP-seq:H3K4me1
UBERON:0001134,ChIP-seq:H3K4me1,ChIP-seq:H3K36me3,0.03337072001563179,9.0,ChIP-seq:H3K36me3 x ChIP-seq:H3K4me1
UBERON:0001134,ChIP-seq:H3K4me1,ChIP-seq:H3K4me3,0.11656747289666547,9.0,ChIP-seq:H3K4me1 x ChIP-seq:H3K4me3
UBERON:0001134,ChIP-seq:H3K4me1,ChIP-seq:H3K9ac,0.05323430564668443,9.0,ChIP-seq:H3K4me1 x ChIP-seq:H3K9ac
UBERON:0001134,ChIP-seq:H3K4me1,ChIP-seq:H3K9me3,0.039137858427716846,9.0,ChIP-seq:H3K4me1 x ChIP-seq:H3K9me3
UBERON:0001134,ChIP-seq:H3K4me1,RNA-seq,-0.016239576169655344,6.0,ChIP-seq:H3K4me1 x RNA-seq
UBERON:0001134,ChIP-seq:H3K4me3,ChIP-seq:H3K27ac,0.2039786052311399,3.0,ChIP-seq:H3K27ac x ChIP-seq:H3K4me3
UBERON:0001134,ChIP-seq:H3K4me3,ChIP-seq:H3K27me3,-0.016192164057972788,9.0,ChIP-seq:H3K27me3 x ChIP-seq:H3K4me3
UBERON:0001134,ChIP-seq:H3K4me3,ChIP-seq:H3K36me3,0.0870824869079229,9.0,ChIP-seq:H3K36me3 x ChIP-seq:H3K4me3
UBERON:0001134,ChIP-seq:H3K4me3,ChIP-seq:H3K4me1,0.09850417854439499,9.0,ChIP-seq:H3K4me1 x ChIP-seq:H3K4me3
UBERON:0001134,ChIP-seq:H3K4me3,ChIP-seq:H3K9ac,0.33360799153645826,9.0,ChIP-seq:H3K4me3 x ChIP-seq:H3K9ac
UBERON:0001134,ChIP-seq:H3K4me3,ChIP-seq:H3K9me3,0.056926471686988285,9.0,ChIP-seq:H3K4me3 x ChIP-seq:H3K9me3
UBERON:0001134,ChIP-seq:H3K4me3,RNA-seq,-0.000683639230530865,6.0,ChIP-seq:H3K4me3 x RNA-seq
UBERON:0001134,ChIP-seq:H3K9ac,ChIP-seq:H3K27ac,0.30226585158595326,3.0,ChIP-seq:H3K27ac x ChIP-seq:H3K9ac
UBERON:0001134,ChIP-seq:H3K9ac,ChIP-seq:H3K27me3,-0.026349631362947924,9.0,ChIP-seq:H3K27me3 x ChIP-seq:H3K9ac
UBERON:0001134,ChIP-seq:H3K9ac,ChIP-seq:H3K36me3,0.10713234156299709,9.0,ChIP-seq:H3K36me3 x ChIP-seq:H3K9ac
UBERON:0001134,ChIP-seq:H3K9ac,ChIP-seq:H3K4me1,0.08409850879757687,9.0,ChIP-seq:H3K4me1 x ChIP-seq:H3K9ac
UBERON:0001134,ChIP-seq:H3K9ac,ChIP-seq:H3K4me3,0.354030172589799,9.0,ChIP-seq:H3K4me3 x ChIP-seq:H3K9ac
UBERON:0001134,ChIP-seq:H3K9ac,ChIP-seq:H3K9me3,0.017306407515922287,9.0,ChIP-seq:H3K9ac x ChIP-seq:H3K9me3
UBERON:0001134,ChIP-seq:H3K9ac,RNA-seq,-0.0038831550787892938,6.0,ChIP-seq:H3K9ac x RNA-seq
UBERON:0001134,ChIP-seq:H3K9me3,ChIP-seq:H3K27ac,-0.005190835790440379,3.0,ChIP-seq:H3K27ac x ChIP-seq:H3K9me3
UBERON:0001134,ChIP-seq:H3K9me3,ChIP-seq:H3K27me3,0.1367561890247681,9.0,ChIP-seq:H3K27me3 x ChIP-seq:H3K9me3
UBERON:0001134,ChIP-seq:H3K9me3,ChIP-seq:H3K36me3,0.08628826614812757,9.0,ChIP-seq:H3K36me3 x ChIP-seq:H3K9me3
UBERON:0001134,ChIP-seq:H3K9me3,ChIP-seq:H3K4me1,0.017579385794708288,9.0,ChIP-seq:H3K4me1 x ChIP-seq:H3K9me3
UBERON:0001134,ChIP-seq:H3K9me3,ChIP-seq:H3K4me3,0.08173056452860109,9.0,ChIP-seq:H3K4me3 x ChIP-seq:H3K9me3
UBERON:0001134,ChIP-seq:H3K9me3,ChIP-seq:H3K9ac,-0.0016573634412553606,9.0,ChIP-seq:H3K9ac x ChIP-seq:H3K9me3
UBERON:0001134,ChIP-seq:H3K9me3,RNA-seq,-0.004242136716772857,6.0,ChIP-seq:H3K9me3 x RNA-seq
UBERON:0001134,RNA-seq,ChIP-seq:H3K27ac,0.007467800176437989,2.0,ChIP-seq:H3K27ac x RNA-seq
UBERON:0001134,RNA-seq,ChIP-seq:H3K27me3,0.0009374188195014821,6.0,ChIP-seq:H3K27me3 x RNA-seq
UBERON:0001134,RNA-seq,ChIP-seq:H3K36me3,0.05465182281555013,6.0,ChIP-seq:H3K36me3 x RNA-seq
UBERON:0001134,RNA-seq,ChIP-seq:H3K4me1,-0.007634883753327659,6.0,ChIP-seq:H3K4me1 x RNA-seq
UBERON:0001134,RNA-seq,ChIP-seq:H3K4me3,0.012940159635924396,6.0,ChIP-seq:H3K4me3 x RNA-seq
UBERON:0001134,RNA-seq,ChIP-seq:H3K9ac,0.017067357897758487,6.0,ChIP-seq:H3K9ac x RNA-seq
UBERON:0001134,RNA-seq,ChIP-seq:H3K9me3,-0.010672257899233465,6.0,ChIP-seq:H3K9me3 x RNA-seq
UBERON:0002097,DNase-seq,RNA-seq,-0.007016496431841504,2.0,DNase-seq x RNA-seq
UBERON:0002097,RNA-seq,DNase-seq,-0.010520850794250983,2.0,DNase-seq x RNA-seq
UBERON:0002108,DNase-seq,ChIP-seq:H3K27ac,0.011674982134401171,48.0,ChIP-seq:H3K27ac x DNase-seq
UBERON:0002108,DNase-seq,ChIP-seq:H3K27me3,-0.031354861697931405,36.0,ChIP-seq:H3K27me3 x DNase-seq
UBERON:0002108,DNase-seq,ChIP-seq:H3K36me3,-0.022832790799174753,36.0,ChIP-seq:H3K36me3 x DNase-seq
UBERON:0002108,DNase-seq,ChIP-seq:H3K4me1,-0.016460024011440765,36.0,ChIP-seq:H3K4me1 x DNase-seq
UBERON:0002108,DNase-seq,ChIP-seq:H3K4me3,-0.02473202706875749,36.0,ChIP-seq:H3K4me3 x DNase-seq
UBERON:0002108,DNase-seq,ChIP-seq:H3K9me3,-0.012426571899585511,36.0,ChIP-seq:H3K9me3 x DNase-seq
UBERON:0002108,DNase-seq,polyA plus RNA-seq,-0.00535808959484976,168.0,DNase-seq x polyA plus RNA-seq
UBERON:0002108,ChIP-seq:H3K27ac,DNase-seq,0.02854452483237735,48.0,ChIP-seq:H3K27ac x DNase-seq
UBERON:0002108,ChIP-seq:H3K27ac,ChIP-seq:H3K27me3,0.013658320338561618,12.0,ChIP-seq:H3K27ac x ChIP-seq:H3K27me3
UBERON:0002108,ChIP-seq:H3K27ac,ChIP-seq:H3K36me3,-0.001545806382353427,12.0,ChIP-seq:H3K27ac x ChIP-seq:H3K36me3
UBERON:0002108,ChIP-seq:H3K27ac,ChIP-seq:H3K4me1,0.17341028508685882,12.0,ChIP-seq:H3K27ac x ChIP-seq:H3K4me1
UBERON:0002108,ChIP-seq:H3K27ac,ChIP-seq:H3K4me3,0.11320397355746772,12.0,ChIP-seq:H3K27ac x ChIP-seq:H3K4me3
UBERON:0002108,ChIP-seq:H3K27ac,ChIP-seq:H3K9me3,0.02667926712317413,12.0,ChIP-seq:H3K27ac x ChIP-seq:H3K9me3
UBERON:0002108,ChIP-seq:H3K27ac,polyA plus RNA-seq,0.022303895899278225,56.0,ChIP-seq:H3K27ac x polyA plus RNA-seq
UBERON:0002108,ChIP-seq:H3K27me3,DNase-seq,-0.03591995579855783,36.0,ChIP-seq:H3K27me3 x DNase-seq
UBERON:0002108,ChIP-seq:H3K27me3,ChIP-seq:H3K27ac,0.016068050836991966,12.0,ChIP-seq:H3K27ac x ChIP-seq:H3K27me3
UBERON:0002108,ChIP-seq:H3K27me3,ChIP-seq:H3K36me3,-0.04227288714643066,9.0,ChIP-seq:H3K27me3 x ChIP-seq:H3K36me3
UBERON:0002108,ChIP-seq:H3K27me3,ChIP-seq:H3K4me1,-0.017432200966882763,9.0,ChIP-seq:H3K27me3 x ChIP-seq:H3K4me1
UBERON:0002108,ChIP-seq:H3K27me3,ChIP-seq:H3K4me3,0.016012343582413005,9.0,ChIP-seq:H3K27me3 x ChIP-seq:H3K4me3
UBERON:0002108,ChIP-seq:H3K27me3,ChIP-seq:H3K9me3,0.0667962548735734,9.0,ChIP-seq:H3K27me3 x ChIP-seq:H3K9me3
UBERON:0002108,ChIP-seq:H3K27me3,polyA plus RNA-seq,-0.007915903429737768,42.0,ChIP-seq:H3K27me3 x polyA plus RNA-seq
UBERON:0002108,ChIP-seq:H3K36me3,DNase-seq,-0.016698286068712806,36.0,ChIP-seq:H3K36me3 x DNase-seq
UBERON:0002108,ChIP-seq:H3K36me3,ChIP-seq:H3K27ac,0.001969792534532786,12.0,ChIP-seq:H3K27ac x ChIP-seq:H3K36me3
UBERON:0002108,ChIP-seq:H3K36me3,ChIP-seq:H3K27me3,-0.019344994177420933,9.0,ChIP-seq:H3K27me3 x ChIP-seq:H3K36me3
UBERON:0002108,ChIP-seq:H3K36me3,ChIP-seq:H3K4me1,0.05303794574970436,9.0,ChIP-seq:H3K36me3 x ChIP-seq:H3K4me1
UBERON:0002108,ChIP-seq:H3K36me3,ChIP-seq:H3K4me3,0.02600585616810221,9.0,ChIP-seq:H3K36me3 x ChIP-seq:H3K4me3
UBERON:0002108,ChIP-seq:H3K36me3,ChIP-seq:H3K9me3,0.08805064747247207,9.0,ChIP-seq:H3K36me3 x ChIP-seq:H3K9me3
UBERON:0002108,ChIP-seq:H3K36me3,polyA plus RNA-seq,0.024764105342818095,42.0,ChIP-seq:H3K36me3 x polyA plus RNA-seq
UBERON:0002108,ChIP-seq:H3K4me1,DNase-seq,0.0027844692979540134,36.0,ChIP-seq:H3K4me1 x DNase-seq
UBERON:0002108,ChIP-seq:H3K4me1,ChIP-seq:H3K27ac,0.17552736820164966,12.0,ChIP-seq:H3K27ac x ChIP-seq:H3K4me1
UBERON:0002108,ChIP-seq:H3K4me1,ChIP-seq:H3K27me3,-0.0047022252703991865,9.0,ChIP-seq:H3K27me3 x ChIP-seq:H3K4me1
UBERON:0002108,ChIP-seq:H3K4me1,ChIP-seq:H3K36me3,0.04105411156413121,9.0,ChIP-seq:H3K36me3 x ChIP-seq:H3K4me1
UBERON:0002108,ChIP-seq:H3K4me1,ChIP-seq:H3K4me3,-0.010716110607827772,9.0,ChIP-seq:H3K4me1 x ChIP-seq:H3K4me3
UBERON:0002108,ChIP-seq:H3K4me1,ChIP-seq:H3K9me3,0.05130507578415222,9.0,ChIP-seq:H3K4me1 x ChIP-seq:H3K9me3
UBERON:0002108,ChIP-seq:H3K4me1,polyA plus RNA-seq,0.00350413020972362,42.0,ChIP-seq:H3K4me1 x polyA plus RNA-seq
UBERON:0002108,ChIP-seq:H3K4me3,DNase-seq,-0.01108551193587154,36.0,ChIP-seq:H3K4me3 x DNase-seq
UBERON:0002108,ChIP-seq:H3K4me3,ChIP-seq:H3K27ac,0.08492732310445053,12.0,ChIP-seq:H3K27ac x ChIP-seq:H3K4me3
UBERON:0002108,ChIP-seq:H3K4me3,ChIP-seq:H3K27me3,0.010597692709772979,9.0,ChIP-seq:H3K27me3 x ChIP-seq:H3K4me3
UBERON:0002108,ChIP-seq:H3K4me3,ChIP-seq:H3K36me3,0.014646653094753869,9.0,ChIP-seq:H3K36me3 x ChIP-seq:H3K4me3
UBERON:0002108,ChIP-seq:H3K4me3,ChIP-seq:H3K4me1,-0.0192349263454386,9.0,ChIP-seq:H3K4me1 x ChIP-seq:H3K4me3
UBERON:0002108,ChIP-seq:H3K4me3,ChIP-seq:H3K9me3,0.05208171924550584,9.0,ChIP-seq:H3K4me3 x ChIP-seq:H3K9me3
UBERON:0002108,ChIP-seq:H3K4me3,polyA plus RNA-seq,0.01954058078414423,42.0,ChIP-seq:H3K4me3 x polyA plus RNA-seq
UBERON:0002108,ChIP-seq:H3K9me3,DNase-seq,-0.023243219974389995,36.0,ChIP-seq:H3K9me3 x DNase-seq
UBERON:0002108,ChIP-seq:H3K9me3,ChIP-seq:H3K27ac,0.022913762499076517,12.0,ChIP-seq:H3K27ac x ChIP-seq:H3K9me3
UBERON:0002108,ChIP-seq:H3K9me3,ChIP-seq:H3K27me3,0.0728020786782334,9.0,ChIP-seq:H3K27me3 x ChIP-seq:H3K9me3
UBERON:0002108,ChIP-seq:H3K9me3,ChIP-seq:H3K36me3,0.06742456252411466,9.0,ChIP-seq:H3K36me3 x ChIP-seq:H3K9me3
UBERON:0002108,ChIP-seq:H3K9me3,ChIP-seq:H3K4me1,0.05602358148793744,9.0,ChIP-seq:H3K4me1 x ChIP-seq:H3K9me3
UBERON:0002108,ChIP-seq:H3K9me3,ChIP-seq:H3K4me3,0.049922645651678525,9.0,ChIP-seq:H3K4me3 x ChIP-seq:H3K9me3
UBERON:0002108,ChIP-seq:H3K9me3,polyA plus RNA-seq,0.0002823120991911135,42.0,ChIP-seq:H3K9me3 x polyA plus RNA-seq
UBERON:0002108,polyA plus RNA-seq,DNase-seq,-0.010557759916430967,168.0,DNase-seq x polyA plus RNA-seq
UBERON:0002108,polyA plus RNA-seq,ChIP-seq:H3K27ac,0.001715377468518707,56.0,ChIP-seq:H3K27ac x polyA plus RNA-seq
UBERON:0002108,polyA plus RNA-seq,ChIP-seq:H3K27me3,-0.002221531175040259,42.0,ChIP-seq:H3K27me3 x polyA plus RNA-seq
UBERON:0002108,polyA plus RNA-seq,ChIP-seq:H3K36me3,-0.01643834239685306,42.0,ChIP-seq:H3K36me3 x polyA plus RNA-seq
UBERON:0002108,polyA plus RNA-seq,ChIP-seq:H3K4me1,-0.016297219694440493,42.0,ChIP-seq:H3K4me1 x polyA plus RNA-seq
UBERON:0002108,polyA plus RNA-seq,ChIP-seq:H3K4me3,0.009939062843220416,42.0,ChIP-seq:H3K4me3 x polyA plus RNA-seq
UBERON:0002108,polyA plus RNA-seq,ChIP-seq:H3K9me3,-0.003225998098898726,42.0,ChIP-seq:H3K9me3 x polyA plus RNA-seq
UBERON:0002240,DNase-seq,ChIP-seq:H3K27ac,0.06642288018646555,6.0,ChIP-seq:H3K27ac x DNase-seq
UBERON:0002240,DNase-seq,ChIP-seq:H3K27me3,-0.032725997043378426,6.0,ChIP-seq:H3K27me3 x DNase-seq
UBERON:0002240,DNase-seq,ChIP-seq:H3K36me3,-0.0008945420384407054,6.0,ChIP-seq:H3K36me3 x DNase-seq
UBERON:0002240,DNase-seq,ChIP-seq:H3K4me1,-0.0233751414478689,6.0,ChIP-seq:H3K4me1 x DNase-seq
UBERON:0002240,DNase-seq,ChIP-seq:H3K4me3,0.09631405006083406,6.0,ChIP-seq:H3K4me3 x DNase-seq
UBERON:0002240,DNase-seq,ChIP-seq:H3K9me3,-0.03091989700441007,6.0,ChIP-seq:H3K9me3 x DNase-seq
UBERON:0002240,DNase-seq,polyA plus RNA-seq,0.01889689818892802,12.0,DNase-seq x polyA plus RNA-seq
UBERON:0002240,DNase-seq,RNA-seq,0.023907201674350252,12.0,DNase-seq x RNA-seq
UBERON:0002240,ChIP-seq:H3K27ac,DNase-seq,0.02859733502070111,6.0,ChIP-seq:H3K27ac x DNase-seq
UBERON:0002240,ChIP-seq:H3K27ac,ChIP-seq:H3K27me3,0.006674420765855096,1.0,ChIP-seq:H3K27ac x ChIP-seq:H3K27me3
UBERON:0002240,ChIP-seq:H3K27ac,ChIP-seq:H3K36me3,0.022105133004094425,1.0,ChIP-seq:H3K27ac x ChIP-seq:H3K36me3
UBERON:0002240,ChIP-seq:H3K27ac,ChIP-seq:H3K4me1,0.12344432006711545,1.0,ChIP-seq:H3K27ac x ChIP-seq:H3K4me1
UBERON:0002240,ChIP-seq:H3K27ac,ChIP-seq:H3K4me3,0.3450914820959402,1.0,ChIP-seq:H3K27ac x ChIP-seq:H3K4me3
UBERON:0002240,ChIP-seq:H3K27ac,ChIP-seq:H3K9me3,0.009653575263089603,1.0,ChIP-seq:H3K27ac x ChIP-seq:H3K9me3
UBERON:0002240,ChIP-seq:H3K27ac,polyA plus RNA-seq,0.011675688120560523,2.0,ChIP-seq:H3K27ac x polyA plus RNA-seq
UBERON:0002240,ChIP-seq:H3K27ac,RNA-seq,0.004648542131975606,2.0,ChIP-seq:H3K27ac x RNA-seq
UBERON:0002240,ChIP-seq:H3K27me3,DNase-seq,-0.04228458863993485,6.0,ChIP-seq:H3K27me3 x DNase-seq
UBERON:0002240,ChIP-seq:H3K27me3,ChIP-seq:H3K27ac,0.014918053499710413,1.0,ChIP-seq:H3K27ac x ChIP-seq:H3K27me3
UBERON:0002240,ChIP-seq:H3K27me3,ChIP-seq:H3K36me3,-0.038796764484753735,1.0,ChIP-seq:H3K27me3 x ChIP-seq:H3K36me3
UBERON:0002240,ChIP-seq:H3K27me3,ChIP-seq:H3K4me1,0.038771401604880455,1.0,ChIP-seq:H3K27me3 x ChIP-seq:H3K4me1
UBERON:0002240,ChIP-seq:H3K27me3,ChIP-seq:H3K4me3,-0.025892511278737422,1.0,ChIP-seq:H3K27me3 x ChIP-seq:H3K4me3
UBERON:0002240,ChIP-seq:H3K27me3,ChIP-seq:H3K9me3,0.10917955570750766,1.0,ChIP-seq:H3K27me3 x ChIP-seq:H3K9me3
UBERON:0002240,ChIP-seq:H3K27me3,polyA plus RNA-seq,-0.018937041561378105,2.0,ChIP-seq:H3K27me3 x polyA plus RNA-seq
UBERON:0002240,ChIP-seq:H3K27me3,RNA-seq,-0.0012668607673614312,2.0,ChIP-seq:H3K27me3 x RNA-seq
UBERON:0002240,ChIP-seq:H3K36me3,DNase-seq,-0.022938001280029617,6.0,ChIP-seq:H3K36me3 x DNase-seq
UBERON:0002240,ChIP-seq:H3K36me3,ChIP-seq:H3K27ac,0.0208140452288919,1.0,ChIP-seq:H3K27ac x ChIP-seq:H3K36me3
UBERON:0002240,ChIP-seq:H3K36me3,ChIP-seq:H3K27me3,0.003338111479851332,1.0,ChIP-seq:H3K27me3 x ChIP-seq:H3K36me3
UBERON:0002240,ChIP-seq:H3K36me3,ChIP-seq:H3K4me1,0.019376266504759376,1.0,ChIP-seq:H3K36me3 x ChIP-seq:H3K4me1
UBERON:0002240,ChIP-seq:H3K36me3,ChIP-seq:H3K4me3,0.025567267917443154,1.0,ChIP-seq:H3K36me3 x ChIP-seq:H3K4me3
UBERON:0002240,ChIP-seq:H3K36me3,ChIP-seq:H3K9me3,0.015322804699341457,1.0,ChIP-seq:H3K36me3 x ChIP-seq:H3K9me3
UBERON:0002240,ChIP-seq:H3K36me3,polyA plus RNA-seq,0.06131134560080859,2.0,ChIP-seq:H3K36me3 x polyA plus RNA-seq
UBERON:0002240,ChIP-seq:H3K36me3,RNA-seq,-0.018055160348881605,2.0,ChIP-seq:H3K36me3 x RNA-seq
UBERON:0002240,ChIP-seq:H3K4me1,DNase-seq,-0.04474255442619324,6.0,ChIP-seq:H3K4me1 x DNase-seq
UBERON:0002240,ChIP-seq:H3K4me1,ChIP-seq:H3K27ac,0.09652971007205821,1.0,ChIP-seq:H3K27ac x ChIP-seq:H3K4me1
UBERON:0002240,ChIP-seq:H3K4me1,ChIP-seq:H3K27me3,0.0811530314385891,1.0,ChIP-seq:H3K27me3 x ChIP-seq:H3K4me1
UBERON:0002240,ChIP-seq:H3K4me1,ChIP-seq:H3K36me3,0.007449379779006306,1.0,ChIP-seq:H3K36me3 x ChIP-seq:H3K4me1
UBERON:0002240,ChIP-seq:H3K4me1,ChIP-seq:H3K4me3,-0.01527810143523438,1.0,ChIP-seq:H3K4me1 x ChIP-seq:H3K4me3
UBERON:0002240,ChIP-seq:H3K4me1,ChIP-seq:H3K9me3,0.040224743386109665,1.0,ChIP-seq:H3K4me1 x ChIP-seq:H3K9me3
UBERON:0002240,ChIP-seq:H3K4me1,polyA plus RNA-seq,0.005078565630858983,2.0,ChIP-seq:H3K4me1 x polyA plus RNA-seq
UBERON:0002240,ChIP-seq:H3K4me1,RNA-seq,0.008274631581293197,2.0,ChIP-seq:H3K4me1 x RNA-seq
UBERON:0002240,ChIP-seq:H3K4me3,DNase-seq,0.059572954972585024,6.0,ChIP-seq:H3K4me3 x DNase-seq
UBERON:0002240,ChIP-seq:H3K4me3,ChIP-seq:H3K27ac,0.3154711090488198,1.0,ChIP-seq:H3K27ac x ChIP-seq:H3K4me3
UBERON:0002240,ChIP-seq:H3K4me3,ChIP-seq:H3K27me3,-0.035336004570126534,1.0,ChIP-seq:H3K27me3 x ChIP-seq:H3K4me3
UBERON:0002240,ChIP-seq:H3K4me3,ChIP-seq:H3K36me3,0.020489839846758465,1.0,ChIP-seq:H3K36me3 x ChIP-seq:H3K4me3
UBERON:0002240,ChIP-seq:H3K4me3,ChIP-seq:H3K4me1,0.011928185982548672,1.0,ChIP-seq:H3K4me1 x ChIP-seq:H3K4me3
UBERON:0002240,ChIP-seq:H3K4me3,ChIP-seq:H3K9me3,-0.005733130354848173,1.0,ChIP-seq:H3K4me3 x ChIP-seq:H3K9me3
UBERON:0002240,ChIP-seq:H3K4me3,polyA plus RNA-seq,0.0215600010189081,2.0,ChIP-seq:H3K4me3 x polyA plus RNA-seq
UBERON:0002240,ChIP-seq:H3K4me3,RNA-seq,0.013589999418208414,2.0,ChIP-seq:H3K4me3 x RNA-seq
UBERON:0002240,ChIP-seq:H3K9me3,DNase-seq,-0.03393446157375971,6.0,ChIP-seq:H3K9me3 x DNase-seq
UBERON:0002240,ChIP-seq:H3K9me3,ChIP-seq:H3K27ac,0.026559919969719133,1.0,ChIP-seq:H3K27ac x ChIP-seq:H3K9me3
UBERON:0002240,ChIP-seq:H3K9me3,ChIP-seq:H3K27me3,0.1391794275153767,1.0,ChIP-seq:H3K27me3 x ChIP-seq:H3K9me3
UBERON:0002240,ChIP-seq:H3K9me3,ChIP-seq:H3K36me3,-0.027168504462430354,1.0,ChIP-seq:H3K36me3 x ChIP-seq:H3K9me3
UBERON:0002240,ChIP-seq:H3K9me3,ChIP-seq:H3K4me1,0.028130557550036392,1.0,ChIP-seq:H3K4me1 x ChIP-seq:H3K9me3
UBERON:0002240,ChIP-seq:H3K9me3,ChIP-seq:H3K4me3,0.011466760253317134,1.0,ChIP-seq:H3K4me3 x ChIP-seq:H3K9me3
UBERON:0002240,ChIP-seq:H3K9me3,polyA plus RNA-seq,0.007826154069564061,2.0,ChIP-seq:H3K9me3 x polyA plus RNA-seq
UBERON:0002240,ChIP-seq:H3K9me3,RNA-seq,0.008778803318791283,2.0,ChIP-seq:H3K9me3 x RNA-seq
UBERON:0002240,polyA plus RNA-seq,DNase-seq,0.009518228471279144,12.0,DNase-seq x polyA plus RNA-seq
UBERON:0002240,polyA plus RNA-seq,ChIP-seq:H3K27ac,-0.004875149255917394,2.0,ChIP-seq:H3K27ac x polyA plus RNA-seq
UBERON:0002240,polyA plus RNA-seq,ChIP-seq:H3K27me3,-0.028924416412006725,2.0,ChIP-seq:H3K27me3 x polyA plus RNA-seq
UBERON:0002240,polyA plus RNA-seq,ChIP-seq:H3K36me3,0.03199494120321776,2.0,ChIP-seq:H3K36me3 x polyA plus RNA-seq
UBERON:0002240,polyA plus RNA-seq,ChIP-seq:H3K4me1,-0.010231318397690422,2.0,ChIP-seq:H3K4me1 x polyA plus RNA-seq
UBERON:0002240,polyA plus RNA-seq,ChIP-seq:H3K4me3,0.005500186702539753,2.0,ChIP-seq:H3K4me3 x polyA plus RNA-seq
UBERON:0002240,polyA plus RNA-seq,ChIP-seq:H3K9me3,-0.007004615374737316,2.0,ChIP-seq:H3K9me3 x polyA plus RNA-seq
UBERON:0002240,polyA plus RNA-seq,RNA-seq,0.05510824681445084,4.0,RNA-seq x polyA plus RNA-seq
UBERON:0002240,RNA-seq,DNase-seq,0.011611297726631165,12.0,DNase-seq x RNA-seq
UBERON:0002240,RNA-seq,ChIP-seq:H3K27ac,0.010101278438980198,2.0,ChIP-seq:H3K27ac x RNA-seq
UBERON:0002240,RNA-seq,ChIP-seq:H3K27me3,-0.008553660898046059,2.0,ChIP-seq:H3K27me3 x RNA-seq
UBERON:0002240,RNA-seq,ChIP-seq:H3K36me3,-0.028108332384573786,2.0,ChIP-seq:H3K36me3 x RNA-seq
UBERON:0002240,RNA-seq,ChIP-seq:H3K4me1,0.0003555875838450757,2.0,ChIP-seq:H3K4me1 x RNA-seq
UBERON:0002240,RNA-seq,ChIP-seq:H3K4me3,0.009635365667731263,2.0,ChIP-seq:H3K4me3 x RNA-seq
UBERON:0002240,RNA-seq,ChIP-seq:H3K9me3,0.011149799016614755,2.0,ChIP-seq:H3K9me3 x RNA-seq
UBERON:0002240,RNA-seq,polyA plus RNA-seq,0.09623519875600209,4.0,RNA-seq x polyA plus RNA-seq
UBERON:0002106,DNase-seq,ChIP-seq:H3K27ac,0.03733700424807626,8.0,ChIP-seq:H3K27ac x DNase-seq
UBERON:0002106,DNase-seq,ChIP-seq:H3K27me3,0.0017224675279924242,6.0,ChIP-seq:H3K27me3 x DNase-seq
UBERON:0002106,DNase-seq,ChIP-seq:H3K36me3,-0.00947399654075609,6.0,ChIP-seq:H3K36me3 x DNase-seq
UBERON:0002106,DNase-seq,ChIP-seq:H3K4me1,0.0016252630536918676,6.0,ChIP-seq:H3K4me1 x DNase-seq
UBERON:0002106,DNase-seq,ChIP-seq:H3K4me3,0.014659754267320954,6.0,ChIP-seq:H3K4me3 x DNase-seq
UBERON:0002106,DNase-seq,ChIP-seq:H3K9me3,-0.009499769560183478,6.0,ChIP-seq:H3K9me3 x DNase-seq
UBERON:0002106,DNase-seq,ChIP-seq:CTCF,0.03374621470769247,10.0,ChIP-seq:CTCF x DNase-seq
UBERON:0002106,DNase-seq,polyA plus RNA-seq,-0.0016976521314938393,20.0,DNase-seq x polyA plus RNA-seq
UBERON:0002106,DNase-seq,RNA-seq,-0.0010573796400254638,32.0,DNase-seq x RNA-seq
UBERON:0002106,DNase-seq,ChIP-seq:POLR2A,-0.009801773285424267,8.0,ChIP-seq:POLR2A x DNase-seq
UBERON:0002106,DNase-seq,ChIP-seq:POLR2AphosphoS5,-0.013284647906268085,6.0,ChIP-seq:POLR2AphosphoS5 x DNase-seq
UBERON:0002106,ChIP-seq:H3K27ac,DNase-seq,-0.021169723078762137,8.0,ChIP-seq:H3K27ac x DNase-seq
UBERON:0002106,ChIP-seq:H3K27ac,ChIP-seq:H3K27me3,-0.008301529134141988,12.0,ChIP-seq:H3K27ac x ChIP-seq:H3K27me3
UBERON:0002106,ChIP-seq:H3K27ac,ChIP-seq:H3K36me3,-0.0054328161298383216,12.0,ChIP-seq:H3K27ac x ChIP-seq:H3K36me3
UBERON:0002106,ChIP-seq:H3K27ac,ChIP-seq:H3K4me1,0.04112795801771866,12.0,ChIP-seq:H3K27ac x ChIP-seq:H3K4me1
UBERON:0002106,ChIP-seq:H3K27ac,ChIP-seq:H3K4me3,0.10309199380203032,12.0,ChIP-seq:H3K27ac x ChIP-seq:H3K4me3
UBERON:0002106,ChIP-seq:H3K27ac,ChIP-seq:H3K9me3,0.004903043065680547,12.0,ChIP-seq:H3K27ac x ChIP-seq:H3K9me3
UBERON:0002106,ChIP-seq:H3K27ac,ChIP-seq:CTCF,-0.006208104830162195,20.0,ChIP-seq:CTCF x ChIP-seq:H3K27ac
UBERON:0002106,ChIP-seq:H3K27ac,polyA plus RNA-seq,-0.018197102403361073,40.0,ChIP-seq:H3K27ac x polyA plus RNA-seq
UBERON:0002106,ChIP-seq:H3K27ac,RNA-seq,0.019530037197016056,64.0,ChIP-seq:H3K27ac x RNA-seq
UBERON:0002106,ChIP-seq:H3K27ac,ChIP-seq:POLR2A,-0.08062985484246854,16.0,ChIP-seq:H3K27ac x ChIP-seq:POLR2A
UBERON:0002106,ChIP-seq:H3K27ac,ChIP-seq:POLR2AphosphoS5,0.03651062868259572,12.0,ChIP-seq:H3K27ac x ChIP-seq:POLR2AphosphoS5
UBERON:0002106,ChIP-seq:H3K27me3,DNase-seq,0.0004208944609894377,6.0,ChIP-seq:H3K27me3 x DNase-seq
UBERON:0002106,ChIP-seq:H3K27me3,ChIP-seq:H3K27ac,-0.028821319450997206,12.0,ChIP-seq:H3K27ac x ChIP-seq:H3K27me3
UBERON:0002106,ChIP-seq:H3K27me3,ChIP-seq:H3K36me3,0.003278530940378249,9.0,ChIP-seq:H3K27me3 x ChIP-seq:H3K36me3
UBERON:0002106,ChIP-seq:H3K27me3,ChIP-seq:H3K4me1,0.03265635987632294,9.0,ChIP-seq:H3K27me3 x ChIP-seq:H3K4me1
UBERON:0002106,ChIP-seq:H3K27me3,ChIP-seq:H3K4me3,0.0254682376164599,9.0,ChIP-seq:H3K27me3 x ChIP-seq:H3K4me3
UBERON:0002106,ChIP-seq:H3K27me3,ChIP-seq:H3K9me3,0.12532186284940341,9.0,ChIP-seq:H3K27me3 x ChIP-seq:H3K9me3
UBERON:0002106,ChIP-seq:H3K27me3,ChIP-seq:CTCF,-0.007785409864257364,15.0,ChIP-seq:CTCF x ChIP-seq:H3K27me3
UBERON:0002106,ChIP-seq:H3K27me3,polyA plus RNA-seq,-0.002164614322947617,30.0,ChIP-seq:H3K27me3 x polyA plus RNA-seq
UBERON:0002106,ChIP-seq:H3K27me3,RNA-seq,-0.0005965947975570681,48.0,ChIP-seq:H3K27me3 x RNA-seq
UBERON:0002106,ChIP-seq:H3K27me3,ChIP-seq:POLR2A,-0.008495017058319516,12.0,ChIP-seq:H3K27me3 x ChIP-seq:POLR2A
UBERON:0002106,ChIP-seq:H3K27me3,ChIP-seq:POLR2AphosphoS5,-0.03213548089986966,9.0,ChIP-seq:H3K27me3 x ChIP-seq:POLR2AphosphoS5
UBERON:0002106,ChIP-seq:H3K36me3,DNase-seq,-0.013151272388872821,6.0,ChIP-seq:H3K36me3 x DNase-seq
UBERON:0002106,ChIP-seq:H3K36me3,ChIP-seq:H3K27ac,0.0005527590196462541,12.0,ChIP-seq:H3K27ac x ChIP-seq:H3K36me3
UBERON:0002106,ChIP-seq:H3K36me3,ChIP-seq:H3K27me3,0.023719285411396243,9.0,ChIP-seq:H3K27me3 x ChIP-seq:H3K36me3
UBERON:0002106,ChIP-seq:H3K36me3,ChIP-seq:H3K4me1,0.033528191411597096,9.0,ChIP-seq:H3K36me3 x ChIP-seq:H3K4me1
UBERON:0002106,ChIP-seq:H3K36me3,ChIP-seq:H3K4me3,0.020484110512457358,9.0,ChIP-seq:H3K36me3 x ChIP-seq:H3K4me3
UBERON:0002106,ChIP-seq:H3K36me3,ChIP-seq:H3K9me3,0.028819956136553478,9.0,ChIP-seq:H3K36me3 x ChIP-seq:H3K9me3
UBERON:0002106,ChIP-seq:H3K36me3,ChIP-seq:CTCF,0.0015483222755731316,15.0,ChIP-seq:CTCF x ChIP-seq:H3K36me3
UBERON:0002106,ChIP-seq:H3K36me3,polyA plus RNA-seq,0.0003921536989109492,30.0,ChIP-seq:H3K36me3 x polyA plus RNA-seq
UBERON:0002106,ChIP-seq:H3K36me3,RNA-seq,0.01391075015116161,48.0,ChIP-seq:H3K36me3 x RNA-seq
UBERON:0002106,ChIP-seq:H3K36me3,ChIP-seq:POLR2A,-0.010137640721636055,12.0,ChIP-seq:H3K36me3 x ChIP-seq:POLR2A
UBERON:0002106,ChIP-seq:H3K36me3,ChIP-seq:POLR2AphosphoS5,0.047237300578458805,9.0,ChIP-seq:H3K36me3 x ChIP-seq:POLR2AphosphoS5
UBERON:0002106,ChIP-seq:H3K4me1,DNase-seq,-0.002524917458801744,6.0,ChIP-seq:H3K4me1 x DNase-seq
UBERON:0002106,ChIP-seq:H3K4me1,ChIP-seq:H3K27ac,0.022604032398144906,12.0,ChIP-seq:H3K27ac x ChIP-seq:H3K4me1
UBERON:0002106,ChIP-seq:H3K4me1,ChIP-seq:H3K27me3,0.051132556579122135,9.0,ChIP-seq:H3K27me3 x ChIP-seq:H3K4me1
UBERON:0002106,ChIP-seq:H3K4me1,ChIP-seq:H3K36me3,0.008037263338165644,9.0,ChIP-seq:H3K36me3 x ChIP-seq:H3K4me1
UBERON:0002106,ChIP-seq:H3K4me1,ChIP-seq:H3K4me3,0.007253430398976859,9.0,ChIP-seq:H3K4me1 x ChIP-seq:H3K4me3
UBERON:0002106,ChIP-seq:H3K4me1,ChIP-seq:H3K9me3,0.009832909379559066,9.0,ChIP-seq:H3K4me1 x ChIP-seq:H3K9me3
UBERON:0002106,ChIP-seq:H3K4me1,ChIP-seq:CTCF,0.012281422599468357,15.0,ChIP-seq:CTCF x ChIP-seq:H3K4me1
UBERON:0002106,ChIP-seq:H3K4me1,polyA plus RNA-seq,0.002506145284322702,30.0,ChIP-seq:H3K4me1 x polyA plus RNA-seq
UBERON:0002106,ChIP-seq:H3K4me1,RNA-seq,0.011701105233158576,48.0,ChIP-seq:H3K4me1 x RNA-seq
UBERON:0002106,ChIP-seq:H3K4me1,ChIP-seq:POLR2A,-0.017318986954144487,12.0,ChIP-seq:H3K4me1 x ChIP-seq:POLR2A
UBERON:0002106,ChIP-seq:H3K4me1,ChIP-seq:POLR2AphosphoS5,0.014588928517000173,9.0,ChIP-seq:H3K4me1 x ChIP-seq:POLR2AphosphoS5
UBERON:0002106,ChIP-seq:H3K4me3,DNase-seq,-0.03597452898615415,6.0,ChIP-seq:H3K4me3 x DNase-seq
UBERON:0002106,ChIP-seq:H3K4me3,ChIP-seq:H3K27ac,0.1683961687847753,12.0,ChIP-seq:H3K27ac x ChIP-seq:H3K4me3
UBERON:0002106,ChIP-seq:H3K4me3,ChIP-seq:H3K27me3,0.02273415217454406,9.0,ChIP-seq:H3K27me3 x ChIP-seq:H3K4me3
UBERON:0002106,ChIP-seq:H3K4me3,ChIP-seq:H3K36me3,0.011350663770738786,9.0,ChIP-seq:H3K36me3 x ChIP-seq:H3K4me3
UBERON:0002106,ChIP-seq:H3K4me3,ChIP-seq:H3K4me1,0.017150467241203393,9.0,ChIP-seq:H3K4me1 x ChIP-seq:H3K4me3
UBERON:0002106,ChIP-seq:H3K4me3,ChIP-seq:H3K9me3,0.03279284818490942,9.0,ChIP-seq:H3K4me3 x ChIP-seq:H3K9me3
UBERON:0002106,ChIP-seq:H3K4me3,ChIP-seq:CTCF,0.0022340216667823543,15.0,ChIP-seq:CTCF x ChIP-seq:H3K4me3
UBERON:0002106,ChIP-seq:H3K4me3,polyA plus RNA-seq,-0.014531437800660043,30.0,ChIP-seq:H3K4me3 x polyA plus RNA-seq
UBERON:0002106,ChIP-seq:H3K4me3,RNA-seq,0.009369879552103798,48.0,ChIP-seq:H3K4me3 x RNA-seq
UBERON:0002106,ChIP-seq:H3K4me3,ChIP-seq:POLR2A,-0.053895336242369654,12.0,ChIP-seq:H3K4me3 x ChIP-seq:POLR2A
UBERON:0002106,ChIP-seq:H3K4me3,ChIP-seq:POLR2AphosphoS5,0.03813621732923719,9.0,ChIP-seq:H3K4me3 x ChIP-seq:POLR2AphosphoS5
UBERON:0002106,ChIP-seq:H3K9me3,DNase-seq,-0.021231871725562512,6.0,ChIP-seq:H3K9me3 x DNase-seq
UBERON:0002106,ChIP-seq:H3K9me3,ChIP-seq:H3K27ac,-0.01745164936771558,12.0,ChIP-seq:H3K27ac x ChIP-seq:H3K9me3
UBERON:0002106,ChIP-seq:H3K9me3,ChIP-seq:H3K27me3,0.0941850403716281,9.0,ChIP-seq:H3K27me3 x ChIP-seq:H3K9me3
UBERON:0002106,ChIP-seq:H3K9me3,ChIP-seq:H3K36me3,0.0031645949005235235,9.0,ChIP-seq:H3K36me3 x ChIP-seq:H3K9me3
UBERON:0002106,ChIP-seq:H3K9me3,ChIP-seq:H3K4me1,0.010381103981108895,9.0,ChIP-seq:H3K4me1 x ChIP-seq:H3K9me3
UBERON:0002106,ChIP-seq:H3K9me3,ChIP-seq:H3K4me3,0.02457323856943277,9.0,ChIP-seq:H3K4me3 x ChIP-seq:H3K9me3
UBERON:0002106,ChIP-seq:H3K9me3,ChIP-seq:CTCF,-0.00437335040834215,15.0,ChIP-seq:CTCF x ChIP-seq:H3K9me3
UBERON:0002106,ChIP-seq:H3K9me3,polyA plus RNA-seq,-0.006523771422349812,30.0,ChIP-seq:H3K9me3 x polyA plus RNA-seq
UBERON:0002106,ChIP-seq:H3K9me3,RNA-seq,-0.004806321348823589,48.0,ChIP-seq:H3K9me3 x RNA-seq
UBERON:0002106,ChIP-seq:H3K9me3,ChIP-seq:POLR2A,0.00445855841224576,12.0,ChIP-seq:H3K9me3 x ChIP-seq:POLR2A
UBERON:0002106,ChIP-seq:H3K9me3,ChIP-seq:POLR2AphosphoS5,-0.011150068155041446,9.0,ChIP-seq:H3K9me3 x ChIP-seq:POLR2AphosphoS5
UBERON:0002106,ChIP-seq:CTCF,DNase-seq,0.021672295417982296,10.0,ChIP-seq:CTCF x DNase-seq
UBERON:0002106,ChIP-seq:CTCF,ChIP-seq:H3K27ac,0.0021327679637093214,20.0,ChIP-seq:CTCF x ChIP-seq:H3K27ac
UBERON:0002106,ChIP-seq:CTCF,ChIP-seq:H3K27me3,-0.019248568634877262,15.0,ChIP-seq:CTCF x ChIP-seq:H3K27me3
UBERON:0002106,ChIP-seq:CTCF,ChIP-seq:H3K36me3,-0.0057369226259542695,15.0,ChIP-seq:CTCF x ChIP-seq:H3K36me3
UBERON:0002106,ChIP-seq:CTCF,ChIP-seq:H3K4me1,0.015385490328401003,15.0,ChIP-seq:CTCF x ChIP-seq:H3K4me1
UBERON:0002106,ChIP-seq:CTCF,ChIP-seq:H3K4me3,0.00647707545141659,15.0,ChIP-seq:CTCF x ChIP-seq:H3K4me3
UBERON:0002106,ChIP-seq:CTCF,ChIP-seq:H3K9me3,0.0033065283789616845,15.0,ChIP-seq:CTCF x ChIP-seq:H3K9me3
UBERON:0002106,ChIP-seq:CTCF,polyA plus RNA-seq,0.011286849265923597,50.0,ChIP-seq:CTCF x polyA plus RNA-seq
UBERON:0002106,ChIP-seq:CTCF,RNA-seq,0.0025440692504728095,80.0,ChIP-seq:CTCF x RNA-seq
UBERON:0002106,ChIP-seq:CTCF,ChIP-seq:POLR2A,0.034231808008971035,20.0,ChIP-seq:CTCF x ChIP-seq:POLR2A
UBERON:0002106,ChIP-seq:CTCF,ChIP-seq:POLR2AphosphoS5,0.01568234143433747,15.0,ChIP-seq:CTCF x ChIP-seq:POLR2AphosphoS5
UBERON:0002106,polyA plus RNA-seq,DNase-seq,0.006548621029276208,20.0,DNase-seq x polyA plus RNA-seq
UBERON:0002106,polyA plus RNA-seq,ChIP-seq:H3K27ac,0.001662313825679277,40.0,ChIP-seq:H3K27ac x polyA plus RNA-seq
UBERON:0002106,polyA plus RNA-seq,ChIP-seq:H3K27me3,-0.002284567589047312,30.0,ChIP-seq:H3K27me3 x polyA plus RNA-seq
UBERON:0002106,polyA plus RNA-seq,ChIP-seq:H3K36me3,0.004266238888950211,30.0,ChIP-seq:H3K36me3 x polyA plus RNA-seq
UBERON:0002106,polyA plus RNA-seq,ChIP-seq:H3K4me1,0.0010309145127460652,30.0,ChIP-seq:H3K4me1 x polyA plus RNA-seq
UBERON:0002106,polyA plus RNA-seq,ChIP-seq:H3K4me3,-0.015208021967623716,30.0,ChIP-seq:H3K4me3 x polyA plus RNA-seq
UBERON:0002106,polyA plus RNA-seq,ChIP-seq:H3K9me3,-0.00982748834827866,30.0,ChIP-seq:H3K9me3 x polyA plus RNA-seq
UBERON:0002106,polyA plus RNA-seq,ChIP-seq:CTCF,-0.0013327298678603838,50.0,ChIP-seq:CTCF x polyA plus RNA-seq
UBERON:0002106,polyA plus RNA-seq,RNA-seq,0.07509141031824071,160.0,RNA-seq x polyA plus RNA-seq
UBERON:0002106,polyA plus RNA-seq,ChIP-seq:POLR2A,0.009591598091302094,40.0,ChIP-seq:POLR2A x polyA plus RNA-seq
UBERON:0002106,polyA plus RNA-seq,ChIP-seq:POLR2AphosphoS5,0.01939171442279109,30.0,ChIP-seq:POLR2AphosphoS5 x polyA plus RNA-seq
UBERON:0002106,RNA-seq,DNase-seq,0.010838538955551449,32.0,DNase-seq x RNA-seq
UBERON:0002106,RNA-seq,ChIP-seq:H3K27ac,0.02898101143117221,64.0,ChIP-seq:H3K27ac x RNA-seq
UBERON:0002106,RNA-seq,ChIP-seq:H3K27me3,0.0024555931617131176,48.0,ChIP-seq:H3K27me3 x RNA-seq
UBERON:0002106,RNA-seq,ChIP-seq:H3K36me3,0.004865628713411639,48.0,ChIP-seq:H3K36me3 x RNA-seq
UBERON:0002106,RNA-seq,ChIP-seq:H3K4me1,0.0076504459420403265,48.0,ChIP-seq:H3K4me1 x RNA-seq
UBERON:0002106,RNA-seq,ChIP-seq:H3K4me3,0.010422326309580197,48.0,ChIP-seq:H3K4me3 x RNA-seq
UBERON:0002106,RNA-seq,ChIP-seq:H3K9me3,-0.006318751052859124,48.0,ChIP-seq:H3K9me3 x RNA-seq
UBERON:0002106,RNA-seq,ChIP-seq:CTCF,-0.007970606491846197,80.0,ChIP-seq:CTCF x RNA-seq
UBERON:0002106,RNA-seq,polyA plus RNA-seq,0.034097152791065205,160.0,RNA-seq x polyA plus RNA-seq
UBERON:0002106,RNA-seq,ChIP-seq:POLR2A,0.008130664902704733,64.0,ChIP-seq:POLR2A x RNA-seq
UBERON:0002106,RNA-seq,ChIP-seq:POLR2AphosphoS5,0.01364484539738408,48.0,ChIP-seq:POLR2AphosphoS5 x RNA-seq
UBERON:0002106,ChIP-seq:POLR2A,DNase-seq,-0.00402357521438107,8.0,ChIP-seq:POLR2A x DNase-seq
UBERON:0002106,ChIP-seq:POLR2A,ChIP-seq:H3K27ac,0.04060876135181331,16.0,ChIP-seq:H3K27ac x ChIP-seq:POLR2A
UBERON:0002106,ChIP-seq:POLR2A,ChIP-seq:H3K27me3,-0.01914697363116275,12.0,ChIP-seq:H3K27me3 x ChIP-seq:POLR2A
UBERON:0002106,ChIP-seq:POLR2A,ChIP-seq:H3K36me3,-0.05084561189332753,12.0,ChIP-seq:H3K36me3 x ChIP-seq:POLR2A
UBERON:0002106,ChIP-seq:POLR2A,ChIP-seq:H3K4me1,-0.01629514292210013,12.0,ChIP-seq:H3K4me1 x ChIP-seq:POLR2A
UBERON:0002106,ChIP-seq:POLR2A,ChIP-seq:H3K4me3,0.0322860833344885,12.0,ChIP-seq:H3K4me3 x ChIP-seq:POLR2A
UBERON:0002106,ChIP-seq:POLR2A,ChIP-seq:H3K9me3,-0.0017463933216052135,12.0,ChIP-seq:H3K9me3 x ChIP-seq:POLR2A
UBERON:0002106,ChIP-seq:POLR2A,ChIP-seq:CTCF,-0.05229581360723458,20.0,ChIP-seq:CTCF x ChIP-seq:POLR2A
UBERON:0002106,ChIP-seq:POLR2A,polyA plus RNA-seq,-0.0027068473114645747,40.0,ChIP-seq:POLR2A x polyA plus RNA-seq
UBERON:0002106,ChIP-seq:POLR2A,RNA-seq,0.006982485423220851,64.0,ChIP-seq:POLR2A x RNA-seq
UBERON:0002106,ChIP-seq:POLR2A,ChIP-seq:POLR2AphosphoS5,-0.1171714089534901,12.0,ChIP-seq:POLR2A x ChIP-seq:POLR2AphosphoS5
UBERON:0002106,ChIP-seq:POLR2AphosphoS5,DNase-seq,-0.0486986932066298,6.0,ChIP-seq:POLR2AphosphoS5 x DNase-seq
UBERON:0002106,ChIP-seq:POLR2AphosphoS5,ChIP-seq:H3K27ac,0.07345638722493714,12.0,ChIP-seq:H3K27ac x ChIP-seq:POLR2AphosphoS5
UBERON:0002106,ChIP-seq:POLR2AphosphoS5,ChIP-seq:H3K27me3,-0.0015289685849485726,9.0,ChIP-seq:H3K27me3 x ChIP-seq:POLR2AphosphoS5
UBERON:0002106,ChIP-seq:POLR2AphosphoS5,ChIP-seq:H3K36me3,0.04710559360242623,9.0,ChIP-seq:H3K36me3 x ChIP-seq:POLR2AphosphoS5
UBERON:0002106,ChIP-seq:POLR2AphosphoS5,ChIP-seq:H3K4me1,0.048790471603291086,9.0,ChIP-seq:H3K4me1 x ChIP-seq:POLR2AphosphoS5
UBERON:0002106,ChIP-seq:POLR2AphosphoS5,ChIP-seq:H3K4me3,0.05738795866988633,9.0,ChIP-seq:H3K4me3 x ChIP-seq:POLR2AphosphoS5
UBERON:0002106,ChIP-seq:POLR2AphosphoS5,ChIP-seq:H3K9me3,0.017177186859829746,9.0,ChIP-seq:H3K9me3 x ChIP-seq:POLR2AphosphoS5
UBERON:0002106,ChIP-seq:POLR2AphosphoS5,ChIP-seq:CTCF,0.03145639678232031,15.0,ChIP-seq:CTCF x ChIP-seq:POLR2AphosphoS5
UBERON:0002106,ChIP-seq:POLR2AphosphoS5,polyA plus RNA-seq,-0.0040420770586877056,30.0,ChIP-seq:POLR2AphosphoS5 x polyA plus RNA-seq
UBERON:0002106,ChIP-seq:POLR2AphosphoS5,RNA-seq,0.019790362792211354,48.0,ChIP-seq:POLR2AphosphoS5 x RNA-seq
UBERON:0002106,ChIP-seq:POLR2AphosphoS5,ChIP-seq:POLR2A,-0.10970458057191634,12.0,ChIP-seq:POLR2A x ChIP-seq:POLR2AphosphoS5
UBERON:0000945,DNase-seq,ChIP-seq:H3K27ac,0.04999901880191851,100.0,ChIP-seq:H3K27ac x DNase-seq
UBERON:0000945,DNase-seq,ChIP-seq:H3K27me3,0.01235640233960645,60.0,ChIP-seq:H3K27me3 x DNase-seq
UBERON:0000945,DNase-seq,ChIP-seq:H3K36me3,0.009923157454493212,80.0,ChIP-seq:H3K36me3 x DNase-seq
UBERON:0000945,DNase-seq,ChIP-seq:H3K4me1,-0.004471723556271574,80.0,ChIP-seq:H3K4me1 x DNase-seq
UBERON:0000945,DNase-seq,ChIP-seq:H3K4me3,0.0010853946488788013,60.0,ChIP-seq:H3K4me3 x DNase-seq
UBERON:0000945,DNase-seq,ChIP-seq:H3K9me3,0.02772912627222848,80.0,ChIP-seq:H3K9me3 x DNase-seq
UBERON:0000945,DNase-seq,ChIP-seq:CTCF,-0.04457781620514699,60.0,ChIP-seq:CTCF x DNase-seq
UBERON:0000945,DNase-seq,polyA plus RNA-seq,0.009753645595008804,260.0,DNase-seq x polyA plus RNA-seq
UBERON:0000945,DNase-seq,RNA-seq,-0.0159275941348019,200.0,DNase-seq x RNA-seq
UBERON:0000945,DNase-seq,ChIP-seq:POLR2A,-0.013297019686017736,40.0,ChIP-seq:POLR2A x DNase-seq
UBERON:0000945,DNase-seq,ChIP-seq:POLR2AphosphoS5,0.07230219664397064,60.0,ChIP-seq:POLR2AphosphoS5 x DNase-seq
UBERON:0000945,DNase-seq,ChIP-seq:EP300,-0.019271263480186457,20.0,ChIP-seq:EP300 x DNase-seq
UBERON:0000945,ChIP-seq:H3K27ac,DNase-seq,0.0687252395217483,100.0,ChIP-seq:H3K27ac x DNase-seq
UBERON:0000945,ChIP-seq:H3K27ac,ChIP-seq:H3K27me3,0.016815296671856408,15.0,ChIP-seq:H3K27ac x ChIP-seq:H3K27me3
UBERON:0000945,ChIP-seq:H3K27ac,ChIP-seq:H3K36me3,0.013347572677913198,20.0,ChIP-seq:H3K27ac x ChIP-seq:H3K36me3
UBERON:0000945,ChIP-seq:H3K27ac,ChIP-seq:H3K4me1,0.04503866467028033,20.0,ChIP-seq:H3K27ac x ChIP-seq:H3K4me1
UBERON:0000945,ChIP-seq:H3K27ac,ChIP-seq:H3K4me3,-0.0026638496649657173,15.0,ChIP-seq:H3K27ac x ChIP-seq:H3K4me3
UBERON:0000945,ChIP-seq:H3K27ac,ChIP-seq:H3K9me3,0.015852188053777663,20.0,ChIP-seq:H3K27ac x ChIP-seq:H3K9me3
UBERON:0000945,ChIP-seq:H3K27ac,ChIP-seq:CTCF,-0.009795470726795687,15.0,ChIP-seq:CTCF x ChIP-seq:H3K27ac
UBERON:0000945,ChIP-seq:H3K27ac,polyA plus RNA-seq,0.021462608653412762,65.0,ChIP-seq:H3K27ac x polyA plus RNA-seq
UBERON:0000945,ChIP-seq:H3K27ac,RNA-seq,-0.002048762197426224,50.0,ChIP-seq:H3K27ac x RNA-seq
UBERON:0000945,ChIP-seq:H3K27ac,ChIP-seq:POLR2A,-0.012625329835074306,10.0,ChIP-seq:H3K27ac x ChIP-seq:POLR2A
UBERON:0000945,ChIP-seq:H3K27ac,ChIP-seq:POLR2AphosphoS5,-0.0012715286678738058,15.0,ChIP-seq:H3K27ac x ChIP-seq:POLR2AphosphoS5
UBERON:0000945,ChIP-seq:H3K27ac,ChIP-seq:EP300,0.04081364274024964,5.0,ChIP-seq:EP300 x ChIP-seq:H3K27ac
UBERON:0000945,ChIP-seq:H3K27me3,DNase-seq,-0.002334958637082899,60.0,ChIP-seq:H3K27me3 x DNase-seq
UBERON:0000945,ChIP-seq:H3K27me3,ChIP-seq:H3K27ac,0.004024200550111538,15.0,ChIP-seq:H3K27ac x ChIP-seq:H3K27me3
UBERON:0000945,ChIP-seq:H3K27me3,ChIP-seq:H3K36me3,0.03961772310967539,12.0,ChIP-seq:H3K27me3 x ChIP-seq:H3K36me3
UBERON:0000945,ChIP-seq:H3K27me3,ChIP-seq:H3K4me1,0.05200096004356117,12.0,ChIP-seq:H3K27me3 x ChIP-seq:H3K4me1
UBERON:0000945,ChIP-seq:H3K27me3,ChIP-seq:H3K4me3,0.039147224737818065,9.0,ChIP-seq:H3K27me3 x ChIP-seq:H3K4me3
UBERON:0000945,ChIP-seq:H3K27me3,ChIP-seq:H3K9me3,0.07103717607742425,12.0,ChIP-seq:H3K27me3 x ChIP-seq:H3K9me3
UBERON:0000945,ChIP-seq:H3K27me3,ChIP-seq:CTCF,0.027026699139521673,9.0,ChIP-seq:CTCF x ChIP-seq:H3K27me3
UBERON:0000945,ChIP-seq:H3K27me3,polyA plus RNA-seq,0.003490963131483255,39.0,ChIP-seq:H3K27me3 x polyA plus RNA-seq
UBERON:0000945,ChIP-seq:H3K27me3,RNA-seq,-0.0010450826316194678,30.0,ChIP-seq:H3K27me3 x RNA-seq
UBERON:0000945,ChIP-seq:H3K27me3,ChIP-seq:POLR2A,0.0359942444733211,6.0,ChIP-seq:H3K27me3 x ChIP-seq:POLR2A
UBERON:0000945,ChIP-seq:H3K27me3,ChIP-seq:POLR2AphosphoS5,-0.02058991274715942,9.0,ChIP-seq:H3K27me3 x ChIP-seq:POLR2AphosphoS5
UBERON:0000945,ChIP-seq:H3K27me3,ChIP-seq:EP300,0.11965235322713852,3.0,ChIP-seq:EP300 x ChIP-seq:H3K27me3
UBERON:0000945,ChIP-seq:H3K36me3,DNase-seq,0.005414016625365696,80.0,ChIP-seq:H3K36me3 x DNase-seq
UBERON:0000945,ChIP-seq:H3K36me3,ChIP-seq:H3K27ac,0.008400961832155156,20.0,ChIP-seq:H3K27ac x ChIP-seq:H3K36me3
UBERON:0000945,ChIP-seq:H3K36me3,ChIP-seq:H3K27me3,0.050260364324197004,12.0,ChIP-seq:H3K27me3 x ChIP-seq:H3K36me3
UBERON:0000945,ChIP-seq:H3K36me3,ChIP-seq:H3K4me1,0.023390911704762866,16.0,ChIP-seq:H3K36me3 x ChIP-seq:H3K4me1
UBERON:0000945,ChIP-seq:H3K36me3,ChIP-seq:H3K4me3,0.03580250318201495,12.0,ChIP-seq:H3K36me3 x ChIP-seq:H3K4me3
UBERON:0000945,ChIP-seq:H3K36me3,ChIP-seq:H3K9me3,0.03059517714263356,16.0,ChIP-seq:H3K36me3 x ChIP-seq:H3K9me3
UBERON:0000945,ChIP-seq:H3K36me3,ChIP-seq:CTCF,0.017429423637879197,12.0,ChIP-seq:CTCF x ChIP-seq:H3K36me3
UBERON:0000945,ChIP-seq:H3K36me3,polyA plus RNA-seq,0.01653610954623251,52.0,ChIP-seq:H3K36me3 x polyA plus RNA-seq
UBERON:0000945,ChIP-seq:H3K36me3,RNA-seq,0.005144067154863853,40.0,ChIP-seq:H3K36me3 x RNA-seq
UBERON:0000945,ChIP-seq:H3K36me3,ChIP-seq:POLR2A,0.022036503867379258,8.0,ChIP-seq:H3K36me3 x ChIP-seq:POLR2A
UBERON:0000945,ChIP-seq:H3K36me3,ChIP-seq:POLR2AphosphoS5,-0.024254222710927326,12.0,ChIP-seq:H3K36me3 x ChIP-seq:POLR2AphosphoS5
UBERON:0000945,ChIP-seq:H3K36me3,ChIP-seq:EP300,0.13120361790060997,4.0,ChIP-seq:EP300 x ChIP-seq:H3K36me3
UBERON:0000945,ChIP-seq:H3K4me1,DNase-seq,0.0022665498526515185,80.0,ChIP-seq:H3K4me1 x DNase-seq
UBERON:0000945,ChIP-seq:H3K4me1,ChIP-seq:H3K27ac,0.03337544700767421,20.0,ChIP-seq:H3K27ac x ChIP-seq:H3K4me1
UBERON:0000945,ChIP-seq:H3K4me1,ChIP-seq:H3K27me3,0.06154790212368143,12.0,ChIP-seq:H3K27me3 x ChIP-seq:H3K4me1
UBERON:0000945,ChIP-seq:H3K4me1,ChIP-seq:H3K36me3,0.014876250456520579,16.0,ChIP-seq:H3K36me3 x ChIP-seq:H3K4me1
UBERON:0000945,ChIP-seq:H3K4me1,ChIP-seq:H3K4me3,0.025888793939995654,12.0,ChIP-seq:H3K4me1 x ChIP-seq:H3K4me3
UBERON:0000945,ChIP-seq:H3K4me1,ChIP-seq:H3K9me3,0.05114926780852894,16.0,ChIP-seq:H3K4me1 x ChIP-seq:H3K9me3
UBERON:0000945,ChIP-seq:H3K4me1,ChIP-seq:CTCF,0.029809129543793503,12.0,ChIP-seq:CTCF x ChIP-seq:H3K4me1
UBERON:0000945,ChIP-seq:H3K4me1,polyA plus RNA-seq,0.015918357308799695,52.0,ChIP-seq:H3K4me1 x polyA plus RNA-seq
UBERON:0000945,ChIP-seq:H3K4me1,RNA-seq,0.0029553461686523553,40.0,ChIP-seq:H3K4me1 x RNA-seq
UBERON:0000945,ChIP-seq:H3K4me1,ChIP-seq:POLR2A,0.030696963625294824,8.0,ChIP-seq:H3K4me1 x ChIP-seq:POLR2A
UBERON:0000945,ChIP-seq:H3K4me1,ChIP-seq:POLR2AphosphoS5,-0.014453508511737542,12.0,ChIP-seq:H3K4me1 x ChIP-seq:POLR2AphosphoS5
UBERON:0000945,ChIP-seq:H3K4me1,ChIP-seq:EP300,0.08350487984716892,4.0,ChIP-seq:EP300 x ChIP-seq:H3K4me1
UBERON:0000945,ChIP-seq:H3K4me3,DNase-seq,0.03505122811944636,60.0,ChIP-seq:H3K4me3 x DNase-seq
UBERON:0000945,ChIP-seq:H3K4me3,ChIP-seq:H3K27ac,0.0114004609957023,15.0,ChIP-seq:H3K27ac x ChIP-seq:H3K4me3
UBERON:0000945,ChIP-seq:H3K4me3,ChIP-seq:H3K27me3,0.03792449580755271,9.0,ChIP-seq:H3K27me3 x ChIP-seq:H3K4me3
UBERON:0000945,ChIP-seq:H3K4me3,ChIP-seq:H3K36me3,0.02528261454400744,12.0,ChIP-seq:H3K36me3 x ChIP-seq:H3K4me3
UBERON:0000945,ChIP-seq:H3K4me3,ChIP-seq:H3K4me1,0.03283677294054523,12.0,ChIP-seq:H3K4me1 x ChIP-seq:H3K4me3
UBERON:0000945,ChIP-seq:H3K4me3,ChIP-seq:H3K9me3,0.02589791750784423,12.0,ChIP-seq:H3K4me3 x ChIP-seq:H3K9me3
UBERON:0000945,ChIP-seq:H3K4me3,ChIP-seq:CTCF,0.005436716935573481,9.0,ChIP-seq:CTCF x ChIP-seq:H3K4me3
UBERON:0000945,ChIP-seq:H3K4me3,polyA plus RNA-seq,0.030483251492652665,39.0,ChIP-seq:H3K4me3 x polyA plus RNA-seq
UBERON:0000945,ChIP-seq:H3K4me3,RNA-seq,-0.007886981504155038,30.0,ChIP-seq:H3K4me3 x RNA-seq
UBERON:0000945,ChIP-seq:H3K4me3,ChIP-seq:POLR2A,0.004529710326875963,6.0,ChIP-seq:H3K4me3 x ChIP-seq:POLR2A
UBERON:0000945,ChIP-seq:H3K4me3,ChIP-seq:POLR2AphosphoS5,-0.031433443964263535,9.0,ChIP-seq:H3K4me3 x ChIP-seq:POLR2AphosphoS5
UBERON:0000945,ChIP-seq:H3K4me3,ChIP-seq:EP300,0.04298880944649378,3.0,ChIP-seq:EP300 x ChIP-seq:H3K4me3
UBERON:0000945,ChIP-seq:H3K9me3,DNase-seq,-0.0006111007284473734,80.0,ChIP-seq:H3K9me3 x DNase-seq
UBERON:0000945,ChIP-seq:H3K9me3,ChIP-seq:H3K27ac,0.0015056548239309568,20.0,ChIP-seq:H3K27ac x ChIP-seq:H3K9me3
UBERON:0000945,ChIP-seq:H3K9me3,ChIP-seq:H3K27me3,0.057625742479302425,12.0,ChIP-seq:H3K27me3 x ChIP-seq:H3K9me3
UBERON:0000945,ChIP-seq:H3K9me3,ChIP-seq:H3K36me3,0.008948078289388976,16.0,ChIP-seq:H3K36me3 x ChIP-seq:H3K9me3
UBERON:0000945,ChIP-seq:H3K9me3,ChIP-seq:H3K4me1,0.05388892557245592,16.0,ChIP-seq:H3K4me1 x ChIP-seq:H3K9me3
UBERON:0000945,ChIP-seq:H3K9me3,ChIP-seq:H3K4me3,0.01040304137367598,12.0,ChIP-seq:H3K4me3 x ChIP-seq:H3K9me3
UBERON:0000945,ChIP-seq:H3K9me3,ChIP-seq:CTCF,0.011038860449424155,12.0,ChIP-seq:CTCF x ChIP-seq:H3K9me3
UBERON:0000945,ChIP-seq:H3K9me3,polyA plus RNA-seq,0.005927475070106912,52.0,ChIP-seq:H3K9me3 x polyA plus RNA-seq
UBERON:0000945,ChIP-seq:H3K9me3,RNA-seq,0.001278213699635002,40.0,ChIP-seq:H3K9me3 x RNA-seq
UBERON:0000945,ChIP-seq:H3K9me3,ChIP-seq:POLR2A,0.01721487779702459,8.0,ChIP-seq:H3K9me3 x ChIP-seq:POLR2A
UBERON:0000945,ChIP-seq:H3K9me3,ChIP-seq:POLR2AphosphoS5,-0.013035939109546164,12.0,ChIP-seq:H3K9me3 x ChIP-seq:POLR2AphosphoS5
UBERON:0000945,ChIP-seq:H3K9me3,ChIP-seq:EP300,0.06397130712866783,4.0,ChIP-seq:EP300 x ChIP-seq:H3K9me3
UBERON:0000945,ChIP-seq:CTCF,DNase-seq,0.03479322742771458,60.0,ChIP-seq:CTCF x DNase-seq
UBERON:0000945,ChIP-seq:CTCF,ChIP-seq:H3K27ac,-0.002754555774640434,15.0,ChIP-seq:CTCF x ChIP-seq:H3K27ac
UBERON:0000945,ChIP-seq:CTCF,ChIP-seq:H3K27me3,0.006886719287126919,9.0,ChIP-seq:CTCF x ChIP-seq:H3K27me3
UBERON:0000945,ChIP-seq:CTCF,ChIP-seq:H3K36me3,-0.023558544788556096,12.0,ChIP-seq:CTCF x ChIP-seq:H3K36me3
UBERON:0000945,ChIP-seq:CTCF,ChIP-seq:H3K4me1,0.013081523265627865,12.0,ChIP-seq:CTCF x ChIP-seq:H3K4me1
UBERON:0000945,ChIP-seq:CTCF,ChIP-seq:H3K4me3,0.007658316122720686,9.0,ChIP-seq:CTCF x ChIP-seq:H3K4me3
UBERON:0000945,ChIP-seq:CTCF,ChIP-seq:H3K9me3,-0.022318978318611335,12.0,ChIP-seq:CTCF x ChIP-seq:H3K9me3
UBERON:0000945,ChIP-seq:CTCF,polyA plus RNA-seq,0.006229720877472467,39.0,ChIP-seq:CTCF x polyA plus RNA-seq
UBERON:0000945,ChIP-seq:CTCF,RNA-seq,-0.010447908284745714,30.0,ChIP-seq:CTCF x RNA-seq
UBERON:0000945,ChIP-seq:CTCF,ChIP-seq:POLR2A,0.2163361254192534,6.0,ChIP-seq:CTCF x ChIP-seq:POLR2A
UBERON:0000945,ChIP-seq:CTCF,ChIP-seq:POLR2AphosphoS5,0.011213361481089645,9.0,ChIP-seq:CTCF x ChIP-seq:POLR2AphosphoS5
UBERON:0000945,ChIP-seq:CTCF,ChIP-seq:EP300,-0.027993063131968178,3.0,ChIP-seq:CTCF x ChIP-seq:EP300
UBERON:0000945,polyA plus RNA-seq,DNase-seq,0.015065847142074807,260.0,DNase-seq x polyA plus RNA-seq
UBERON:0000945,polyA plus RNA-seq,ChIP-seq:H3K27ac,0.007341971764197715,65.0,ChIP-seq:H3K27ac x polyA plus RNA-seq
UBERON:0000945,polyA plus RNA-seq,ChIP-seq:H3K27me3,0.011519084123780936,39.0,ChIP-seq:H3K27me3 x polyA plus RNA-seq
UBERON:0000945,polyA plus RNA-seq,ChIP-seq:H3K36me3,-0.012264569714843167,52.0,ChIP-seq:H3K36me3 x polyA plus RNA-seq
UBERON:0000945,polyA plus RNA-seq,ChIP-seq:H3K4me1,0.00537543064018943,52.0,ChIP-seq:H3K4me1 x polyA plus RNA-seq
UBERON:0000945,polyA plus RNA-seq,ChIP-seq:H3K4me3,0.013544727723578676,39.0,ChIP-seq:H3K4me3 x polyA plus RNA-seq
UBERON:0000945,polyA plus RNA-seq,ChIP-seq:H3K9me3,0.003344773585668909,52.0,ChIP-seq:H3K9me3 x polyA plus RNA-seq
UBERON:0000945,polyA plus RNA-seq,ChIP-seq:CTCF,0.012726096476793762,39.0,ChIP-seq:CTCF x polyA plus RNA-seq
UBERON:0000945,polyA plus RNA-seq,RNA-seq,-0.02579386784480167,130.0,RNA-seq x polyA plus RNA-seq
UBERON:0000945,polyA plus RNA-seq,ChIP-seq:POLR2A,0.01503308657761459,26.0,ChIP-seq:POLR2A x polyA plus RNA-seq
UBERON:0000945,polyA plus RNA-seq,ChIP-seq:POLR2AphosphoS5,0.0024972824629215795,39.0,ChIP-seq:POLR2AphosphoS5 x polyA plus RNA-seq
UBERON:0000945,polyA plus RNA-seq,ChIP-seq:EP300,-0.005368024683915651,13.0,ChIP-seq:EP300 x polyA plus RNA-seq
UBERON:0000945,RNA-seq,DNase-seq,0.005438643403955404,200.0,DNase-seq x RNA-seq
UBERON:0000945,RNA-seq,ChIP-seq:H3K27ac,0.002575015146521073,50.0,ChIP-seq:H3K27ac x RNA-seq
UBERON:0000945,RNA-seq,ChIP-seq:H3K27me3,-0.013985387244443783,30.0,ChIP-seq:H3K27me3 x RNA-seq
UBERON:0000945,RNA-seq,ChIP-seq:H3K36me3,0.0026595914108867996,40.0,ChIP-seq:H3K36me3 x RNA-seq
UBERON:0000945,RNA-seq,ChIP-seq:H3K4me1,0.004400691949860168,40.0,ChIP-seq:H3K4me1 x RNA-seq
UBERON:0000945,RNA-seq,ChIP-seq:H3K4me3,0.007729265191745313,30.0,ChIP-seq:H3K4me3 x RNA-seq
UBERON:0000945,RNA-seq,ChIP-seq:H3K9me3,-0.004869130190651296,40.0,ChIP-seq:H3K9me3 x RNA-seq
UBERON:0000945,RNA-seq,ChIP-seq:CTCF,0.003832463499827263,30.0,ChIP-seq:CTCF x RNA-seq
UBERON:0000945,RNA-seq,polyA plus RNA-seq,0.04093083037427192,130.0,RNA-seq x polyA plus RNA-seq
UBERON:0000945,RNA-seq,ChIP-seq:POLR2A,-0.0047521838120051785,20.0,ChIP-seq:POLR2A x RNA-seq
UBERON:0000945,RNA-seq,ChIP-seq:POLR2AphosphoS5,0.00620284742779202,30.0,ChIP-seq:POLR2AphosphoS5 x RNA-seq
UBERON:0000945,RNA-seq,ChIP-seq:EP300,0.00048510655760765006,10.0,ChIP-seq:EP300 x RNA-seq
UBERON:0000945,ChIP-seq:POLR2A,DNase-seq,0.03346130396868731,40.0,ChIP-seq:POLR2A x DNase-seq
UBERON:0000945,ChIP-seq:POLR2A,ChIP-seq:H3K27ac,0.020680934266199033,10.0,ChIP-seq:H3K27ac x ChIP-seq:POLR2A
UBERON:0000945,ChIP-seq:POLR2A,ChIP-seq:H3K27me3,0.008638533710063193,6.0,ChIP-seq:H3K27me3 x ChIP-seq:POLR2A
UBERON:0000945,ChIP-seq:POLR2A,ChIP-seq:H3K36me3,-0.047539298831022044,8.0,ChIP-seq:H3K36me3 x ChIP-seq:POLR2A
UBERON:0000945,ChIP-seq:POLR2A,ChIP-seq:H3K4me1,0.008371576461014826,8.0,ChIP-seq:H3K4me1 x ChIP-seq:POLR2A
UBERON:0000945,ChIP-seq:POLR2A,ChIP-seq:H3K4me3,0.0006742115031945356,6.0,ChIP-seq:H3K4me3 x ChIP-seq:POLR2A
UBERON:0000945,ChIP-seq:POLR2A,ChIP-seq:H3K9me3,-0.007432530092149128,8.0,ChIP-seq:H3K9me3 x ChIP-seq:POLR2A
UBERON:0000945,ChIP-seq:POLR2A,ChIP-seq:CTCF,0.2189095111993643,6.0,ChIP-seq:CTCF x ChIP-seq:POLR2A
UBERON:0000945,ChIP-seq:POLR2A,polyA plus RNA-seq,0.008327824829598152,26.0,ChIP-seq:POLR2A x polyA plus RNA-seq
UBERON:0000945,ChIP-seq:POLR2A,RNA-seq,-0.00015438833498442744,20.0,ChIP-seq:POLR2A x RNA-seq
UBERON:0000945,ChIP-seq:POLR2A,ChIP-seq:POLR2AphosphoS5,0.014761021843662958,6.0,ChIP-seq:POLR2A x ChIP-seq:POLR2AphosphoS5
UBERON:0000945,ChIP-seq:POLR2A,ChIP-seq:EP300,-0.0965615063905716,2.0,ChIP-seq:EP300 x ChIP-seq:POLR2A
UBERON:0000945,ChIP-seq:POLR2AphosphoS5,DNase-seq,0.10773795359843485,60.0,ChIP-seq:POLR2AphosphoS5 x DNase-seq
UBERON:0000945,ChIP-seq:POLR2AphosphoS5,ChIP-seq:H3K27ac,0.02928151219203,15.0,ChIP-seq:H3K27ac x ChIP-seq:POLR2AphosphoS5
UBERON:0000945,ChIP-seq:POLR2AphosphoS5,ChIP-seq:H3K27me3,-0.0018110472808852505,9.0,ChIP-seq:H3K27me3 x ChIP-seq:POLR2AphosphoS5
UBERON:0000945,ChIP-seq:POLR2AphosphoS5,ChIP-seq:H3K36me3,-0.04002690692423924,12.0,ChIP-seq:H3K36me3 x ChIP-seq:POLR2AphosphoS5
UBERON:0000945,ChIP-seq:POLR2AphosphoS5,ChIP-seq:H3K4me1,-0.003476448768739541,12.0,ChIP-seq:H3K4me1 x ChIP-seq:POLR2AphosphoS5
UBERON:0000945,ChIP-seq:POLR2AphosphoS5,ChIP-seq:H3K4me3,-0.007429103896091804,9.0,ChIP-seq:H3K4me3 x ChIP-seq:POLR2AphosphoS5
UBERON:0000945,ChIP-seq:POLR2AphosphoS5,ChIP-seq:H3K9me3,0.009955734835337786,12.0,ChIP-seq:H3K9me3 x ChIP-seq:POLR2AphosphoS5
UBERON:0000945,ChIP-seq:POLR2AphosphoS5,ChIP-seq:CTCF,-0.012760304997109964,9.0,ChIP-seq:CTCF x ChIP-seq:POLR2AphosphoS5
UBERON:0000945,ChIP-seq:POLR2AphosphoS5,polyA plus RNA-seq,0.01404347927612666,39.0,ChIP-seq:POLR2AphosphoS5 x polyA plus RNA-seq
UBERON:0000945,ChIP-seq:POLR2AphosphoS5,RNA-seq,-0.00940425886269496,30.0,ChIP-seq:POLR2AphosphoS5 x RNA-seq
UBERON:0000945,ChIP-seq:POLR2AphosphoS5,ChIP-seq:POLR2A,-0.06241548345202491,6.0,ChIP-seq:POLR2A x ChIP-seq:POLR2AphosphoS5
UBERON:0000945,ChIP-seq:POLR2AphosphoS5,ChIP-seq:EP300,-0.16596468289693198,3.0,ChIP-seq:EP300 x ChIP-seq:POLR2AphosphoS5
UBERON:0000945,ChIP-seq:EP300,DNase-seq,0.008946042850210861,20.0,ChIP-seq:EP300 x DNase-seq
UBERON:0000945,ChIP-seq:EP300,ChIP-seq:H3K27ac,0.026672522629363628,5.0,ChIP-seq:EP300 x ChIP-seq:H3K27ac
UBERON:0000945,ChIP-seq:EP300,ChIP-seq:H3K27me3,0.07108701508620689,3.0,ChIP-seq:EP300 x ChIP-seq:H3K27me3
UBERON:0000945,ChIP-seq:EP300,ChIP-seq:H3K36me3,0.06695411581406618,4.0,ChIP-seq:EP300 x ChIP-seq:H3K36me3
UBERON:0000945,ChIP-seq:EP300,ChIP-seq:H3K4me1,0.06488138256152032,4.0,ChIP-seq:EP300 x ChIP-seq:H3K4me1
UBERON:0000945,ChIP-seq:EP300,ChIP-seq:H3K4me3,0.0570080084420146,3.0,ChIP-seq:EP300 x ChIP-seq:H3K4me3
UBERON:0000945,ChIP-seq:EP300,ChIP-seq:H3K9me3,0.03514759537190367,4.0,ChIP-seq:EP300 x ChIP-seq:H3K9me3
UBERON:0000945,ChIP-seq:EP300,ChIP-seq:CTCF,0.02519248922665914,3.0,ChIP-seq:CTCF x ChIP-seq:EP300
UBERON:0000945,ChIP-seq:EP300,polyA plus RNA-seq,0.006006441260935993,13.0,ChIP-seq:EP300 x polyA plus RNA-seq
UBERON:0000945,ChIP-seq:EP300,RNA-seq,-0.017152323659180457,10.0,ChIP-seq:EP300 x RNA-seq
UBERON:0000945,ChIP-seq:EP300,ChIP-seq:POLR2A,-0.006736893739019124,2.0,ChIP-seq:EP300 x ChIP-seq:POLR2A
UBERON:0000945,ChIP-seq:EP300,ChIP-seq:POLR2AphosphoS5,-0.08323475608119255,3.0,ChIP-seq:EP300 x ChIP-seq:POLR2AphosphoS5
UBERON:0004222,ChIP-seq:H3K27ac,ChIP-seq:H3K27me3,0.0227673648084913,2.0,ChIP-seq:H3K27ac x ChIP-seq:H3K27me3
UBERON:0004222,ChIP-seq:H3K27ac,ChIP-seq:H3K36me3,0.04172255849790951,2.0,ChIP-seq:H3K27ac x ChIP-seq:H3K36me3
UBERON:0004222,ChIP-seq:H3K27ac,ChIP-seq:H3K4me1,0.29826019250828284,1.0,ChIP-seq:H3K27ac x ChIP-seq:H3K4me1
UBERON:0004222,ChIP-seq:H3K27ac,ChIP-seq:H3K4me3,0.19428013056238122,2.0,ChIP-seq:H3K27ac x ChIP-seq:H3K4me3
UBERON:0004222,ChIP-seq:H3K27ac,ChIP-seq:H3K9ac,0.33629863116205955,2.0,ChIP-seq:H3K27ac x ChIP-seq:H3K9ac
UBERON:0004222,ChIP-seq:H3K27ac,ChIP-seq:H3K9me3,0.02790760334227338,2.0,ChIP-seq:H3K27ac x ChIP-seq:H3K9me3
UBERON:0004222,ChIP-seq:H3K27me3,ChIP-seq:H3K27ac,0.012774945409209641,2.0,ChIP-seq:H3K27ac x ChIP-seq:H3K27me3
UBERON:0004222,ChIP-seq:H3K27me3,ChIP-seq:H3K36me3,0.020427338778972626,4.0,ChIP-seq:H3K27me3 x ChIP-seq:H3K36me3
UBERON:0004222,ChIP-seq:H3K27me3,ChIP-seq:H3K4me1,-0.022281941026449203,2.0,ChIP-seq:H3K27me3 x ChIP-seq:H3K4me1
UBERON:0004222,ChIP-seq:H3K27me3,ChIP-seq:H3K4me3,-0.0300061659556683,4.0,ChIP-seq:H3K27me3 x ChIP-seq:H3K4me3
UBERON:0004222,ChIP-seq:H3K27me3,ChIP-seq:H3K9ac,-0.0032890079428955013,4.0,ChIP-seq:H3K27me3 x ChIP-seq:H3K9ac
UBERON:0004222,ChIP-seq:H3K27me3,ChIP-seq:H3K9me3,0.13010569108265074,4.0,ChIP-seq:H3K27me3 x ChIP-seq:H3K9me3
UBERON:0004222,ChIP-seq:H3K36me3,ChIP-seq:H3K27ac,0.035881791079853786,2.0,ChIP-seq:H3K27ac x ChIP-seq:H3K36me3
UBERON:0004222,ChIP-seq:H3K36me3,ChIP-seq:H3K27me3,0.01021769255399704,4.0,ChIP-seq:H3K27me3 x ChIP-seq:H3K36me3
UBERON:0004222,ChIP-seq:H3K36me3,ChIP-seq:H3K4me1,0.0063165364705998,2.0,ChIP-seq:H3K36me3 x ChIP-seq:H3K4me1
UBERON:0004222,ChIP-seq:H3K36me3,ChIP-seq:H3K4me3,0.014681703384930843,4.0,ChIP-seq:H3K36me3 x ChIP-seq:H3K4me3
UBERON:0004222,ChIP-seq:H3K36me3,ChIP-seq:H3K9ac,0.04805813486478767,4.0,ChIP-seq:H3K36me3 x ChIP-seq:H3K9ac
UBERON:0004222,ChIP-seq:H3K36me3,ChIP-seq:H3K9me3,0.0584614132869177,4.0,ChIP-seq:H3K36me3 x ChIP-seq:H3K9me3
UBERON:0004222,ChIP-seq:H3K4me1,ChIP-seq:H3K27ac,0.28084113384470527,1.0,ChIP-seq:H3K27ac x ChIP-seq:H3K4me1
UBERON:0004222,ChIP-seq:H3K4me1,ChIP-seq:H3K27me3,0.001571981204407557,2.0,ChIP-seq:H3K27me3 x ChIP-seq:H3K4me1
UBERON:0004222,ChIP-seq:H3K4me1,ChIP-seq:H3K36me3,0.02678742417425075,2.0,ChIP-seq:H3K36me3 x ChIP-seq:H3K4me1
UBERON:0004222,ChIP-seq:H3K4me1,ChIP-seq:H3K4me3,0.1784364322078562,2.0,ChIP-seq:H3K4me1 x ChIP-seq:H3K4me3
UBERON:0004222,ChIP-seq:H3K4me1,ChIP-seq:H3K9ac,0.0976560435124806,2.0,ChIP-seq:H3K4me1 x ChIP-seq:H3K9ac
UBERON:0004222,ChIP-seq:H3K4me1,ChIP-seq:H3K9me3,0.048404460491914325,2.0,ChIP-seq:H3K4me1 x ChIP-seq:H3K9me3
UBERON:0004222,ChIP-seq:H3K4me3,ChIP-seq:H3K27ac,0.15786027650774262,2.0,ChIP-seq:H3K27ac x ChIP-seq:H3K4me3
UBERON:0004222,ChIP-seq:H3K4me3,ChIP-seq:H3K27me3,-0.032809801527432035,4.0,ChIP-seq:H3K27me3 x ChIP-seq:H3K4me3
UBERON:0004222,ChIP-seq:H3K4me3,ChIP-seq:H3K36me3,0.021644339073823873,4.0,ChIP-seq:H3K36me3 x ChIP-seq:H3K4me3
UBERON:0004222,ChIP-seq:H3K4me3,ChIP-seq:H3K4me1,0.14877827659897183,2.0,ChIP-seq:H3K4me1 x ChIP-seq:H3K4me3
UBERON:0004222,ChIP-seq:H3K4me3,ChIP-seq:H3K9ac,0.22193982163254095,4.0,ChIP-seq:H3K4me3 x ChIP-seq:H3K9ac
UBERON:0004222,ChIP-seq:H3K4me3,ChIP-seq:H3K9me3,0.014452671267966316,4.0,ChIP-seq:H3K4me3 x ChIP-seq:H3K9me3
UBERON:0004222,ChIP-seq:H3K9ac,ChIP-seq:H3K27ac,0.31676283000428,2.0,ChIP-seq:H3K27ac x ChIP-seq:H3K9ac
UBERON:0004222,ChIP-seq:H3K9ac,ChIP-seq:H3K27me3,0.013871707043477467,4.0,ChIP-seq:H3K27me3 x ChIP-seq:H3K9ac
UBERON:0004222,ChIP-seq:H3K9ac,ChIP-seq:H3K36me3,0.05955273788126688,4.0,ChIP-seq:H3K36me3 x ChIP-seq:H3K9ac
UBERON:0004222,ChIP-seq:H3K9ac,ChIP-seq:H3K4me1,0.12899059899475263,2.0,ChIP-seq:H3K4me1 x ChIP-seq:H3K9ac
UBERON:0004222,ChIP-seq:H3K9ac,ChIP-seq:H3K4me3,0.273456673755824,4.0,ChIP-seq:H3K4me3 x ChIP-seq:H3K9ac
UBERON:0004222,ChIP-seq:H3K9ac,ChIP-seq:H3K9me3,0.01546349651154193,4.0,ChIP-seq:H3K9ac x ChIP-seq:H3K9me3
UBERON:0004222,ChIP-seq:H3K9me3,ChIP-seq:H3K27ac,0.04259939845881344,2.0,ChIP-seq:H3K27ac x ChIP-seq:H3K9me3
UBERON:0004222,ChIP-seq:H3K9me3,ChIP-seq:H3K27me3,0.13048184309686933,4.0,ChIP-seq:H3K27me3 x ChIP-seq:H3K9me3
UBERON:0004222,ChIP-seq:H3K9me3,ChIP-seq:H3K36me3,0.08653816194445998,4.0,ChIP-seq:H3K36me3 x ChIP-seq:H3K9me3
UBERON:0004222,ChIP-seq:H3K9me3,ChIP-seq:H3K4me1,0.032063536507927856,2.0,ChIP-seq:H3K4me1 x ChIP-seq:H3K9me3
UBERON:0004222,ChIP-seq:H3K9me3,ChIP-seq:H3K4me3,0.0546222656060045,4.0,ChIP-seq:H3K4me3 x ChIP-seq:H3K9me3
UBERON:0004222,ChIP-seq:H3K9me3,ChIP-seq:H3K9ac,0.022935372378144945,4.0,ChIP-seq:H3K9ac x ChIP-seq:H3K9me3
UBERON:0014455,ChIP-seq:H3K27ac,ChIP-seq:H3K27me3,-0.03675570127575896,5.0,ChIP-seq:H3K27ac x ChIP-seq:H3K27me3
UBERON:0014455,ChIP-seq:H3K27ac,ChIP-seq:H3K36me3,-0.024466071536223735,5.0,ChIP-seq:H3K27ac x ChIP-seq:H3K36me3
UBERON:0014455,ChIP-seq:H3K27ac,ChIP-seq:H3K4me1,0.204873259862264,5.0,ChIP-seq:H3K27ac x ChIP-seq:H3K4me1
UBERON:0014455,ChIP-seq:H3K27ac,ChIP-seq:H3K4me3,0.13302770406713982,5.0,ChIP-seq:H3K27ac x ChIP-seq:H3K4me3
UBERON:0014455,ChIP-seq:H3K27ac,ChIP-seq:H3K9ac,0.24553528039351752,5.0,ChIP-seq:H3K27ac x ChIP-seq:H3K9ac
UBERON:0014455,ChIP-seq:H3K27ac,ChIP-seq:H3K9me3,0.0065617646683346145,5.0,ChIP-seq:H3K27ac x ChIP-seq:H3K9me3
UBERON:0014455,ChIP-seq:H3K27me3,ChIP-seq:H3K27ac,-0.041605881481994816,5.0,ChIP-seq:H3K27ac x ChIP-seq:H3K27me3
UBERON:0014455,ChIP-seq:H3K27me3,ChIP-seq:H3K36me3,-0.016859652919154013,25.0,ChIP-seq:H3K27me3 x ChIP-seq:H3K36me3
UBERON:0014455,ChIP-seq:H3K27me3,ChIP-seq:H3K4me1,-0.022596591214338938,25.0,ChIP-seq:H3K27me3 x ChIP-seq:H3K4me1
UBERON:0014455,ChIP-seq:H3K27me3,ChIP-seq:H3K4me3,-0.03167499636021836,25.0,ChIP-seq:H3K27me3 x ChIP-seq:H3K4me3
UBERON:0014455,ChIP-seq:H3K27me3,ChIP-seq:H3K9ac,0.00036566952000493744,25.0,ChIP-seq:H3K27me3 x ChIP-seq:H3K9ac
UBERON:0014455,ChIP-seq:H3K27me3,ChIP-seq:H3K9me3,0.11789804805408824,25.0,ChIP-seq:H3K27me3 x ChIP-seq:H3K9me3
UBERON:0014455,ChIP-seq:H3K36me3,ChIP-seq:H3K27ac,-0.001013679252822458,5.0,ChIP-seq:H3K27ac x ChIP-seq:H3K36me3
UBERON:0014455,ChIP-seq:H3K36me3,ChIP-seq:H3K27me3,-0.02620576592378838,25.0,ChIP-seq:H3K27me3 x ChIP-seq:H3K36me3
UBERON:0014455,ChIP-seq:H3K36me3,ChIP-seq:H3K4me1,-0.021552489863501653,25.0,ChIP-seq:H3K36me3 x ChIP-seq:H3K4me1
UBERON:0014455,ChIP-seq:H3K36me3,ChIP-seq:H3K4me3,0.006732782464456784,25.0,ChIP-seq:H3K36me3 x ChIP-seq:H3K4me3
UBERON:0014455,ChIP-seq:H3K36me3,ChIP-seq:H3K9ac,0.024502339674078902,25.0,ChIP-seq:H3K36me3 x ChIP-seq:H3K9ac
UBERON:0014455,ChIP-seq:H3K36me3,ChIP-seq:H3K9me3,0.03495038942857222,25.0,ChIP-seq:H3K36me3 x ChIP-seq:H3K9me3
UBERON:0014455,ChIP-seq:H3K4me1,ChIP-seq:H3K27ac,0.2162083354997046,5.0,ChIP-seq:H3K27ac x ChIP-seq:H3K4me1
UBERON:0014455,ChIP-seq:H3K4me1,ChIP-seq:H3K27me3,-0.030379253923892978,25.0,ChIP-seq:H3K27me3 x ChIP-seq:H3K4me1
UBERON:0014455,ChIP-seq:H3K4me1,ChIP-seq:H3K36me3,-0.014284081228317752,25.0,ChIP-seq:H3K36me3 x ChIP-seq:H3K4me1
UBERON:0014455,ChIP-seq:H3K4me1,ChIP-seq:H3K4me3,0.07241141188201182,25.0,ChIP-seq:H3K4me1 x ChIP-seq:H3K4me3
UBERON:0014455,ChIP-seq:H3K4me1,ChIP-seq:H3K9ac,0.1165723808952,25.0,ChIP-seq:H3K4me1 x ChIP-seq:H3K9ac
UBERON:0014455,ChIP-seq:H3K4me1,ChIP-seq:H3K9me3,0.011764763918789948,25.0,ChIP-seq:H3K4me1 x ChIP-seq:H3K9me3
UBERON:0014455,ChIP-seq:H3K4me3,ChIP-seq:H3K27ac,0.14373478595121406,5.0,ChIP-seq:H3K27ac x ChIP-seq:H3K4me3
UBERON:0014455,ChIP-seq:H3K4me3,ChIP-seq:H3K27me3,-0.032210051015365955,25.0,ChIP-seq:H3K27me3 x ChIP-seq:H3K4me3
UBERON:0014455,ChIP-seq:H3K4me3,ChIP-seq:H3K36me3,-0.019992601089580085,25.0,ChIP-seq:H3K36me3 x ChIP-seq:H3K4me3
UBERON:0014455,ChIP-seq:H3K4me3,ChIP-seq:H3K4me1,0.09254282633463543,25.0,ChIP-seq:H3K4me1 x ChIP-seq:H3K4me3
UBERON:0014455,ChIP-seq:H3K4me3,ChIP-seq:H3K9ac,0.14371676569399627,25.0,ChIP-seq:H3K4me3 x ChIP-seq:H3K9ac
UBERON:0014455,ChIP-seq:H3K4me3,ChIP-seq:H3K9me3,0.06512638612227006,25.0,ChIP-seq:H3K4me3 x ChIP-seq:H3K9me3
UBERON:0014455,ChIP-seq:H3K9ac,ChIP-seq:H3K27ac,0.26253600356019574,5.0,ChIP-seq:H3K27ac x ChIP-seq:H3K9ac
UBERON:0014455,ChIP-seq:H3K9ac,ChIP-seq:H3K27me3,-0.003954512740290444,25.0,ChIP-seq:H3K27me3 x ChIP-seq:H3K9ac
UBERON:0014455,ChIP-seq:H3K9ac,ChIP-seq:H3K36me3,-0.003540695328866278,25.0,ChIP-seq:H3K36me3 x ChIP-seq:H3K9ac
UBERON:0014455,ChIP-seq:H3K9ac,ChIP-seq:H3K4me1,0.12496846516927085,25.0,ChIP-seq:H3K4me1 x ChIP-seq:H3K9ac
UBERON:0014455,ChIP-seq:H3K9ac,ChIP-seq:H3K4me3,0.15924250417411046,25.0,ChIP-seq:H3K4me3 x ChIP-seq:H3K9ac
UBERON:0014455,ChIP-seq:H3K9ac,ChIP-seq:H3K9me3,-0.008112786574797196,25.0,ChIP-seq:H3K9ac x ChIP-seq:H3K9me3
UBERON:0014455,ChIP-seq:H3K9me3,ChIP-seq:H3K27ac,0.009494115357045776,5.0,ChIP-seq:H3K27ac x ChIP-seq:H3K9me3
UBERON:0014455,ChIP-seq:H3K9me3,ChIP-seq:H3K27me3,0.12454446748245594,25.0,ChIP-seq:H3K27me3 x ChIP-seq:H3K9me3
UBERON:0014455,ChIP-seq:H3K9me3,ChIP-seq:H3K36me3,0.022215760189999816,25.0,ChIP-seq:H3K36me3 x ChIP-seq:H3K9me3
UBERON:0014455,ChIP-seq:H3K9me3,ChIP-seq:H3K4me1,0.010560582478841143,25.0,ChIP-seq:H3K4me1 x ChIP-seq:H3K9me3
UBERON:0014455,ChIP-seq:H3K9me3,ChIP-seq:H3K4me3,0.09709107963959752,25.0,ChIP-seq:H3K4me3 x ChIP-seq:H3K9me3
UBERON:0014455,ChIP-seq:H3K9me3,ChIP-seq:H3K9ac,0.006924649684325509,25.0,ChIP-seq:H3K9ac x ChIP-seq:H3K9me3
UBERON:0002038,ChIP-seq:H3K27ac,ChIP-seq:H3K27me3,-0.05168911088790212,2.0,ChIP-seq:H3K27ac x ChIP-seq:H3K27me3
UBERON:0002038,ChIP-seq:H3K27ac,ChIP-seq:H3K36me3,-0.032554654020165635,2.0,ChIP-seq:H3K27ac x ChIP-seq:H3K36me3
UBERON:0002038,ChIP-seq:H3K27ac,ChIP-seq:H3K4me1,0.2513762580566719,2.0,ChIP-seq:H3K27ac x ChIP-seq:H3K4me1
UBERON:0002038,ChIP-seq:H3K27ac,ChIP-seq:H3K4me3,0.15487003994879323,2.0,ChIP-seq:H3K27ac x ChIP-seq:H3K4me3
UBERON:0002038,ChIP-seq:H3K27ac,ChIP-seq:H3K9ac,0.28244662284851074,1.0,ChIP-seq:H3K27ac x ChIP-seq:H3K9ac
UBERON:0002038,ChIP-seq:H3K27ac,ChIP-seq:H3K9me3,-0.04611982923396473,2.0,ChIP-seq:H3K27ac x ChIP-seq:H3K9me3
UBERON:0002038,ChIP-seq:H3K27me3,ChIP-seq:H3K27ac,-0.054919656182144894,2.0,ChIP-seq:H3K27ac x ChIP-seq:H3K27me3
UBERON:0002038,ChIP-seq:H3K27me3,ChIP-seq:H3K36me3,0.00707963089305888,4.0,ChIP-seq:H3K27me3 x ChIP-seq:H3K36me3
UBERON:0002038,ChIP-seq:H3K27me3,ChIP-seq:H3K4me1,0.030570988650204703,4.0,ChIP-seq:H3K27me3 x ChIP-seq:H3K4me1
UBERON:0002038,ChIP-seq:H3K27me3,ChIP-seq:H3K4me3,0.05839336743560907,4.0,ChIP-seq:H3K27me3 x ChIP-seq:H3K4me3
UBERON:0002038,ChIP-seq:H3K27me3,ChIP-seq:H3K9ac,0.00017871774733066448,2.0,ChIP-seq:H3K27me3 x ChIP-seq:H3K9ac
UBERON:0002038,ChIP-seq:H3K27me3,ChIP-seq:H3K9me3,0.08879865614395568,4.0,ChIP-seq:H3K27me3 x ChIP-seq:H3K9me3
UBERON:0002038,ChIP-seq:H3K36me3,ChIP-seq:H3K27ac,-0.032217721052375844,2.0,ChIP-seq:H3K27ac x ChIP-seq:H3K36me3
UBERON:0002038,ChIP-seq:H3K36me3,ChIP-seq:H3K27me3,0.012441146927220481,4.0,ChIP-seq:H3K27me3 x ChIP-seq:H3K36me3
UBERON:0002038,ChIP-seq:H3K36me3,ChIP-seq:H3K4me1,-0.008089282188584894,4.0,ChIP-seq:H3K36me3 x ChIP-seq:H3K4me1
UBERON:0002038,ChIP-seq:H3K36me3,ChIP-seq:H3K4me3,0.04970309730166587,4.0,ChIP-seq:H3K36me3 x ChIP-seq:H3K4me3
UBERON:0002038,ChIP-seq:H3K36me3,ChIP-seq:H3K9ac,0.004401276856660842,2.0,ChIP-seq:H3K36me3 x ChIP-seq:H3K9ac
UBERON:0002038,ChIP-seq:H3K36me3,ChIP-seq:H3K9me3,0.1173212821257181,4.0,ChIP-seq:H3K36me3 x ChIP-seq:H3K9me3
UBERON:0002038,ChIP-seq:H3K4me1,ChIP-seq:H3K27ac,0.24352299320844956,2.0,ChIP-seq:H3K27ac x ChIP-seq:H3K4me1
UBERON:0002038,ChIP-seq:H3K4me1,ChIP-seq:H3K27me3,0.02731344346489225,4.0,ChIP-seq:H3K27me3 x ChIP-seq:H3K4me1
UBERON:0002038,ChIP-seq:H3K4me1,ChIP-seq:H3K36me3,-0.003816703127490148,4.0,ChIP-seq:H3K36me3 x ChIP-seq:H3K4me1
UBERON:0002038,ChIP-seq:H3K4me1,ChIP-seq:H3K4me3,0.04302177814958252,4.0,ChIP-seq:H3K4me1 x ChIP-seq:H3K4me3
UBERON:0002038,ChIP-seq:H3K4me1,ChIP-seq:H3K9ac,0.1568214428424835,2.0,ChIP-seq:H3K4me1 x ChIP-seq:H3K9ac
UBERON:0002038,ChIP-seq:H3K4me1,ChIP-seq:H3K9me3,0.028305150880660424,4.0,ChIP-seq:H3K4me1 x ChIP-seq:H3K9me3
UBERON:0002038,ChIP-seq:H3K4me3,ChIP-seq:H3K27ac,0.15765203369988334,2.0,ChIP-seq:H3K27ac x ChIP-seq:H3K4me3
UBERON:0002038,ChIP-seq:H3K4me3,ChIP-seq:H3K27me3,0.03219662174582481,4.0,ChIP-seq:H3K27me3 x ChIP-seq:H3K4me3
UBERON:0002038,ChIP-seq:H3K4me3,ChIP-seq:H3K36me3,0.04025516808821411,4.0,ChIP-seq:H3K36me3 x ChIP-seq:H3K4me3
UBERON:0002038,ChIP-seq:H3K4me3,ChIP-seq:H3K4me1,-0.001961795806559058,4.0,ChIP-seq:H3K4me1 x ChIP-seq:H3K4me3
UBERON:0002038,ChIP-seq:H3K4me3,ChIP-seq:H3K9ac,0.2365227031707764,2.0,ChIP-seq:H3K4me3 x ChIP-seq:H3K9ac
UBERON:0002038,ChIP-seq:H3K4me3,ChIP-seq:H3K9me3,0.07597727157883138,4.0,ChIP-seq:H3K4me3 x ChIP-seq:H3K9me3
UBERON:0002038,ChIP-seq:H3K9ac,ChIP-seq:H3K27ac,0.3420336364228048,1.0,ChIP-seq:H3K27ac x ChIP-seq:H3K9ac
UBERON:0002038,ChIP-seq:H3K9ac,ChIP-seq:H3K27me3,0.014998144965086665,2.0,ChIP-seq:H3K27me3 x ChIP-seq:H3K9ac
UBERON:0002038,ChIP-seq:H3K9ac,ChIP-seq:H3K36me3,0.02171584997306425,2.0,ChIP-seq:H3K36me3 x ChIP-seq:H3K9ac
UBERON:0002038,ChIP-seq:H3K9ac,ChIP-seq:H3K4me1,0.1542446214318927,2.0,ChIP-seq:H3K4me1 x ChIP-seq:H3K9ac
UBERON:0002038,ChIP-seq:H3K9ac,ChIP-seq:H3K4me3,0.32768203387750644,2.0,ChIP-seq:H3K4me3 x ChIP-seq:H3K9ac
UBERON:0002038,ChIP-seq:H3K9ac,ChIP-seq:H3K9me3,-0.025266629240512015,2.0,ChIP-seq:H3K9ac x ChIP-seq:H3K9me3
UBERON:0002038,ChIP-seq:H3K9me3,ChIP-seq:H3K27ac,-0.037723300955545755,2.0,ChIP-seq:H3K27ac x ChIP-seq:H3K9me3
UBERON:0002038,ChIP-seq:H3K9me3,ChIP-seq:H3K27me3,0.09564383915492466,4.0,ChIP-seq:H3K27me3 x ChIP-seq:H3K9me3
UBERON:0002038,ChIP-seq:H3K9me3,ChIP-seq:H3K36me3,0.12359773418890736,4.0,ChIP-seq:H3K36me3 x ChIP-seq:H3K9me3
UBERON:0002038,ChIP-seq:H3K9me3,ChIP-seq:H3K4me1,0.019722221836529143,4.0,ChIP-seq:H3K4me1 x ChIP-seq:H3K9me3
UBERON:0002038,ChIP-seq:H3K9me3,ChIP-seq:H3K4me3,0.12489502243349485,4.0,ChIP-seq:H3K4me3 x ChIP-seq:H3K9me3
UBERON:0002038,ChIP-seq:H3K9me3,ChIP-seq:H3K9ac,-0.03484331117942929,2.0,ChIP-seq:H3K9ac x ChIP-seq:H3K9me3
UBERON:0036149,ChIP-seq:CTCF,RNA-seq,0.010716663551113479,24.0,ChIP-seq:CTCF x RNA-seq
UBERON:0036149,ChIP-seq:CTCF,ChIP-seq:POLR2A,0.07654440970647902,6.0,ChIP-seq:CTCF x ChIP-seq:POLR2A
UBERON:0036149,ChIP-seq:CTCF,ChIP-seq:POLR2AphosphoS5,0.09376616831179017,9.0,ChIP-seq:CTCF x ChIP-seq:POLR2AphosphoS5
UBERON:0036149,ChIP-seq:CTCF,ChIP-seq:EP300,0.018735686937967955,3.0,ChIP-seq:CTCF x ChIP-seq:EP300
UBERON:0036149,RNA-seq,ChIP-seq:CTCF,0.01711578437915215,24.0,ChIP-seq:CTCF x RNA-seq
UBERON:0036149,RNA-seq,ChIP-seq:POLR2A,0.018884719482489994,16.0,ChIP-seq:POLR2A x RNA-seq
UBERON:0036149,RNA-seq,ChIP-seq:POLR2AphosphoS5,-0.01721951337876143,24.0,ChIP-seq:POLR2AphosphoS5 x RNA-seq
UBERON:0036149,RNA-seq,ChIP-seq:EP300,-0.013188222423195839,8.0,ChIP-seq:EP300 x RNA-seq
UBERON:0036149,ChIP-seq:POLR2A,ChIP-seq:CTCF,0.13524951078952885,6.0,ChIP-seq:CTCF x ChIP-seq:POLR2A
UBERON:0036149,ChIP-seq:POLR2A,RNA-seq,0.02876335869138428,16.0,ChIP-seq:POLR2A x RNA-seq
UBERON:0036149,ChIP-seq:POLR2A,ChIP-seq:POLR2AphosphoS5,-0.032976344779685696,6.0,ChIP-seq:POLR2A x ChIP-seq:POLR2AphosphoS5
UBERON:0036149,ChIP-seq:POLR2A,ChIP-seq:EP300,-0.013649672269821167,2.0,ChIP-seq:EP300 x ChIP-seq:POLR2A
UBERON:0036149,ChIP-seq:POLR2AphosphoS5,ChIP-seq:CTCF,0.06778852144877115,9.0,ChIP-seq:CTCF x ChIP-seq:POLR2AphosphoS5
UBERON:0036149,ChIP-seq:POLR2AphosphoS5,RNA-seq,0.01602887923837369,24.0,ChIP-seq:POLR2AphosphoS5 x RNA-seq
UBERON:0036149,ChIP-seq:POLR2AphosphoS5,ChIP-seq:POLR2A,0.03267853600638254,6.0,ChIP-seq:POLR2A x ChIP-seq:POLR2AphosphoS5
UBERON:0036149,ChIP-seq:POLR2AphosphoS5,ChIP-seq:EP300,0.025074879328409905,3.0,ChIP-seq:EP300 x ChIP-seq:POLR2AphosphoS5
UBERON:0036149,ChIP-seq:EP300,ChIP-seq:CTCF,0.07023181288670272,3.0,ChIP-seq:CTCF x ChIP-seq:EP300
UBERON:0036149,ChIP-seq:EP300,RNA-seq,-0.024471543607636047,8.0,ChIP-seq:EP300 x RNA-seq
UBERON:0036149,ChIP-seq:EP300,ChIP-seq:POLR2A,0.0016338654926844887,2.0,ChIP-seq:EP300 x ChIP-seq:POLR2A
UBERON:0036149,ChIP-seq:EP300,ChIP-seq:POLR2AphosphoS5,0.28509958585103357,3.0,ChIP-seq:EP300 x ChIP-seq:POLR2AphosphoS5
UBERON:0001871,ChIP-seq:H3K27ac,ChIP-seq:H3K27me3,-0.03544830990689141,4.0,ChIP-seq:H3K27ac x ChIP-seq:H3K27me3
UBERON:0001871,ChIP-seq:H3K27ac,ChIP-seq:H3K36me3,0.04678490923510657,4.0,ChIP-seq:H3K27ac x ChIP-seq:H3K36me3
UBERON:0001871,ChIP-seq:H3K27ac,ChIP-seq:H3K4me1,0.32975443122816867,4.0,ChIP-seq:H3K27ac x ChIP-seq:H3K4me1
UBERON:0001871,ChIP-seq:H3K27ac,ChIP-seq:H3K4me3,0.22040279390655945,4.0,ChIP-seq:H3K27ac x ChIP-seq:H3K4me3
UBERON:0001871,ChIP-seq:H3K27ac,ChIP-seq:H3K9ac,0.2959224271774292,2.0,ChIP-seq:H3K27ac x ChIP-seq:H3K9ac
UBERON:0001871,ChIP-seq:H3K27ac,ChIP-seq:H3K9me3,-0.002846576148571249,4.0,ChIP-seq:H3K27ac x ChIP-seq:H3K9me3
UBERON:0001871,ChIP-seq:H3K27ac,RNA-seq,-0.011126967596295848,4.0,ChIP-seq:H3K27ac x RNA-seq
UBERON:0001871,ChIP-seq:H3K27me3,ChIP-seq:H3K27ac,-0.03079586161404663,4.0,ChIP-seq:H3K27ac x ChIP-seq:H3K27me3
UBERON:0001871,ChIP-seq:H3K27me3,ChIP-seq:H3K36me3,-0.039680232318541994,4.0,ChIP-seq:H3K27me3 x ChIP-seq:H3K36me3
UBERON:0001871,ChIP-seq:H3K27me3,ChIP-seq:H3K4me1,-0.0030404187820322545,4.0,ChIP-seq:H3K27me3 x ChIP-seq:H3K4me1
UBERON:0001871,ChIP-seq:H3K27me3,ChIP-seq:H3K4me3,0.013060348682871488,4.0,ChIP-seq:H3K27me3 x ChIP-seq:H3K4me3
UBERON:0001871,ChIP-seq:H3K27me3,ChIP-seq:H3K9ac,-0.04124751914292574,2.0,ChIP-seq:H3K27me3 x ChIP-seq:H3K9ac
UBERON:0001871,ChIP-seq:H3K27me3,ChIP-seq:H3K9me3,0.11740174107045434,4.0,ChIP-seq:H3K27me3 x ChIP-seq:H3K9me3
UBERON:0001871,ChIP-seq:H3K27me3,RNA-seq,3.909337851251606e-05,4.0,ChIP-seq:H3K27me3 x RNA-seq
UBERON:0001871,ChIP-seq:H3K36me3,ChIP-seq:H3K27ac,0.06055981133665357,4.0,ChIP-seq:H3K27ac x ChIP-seq:H3K36me3
UBERON:0001871,ChIP-seq:H3K36me3,ChIP-seq:H3K27me3,-0.041846709602645464,4.0,ChIP-seq:H3K27me3 x ChIP-seq:H3K36me3
UBERON:0001871,ChIP-seq:H3K36me3,ChIP-seq:H3K4me1,0.020128256269817145,4.0,ChIP-seq:H3K36me3 x ChIP-seq:H3K4me1
UBERON:0001871,ChIP-seq:H3K36me3,ChIP-seq:H3K4me3,-0.012036804701680335,4.0,ChIP-seq:H3K36me3 x ChIP-seq:H3K4me3
UBERON:0001871,ChIP-seq:H3K36me3,ChIP-seq:H3K9ac,0.0011535511910915341,2.0,ChIP-seq:H3K36me3 x ChIP-seq:H3K9ac
UBERON:0001871,ChIP-seq:H3K36me3,ChIP-seq:H3K9me3,0.050786516894508346,4.0,ChIP-seq:H3K36me3 x ChIP-seq:H3K9me3
UBERON:0001871,ChIP-seq:H3K36me3,RNA-seq,-0.03573564820392908,4.0,ChIP-seq:H3K36me3 x RNA-seq
UBERON:0001871,ChIP-seq:H3K4me1,ChIP-seq:H3K27ac,0.3226194835227469,4.0,ChIP-seq:H3K27ac x ChIP-seq:H3K4me1
UBERON:0001871,ChIP-seq:H3K4me1,ChIP-seq:H3K27me3,-0.008022121382611137,4.0,ChIP-seq:H3K27me3 x ChIP-seq:H3K4me1
UBERON:0001871,ChIP-seq:H3K4me1,ChIP-seq:H3K36me3,0.0206054794804129,4.0,ChIP-seq:H3K36me3 x ChIP-seq:H3K4me1
UBERON:0001871,ChIP-seq:H3K4me1,ChIP-seq:H3K4me3,-0.0497085661670872,4.0,ChIP-seq:H3K4me1 x ChIP-seq:H3K4me3
UBERON:0001871,ChIP-seq:H3K4me1,ChIP-seq:H3K9ac,0.06463224798440934,2.0,ChIP-seq:H3K4me1 x ChIP-seq:H3K9ac
UBERON:0001871,ChIP-seq:H3K4me1,ChIP-seq:H3K9me3,0.01993982015208825,4.0,ChIP-seq:H3K4me1 x ChIP-seq:H3K9me3
UBERON:0001871,ChIP-seq:H3K4me1,RNA-seq,-0.028676672791735,4.0,ChIP-seq:H3K4me1 x RNA-seq
UBERON:0001871,ChIP-seq:H3K4me3,ChIP-seq:H3K27ac,0.17068375822920237,4.0,ChIP-seq:H3K27ac x ChIP-seq:H3K4me3
UBERON:0001871,ChIP-seq:H3K4me3,ChIP-seq:H3K27me3,0.007704335834298814,4.0,ChIP-seq:H3K27me3 x ChIP-seq:H3K4me3
UBERON:0001871,ChIP-seq:H3K4me3,ChIP-seq:H3K36me3,-0.008067587774897378,4.0,ChIP-seq:H3K36me3 x ChIP-seq:H3K4me3
UBERON:0001871,ChIP-seq:H3K4me3,ChIP-seq:H3K4me1,-0.07263240792223664,4.0,ChIP-seq:H3K4me1 x ChIP-seq:H3K4me3
UBERON:0001871,ChIP-seq:H3K4me3,ChIP-seq:H3K9ac,0.32971306800842287,2.0,ChIP-seq:H3K4me3 x ChIP-seq:H3K9ac
UBERON:0001871,ChIP-seq:H3K4me3,ChIP-seq:H3K9me3,0.017399754666582834,4.0,ChIP-seq:H3K4me3 x ChIP-seq:H3K9me3
UBERON:0001871,ChIP-seq:H3K4me3,RNA-seq,0.013809836685517912,4.0,ChIP-seq:H3K4me3 x RNA-seq
UBERON:0001871,ChIP-seq:H3K9ac,ChIP-seq:H3K27ac,0.3068388345078652,2.0,ChIP-seq:H3K27ac x ChIP-seq:H3K9ac
UBERON:0001871,ChIP-seq:H3K9ac,ChIP-seq:H3K27me3,-0.01618097822048834,2.0,ChIP-seq:H3K27me3 x ChIP-seq:H3K9ac
UBERON:0001871,ChIP-seq:H3K9ac,ChIP-seq:H3K36me3,0.022341766744536695,2.0,ChIP-seq:H3K36me3 x ChIP-seq:H3K9ac
UBERON:0001871,ChIP-seq:H3K9ac,ChIP-seq:H3K4me1,0.09222826357584833,2.0,ChIP-seq:H3K4me1 x ChIP-seq:H3K9ac
UBERON:0001871,ChIP-seq:H3K9ac,ChIP-seq:H3K4me3,0.3802694672736052,2.0,ChIP-seq:H3K4me3 x ChIP-seq:H3K9ac
UBERON:0001871,ChIP-seq:H3K9ac,ChIP-seq:H3K9me3,-0.032884636279923954,2.0,ChIP-seq:H3K9ac x ChIP-seq:H3K9me3
UBERON:0001871,ChIP-seq:H3K9ac,RNA-seq,-0.022586607825735135,2.0,ChIP-seq:H3K9ac x RNA-seq
UBERON:0001871,ChIP-seq:H3K9me3,ChIP-seq:H3K27ac,0.03638871319545722,4.0,ChIP-seq:H3K27ac x ChIP-seq:H3K9me3
UBERON:0001871,ChIP-seq:H3K9me3,ChIP-seq:H3K27me3,0.10889472961425781,4.0,ChIP-seq:H3K27me3 x ChIP-seq:H3K9me3
UBERON:0001871,ChIP-seq:H3K9me3,ChIP-seq:H3K36me3,0.060819414202813754,4.0,ChIP-seq:H3K36me3 x ChIP-seq:H3K9me3
UBERON:0001871,ChIP-seq:H3K9me3,ChIP-seq:H3K4me1,0.015339933580062429,4.0,ChIP-seq:H3K4me1 x ChIP-seq:H3K9me3
UBERON:0001871,ChIP-seq:H3K9me3,ChIP-seq:H3K4me3,0.04045831359853254,4.0,ChIP-seq:H3K4me3 x ChIP-seq:H3K9me3
UBERON:0001871,ChIP-seq:H3K9me3,ChIP-seq:H3K9ac,-0.03369296997785568,2.0,ChIP-seq:H3K9ac x ChIP-seq:H3K9me3
UBERON:0001871,ChIP-seq:H3K9me3,RNA-seq,-0.003666837280943327,4.0,ChIP-seq:H3K9me3 x RNA-seq
UBERON:0001871,RNA-seq,ChIP-seq:H3K27ac,-0.0033947248590288706,4.0,ChIP-seq:H3K27ac x RNA-seq
UBERON:0001871,RNA-seq,ChIP-seq:H3K27me3,0.0035994007198938303,4.0,ChIP-seq:H3K27me3 x RNA-seq
UBERON:0001871,RNA-seq,ChIP-seq:H3K36me3,-0.029719035106676596,4.0,ChIP-seq:H3K36me3 x RNA-seq
UBERON:0001871,RNA-seq,ChIP-seq:H3K4me1,-0.018424467298156416,4.0,ChIP-seq:H3K4me1 x RNA-seq
UBERON:0001871,RNA-seq,ChIP-seq:H3K4me3,0.01680508269884876,4.0,ChIP-seq:H3K4me3 x RNA-seq
UBERON:0001871,RNA-seq,ChIP-seq:H3K9ac,-0.00039730630815029006,2.0,ChIP-seq:H3K9ac x RNA-seq
UBERON:0001871,RNA-seq,ChIP-seq:H3K9me3,-0.017521800187171838,4.0,ChIP-seq:H3K9me3 x RNA-seq
UBERON:0000473,DNase-seq,ChIP-seq:CTCF,0.06214936536455912,6.0,ChIP-seq:CTCF x DNase-seq
UBERON:0000473,DNase-seq,polyA plus RNA-seq,0.01146477733339582,3.0,DNase-seq x polyA plus RNA-seq
UBERON:0000473,DNase-seq,RNA-seq,0.0482202364767299,12.0,DNase-seq x RNA-seq
UBERON:0000473,DNase-seq,ChIP-seq:POLR2A,-0.014485643621076627,3.0,ChIP-seq:POLR2A x DNase-seq
UBERON:0000473,ChIP-seq:CTCF,DNase-seq,0.039300868985572834,6.0,ChIP-seq:CTCF x DNase-seq
UBERON:0000473,ChIP-seq:CTCF,polyA plus RNA-seq,-0.0032551235545958783,2.0,ChIP-seq:CTCF x polyA plus RNA-seq
UBERON:0000473,ChIP-seq:CTCF,RNA-seq,0.029875144230968813,8.0,ChIP-seq:CTCF x RNA-seq
UBERON:0000473,ChIP-seq:CTCF,ChIP-seq:POLR2A,0.116592079923864,2.0,ChIP-seq:CTCF x ChIP-seq:POLR2A
UBERON:0000473,polyA plus RNA-seq,DNase-seq,0.006438535313273585,3.0,DNase-seq x polyA plus RNA-seq
UBERON:0000473,polyA plus RNA-seq,ChIP-seq:CTCF,0.004714048361139638,2.0,ChIP-seq:CTCF x polyA plus RNA-seq
UBERON:0000473,polyA plus RNA-seq,RNA-seq,0.030546348866294426,4.0,RNA-seq x polyA plus RNA-seq
UBERON:0000473,polyA plus RNA-seq,ChIP-seq:POLR2A,0.0042735923146992386,1.0,ChIP-seq:POLR2A x polyA plus RNA-seq
UBERON:0000473,RNA-seq,DNase-seq,0.019719167080652498,12.0,DNase-seq x RNA-seq
UBERON:0000473,RNA-seq,ChIP-seq:CTCF,0.024750586244322005,8.0,ChIP-seq:CTCF x RNA-seq
UBERON:0000473,RNA-seq,polyA plus RNA-seq,0.09904263751847403,4.0,RNA-seq x polyA plus RNA-seq
UBERON:0000473,RNA-seq,ChIP-seq:POLR2A,-0.0021458574031528663,4.0,ChIP-seq:POLR2A x RNA-seq
UBERON:0000473,ChIP-seq:POLR2A,DNase-seq,0.006439411054901992,3.0,ChIP-seq:POLR2A x DNase-seq
UBERON:0000473,ChIP-seq:POLR2A,ChIP-seq:CTCF,0.14415736822854905,2.0,ChIP-seq:CTCF x ChIP-seq:POLR2A
UBERON:0000473,ChIP-seq:POLR2A,polyA plus RNA-seq,0.017399967589548655,1.0,ChIP-seq:POLR2A x polyA plus RNA-seq
UBERON:0000473,ChIP-seq:POLR2A,RNA-seq,0.02781527712064631,4.0,ChIP-seq:POLR2A x RNA-seq
UBERON:0001515,ChIP-seq:H3K27ac,ChIP-seq:H3K36me3,0.09805684205558565,4.0,ChIP-seq:H3K27ac x ChIP-seq:H3K36me3
UBERON:0001515,ChIP-seq:H3K27ac,ChIP-seq:H3K4me1,0.28482041528316143,4.0,ChIP-seq:H3K27ac x ChIP-seq:H3K4me1
UBERON:0001515,ChIP-seq:H3K27ac,ChIP-seq:H3K4me3,0.19070989673382768,4.0,ChIP-seq:H3K27ac x ChIP-seq:H3K4me3
UBERON:0001515,ChIP-seq:H3K27ac,ChIP-seq:H3K9me3,0.12407086481595173,4.0,ChIP-seq:H3K27ac x ChIP-seq:H3K9me3
UBERON:0001515,ChIP-seq:H3K27ac,ChIP-seq:CTCF,0.022034583015824265,2.0,ChIP-seq:CTCF x ChIP-seq:H3K27ac
UBERON:0001515,ChIP-seq:H3K27ac,RNA-seq,0.03825866047073813,8.0,ChIP-seq:H3K27ac x RNA-seq
UBERON:0001515,ChIP-seq:H3K36me3,ChIP-seq:H3K27ac,0.06872431845953746,4.0,ChIP-seq:H3K27ac x ChIP-seq:H3K36me3
UBERON:0001515,ChIP-seq:H3K36me3,ChIP-seq:H3K4me1,0.09147491937126619,4.0,ChIP-seq:H3K36me3 x ChIP-seq:H3K4me1
UBERON:0001515,ChIP-seq:H3K36me3,ChIP-seq:H3K4me3,0.06480716990533275,4.0,ChIP-seq:H3K36me3 x ChIP-seq:H3K4me3
UBERON:0001515,ChIP-seq:H3K36me3,ChIP-seq:H3K9me3,0.36558075840246745,4.0,ChIP-seq:H3K36me3 x ChIP-seq:H3K9me3
UBERON:0001515,ChIP-seq:H3K36me3,ChIP-seq:CTCF,-0.0027491100273042343,2.0,ChIP-seq:CTCF x ChIP-seq:H3K36me3
UBERON:0001515,ChIP-seq:H3K36me3,RNA-seq,0.020716605256585516,8.0,ChIP-seq:H3K36me3 x RNA-seq
UBERON:0001515,ChIP-seq:H3K4me1,ChIP-seq:H3K27ac,0.31938604464442094,4.0,ChIP-seq:H3K27ac x ChIP-seq:H3K4me1
UBERON:0001515,ChIP-seq:H3K4me1,ChIP-seq:H3K36me3,0.1003964559111015,4.0,ChIP-seq:H3K36me3 x ChIP-seq:H3K4me1
UBERON:0001515,ChIP-seq:H3K4me1,ChIP-seq:H3K4me3,-0.00794701910116405,4.0,ChIP-seq:H3K4me1 x ChIP-seq:H3K4me3
UBERON:0001515,ChIP-seq:H3K4me1,ChIP-seq:H3K9me3,0.16581794011859255,4.0,ChIP-seq:H3K4me1 x ChIP-seq:H3K9me3
UBERON:0001515,ChIP-seq:H3K4me1,ChIP-seq:CTCF,0.03500297946749993,2.0,ChIP-seq:CTCF x ChIP-seq:H3K4me1
UBERON:0001515,ChIP-seq:H3K4me1,RNA-seq,0.015729260909206726,8.0,ChIP-seq:H3K4me1 x RNA-seq
UBERON:0001515,ChIP-seq:H3K4me3,ChIP-seq:H3K27ac,0.12440611820043246,4.0,ChIP-seq:H3K27ac x ChIP-seq:H3K4me3
UBERON:0001515,ChIP-seq:H3K4me3,ChIP-seq:H3K36me3,0.1211301599230085,4.0,ChIP-seq:H3K36me3 x ChIP-seq:H3K4me3
UBERON:0001515,ChIP-seq:H3K4me3,ChIP-seq:H3K4me1,-0.009021373221375903,4.0,ChIP-seq:H3K4me1 x ChIP-seq:H3K4me3
UBERON:0001515,ChIP-seq:H3K4me3,ChIP-seq:H3K9me3,0.13854497038452318,4.0,ChIP-seq:H3K4me3 x ChIP-seq:H3K9me3
UBERON:0001515,ChIP-seq:H3K4me3,ChIP-seq:CTCF,0.01823283928745198,2.0,ChIP-seq:CTCF x ChIP-seq:H3K4me3
UBERON:0001515,ChIP-seq:H3K4me3,RNA-seq,0.016580079460845276,8.0,ChIP-seq:H3K4me3 x RNA-seq
UBERON:0001515,ChIP-seq:H3K9me3,ChIP-seq:H3K27ac,0.10512744491885168,4.0,ChIP-seq:H3K27ac x ChIP-seq:H3K9me3
UBERON:0001515,ChIP-seq:H3K9me3,ChIP-seq:H3K36me3,0.3645053895377608,4.0,ChIP-seq:H3K36me3 x ChIP-seq:H3K9me3
UBERON:0001515,ChIP-seq:H3K9me3,ChIP-seq:H3K4me1,0.13952473709817792,4.0,ChIP-seq:H3K4me1 x ChIP-seq:H3K9me3
UBERON:0001515,ChIP-seq:H3K9me3,ChIP-seq:H3K4me3,0.07953166404617167,4.0,ChIP-seq:H3K4me3 x ChIP-seq:H3K9me3
UBERON:0001515,ChIP-seq:H3K9me3,ChIP-seq:CTCF,0.0010181186052988164,2.0,ChIP-seq:CTCF x ChIP-seq:H3K9me3
UBERON:0001515,ChIP-seq:H3K9me3,RNA-seq,-0.014676301411407834,8.0,ChIP-seq:H3K9me3 x RNA-seq
UBERON:0001515,ChIP-seq:CTCF,ChIP-seq:H3K27ac,0.03445682302117348,2.0,ChIP-seq:CTCF x ChIP-seq:H3K27ac
UBERON:0001515,ChIP-seq:CTCF,ChIP-seq:H3K36me3,0.021956569027333034,2.0,ChIP-seq:CTCF x ChIP-seq:H3K36me3
UBERON:0001515,ChIP-seq:CTCF,ChIP-seq:H3K4me1,0.03419938276374275,2.0,ChIP-seq:CTCF x ChIP-seq:H3K4me1
UBERON:0001515,ChIP-seq:CTCF,ChIP-seq:H3K4me3,0.04442871229670872,2.0,ChIP-seq:CTCF x ChIP-seq:H3K4me3
UBERON:0001515,ChIP-seq:CTCF,ChIP-seq:H3K9me3,0.0303972219038942,2.0,ChIP-seq:CTCF x ChIP-seq:H3K9me3
UBERON:0001515,ChIP-seq:CTCF,RNA-seq,0.0052432273152996514,4.0,ChIP-seq:CTCF x RNA-seq
UBERON:0001515,RNA-seq,ChIP-seq:H3K27ac,0.0422553088724243,8.0,ChIP-seq:H3K27ac x RNA-seq
UBERON:0001515,RNA-seq,ChIP-seq:H3K36me3,0.03807569448910062,8.0,ChIP-seq:H3K36me3 x RNA-seq
UBERON:0001515,RNA-seq,ChIP-seq:H3K4me1,0.020019409007550587,8.0,ChIP-seq:H3K4me1 x RNA-seq
UBERON:0001515,RNA-seq,ChIP-seq:H3K4me3,0.021177955528843072,8.0,ChIP-seq:H3K4me3 x RNA-seq
UBERON:0001515,RNA-seq,ChIP-seq:H3K9me3,0.0028656364246869887,8.0,ChIP-seq:H3K9me3 x RNA-seq
UBERON:0001515,RNA-seq,ChIP-seq:CTCF,0.004519056388229694,4.0,ChIP-seq:CTCF x RNA-seq
UBERON:0002370,DNase-seq,ChIP-seq:H3K27ac,0.17955709342877563,18.0,ChIP-seq:H3K27ac x DNase-seq
UBERON:0002370,DNase-seq,ChIP-seq:H3K27me3,-0.03970568615292746,18.0,ChIP-seq:H3K27me3 x DNase-seq
UBERON:0002370,DNase-seq,ChIP-seq:H3K36me3,-0.035829005663287,18.0,ChIP-seq:H3K36me3 x DNase-seq
UBERON:0002370,DNase-seq,ChIP-seq:H3K4me1,0.09313070260182828,18.0,ChIP-seq:H3K4me1 x DNase-seq
UBERON:0002370,DNase-seq,ChIP-seq:H3K4me3,0.12281199655305064,18.0,ChIP-seq:H3K4me3 x DNase-seq
UBERON:0002370,DNase-seq,ChIP-seq:H3K9me3,0.05275566041617569,18.0,ChIP-seq:H3K9me3 x DNase-seq
UBERON:0002370,DNase-seq,polyA plus RNA-seq,0.023942203572774205,63.0,DNase-seq x polyA plus RNA-seq
UBERON:0002370,ChIP-seq:H3K27ac,DNase-seq,0.17651763842591883,18.0,ChIP-seq:H3K27ac x DNase-seq
UBERON:0002370,ChIP-seq:H3K27ac,ChIP-seq:H3K27me3,-0.02241715514234134,4.0,ChIP-seq:H3K27ac x ChIP-seq:H3K27me3
UBERON:0002370,ChIP-seq:H3K27ac,ChIP-seq:H3K36me3,0.019781166500357723,4.0,ChIP-seq:H3K27ac x ChIP-seq:H3K36me3
UBERON:0002370,ChIP-seq:H3K27ac,ChIP-seq:H3K4me1,0.1647508214405977,4.0,ChIP-seq:H3K27ac x ChIP-seq:H3K4me1
UBERON:0002370,ChIP-seq:H3K27ac,ChIP-seq:H3K4me3,0.1979967394721842,4.0,ChIP-seq:H3K27ac x ChIP-seq:H3K4me3
UBERON:0002370,ChIP-seq:H3K27ac,ChIP-seq:H3K9me3,0.06586595645496965,4.0,ChIP-seq:H3K27ac x ChIP-seq:H3K9me3
UBERON:0002370,ChIP-seq:H3K27ac,polyA plus RNA-seq,0.026491275756462068,14.0,ChIP-seq:H3K27ac x polyA plus RNA-seq
UBERON:0002370,ChIP-seq:H3K27me3,DNase-seq,-0.06709953983520481,18.0,ChIP-seq:H3K27me3 x DNase-seq
UBERON:0002370,ChIP-seq:H3K27me3,ChIP-seq:H3K27ac,-0.01168945693173764,4.0,ChIP-seq:H3K27ac x ChIP-seq:H3K27me3
UBERON:0002370,ChIP-seq:H3K27me3,ChIP-seq:H3K36me3,0.004464559808925347,4.0,ChIP-seq:H3K27me3 x ChIP-seq:H3K36me3
UBERON:0002370,ChIP-seq:H3K27me3,ChIP-seq:H3K4me1,0.008399646057457223,4.0,ChIP-seq:H3K27me3 x ChIP-seq:H3K4me1
UBERON:0002370,ChIP-seq:H3K27me3,ChIP-seq:H3K4me3,-0.03388623047237084,4.0,ChIP-seq:H3K27me3 x ChIP-seq:H3K4me3
UBERON:0002370,ChIP-seq:H3K27me3,ChIP-seq:H3K9me3,0.10478210798854934,4.0,ChIP-seq:H3K27me3 x ChIP-seq:H3K9me3
UBERON:0002370,ChIP-seq:H3K27me3,polyA plus RNA-seq,-0.017462470553246054,14.0,ChIP-seq:H3K27me3 x polyA plus RNA-seq
UBERON:0002370,ChIP-seq:H3K36me3,DNase-seq,-0.04681453100965405,18.0,ChIP-seq:H3K36me3 x DNase-seq
UBERON:0002370,ChIP-seq:H3K36me3,ChIP-seq:H3K27ac,0.0056151678982358545,4.0,ChIP-seq:H3K27ac x ChIP-seq:H3K36me3
UBERON:0002370,ChIP-seq:H3K36me3,ChIP-seq:H3K27me3,0.0002126184105873119,4.0,ChIP-seq:H3K27me3 x ChIP-seq:H3K36me3
UBERON:0002370,ChIP-seq:H3K36me3,ChIP-seq:H3K4me1,0.04186811383630409,4.0,ChIP-seq:H3K36me3 x ChIP-seq:H3K4me1
UBERON:0002370,ChIP-seq:H3K36me3,ChIP-seq:H3K4me3,-0.014227854140172495,4.0,ChIP-seq:H3K36me3 x ChIP-seq:H3K4me3
UBERON:0002370,ChIP-seq:H3K36me3,ChIP-seq:H3K9me3,0.09835156432077205,4.0,ChIP-seq:H3K36me3 x ChIP-seq:H3K9me3
UBERON:0002370,ChIP-seq:H3K36me3,polyA plus RNA-seq,0.02746642566598531,14.0,ChIP-seq:H3K36me3 x polyA plus RNA-seq
UBERON:0002370,ChIP-seq:H3K4me1,DNase-seq,0.06251785531965975,18.0,ChIP-seq:H3K4me1 x DNase-seq
UBERON:0002370,ChIP-seq:H3K4me1,ChIP-seq:H3K27ac,0.15269971874930102,4.0,ChIP-seq:H3K27ac x ChIP-seq:H3K4me1
UBERON:0002370,ChIP-seq:H3K4me1,ChIP-seq:H3K27me3,0.014320408872195656,4.0,ChIP-seq:H3K27me3 x ChIP-seq:H3K4me1
UBERON:0002370,ChIP-seq:H3K4me1,ChIP-seq:H3K36me3,0.029112895881688153,4.0,ChIP-seq:H3K36me3 x ChIP-seq:H3K4me1
UBERON:0002370,ChIP-seq:H3K4me1,ChIP-seq:H3K4me3,-0.03409481243552449,4.0,ChIP-seq:H3K4me1 x ChIP-seq:H3K4me3
UBERON:0002370,ChIP-seq:H3K4me1,ChIP-seq:H3K9me3,0.05898694585821482,4.0,ChIP-seq:H3K4me1 x ChIP-seq:H3K9me3
UBERON:0002370,ChIP-seq:H3K4me1,polyA plus RNA-seq,0.008334656985495178,14.0,ChIP-seq:H3K4me1 x polyA plus RNA-seq
UBERON:0002370,ChIP-seq:H3K4me3,DNase-seq,0.10756355424982772,18.0,ChIP-seq:H3K4me3 x DNase-seq
UBERON:0002370,ChIP-seq:H3K4me3,ChIP-seq:H3K27ac,0.1321436599915072,4.0,ChIP-seq:H3K27ac x ChIP-seq:H3K4me3
UBERON:0002370,ChIP-seq:H3K4me3,ChIP-seq:H3K27me3,-0.006509686814887183,4.0,ChIP-seq:H3K27me3 x ChIP-seq:H3K4me3
UBERON:0002370,ChIP-seq:H3K4me3,ChIP-seq:H3K36me3,-0.010160513439033398,4.0,ChIP-seq:H3K36me3 x ChIP-seq:H3K4me3
UBERON:0002370,ChIP-seq:H3K4me3,ChIP-seq:H3K4me1,0.014043622492441066,4.0,ChIP-seq:H3K4me1 x ChIP-seq:H3K4me3
UBERON:0002370,ChIP-seq:H3K4me3,ChIP-seq:H3K9me3,0.036935363838959005,4.0,ChIP-seq:H3K4me3 x ChIP-seq:H3K9me3
UBERON:0002370,ChIP-seq:H3K4me3,polyA plus RNA-seq,0.018924712342677327,14.0,ChIP-seq:H3K4me3 x polyA plus RNA-seq
UBERON:0002370,ChIP-seq:H3K9me3,DNase-seq,-0.0204043129063028,18.0,ChIP-seq:H3K9me3 x DNase-seq
UBERON:0002370,ChIP-seq:H3K9me3,ChIP-seq:H3K27ac,0.031807992861878055,4.0,ChIP-seq:H3K27ac x ChIP-seq:H3K9me3
UBERON:0002370,ChIP-seq:H3K9me3,ChIP-seq:H3K27me3,0.08725617153303963,4.0,ChIP-seq:H3K27me3 x ChIP-seq:H3K9me3
UBERON:0002370,ChIP-seq:H3K9me3,ChIP-seq:H3K36me3,0.0920330956184044,4.0,ChIP-seq:H3K36me3 x ChIP-seq:H3K9me3
UBERON:0002370,ChIP-seq:H3K9me3,ChIP-seq:H3K4me1,0.0636486730288938,4.0,ChIP-seq:H3K4me1 x ChIP-seq:H3K9me3
UBERON:0002370,ChIP-seq:H3K9me3,ChIP-seq:H3K4me3,0.0014920567867354809,4.0,ChIP-seq:H3K4me3 x ChIP-seq:H3K9me3
UBERON:0002370,ChIP-seq:H3K9me3,polyA plus RNA-seq,-0.011984454053283926,14.0,ChIP-seq:H3K9me3 x polyA plus RNA-seq
UBERON:0002370,polyA plus RNA-seq,DNase-seq,0.023104741206513006,63.0,DNase-seq x polyA plus RNA-seq
UBERON:0002370,polyA plus RNA-seq,ChIP-seq:H3K27ac,0.01969000512028333,14.0,ChIP-seq:H3K27ac x polyA plus RNA-seq
UBERON:0002370,polyA plus RNA-seq,ChIP-seq:H3K27me3,-0.02189787174974169,14.0,ChIP-seq:H3K27me3 x polyA plus RNA-seq
UBERON:0002370,polyA plus RNA-seq,ChIP-seq:H3K36me3,0.016263724409623842,14.0,ChIP-seq:H3K36me3 x polyA plus RNA-seq
UBERON:0002370,polyA plus RNA-seq,ChIP-seq:H3K4me1,0.010829908809654419,14.0,ChIP-seq:H3K4me1 x polyA plus RNA-seq
UBERON:0002370,polyA plus RNA-seq,ChIP-seq:H3K4me3,0.005676631456382766,14.0,ChIP-seq:H3K4me3 x polyA plus RNA-seq
UBERON:0002370,polyA plus RNA-seq,ChIP-seq:H3K9me3,-0.013569289724753554,14.0,ChIP-seq:H3K9me3 x polyA plus RNA-seq
UBERON:0002046,DNase-seq,ChIP-seq:H3K27ac,0.10742356379826865,12.0,ChIP-seq:H3K27ac x DNase-seq
UBERON:0002046,DNase-seq,ChIP-seq:H3K27me3,-0.07691985978321596,4.0,ChIP-seq:H3K27me3 x DNase-seq
UBERON:0002046,DNase-seq,ChIP-seq:H3K36me3,-0.07465978611445596,12.0,ChIP-seq:H3K36me3 x DNase-seq
UBERON:0002046,DNase-seq,ChIP-seq:H3K4me1,-0.025040322225609105,12.0,ChIP-seq:H3K4me1 x DNase-seq
UBERON:0002046,DNase-seq,ChIP-seq:H3K4me3,-0.028788707625698032,12.0,ChIP-seq:H3K4me3 x DNase-seq
UBERON:0002046,DNase-seq,ChIP-seq:H3K9me3,-0.04985334256948051,16.0,ChIP-seq:H3K9me3 x DNase-seq
UBERON:0002046,DNase-seq,ChIP-seq:CTCF,0.019430081813763364,12.0,ChIP-seq:CTCF x DNase-seq
UBERON:0002046,DNase-seq,RNA-seq,0.016189210152426883,40.0,DNase-seq x RNA-seq
UBERON:0002046,DNase-seq,ChIP-seq:POLR2A,0.037501377718789225,8.0,ChIP-seq:POLR2A x DNase-seq
UBERON:0002046,ChIP-seq:H3K27ac,DNase-seq,0.13276498583314333,12.0,ChIP-seq:H3K27ac x DNase-seq
UBERON:0002046,ChIP-seq:H3K27ac,ChIP-seq:H3K27me3,0.08024794405156915,3.0,ChIP-seq:H3K27ac x ChIP-seq:H3K27me3
UBERON:0002046,ChIP-seq:H3K27ac,ChIP-seq:H3K36me3,0.07697339373559253,9.0,ChIP-seq:H3K27ac x ChIP-seq:H3K36me3
UBERON:0002046,ChIP-seq:H3K27ac,ChIP-seq:H3K4me1,0.2575114969805483,9.0,ChIP-seq:H3K27ac x ChIP-seq:H3K4me1
UBERON:0002046,ChIP-seq:H3K27ac,ChIP-seq:H3K4me3,0.21070846742680752,9.0,ChIP-seq:H3K27ac x ChIP-seq:H3K4me3
UBERON:0002046,ChIP-seq:H3K27ac,ChIP-seq:H3K9me3,0.08022845560323497,12.0,ChIP-seq:H3K27ac x ChIP-seq:H3K9me3
UBERON:0002046,ChIP-seq:H3K27ac,ChIP-seq:CTCF,0.009092750202896252,9.0,ChIP-seq:CTCF x ChIP-seq:H3K27ac
UBERON:0002046,ChIP-seq:H3K27ac,RNA-seq,0.011199030557509544,30.0,ChIP-seq:H3K27ac x RNA-seq
UBERON:0002046,ChIP-seq:H3K27ac,ChIP-seq:POLR2A,0.001237752891722177,6.0,ChIP-seq:H3K27ac x ChIP-seq:POLR2A
UBERON:0002046,ChIP-seq:H3K27me3,DNase-seq,-0.06235695197946667,4.0,ChIP-seq:H3K27me3 x DNase-seq
UBERON:0002046,ChIP-seq:H3K27me3,ChIP-seq:H3K27ac,0.079909481604894,3.0,ChIP-seq:H3K27ac x ChIP-seq:H3K27me3
UBERON:0002046,ChIP-seq:H3K27me3,ChIP-seq:H3K36me3,0.249351829501754,3.0,ChIP-seq:H3K27me3 x ChIP-seq:H3K36me3
UBERON:0002046,ChIP-seq:H3K27me3,ChIP-seq:H3K4me1,0.24574734286947564,3.0,ChIP-seq:H3K27me3 x ChIP-seq:H3K4me1
UBERON:0002046,ChIP-seq:H3K27me3,ChIP-seq:H3K4me3,0.17600869208994047,3.0,ChIP-seq:H3K27me3 x ChIP-seq:H3K4me3
UBERON:0002046,ChIP-seq:H3K27me3,ChIP-seq:H3K9me3,0.2698349348232571,4.0,ChIP-seq:H3K27me3 x ChIP-seq:H3K9me3
UBERON:0002046,ChIP-seq:H3K27me3,ChIP-seq:CTCF,-0.008549930384525888,3.0,ChIP-seq:CTCF x ChIP-seq:H3K27me3
UBERON:0002046,ChIP-seq:H3K27me3,RNA-seq,-0.01105020886247084,10.0,ChIP-seq:H3K27me3 x RNA-seq
UBERON:0002046,ChIP-seq:H3K27me3,ChIP-seq:POLR2A,-0.008164644241333008,2.0,ChIP-seq:H3K27me3 x ChIP-seq:POLR2A
UBERON:0002046,ChIP-seq:H3K36me3,DNase-seq,-0.0565675851697543,12.0,ChIP-seq:H3K36me3 x DNase-seq
UBERON:0002046,ChIP-seq:H3K36me3,ChIP-seq:H3K27ac,0.09433850712246365,9.0,ChIP-seq:H3K27ac x ChIP-seq:H3K36me3
UBERON:0002046,ChIP-seq:H3K36me3,ChIP-seq:H3K27me3,0.2857537522460475,3.0,ChIP-seq:H3K27me3 x ChIP-seq:H3K36me3
UBERON:0002046,ChIP-seq:H3K36me3,ChIP-seq:H3K4me1,0.14752221762479006,9.0,ChIP-seq:H3K36me3 x ChIP-seq:H3K4me1
UBERON:0002046,ChIP-seq:H3K36me3,ChIP-seq:H3K4me3,0.19119124270754054,9.0,ChIP-seq:H3K36me3 x ChIP-seq:H3K4me3
UBERON:0002046,ChIP-seq:H3K36me3,ChIP-seq:H3K9me3,0.21862626569643756,12.0,ChIP-seq:H3K36me3 x ChIP-seq:H3K9me3
UBERON:0002046,ChIP-seq:H3K36me3,ChIP-seq:CTCF,-0.015324930923107343,9.0,ChIP-seq:CTCF x ChIP-seq:H3K36me3
UBERON:0002046,ChIP-seq:H3K36me3,RNA-seq,0.0004849911874120136,30.0,ChIP-seq:H3K36me3 x RNA-seq
UBERON:0002046,ChIP-seq:H3K36me3,ChIP-seq:POLR2A,-0.02888614231986659,6.0,ChIP-seq:H3K36me3 x ChIP-seq:POLR2A
UBERON:0002046,ChIP-seq:H3K4me1,DNase-seq,0.005345543251342313,12.0,ChIP-seq:H3K4me1 x DNase-seq
UBERON:0002046,ChIP-seq:H3K4me1,ChIP-seq:H3K27ac,0.2789395570755005,9.0,ChIP-seq:H3K27ac x ChIP-seq:H3K4me1
UBERON:0002046,ChIP-seq:H3K4me1,ChIP-seq:H3K27me3,0.24787307688684174,3.0,ChIP-seq:H3K27me3 x ChIP-seq:H3K4me1
UBERON:0002046,ChIP-seq:H3K4me1,ChIP-seq:H3K36me3,0.12281617120648107,9.0,ChIP-seq:H3K36me3 x ChIP-seq:H3K4me1
UBERON:0002046,ChIP-seq:H3K4me1,ChIP-seq:H3K4me3,0.1583194314780556,9.0,ChIP-seq:H3K4me1 x ChIP-seq:H3K4me3
UBERON:0002046,ChIP-seq:H3K4me1,ChIP-seq:H3K9me3,0.2625112249577337,12.0,ChIP-seq:H3K4me1 x ChIP-seq:H3K9me3
UBERON:0002046,ChIP-seq:H3K4me1,ChIP-seq:CTCF,0.0066588897990365326,9.0,ChIP-seq:CTCF x ChIP-seq:H3K4me1
UBERON:0002046,ChIP-seq:H3K4me1,RNA-seq,-0.018020010046666826,30.0,ChIP-seq:H3K4me1 x RNA-seq
UBERON:0002046,ChIP-seq:H3K4me1,ChIP-seq:POLR2A,-0.018351564095133825,6.0,ChIP-seq:H3K4me1 x ChIP-seq:POLR2A
UBERON:0002046,ChIP-seq:H3K4me3,DNase-seq,3.093347236489408e-05,12.0,ChIP-seq:H3K4me3 x DNase-seq
UBERON:0002046,ChIP-seq:H3K4me3,ChIP-seq:H3K27ac,0.18088603549533422,9.0,ChIP-seq:H3K27ac x ChIP-seq:H3K4me3
UBERON:0002046,ChIP-seq:H3K4me3,ChIP-seq:H3K27me3,0.14644386370976767,3.0,ChIP-seq:H3K27me3 x ChIP-seq:H3K4me3
UBERON:0002046,ChIP-seq:H3K4me3,ChIP-seq:H3K36me3,0.1838995266186148,9.0,ChIP-seq:H3K36me3 x ChIP-seq:H3K4me3
UBERON:0002046,ChIP-seq:H3K4me3,ChIP-seq:H3K4me1,0.13232632085080548,9.0,ChIP-seq:H3K4me1 x ChIP-seq:H3K4me3
UBERON:0002046,ChIP-seq:H3K4me3,ChIP-seq:H3K9me3,0.17614548466748886,12.0,ChIP-seq:H3K4me3 x ChIP-seq:H3K9me3
UBERON:0002046,ChIP-seq:H3K4me3,ChIP-seq:CTCF,-0.015830561646029487,9.0,ChIP-seq:CTCF x ChIP-seq:H3K4me3
UBERON:0002046,ChIP-seq:H3K4me3,RNA-seq,0.012535149252594892,30.0,ChIP-seq:H3K4me3 x RNA-seq
UBERON:0002046,ChIP-seq:H3K4me3,ChIP-seq:POLR2A,-0.0426901209922064,6.0,ChIP-seq:H3K4me3 x ChIP-seq:POLR2A
UBERON:0002046,ChIP-seq:H3K9me3,DNase-seq,-0.034676647093629595,16.0,ChIP-seq:H3K9me3 x DNase-seq
UBERON:0002046,ChIP-seq:H3K9me3,ChIP-seq:H3K27ac,0.08788976669311524,12.0,ChIP-seq:H3K27ac x ChIP-seq:H3K9me3
UBERON:0002046,ChIP-seq:H3K9me3,ChIP-seq:H3K27me3,0.28650356151840906,4.0,ChIP-seq:H3K27me3 x ChIP-seq:H3K9me3
UBERON:0002046,ChIP-seq:H3K9me3,ChIP-seq:H3K36me3,0.20008892708636344,12.0,ChIP-seq:H3K36me3 x ChIP-seq:H3K9me3
UBERON:0002046,ChIP-seq:H3K9me3,ChIP-seq:H3K4me1,0.27573860455781984,12.0,ChIP-seq:H3K4me1 x ChIP-seq:H3K9me3
UBERON:0002046,ChIP-seq:H3K9me3,ChIP-seq:H3K4me3,0.2026256927302186,12.0,ChIP-seq:H3K4me3 x ChIP-seq:H3K9me3
UBERON:0002046,ChIP-seq:H3K9me3,ChIP-seq:CTCF,-0.02419874282219471,12.0,ChIP-seq:CTCF x ChIP-seq:H3K9me3
UBERON:0002046,ChIP-seq:H3K9me3,RNA-seq,-0.007860580655726156,40.0,ChIP-seq:H3K9me3 x RNA-seq
UBERON:0002046,ChIP-seq:H3K9me3,ChIP-seq:POLR2A,-0.023163208471877236,8.0,ChIP-seq:H3K9me3 x ChIP-seq:POLR2A
UBERON:0002046,ChIP-seq:CTCF,DNase-seq,0.05694684118598649,12.0,ChIP-seq:CTCF x DNase-seq
UBERON:0002046,ChIP-seq:CTCF,ChIP-seq:H3K27ac,0.021056988504197866,9.0,ChIP-seq:CTCF x ChIP-seq:H3K27ac
UBERON:0002046,ChIP-seq:CTCF,ChIP-seq:H3K27me3,0.01377600905570117,3.0,ChIP-seq:CTCF x ChIP-seq:H3K27me3
UBERON:0002046,ChIP-seq:CTCF,ChIP-seq:H3K36me3,-0.017209306729178055,9.0,ChIP-seq:CTCF x ChIP-seq:H3K36me3
UBERON:0002046,ChIP-seq:CTCF,ChIP-seq:H3K4me1,0.029131041705535588,9.0,ChIP-seq:CTCF x ChIP-seq:H3K4me1
UBERON:0002046,ChIP-seq:CTCF,ChIP-seq:H3K4me3,-0.0011277124169100441,9.0,ChIP-seq:CTCF x ChIP-seq:H3K4me3
UBERON:0002046,ChIP-seq:CTCF,ChIP-seq:H3K9me3,-0.008603513339032786,12.0,ChIP-seq:CTCF x ChIP-seq:H3K9me3
UBERON:0002046,ChIP-seq:CTCF,RNA-seq,0.0017373443361113922,30.0,ChIP-seq:CTCF x RNA-seq
UBERON:0002046,ChIP-seq:CTCF,ChIP-seq:POLR2A,0.02341527314413161,6.0,ChIP-seq:CTCF x ChIP-seq:POLR2A
UBERON:0002046,RNA-seq,DNase-seq,0.0058027696810238096,40.0,DNase-seq x RNA-seq
UBERON:0002046,RNA-seq,ChIP-seq:H3K27ac,0.011138617197672528,30.0,ChIP-seq:H3K27ac x RNA-seq
UBERON:0002046,RNA-seq,ChIP-seq:H3K27me3,0.0015759864991361442,10.0,ChIP-seq:H3K27me3 x RNA-seq
UBERON:0002046,RNA-seq,ChIP-seq:H3K36me3,0.0003811579224065678,30.0,ChIP-seq:H3K36me3 x RNA-seq
UBERON:0002046,RNA-seq,ChIP-seq:H3K4me1,-0.014852064673280542,30.0,ChIP-seq:H3K4me1 x RNA-seq
UBERON:0002046,RNA-seq,ChIP-seq:H3K4me3,0.007942724115971668,30.0,ChIP-seq:H3K4me3 x RNA-seq
UBERON:0002046,RNA-seq,ChIP-seq:H3K9me3,-0.005934441375867122,40.0,ChIP-seq:H3K9me3 x RNA-seq
UBERON:0002046,RNA-seq,ChIP-seq:CTCF,0.0010187905568342943,30.0,ChIP-seq:CTCF x RNA-seq
UBERON:0002046,RNA-seq,ChIP-seq:POLR2A,0.006096692596163064,20.0,ChIP-seq:POLR2A x RNA-seq
UBERON:0002046,ChIP-seq:POLR2A,DNase-seq,0.08127169257000938,8.0,ChIP-seq:POLR2A x DNase-seq
UBERON:0002046,ChIP-seq:POLR2A,ChIP-seq:H3K27ac,0.03252883354822794,6.0,ChIP-seq:H3K27ac x ChIP-seq:POLR2A
UBERON:0002046,ChIP-seq:POLR2A,ChIP-seq:H3K27me3,0.04812207276170904,2.0,ChIP-seq:H3K27me3 x ChIP-seq:POLR2A
UBERON:0002046,ChIP-seq:POLR2A,ChIP-seq:H3K36me3,-0.022471541327470583,6.0,ChIP-seq:H3K36me3 x ChIP-seq:POLR2A
UBERON:0002046,ChIP-seq:POLR2A,ChIP-seq:H3K4me1,-0.024950264792739252,6.0,ChIP-seq:H3K4me1 x ChIP-seq:POLR2A
UBERON:0002046,ChIP-seq:POLR2A,ChIP-seq:H3K4me3,-0.0030251783384403763,6.0,ChIP-seq:H3K4me3 x ChIP-seq:POLR2A
UBERON:0002046,ChIP-seq:POLR2A,ChIP-seq:H3K9me3,0.018549083169065627,8.0,ChIP-seq:H3K9me3 x ChIP-seq:POLR2A
UBERON:0002046,ChIP-seq:POLR2A,ChIP-seq:CTCF,0.022717764744391813,6.0,ChIP-seq:CTCF x ChIP-seq:POLR2A
UBERON:0002046,ChIP-seq:POLR2A,RNA-seq,0.01872974703875248,20.0,ChIP-seq:POLR2A x RNA-seq
UBERON:0007610,DNase-seq,ChIP-seq:H3K27me3,0.04286207428032702,2.0,ChIP-seq:H3K27me3 x DNase-seq
UBERON:0007610,DNase-seq,ChIP-seq:H3K36me3,-0.017799218704825953,2.0,ChIP-seq:H3K36me3 x DNase-seq
UBERON:0007610,DNase-seq,ChIP-seq:H3K9me3,-0.012154663229982057,2.0,ChIP-seq:H3K9me3 x DNase-seq
UBERON:0007610,DNase-seq,ChIP-seq:CTCF,0.05250357119542248,2.0,ChIP-seq:CTCF x DNase-seq
UBERON:0007610,ChIP-seq:H3K27me3,DNase-seq,-0.013807221325402408,2.0,ChIP-seq:H3K27me3 x DNase-seq
UBERON:0007610,ChIP-seq:H3K27me3,ChIP-seq:H3K36me3,0.02035298347473144,1.0,ChIP-seq:H3K27me3 x ChIP-seq:H3K36me3
UBERON:0007610,ChIP-seq:H3K27me3,ChIP-seq:H3K9me3,0.06957001951005724,1.0,ChIP-seq:H3K27me3 x ChIP-seq:H3K9me3
UBERON:0007610,ChIP-seq:H3K27me3,ChIP-seq:CTCF,-0.023039298870091166,1.0,ChIP-seq:CTCF x ChIP-seq:H3K27me3
UBERON:0007610,ChIP-seq:H3K36me3,DNase-seq,-0.026528252154281458,2.0,ChIP-seq:H3K36me3 x DNase-seq
UBERON:0007610,ChIP-seq:H3K36me3,ChIP-seq:H3K27me3,0.09673915193839507,1.0,ChIP-seq:H3K27me3 x ChIP-seq:H3K36me3
UBERON:0007610,ChIP-seq:H3K36me3,ChIP-seq:H3K9me3,0.30819595058759053,1.0,ChIP-seq:H3K36me3 x ChIP-seq:H3K9me3
UBERON:0007610,ChIP-seq:H3K36me3,ChIP-seq:CTCF,-0.023837233564095957,1.0,ChIP-seq:CTCF x ChIP-seq:H3K36me3
UBERON:0007610,ChIP-seq:H3K9me3,DNase-seq,-0.0093287830769094,2.0,ChIP-seq:H3K9me3 x DNase-seq
UBERON:0007610,ChIP-seq:H3K9me3,ChIP-seq:H3K27me3,0.11979258060455322,1.0,ChIP-seq:H3K27me3 x ChIP-seq:H3K9me3
UBERON:0007610,ChIP-seq:H3K9me3,ChIP-seq:H3K36me3,0.3257659476054342,1.0,ChIP-seq:H3K36me3 x ChIP-seq:H3K9me3
UBERON:0007610,ChIP-seq:H3K9me3,ChIP-seq:CTCF,-0.004551635668525157,1.0,ChIP-seq:CTCF x ChIP-seq:H3K9me3
UBERON:0007610,ChIP-seq:CTCF,DNase-seq,0.018384696896543207,2.0,ChIP-seq:CTCF x DNase-seq
UBERON:0007610,ChIP-seq:CTCF,ChIP-seq:H3K27me3,0.034035176377404816,1.0,ChIP-seq:CTCF x ChIP-seq:H3K27me3
UBERON:0007610,ChIP-seq:CTCF,ChIP-seq:H3K36me3,-0.005929485088410347,1.0,ChIP-seq:CTCF x ChIP-seq:H3K36me3
UBERON:0007610,ChIP-seq:CTCF,ChIP-seq:H3K9me3,0.01406048329340087,1.0,ChIP-seq:CTCF x ChIP-seq:H3K9me3
UBERON:0001323,DNase-seq,ChIP-seq:H3K27ac,0.010742461975709897,2.0,ChIP-seq:H3K27ac x DNase-seq
UBERON:0001323,DNase-seq,ChIP-seq:H3K27me3,-0.0297887096689506,2.0,ChIP-seq:H3K27me3 x DNase-seq
UBERON:0001323,DNase-seq,ChIP-seq:H3K36me3,-0.0568656321026777,2.0,ChIP-seq:H3K36me3 x DNase-seq
UBERON:0001323,DNase-seq,ChIP-seq:H3K4me1,-0.03190466615816821,2.0,ChIP-seq:H3K4me1 x DNase-seq
UBERON:0001323,DNase-seq,ChIP-seq:H3K4me3,-0.015225983844246976,2.0,ChIP-seq:H3K4me3 x DNase-seq
UBERON:0001323,DNase-seq,ChIP-seq:H3K9me3,-0.05492879135741128,2.0,ChIP-seq:H3K9me3 x DNase-seq
UBERON:0001323,DNase-seq,ChIP-seq:CTCF,0.03175376928769626,6.0,ChIP-seq:CTCF x DNase-seq
UBERON:0001323,DNase-seq,RNA-seq,0.003463659068290808,16.0,DNase-seq x RNA-seq
UBERON:0001323,DNase-seq,ChIP-seq:POLR2A,0.038652845791407986,4.0,ChIP-seq:POLR2A x DNase-seq
UBERON:0001323,DNase-seq,ChIP-seq:EP300,0.11524589856465657,4.0,ChIP-seq:EP300 x DNase-seq
UBERON:0001323,ChIP-seq:H3K27ac,DNase-seq,0.048044846844427364,2.0,ChIP-seq:H3K27ac x DNase-seq
UBERON:0001323,ChIP-seq:H3K27ac,ChIP-seq:H3K27me3,-0.018792019648985428,1.0,ChIP-seq:H3K27ac x ChIP-seq:H3K27me3
UBERON:0001323,ChIP-seq:H3K27ac,ChIP-seq:H3K36me3,0.01993464702054074,1.0,ChIP-seq:H3K27ac x ChIP-seq:H3K36me3
UBERON:0001323,ChIP-seq:H3K27ac,ChIP-seq:H3K4me1,0.32411698413931805,1.0,ChIP-seq:H3K27ac x ChIP-seq:H3K4me1
UBERON:0001323,ChIP-seq:H3K27ac,ChIP-seq:H3K4me3,0.18865178185839987,1.0,ChIP-seq:H3K27ac x ChIP-seq:H3K4me3
UBERON:0001323,ChIP-seq:H3K27ac,ChIP-seq:H3K9me3,0.04706508053673638,1.0,ChIP-seq:H3K27ac x ChIP-seq:H3K9me3
UBERON:0001323,ChIP-seq:H3K27ac,ChIP-seq:CTCF,0.03312684442752446,3.0,ChIP-seq:CTCF x ChIP-seq:H3K27ac
UBERON:0001323,ChIP-seq:H3K27ac,RNA-seq,0.015364078278354683,8.0,ChIP-seq:H3K27ac x RNA-seq
UBERON:0001323,ChIP-seq:H3K27ac,ChIP-seq:POLR2A,-0.022633217807326994,2.0,ChIP-seq:H3K27ac x ChIP-seq:POLR2A
UBERON:0001323,ChIP-seq:H3K27ac,ChIP-seq:EP300,0.10190813144048055,2.0,ChIP-seq:EP300 x ChIP-seq:H3K27ac
UBERON:0001323,ChIP-seq:H3K27me3,DNase-seq,0.00012699900598255563,2.0,ChIP-seq:H3K27me3 x DNase-seq
UBERON:0001323,ChIP-seq:H3K27me3,ChIP-seq:H3K27ac,-0.04490110140155863,1.0,ChIP-seq:H3K27ac x ChIP-seq:H3K27me3
UBERON:0001323,ChIP-seq:H3K27me3,ChIP-seq:H3K36me3,0.06369419505721644,1.0,ChIP-seq:H3K27me3 x ChIP-seq:H3K36me3
UBERON:0001323,ChIP-seq:H3K27me3,ChIP-seq:H3K4me1,0.12880658131578693,1.0,ChIP-seq:H3K27me3 x ChIP-seq:H3K4me1
UBERON:0001323,ChIP-seq:H3K27me3,ChIP-seq:H3K4me3,0.07140817642211914,1.0,ChIP-seq:H3K27me3 x ChIP-seq:H3K4me3
UBERON:0001323,ChIP-seq:H3K27me3,ChIP-seq:H3K9me3,0.181660963429345,1.0,ChIP-seq:H3K27me3 x ChIP-seq:H3K9me3
UBERON:0001323,ChIP-seq:H3K27me3,ChIP-seq:CTCF,-0.04062388653460986,3.0,ChIP-seq:CTCF x ChIP-seq:H3K27me3
UBERON:0001323,ChIP-seq:H3K27me3,RNA-seq,0.0004884437447736784,8.0,ChIP-seq:H3K27me3 x RNA-seq
UBERON:0001323,ChIP-seq:H3K27me3,ChIP-seq:POLR2A,-0.0023984014987945557,2.0,ChIP-seq:H3K27me3 x ChIP-seq:POLR2A
UBERON:0001323,ChIP-seq:H3K27me3,ChIP-seq:EP300,0.003266788770755133,2.0,ChIP-seq:EP300 x ChIP-seq:H3K27me3
UBERON:0001323,ChIP-seq:H3K36me3,DNase-seq,-0.035976276800190055,2.0,ChIP-seq:H3K36me3 x DNase-seq
UBERON:0001323,ChIP-seq:H3K36me3,ChIP-seq:H3K27ac,0.021686703702549874,1.0,ChIP-seq:H3K27ac x ChIP-seq:H3K36me3
UBERON:0001323,ChIP-seq:H3K36me3,ChIP-seq:H3K27me3,0.042092388326471504,1.0,ChIP-seq:H3K27me3 x ChIP-seq:H3K36me3
UBERON:0001323,ChIP-seq:H3K36me3,ChIP-seq:H3K4me1,0.0631418526172638,1.0,ChIP-seq:H3K36me3 x ChIP-seq:H3K4me1
UBERON:0001323,ChIP-seq:H3K36me3,ChIP-seq:H3K4me3,0.08907628243052682,1.0,ChIP-seq:H3K36me3 x ChIP-seq:H3K4me3
UBERON:0001323,ChIP-seq:H3K36me3,ChIP-seq:H3K9me3,0.1837925334771474,1.0,ChIP-seq:H3K36me3 x ChIP-seq:H3K9me3
UBERON:0001323,ChIP-seq:H3K36me3,ChIP-seq:CTCF,-0.05970491048617241,3.0,ChIP-seq:CTCF x ChIP-seq:H3K36me3
UBERON:0001323,ChIP-seq:H3K36me3,RNA-seq,0.011684611236185471,8.0,ChIP-seq:H3K36me3 x RNA-seq
UBERON:0001323,ChIP-seq:H3K36me3,ChIP-seq:POLR2A,-0.044044652953743935,2.0,ChIP-seq:H3K36me3 x ChIP-seq:POLR2A
UBERON:0001323,ChIP-seq:H3K36me3,ChIP-seq:EP300,-0.12166167522470156,2.0,ChIP-seq:EP300 x ChIP-seq:H3K36me3
UBERON:0001323,ChIP-seq:H3K4me1,DNase-seq,-0.012969771956967325,2.0,ChIP-seq:H3K4me1 x DNase-seq
UBERON:0001323,ChIP-seq:H3K4me1,ChIP-seq:H3K27ac,0.33162134738616,1.0,ChIP-seq:H3K27ac x ChIP-seq:H3K4me1
UBERON:0001323,ChIP-seq:H3K4me1,ChIP-seq:H3K27me3,0.13975345682014118,1.0,ChIP-seq:H3K27me3 x ChIP-seq:H3K4me1
UBERON:0001323,ChIP-seq:H3K4me1,ChIP-seq:H3K36me3,0.04792529752379969,1.0,ChIP-seq:H3K36me3 x ChIP-seq:H3K4me1
UBERON:0001323,ChIP-seq:H3K4me1,ChIP-seq:H3K4me3,0.12453984756802404,1.0,ChIP-seq:H3K4me1 x ChIP-seq:H3K4me3
UBERON:0001323,ChIP-seq:H3K4me1,ChIP-seq:H3K9me3,0.19737800757090251,1.0,ChIP-seq:H3K4me1 x ChIP-seq:H3K9me3
UBERON:0001323,ChIP-seq:H3K4me1,ChIP-seq:CTCF,-0.0036980314896656943,3.0,ChIP-seq:CTCF x ChIP-seq:H3K4me1
UBERON:0001323,ChIP-seq:H3K4me1,RNA-seq,-0.008064680597844431,8.0,ChIP-seq:H3K4me1 x RNA-seq
UBERON:0001323,ChIP-seq:H3K4me1,ChIP-seq:POLR2A,-0.03288720122405461,2.0,ChIP-seq:H3K4me1 x ChIP-seq:POLR2A
UBERON:0001323,ChIP-seq:H3K4me1,ChIP-seq:EP300,0.03164423604806264,2.0,ChIP-seq:EP300 x ChIP-seq:H3K4me1
UBERON:0001323,ChIP-seq:H3K4me3,DNase-seq,-0.001806233193456519,2.0,ChIP-seq:H3K4me3 x DNase-seq
UBERON:0001323,ChIP-seq:H3K4me3,ChIP-seq:H3K27ac,0.16604266784809255,1.0,ChIP-seq:H3K27ac x ChIP-seq:H3K4me3
UBERON:0001323,ChIP-seq:H3K4me3,ChIP-seq:H3K27me3,0.054750242016532204,1.0,ChIP-seq:H3K27me3 x ChIP-seq:H3K4me3
UBERON:0001323,ChIP-seq:H3K4me3,ChIP-seq:H3K36me3,0.08005957203476052,1.0,ChIP-seq:H3K36me3 x ChIP-seq:H3K4me3
UBERON:0001323,ChIP-seq:H3K4me3,ChIP-seq:H3K4me1,0.13007812785065692,1.0,ChIP-seq:H3K4me1 x ChIP-seq:H3K4me3
UBERON:0001323,ChIP-seq:H3K4me3,ChIP-seq:H3K9me3,0.18573357827133602,1.0,ChIP-seq:H3K4me3 x ChIP-seq:H3K9me3
UBERON:0001323,ChIP-seq:H3K4me3,ChIP-seq:CTCF,-0.005532071949579779,3.0,ChIP-seq:CTCF x ChIP-seq:H3K4me3
UBERON:0001323,ChIP-seq:H3K4me3,RNA-seq,0.013978797508815123,8.0,ChIP-seq:H3K4me3 x RNA-seq
UBERON:0001323,ChIP-seq:H3K4me3,ChIP-seq:POLR2A,-0.03172613893236434,2.0,ChIP-seq:H3K4me3 x ChIP-seq:POLR2A
UBERON:0001323,ChIP-seq:H3K4me3,ChIP-seq:EP300,0.10052532354990641,2.0,ChIP-seq:EP300 x ChIP-seq:H3K4me3
UBERON:0001323,ChIP-seq:H3K9me3,DNase-seq,-0.025013420769234292,2.0,ChIP-seq:H3K9me3 x DNase-seq
UBERON:0001323,ChIP-seq:H3K9me3,ChIP-seq:H3K27ac,0.015617750309131762,1.0,ChIP-seq:H3K27ac x ChIP-seq:H3K9me3
UBERON:0001323,ChIP-seq:H3K9me3,ChIP-seq:H3K27me3,0.17864469506523828,1.0,ChIP-seq:H3K27me3 x ChIP-seq:H3K9me3
UBERON:0001323,ChIP-seq:H3K9me3,ChIP-seq:H3K36me3,0.21604974740429927,1.0,ChIP-seq:H3K36me3 x ChIP-seq:H3K9me3
UBERON:0001323,ChIP-seq:H3K9me3,ChIP-seq:H3K4me1,0.18146592637766962,1.0,ChIP-seq:H3K4me1 x ChIP-seq:H3K9me3
UBERON:0001323,ChIP-seq:H3K9me3,ChIP-seq:H3K4me3,0.13597207783266557,1.0,ChIP-seq:H3K4me3 x ChIP-seq:H3K9me3
UBERON:0001323,ChIP-seq:H3K9me3,ChIP-seq:CTCF,-0.040674860135484964,3.0,ChIP-seq:CTCF x ChIP-seq:H3K9me3
UBERON:0001323,ChIP-seq:H3K9me3,RNA-seq,-0.002428866841005175,8.0,ChIP-seq:H3K9me3 x RNA-seq
UBERON:0001323,ChIP-seq:H3K9me3,ChIP-seq:POLR2A,-0.019200355745851994,2.0,ChIP-seq:H3K9me3 x ChIP-seq:POLR2A
UBERON:0001323,ChIP-seq:H3K9me3,ChIP-seq:EP300,-0.006761855383714044,2.0,ChIP-seq:EP300 x ChIP-seq:H3K9me3
UBERON:0001323,ChIP-seq:CTCF,DNase-seq,-0.031767786573298595,6.0,ChIP-seq:CTCF x DNase-seq
UBERON:0001323,ChIP-seq:CTCF,ChIP-seq:H3K27ac,0.006489661556703073,3.0,ChIP-seq:CTCF x ChIP-seq:H3K27ac
UBERON:0001323,ChIP-seq:CTCF,ChIP-seq:H3K27me3,-0.04480198409521219,3.0,ChIP-seq:CTCF x ChIP-seq:H3K27me3
UBERON:0001323,ChIP-seq:CTCF,ChIP-seq:H3K36me3,-0.028867807932067335,3.0,ChIP-seq:CTCF x ChIP-seq:H3K36me3
UBERON:0001323,ChIP-seq:CTCF,ChIP-seq:H3K4me1,0.007389859228894329,3.0,ChIP-seq:CTCF x ChIP-seq:H3K4me1
UBERON:0001323,ChIP-seq:CTCF,ChIP-seq:H3K4me3,-0.035004343831723975,3.0,ChIP-seq:CTCF x ChIP-seq:H3K4me3
UBERON:0001323,ChIP-seq:CTCF,ChIP-seq:H3K9me3,-0.00832479161520799,3.0,ChIP-seq:CTCF x ChIP-seq:H3K9me3
UBERON:0001323,ChIP-seq:CTCF,RNA-seq,0.018938864235451366,24.0,ChIP-seq:CTCF x RNA-seq
UBERON:0001323,ChIP-seq:CTCF,ChIP-seq:POLR2A,0.060347625187465115,6.0,ChIP-seq:CTCF x ChIP-seq:POLR2A
UBERON:0001323,ChIP-seq:CTCF,ChIP-seq:EP300,0.07896835406621298,6.0,ChIP-seq:CTCF x ChIP-seq:EP300
UBERON:0001323,RNA-seq,DNase-seq,0.020592575739185836,16.0,DNase-seq x RNA-seq
UBERON:0001323,RNA-seq,ChIP-seq:H3K27ac,0.018014066841131375,8.0,ChIP-seq:H3K27ac x RNA-seq
UBERON:0001323,RNA-seq,ChIP-seq:H3K27me3,-0.018980750898745926,8.0,ChIP-seq:H3K27me3 x RNA-seq
UBERON:0001323,RNA-seq,ChIP-seq:H3K36me3,0.009283866027468127,8.0,ChIP-seq:H3K36me3 x RNA-seq
UBERON:0001323,RNA-seq,ChIP-seq:H3K4me1,-0.0042028077270673675,8.0,ChIP-seq:H3K4me1 x RNA-seq
UBERON:0001323,RNA-seq,ChIP-seq:H3K4me3,0.011526609160179314,8.0,ChIP-seq:H3K4me3 x RNA-seq
UBERON:0001323,RNA-seq,ChIP-seq:H3K9me3,-0.011467148094541496,8.0,ChIP-seq:H3K9me3 x RNA-seq
UBERON:0001323,RNA-seq,ChIP-seq:CTCF,0.02605879688874269,24.0,ChIP-seq:CTCF x RNA-seq
UBERON:0001323,RNA-seq,ChIP-seq:POLR2A,0.0037399418652057648,16.0,ChIP-seq:POLR2A x RNA-seq
UBERON:0001323,RNA-seq,ChIP-seq:EP300,0.05684935301542282,16.0,ChIP-seq:EP300 x RNA-seq
UBERON:0001323,ChIP-seq:POLR2A,DNase-seq,0.013993124371951382,4.0,ChIP-seq:POLR2A x DNase-seq
UBERON:0001323,ChIP-seq:POLR2A,ChIP-seq:H3K27ac,-0.06844520775808227,2.0,ChIP-seq:H3K27ac x ChIP-seq:POLR2A
UBERON:0001323,ChIP-seq:POLR2A,ChIP-seq:H3K27me3,-0.005730851130052048,2.0,ChIP-seq:H3K27me3 x ChIP-seq:POLR2A
UBERON:0001323,ChIP-seq:POLR2A,ChIP-seq:H3K36me3,0.017053722178465444,2.0,ChIP-seq:H3K36me3 x ChIP-seq:POLR2A
UBERON:0001323,ChIP-seq:POLR2A,ChIP-seq:H3K4me1,-0.010395774941729462,2.0,ChIP-seq:H3K4me1 x ChIP-seq:POLR2A
UBERON:0001323,ChIP-seq:POLR2A,ChIP-seq:H3K4me3,-0.030861499974893958,2.0,ChIP-seq:H3K4me3 x ChIP-seq:POLR2A
UBERON:0001323,ChIP-seq:POLR2A,ChIP-seq:H3K9me3,-0.01283473829842276,2.0,ChIP-seq:H3K9me3 x ChIP-seq:POLR2A
UBERON:0001323,ChIP-seq:POLR2A,ChIP-seq:CTCF,0.08687045940986046,6.0,ChIP-seq:CTCF x ChIP-seq:POLR2A
UBERON:0001323,ChIP-seq:POLR2A,RNA-seq,0.031246653087702612,16.0,ChIP-seq:POLR2A x RNA-seq
UBERON:0001323,ChIP-seq:POLR2A,ChIP-seq:EP300,0.20324235757191975,4.0,ChIP-seq:EP300 x ChIP-seq:POLR2A
UBERON:0001323,ChIP-seq:EP300,DNase-seq,0.01263414092899598,4.0,ChIP-seq:EP300 x DNase-seq
UBERON:0001323,ChIP-seq:EP300,ChIP-seq:H3K27ac,0.04851091275980443,2.0,ChIP-seq:EP300 x ChIP-seq:H3K27ac
UBERON:0001323,ChIP-seq:EP300,ChIP-seq:H3K27me3,-0.0023058568212119025,2.0,ChIP-seq:EP300 x ChIP-seq:H3K27me3
UBERON:0001323,ChIP-seq:EP300,ChIP-seq:H3K36me3,0.024573566372457303,2.0,ChIP-seq:EP300 x ChIP-seq:H3K36me3
UBERON:0001323,ChIP-seq:EP300,ChIP-seq:H3K4me1,0.0755157127328541,2.0,ChIP-seq:EP300 x ChIP-seq:H3K4me1
UBERON:0001323,ChIP-seq:EP300,ChIP-seq:H3K4me3,0.058897488061771835,2.0,ChIP-seq:EP300 x ChIP-seq:H3K4me3
UBERON:0001323,ChIP-seq:EP300,ChIP-seq:H3K9me3,0.05209687170055177,2.0,ChIP-seq:EP300 x ChIP-seq:H3K9me3
UBERON:0001323,ChIP-seq:EP300,ChIP-seq:CTCF,0.06980620133571136,6.0,ChIP-seq:CTCF x ChIP-seq:EP300
UBERON:0001323,ChIP-seq:EP300,RNA-seq,0.02527688817074633,16.0,ChIP-seq:EP300 x RNA-seq
UBERON:0001323,ChIP-seq:EP300,ChIP-seq:POLR2A,0.05843976565769743,4.0,ChIP-seq:EP300 x ChIP-seq:POLR2A
UBERON:0001723,DNase-seq,RNA-seq,-0.004973118675467,4.0,DNase-seq x RNA-seq
UBERON:0001723,RNA-seq,DNase-seq,-0.010041713368954118,4.0,DNase-seq x RNA-seq
UBERON:0001157,DNase-seq,ChIP-seq:H3K27ac,0.05612179239590964,12.0,ChIP-seq:H3K27ac x DNase-seq
UBERON:0001157,DNase-seq,ChIP-seq:H3K27me3,-0.010493949076959065,8.0,ChIP-seq:H3K27me3 x DNase-seq
UBERON:0001157,DNase-seq,ChIP-seq:H3K36me3,-0.03053039609991684,8.0,ChIP-seq:H3K36me3 x DNase-seq
UBERON:0001157,DNase-seq,ChIP-seq:H3K4me1,-0.042106873315313584,4.0,ChIP-seq:H3K4me1 x DNase-seq
UBERON:0001157,DNase-seq,ChIP-seq:H3K4me3,0.022714105491028272,4.0,ChIP-seq:H3K4me3 x DNase-seq
UBERON:0001157,DNase-seq,ChIP-seq:H3K9me3,-0.0029267530060476735,4.0,ChIP-seq:H3K9me3 x DNase-seq
UBERON:0001157,DNase-seq,ChIP-seq:CTCF,0.017889094873539457,16.0,ChIP-seq:CTCF x DNase-seq
UBERON:0001157,DNase-seq,RNA-seq,0.018312901037251864,32.0,DNase-seq x RNA-seq
UBERON:0001157,DNase-seq,ChIP-seq:POLR2A,0.05792692068851357,12.0,ChIP-seq:POLR2A x DNase-seq
UBERON:0001157,DNase-seq,ChIP-seq:POLR2AphosphoS5,0.11448258161544803,12.0,ChIP-seq:POLR2AphosphoS5 x DNase-seq
UBERON:0001157,DNase-seq,ChIP-seq:EP300,0.11950203403830528,4.0,ChIP-seq:EP300 x DNase-seq
UBERON:0001157,ChIP-seq:H3K27ac,DNase-seq,0.042297556867665384,12.0,ChIP-seq:H3K27ac x DNase-seq
UBERON:0001157,ChIP-seq:H3K27ac,ChIP-seq:H3K27me3,0.010352070445106144,6.0,ChIP-seq:H3K27ac x ChIP-seq:H3K27me3
UBERON:0001157,ChIP-seq:H3K27ac,ChIP-seq:H3K36me3,0.03692715558530582,6.0,ChIP-seq:H3K27ac x ChIP-seq:H3K36me3
UBERON:0001157,ChIP-seq:H3K27ac,ChIP-seq:H3K4me1,0.20528373770091843,3.0,ChIP-seq:H3K27ac x ChIP-seq:H3K4me1
UBERON:0001157,ChIP-seq:H3K27ac,ChIP-seq:H3K4me3,0.2586201401643975,3.0,ChIP-seq:H3K27ac x ChIP-seq:H3K4me3
UBERON:0001157,ChIP-seq:H3K27ac,ChIP-seq:H3K9me3,0.04851472874482472,3.0,ChIP-seq:H3K27ac x ChIP-seq:H3K9me3
UBERON:0001157,ChIP-seq:H3K27ac,ChIP-seq:CTCF,0.03991250857759063,12.0,ChIP-seq:CTCF x ChIP-seq:H3K27ac
UBERON:0001157,ChIP-seq:H3K27ac,RNA-seq,0.04478597376710917,24.0,ChIP-seq:H3K27ac x RNA-seq
UBERON:0001157,ChIP-seq:H3K27ac,ChIP-seq:POLR2A,0.08455184011748343,9.0,ChIP-seq:H3K27ac x ChIP-seq:POLR2A
UBERON:0001157,ChIP-seq:H3K27ac,ChIP-seq:POLR2AphosphoS5,0.04477889743852026,9.0,ChIP-seq:H3K27ac x ChIP-seq:POLR2AphosphoS5
UBERON:0001157,ChIP-seq:H3K27ac,ChIP-seq:EP300,0.01821681857109069,3.0,ChIP-seq:EP300 x ChIP-seq:H3K27ac
UBERON:0001157,ChIP-seq:H3K27me3,DNase-seq,-0.008174581289136966,8.0,ChIP-seq:H3K27me3 x DNase-seq
UBERON:0001157,ChIP-seq:H3K27me3,ChIP-seq:H3K27ac,0.019008843849102657,6.0,ChIP-seq:H3K27ac x ChIP-seq:H3K27me3
UBERON:0001157,ChIP-seq:H3K27me3,ChIP-seq:H3K36me3,0.08578913540594162,4.0,ChIP-seq:H3K27me3 x ChIP-seq:H3K36me3
UBERON:0001157,ChIP-seq:H3K27me3,ChIP-seq:H3K4me1,0.122633990386258,2.0,ChIP-seq:H3K27me3 x ChIP-seq:H3K4me1
UBERON:0001157,ChIP-seq:H3K27me3,ChIP-seq:H3K4me3,0.06821715412444847,2.0,ChIP-seq:H3K27me3 x ChIP-seq:H3K4me3
UBERON:0001157,ChIP-seq:H3K27me3,ChIP-seq:H3K9me3,0.4424450371000502,2.0,ChIP-seq:H3K27me3 x ChIP-seq:H3K9me3
UBERON:0001157,ChIP-seq:H3K27me3,ChIP-seq:CTCF,0.010294432561953091,8.0,ChIP-seq:CTCF x ChIP-seq:H3K27me3
UBERON:0001157,ChIP-seq:H3K27me3,RNA-seq,0.0025387575828875117,16.0,ChIP-seq:H3K27me3 x RNA-seq
UBERON:0001157,ChIP-seq:H3K27me3,ChIP-seq:POLR2A,0.03787981398177869,6.0,ChIP-seq:H3K27me3 x ChIP-seq:POLR2A
UBERON:0001157,ChIP-seq:H3K27me3,ChIP-seq:POLR2AphosphoS5,0.028243664238188,6.0,ChIP-seq:H3K27me3 x ChIP-seq:POLR2AphosphoS5
UBERON:0001157,ChIP-seq:H3K27me3,ChIP-seq:EP300,0.022473305463790894,2.0,ChIP-seq:EP300 x ChIP-seq:H3K27me3
UBERON:0001157,ChIP-seq:H3K36me3,DNase-seq,-0.018611353045146082,8.0,ChIP-seq:H3K36me3 x DNase-seq
UBERON:0001157,ChIP-seq:H3K36me3,ChIP-seq:H3K27ac,0.019352462887763974,6.0,ChIP-seq:H3K27ac x ChIP-seq:H3K36me3
UBERON:0001157,ChIP-seq:H3K36me3,ChIP-seq:H3K27me3,0.0391949183174542,4.0,ChIP-seq:H3K27me3 x ChIP-seq:H3K36me3
UBERON:0001157,ChIP-seq:H3K36me3,ChIP-seq:H3K4me1,0.10167424380779266,2.0,ChIP-seq:H3K36me3 x ChIP-seq:H3K4me1
UBERON:0001157,ChIP-seq:H3K36me3,ChIP-seq:H3K4me3,0.09148350718409516,2.0,ChIP-seq:H3K36me3 x ChIP-seq:H3K4me3
UBERON:0001157,ChIP-seq:H3K36me3,ChIP-seq:H3K9me3,0.13723969327078925,2.0,ChIP-seq:H3K36me3 x ChIP-seq:H3K9me3
UBERON:0001157,ChIP-seq:H3K36me3,ChIP-seq:CTCF,-0.0016680317162310054,8.0,ChIP-seq:CTCF x ChIP-seq:H3K36me3
UBERON:0001157,ChIP-seq:H3K36me3,RNA-seq,0.024532855052562905,16.0,ChIP-seq:H3K36me3 x RNA-seq
UBERON:0001157,ChIP-seq:H3K36me3,ChIP-seq:POLR2A,0.007138325590075878,6.0,ChIP-seq:H3K36me3 x ChIP-seq:POLR2A
UBERON:0001157,ChIP-seq:H3K36me3,ChIP-seq:POLR2AphosphoS5,0.040650875480086716,6.0,ChIP-seq:H3K36me3 x ChIP-seq:POLR2AphosphoS5
UBERON:0001157,ChIP-seq:H3K36me3,ChIP-seq:EP300,0.017376035451889038,2.0,ChIP-seq:EP300 x ChIP-seq:H3K36me3
UBERON:0001157,ChIP-seq:H3K4me1,DNase-seq,-0.012821769776121941,4.0,ChIP-seq:H3K4me1 x DNase-seq
UBERON:0001157,ChIP-seq:H3K4me1,ChIP-seq:H3K27ac,0.1851597289244334,3.0,ChIP-seq:H3K27ac x ChIP-seq:H3K4me1
UBERON:0001157,ChIP-seq:H3K4me1,ChIP-seq:H3K27me3,0.10924468372549329,2.0,ChIP-seq:H3K27me3 x ChIP-seq:H3K4me1
UBERON:0001157,ChIP-seq:H3K4me1,ChIP-seq:H3K36me3,0.07083478987847687,2.0,ChIP-seq:H3K36me3 x ChIP-seq:H3K4me1
UBERON:0001157,ChIP-seq:H3K4me1,ChIP-seq:H3K4me3,0.051064899771712545,1.0,ChIP-seq:H3K4me1 x ChIP-seq:H3K4me3
UBERON:0001157,ChIP-seq:H3K4me1,ChIP-seq:H3K9me3,0.016609223683675137,1.0,ChIP-seq:H3K4me1 x ChIP-seq:H3K9me3
UBERON:0001157,ChIP-seq:H3K4me1,ChIP-seq:CTCF,0.06989911314353202,4.0,ChIP-seq:CTCF x ChIP-seq:H3K4me1
UBERON:0001157,ChIP-seq:H3K4me1,RNA-seq,0.02062572378691755,8.0,ChIP-seq:H3K4me1 x RNA-seq
UBERON:0001157,ChIP-seq:H3K4me1,ChIP-seq:POLR2A,0.01159621305537946,3.0,ChIP-seq:H3K4me1 x ChIP-seq:POLR2A
UBERON:0001157,ChIP-seq:H3K4me1,ChIP-seq:POLR2AphosphoS5,-0.0009617568166167614,3.0,ChIP-seq:H3K4me1 x ChIP-seq:POLR2AphosphoS5
UBERON:0001157,ChIP-seq:H3K4me1,ChIP-seq:EP300,0.0016621872782707214,1.0,ChIP-seq:EP300 x ChIP-seq:H3K4me1
UBERON:0001157,ChIP-seq:H3K4me3,DNase-seq,-0.0061237285869109315,4.0,ChIP-seq:H3K4me3 x DNase-seq
UBERON:0001157,ChIP-seq:H3K4me3,ChIP-seq:H3K27ac,0.2735097249348959,3.0,ChIP-seq:H3K27ac x ChIP-seq:H3K4me3
UBERON:0001157,ChIP-seq:H3K4me3,ChIP-seq:H3K27me3,0.05418975587402071,2.0,ChIP-seq:H3K27me3 x ChIP-seq:H3K4me3
UBERON:0001157,ChIP-seq:H3K4me3,ChIP-seq:H3K36me3,0.10473633805910747,2.0,ChIP-seq:H3K36me3 x ChIP-seq:H3K4me3
UBERON:0001157,ChIP-seq:H3K4me3,ChIP-seq:H3K4me1,0.055301317054292434,1.0,ChIP-seq:H3K4me1 x ChIP-seq:H3K4me3
UBERON:0001157,ChIP-seq:H3K4me3,ChIP-seq:H3K9me3,0.12835987673865423,1.0,ChIP-seq:H3K4me3 x ChIP-seq:H3K9me3
UBERON:0001157,ChIP-seq:H3K4me3,ChIP-seq:CTCF,0.03738657869760272,4.0,ChIP-seq:CTCF x ChIP-seq:H3K4me3
UBERON:0001157,ChIP-seq:H3K4me3,RNA-seq,0.04625670431345489,8.0,ChIP-seq:H3K4me3 x RNA-seq
UBERON:0001157,ChIP-seq:H3K4me3,ChIP-seq:POLR2A,0.08473049438360966,3.0,ChIP-seq:H3K4me3 x ChIP-seq:POLR2A
UBERON:0001157,ChIP-seq:H3K4me3,ChIP-seq:POLR2AphosphoS5,0.02732348000561749,3.0,ChIP-seq:H3K4me3 x ChIP-seq:POLR2AphosphoS5
UBERON:0001157,ChIP-seq:H3K4me3,ChIP-seq:EP300,0.01655522733926773,1.0,ChIP-seq:EP300 x ChIP-seq:H3K4me3
UBERON:0001157,ChIP-seq:H3K9me3,DNase-seq,0.008695933591439317,4.0,ChIP-seq:H3K9me3 x DNase-seq
UBERON:0001157,ChIP-seq:H3K9me3,ChIP-seq:H3K27ac,0.04763277644912402,3.0,ChIP-seq:H3K27ac x ChIP-seq:H3K9me3
UBERON:0001157,ChIP-seq:H3K9me3,ChIP-seq:H3K27me3,0.45285374777657644,2.0,ChIP-seq:H3K27me3 x ChIP-seq:H3K9me3
UBERON:0001157,ChIP-seq:H3K9me3,ChIP-seq:H3K36me3,0.2145305420986559,2.0,ChIP-seq:H3K36me3 x ChIP-seq:H3K9me3
UBERON:0001157,ChIP-seq:H3K9me3,ChIP-seq:H3K4me1,0.0669792942378832,1.0,ChIP-seq:H3K4me1 x ChIP-seq:H3K9me3
UBERON:0001157,ChIP-seq:H3K9me3,ChIP-seq:H3K4me3,0.12217608205107755,1.0,ChIP-seq:H3K4me3 x ChIP-seq:H3K9me3
UBERON:0001157,ChIP-seq:H3K9me3,ChIP-seq:CTCF,0.014926305266766294,4.0,ChIP-seq:CTCF x ChIP-seq:H3K9me3
UBERON:0001157,ChIP-seq:H3K9me3,RNA-seq,0.005868617792540803,8.0,ChIP-seq:H3K9me3 x RNA-seq
UBERON:0001157,ChIP-seq:H3K9me3,ChIP-seq:POLR2A,0.03365882965877201,3.0,ChIP-seq:H3K9me3 x ChIP-seq:POLR2A
UBERON:0001157,ChIP-seq:H3K9me3,ChIP-seq:POLR2AphosphoS5,0.012886139391748994,3.0,ChIP-seq:H3K9me3 x ChIP-seq:POLR2AphosphoS5
UBERON:0001157,ChIP-seq:H3K9me3,ChIP-seq:EP300,0.03277138061821461,1.0,ChIP-seq:EP300 x ChIP-seq:H3K9me3
UBERON:0001157,ChIP-seq:CTCF,DNase-seq,0.015608382194153392,16.0,ChIP-seq:CTCF x DNase-seq
UBERON:0001157,ChIP-seq:CTCF,ChIP-seq:H3K27ac,0.032375217477480574,12.0,ChIP-seq:CTCF x ChIP-seq:H3K27ac
UBERON:0001157,ChIP-seq:CTCF,ChIP-seq:H3K27me3,-0.013854388977800097,8.0,ChIP-seq:CTCF x ChIP-seq:H3K27me3
UBERON:0001157,ChIP-seq:CTCF,ChIP-seq:H3K36me3,0.004687449958904709,8.0,ChIP-seq:CTCF x ChIP-seq:H3K36me3
UBERON:0001157,ChIP-seq:CTCF,ChIP-seq:H3K4me1,0.05703080607497174,4.0,ChIP-seq:CTCF x ChIP-seq:H3K4me1
UBERON:0001157,ChIP-seq:CTCF,ChIP-seq:H3K4me3,0.03678433472333952,4.0,ChIP-seq:CTCF x ChIP-seq:H3K4me3
UBERON:0001157,ChIP-seq:CTCF,ChIP-seq:H3K9me3,-0.02358548208657238,4.0,ChIP-seq:CTCF x ChIP-seq:H3K9me3
UBERON:0001157,ChIP-seq:CTCF,RNA-seq,-0.006191616647848041,32.0,ChIP-seq:CTCF x RNA-seq
UBERON:0001157,ChIP-seq:CTCF,ChIP-seq:POLR2A,0.053871554678136646,12.0,ChIP-seq:CTCF x ChIP-seq:POLR2A
UBERON:0001157,ChIP-seq:CTCF,ChIP-seq:POLR2AphosphoS5,0.003081458034338777,12.0,ChIP-seq:CTCF x ChIP-seq:POLR2AphosphoS5
UBERON:0001157,ChIP-seq:CTCF,ChIP-seq:EP300,0.02039511501789093,4.0,ChIP-seq:CTCF x ChIP-seq:EP300
UBERON:0001157,RNA-seq,DNase-seq,0.020929792751147955,32.0,DNase-seq x RNA-seq
UBERON:0001157,RNA-seq,ChIP-seq:H3K27ac,0.04313349624474843,24.0,ChIP-seq:H3K27ac x RNA-seq
UBERON:0001157,RNA-seq,ChIP-seq:H3K27me3,-0.0027127233586673226,16.0,ChIP-seq:H3K27me3 x RNA-seq
UBERON:0001157,RNA-seq,ChIP-seq:H3K36me3,0.021694151970444532,16.0,ChIP-seq:H3K36me3 x RNA-seq
UBERON:0001157,RNA-seq,ChIP-seq:H3K4me1,0.013620074190523312,8.0,ChIP-seq:H3K4me1 x RNA-seq
UBERON:0001157,RNA-seq,ChIP-seq:H3K4me3,0.04818598142890043,8.0,ChIP-seq:H3K4me3 x RNA-seq
UBERON:0001157,RNA-seq,ChIP-seq:H3K9me3,0.004201897833910253,8.0,ChIP-seq:H3K9me3 x RNA-seq
UBERON:0001157,RNA-seq,ChIP-seq:CTCF,0.001346068601440457,32.0,ChIP-seq:CTCF x RNA-seq
UBERON:0001157,RNA-seq,ChIP-seq:POLR2A,0.031656164292133214,24.0,ChIP-seq:POLR2A x RNA-seq
UBERON:0001157,RNA-seq,ChIP-seq:POLR2AphosphoS5,0.041920014001705024,24.0,ChIP-seq:POLR2AphosphoS5 x RNA-seq
UBERON:0001157,RNA-seq,ChIP-seq:EP300,0.008911777287721634,8.0,ChIP-seq:EP300 x RNA-seq
UBERON:0001157,ChIP-seq:POLR2A,DNase-seq,0.08175244026645273,12.0,ChIP-seq:POLR2A x DNase-seq
UBERON:0001157,ChIP-seq:POLR2A,ChIP-seq:H3K27ac,0.08384113311767577,9.0,ChIP-seq:H3K27ac x ChIP-seq:POLR2A
UBERON:0001157,ChIP-seq:POLR2A,ChIP-seq:H3K27me3,-0.0026270996105103306,6.0,ChIP-seq:H3K27me3 x ChIP-seq:POLR2A
UBERON:0001157,ChIP-seq:POLR2A,ChIP-seq:H3K36me3,0.06312904082488341,6.0,ChIP-seq:H3K36me3 x ChIP-seq:POLR2A
UBERON:0001157,ChIP-seq:POLR2A,ChIP-seq:H3K4me1,-0.03169021895830182,3.0,ChIP-seq:H3K4me1 x ChIP-seq:POLR2A
UBERON:0001157,ChIP-seq:POLR2A,ChIP-seq:H3K4me3,0.09201314153597337,3.0,ChIP-seq:H3K4me3 x ChIP-seq:POLR2A
UBERON:0001157,ChIP-seq:POLR2A,ChIP-seq:H3K9me3,-0.033534792962449565,3.0,ChIP-seq:H3K9me3 x ChIP-seq:POLR2A
UBERON:0001157,ChIP-seq:POLR2A,ChIP-seq:CTCF,0.07055312125042418,12.0,ChIP-seq:CTCF x ChIP-seq:POLR2A
UBERON:0001157,ChIP-seq:POLR2A,RNA-seq,0.03260507122543437,24.0,ChIP-seq:POLR2A x RNA-seq
UBERON:0001157,ChIP-seq:POLR2A,ChIP-seq:POLR2AphosphoS5,0.17893468597788875,9.0,ChIP-seq:POLR2A x ChIP-seq:POLR2AphosphoS5
UBERON:0001157,ChIP-seq:POLR2A,ChIP-seq:EP300,0.030676762262980148,3.0,ChIP-seq:EP300 x ChIP-seq:POLR2A
UBERON:0001157,ChIP-seq:POLR2AphosphoS5,DNase-seq,0.14094806674848567,12.0,ChIP-seq:POLR2AphosphoS5 x DNase-seq
UBERON:0001157,ChIP-seq:POLR2AphosphoS5,ChIP-seq:H3K27ac,0.0816094504462348,9.0,ChIP-seq:H3K27ac x ChIP-seq:POLR2AphosphoS5
UBERON:0001157,ChIP-seq:POLR2AphosphoS5,ChIP-seq:H3K27me3,0.03418257923353286,6.0,ChIP-seq:H3K27me3 x ChIP-seq:POLR2AphosphoS5
UBERON:0001157,ChIP-seq:POLR2AphosphoS5,ChIP-seq:H3K36me3,0.06559990501487907,6.0,ChIP-seq:H3K36me3 x ChIP-seq:POLR2AphosphoS5
UBERON:0001157,ChIP-seq:POLR2AphosphoS5,ChIP-seq:H3K4me1,0.028090581729792168,3.0,ChIP-seq:H3K4me1 x ChIP-seq:POLR2AphosphoS5
UBERON:0001157,ChIP-seq:POLR2AphosphoS5,ChIP-seq:H3K4me3,0.07436390865680784,3.0,ChIP-seq:H3K4me3 x ChIP-seq:POLR2AphosphoS5
UBERON:0001157,ChIP-seq:POLR2AphosphoS5,ChIP-seq:H3K9me3,-0.01860550887606762,3.0,ChIP-seq:H3K9me3 x ChIP-seq:POLR2AphosphoS5
UBERON:0001157,ChIP-seq:POLR2AphosphoS5,ChIP-seq:CTCF,0.009447070821203468,12.0,ChIP-seq:CTCF x ChIP-seq:POLR2AphosphoS5
UBERON:0001157,ChIP-seq:POLR2AphosphoS5,RNA-seq,0.04270038678829196,24.0,ChIP-seq:POLR2AphosphoS5 x RNA-seq
UBERON:0001157,ChIP-seq:POLR2AphosphoS5,ChIP-seq:POLR2A,0.07051737236254146,9.0,ChIP-seq:POLR2A x ChIP-seq:POLR2AphosphoS5
UBERON:0001157,ChIP-seq:POLR2AphosphoS5,ChIP-seq:EP300,0.11661287148793537,3.0,ChIP-seq:EP300 x ChIP-seq:POLR2AphosphoS5
UBERON:0001157,ChIP-seq:EP300,DNase-seq,0.12314020390646446,4.0,ChIP-seq:EP300 x DNase-seq
UBERON:0001157,ChIP-seq:EP300,ChIP-seq:H3K27ac,0.03849013050397237,3.0,ChIP-seq:EP300 x ChIP-seq:H3K27ac
UBERON:0001157,ChIP-seq:EP300,ChIP-seq:H3K27me3,-0.009234646494899475,2.0,ChIP-seq:EP300 x ChIP-seq:H3K27me3
UBERON:0001157,ChIP-seq:EP300,ChIP-seq:H3K36me3,0.15987314788437396,2.0,ChIP-seq:EP300 x ChIP-seq:H3K36me3
UBERON:0001157,ChIP-seq:EP300,ChIP-seq:H3K4me1,0.059535887578259346,1.0,ChIP-seq:EP300 x ChIP-seq:H3K4me1
UBERON:0001157,ChIP-seq:EP300,ChIP-seq:H3K4me3,0.05987750527470611,1.0,ChIP-seq:EP300 x ChIP-seq:H3K4me3
UBERON:0001157,ChIP-seq:EP300,ChIP-seq:H3K9me3,0.011015074617332879,1.0,ChIP-seq:EP300 x ChIP-seq:H3K9me3
UBERON:0001157,ChIP-seq:EP300,ChIP-seq:CTCF,-0.01624952213278094,4.0,ChIP-seq:CTCF x ChIP-seq:EP300
UBERON:0001157,ChIP-seq:EP300,RNA-seq,0.004070363014122369,8.0,ChIP-seq:EP300 x RNA-seq
UBERON:0001157,ChIP-seq:EP300,ChIP-seq:POLR2A,-0.04308559388825388,3.0,ChIP-seq:EP300 x ChIP-seq:POLR2A
UBERON:0001157,ChIP-seq:EP300,ChIP-seq:POLR2AphosphoS5,0.07682285485444246,3.0,ChIP-seq:EP300 x ChIP-seq:POLR2AphosphoS5
UBERON:0000088,ChIP-seq:H3K27ac,ChIP-seq:H3K27me3,0.3079681294304984,4.0,ChIP-seq:H3K27ac x ChIP-seq:H3K27me3
UBERON:0000088,ChIP-seq:H3K27ac,ChIP-seq:H3K36me3,0.32579084552785076,4.0,ChIP-seq:H3K27ac x ChIP-seq:H3K36me3
UBERON:0000088,ChIP-seq:H3K27ac,ChIP-seq:H3K4me1,0.6120765124513803,4.0,ChIP-seq:H3K27ac x ChIP-seq:H3K4me1
UBERON:0000088,ChIP-seq:H3K27ac,ChIP-seq:H3K9me3,0.29891276226363367,4.0,ChIP-seq:H3K27ac x ChIP-seq:H3K9me3
UBERON:0000088,ChIP-seq:H3K27ac,polyA plus RNA-seq,0.005315921855145605,12.0,ChIP-seq:H3K27ac x polyA plus RNA-seq
UBERON:0000088,ChIP-seq:H3K27me3,ChIP-seq:H3K27ac,0.33284511181138315,4.0,ChIP-seq:H3K27ac x ChIP-seq:H3K27me3
UBERON:0000088,ChIP-seq:H3K27me3,ChIP-seq:H3K36me3,0.34798147060253004,4.0,ChIP-seq:H3K27me3 x ChIP-seq:H3K36me3
UBERON:0000088,ChIP-seq:H3K27me3,ChIP-seq:H3K4me1,0.2728005704658279,4.0,ChIP-seq:H3K27me3 x ChIP-seq:H3K4me1
UBERON:0000088,ChIP-seq:H3K27me3,ChIP-seq:H3K9me3,0.5210388695727514,4.0,ChIP-seq:H3K27me3 x ChIP-seq:H3K9me3
UBERON:0000088,ChIP-seq:H3K27me3,polyA plus RNA-seq,-0.013640117299729498,12.0,ChIP-seq:H3K27me3 x polyA plus RNA-seq
UBERON:0000088,ChIP-seq:H3K36me3,ChIP-seq:H3K27ac,0.3290329468176232,4.0,ChIP-seq:H3K27ac x ChIP-seq:H3K36me3
UBERON:0000088,ChIP-seq:H3K36me3,ChIP-seq:H3K27me3,0.3372255516052246,4.0,ChIP-seq:H3K27me3 x ChIP-seq:H3K36me3
UBERON:0000088,ChIP-seq:H3K36me3,ChIP-seq:H3K4me1,0.29519325152772374,4.0,ChIP-seq:H3K36me3 x ChIP-seq:H3K4me1
UBERON:0000088,ChIP-seq:H3K36me3,ChIP-seq:H3K9me3,0.3845522510272831,4.0,ChIP-seq:H3K36me3 x ChIP-seq:H3K9me3
UBERON:0000088,ChIP-seq:H3K36me3,polyA plus RNA-seq,0.005290017654930337,12.0,ChIP-seq:H3K36me3 x polyA plus RNA-seq
UBERON:0000088,ChIP-seq:H3K4me1,ChIP-seq:H3K27ac,0.6426838058862627,4.0,ChIP-seq:H3K27ac x ChIP-seq:H3K4me1
UBERON:0000088,ChIP-seq:H3K4me1,ChIP-seq:H3K27me3,0.27540343131337847,4.0,ChIP-seq:H3K27me3 x ChIP-seq:H3K4me1
UBERON:0000088,ChIP-seq:H3K4me1,ChIP-seq:H3K36me3,0.30886918605950775,4.0,ChIP-seq:H3K36me3 x ChIP-seq:H3K4me1
UBERON:0000088,ChIP-seq:H3K4me1,ChIP-seq:H3K9me3,0.3032589303381616,4.0,ChIP-seq:H3K4me1 x ChIP-seq:H3K9me3
UBERON:0000088,ChIP-seq:H3K4me1,polyA plus RNA-seq,-0.007827166214153386,12.0,ChIP-seq:H3K4me1 x polyA plus RNA-seq
UBERON:0000088,ChIP-seq:H3K9me3,ChIP-seq:H3K27ac,0.28710344267187654,4.0,ChIP-seq:H3K27ac x ChIP-seq:H3K9me3
UBERON:0000088,ChIP-seq:H3K9me3,ChIP-seq:H3K27me3,0.5275114689554486,4.0,ChIP-seq:H3K27me3 x ChIP-seq:H3K9me3
UBERON:0000088,ChIP-seq:H3K9me3,ChIP-seq:H3K36me3,0.38916559446425664,4.0,ChIP-seq:H3K36me3 x ChIP-seq:H3K9me3
UBERON:0000088,ChIP-seq:H3K9me3,ChIP-seq:H3K4me1,0.2886269393840123,4.0,ChIP-seq:H3K4me1 x ChIP-seq:H3K9me3
UBERON:0000088,ChIP-seq:H3K9me3,polyA plus RNA-seq,-0.014661821712186373,12.0,ChIP-seq:H3K9me3 x polyA plus RNA-seq
UBERON:0000088,polyA plus RNA-seq,ChIP-seq:H3K27ac,-0.02178709290721155,12.0,ChIP-seq:H3K27ac x polyA plus RNA-seq
UBERON:0000088,polyA plus RNA-seq,ChIP-seq:H3K27me3,-0.011414598510378881,12.0,ChIP-seq:H3K27me3 x polyA plus RNA-seq
UBERON:0000088,polyA plus RNA-seq,ChIP-seq:H3K36me3,-0.016901846731991577,12.0,ChIP-seq:H3K36me3 x polyA plus RNA-seq
UBERON:0000088,polyA plus RNA-seq,ChIP-seq:H3K4me1,-0.009765284766997794,12.0,ChIP-seq:H3K4me1 x polyA plus RNA-seq
UBERON:0000088,polyA plus RNA-seq,ChIP-seq:H3K9me3,-0.024533003811452198,12.0,ChIP-seq:H3K9me3 x polyA plus RNA-seq
UBERON:0002331,DNase-seq,RNA-seq,-0.006716391516618205,2.0,DNase-seq x RNA-seq
UBERON:0002331,RNA-seq,DNase-seq,0.00787149671857798,2.0,DNase-seq x RNA-seq
UBERON:0008952,DNase-seq,ChIP-seq:H3K27ac,0.016411520816661695,3.0,ChIP-seq:H3K27ac x DNase-seq
UBERON:0008952,DNase-seq,ChIP-seq:H3K27me3,0.008417556005896942,3.0,ChIP-seq:H3K27me3 x DNase-seq
UBERON:0008952,DNase-seq,ChIP-seq:H3K36me3,-0.01911655074933119,3.0,ChIP-seq:H3K36me3 x DNase-seq
UBERON:0008952,DNase-seq,ChIP-seq:H3K4me3,-0.008372385002845942,3.0,ChIP-seq:H3K4me3 x DNase-seq
UBERON:0008952,DNase-seq,ChIP-seq:CTCF,0.010010315858816246,12.0,ChIP-seq:CTCF x DNase-seq
UBERON:0008952,DNase-seq,RNA-seq,0.002138806314920064,36.0,DNase-seq x RNA-seq
UBERON:0008952,DNase-seq,ChIP-seq:POLR2A,0.025260038327689124,9.0,ChIP-seq:POLR2A x DNase-seq
UBERON:0008952,DNase-seq,ChIP-seq:POLR2AphosphoS5,0.053715149561564146,6.0,ChIP-seq:POLR2AphosphoS5 x DNase-seq
UBERON:0008952,DNase-seq,ChIP-seq:EP300,-0.0060808521050673275,12.0,ChIP-seq:EP300 x DNase-seq
UBERON:0008952,ChIP-seq:H3K27ac,DNase-seq,-0.030607557111932332,3.0,ChIP-seq:H3K27ac x DNase-seq
UBERON:0008952,ChIP-seq:H3K27ac,ChIP-seq:H3K27me3,0.04278957437385213,1.0,ChIP-seq:H3K27ac x ChIP-seq:H3K27me3
UBERON:0008952,ChIP-seq:H3K27ac,ChIP-seq:H3K36me3,0.036472874487701215,1.0,ChIP-seq:H3K27ac x ChIP-seq:H3K36me3
UBERON:0008952,ChIP-seq:H3K27ac,ChIP-seq:H3K4me3,0.10002681432768357,1.0,ChIP-seq:H3K27ac x ChIP-seq:H3K4me3
UBERON:0008952,ChIP-seq:H3K27ac,ChIP-seq:CTCF,0.010582818459827923,4.0,ChIP-seq:CTCF x ChIP-seq:H3K27ac
UBERON:0008952,ChIP-seq:H3K27ac,RNA-seq,0.0223610656653091,12.0,ChIP-seq:H3K27ac x RNA-seq
UBERON:0008952,ChIP-seq:H3K27ac,ChIP-seq:POLR2A,0.056071000388174336,3.0,ChIP-seq:H3K27ac x ChIP-seq:POLR2A
UBERON:0008952,ChIP-seq:H3K27ac,ChIP-seq:POLR2AphosphoS5,0.00988481300217764,2.0,ChIP-seq:H3K27ac x ChIP-seq:POLR2AphosphoS5
UBERON:0008952,ChIP-seq:H3K27ac,ChIP-seq:EP300,-0.012415946031419132,4.0,ChIP-seq:EP300 x ChIP-seq:H3K27ac
UBERON:0008952,ChIP-seq:H3K27me3,DNase-seq,-0.0030528889338483495,3.0,ChIP-seq:H3K27me3 x DNase-seq
UBERON:0008952,ChIP-seq:H3K27me3,ChIP-seq:H3K27ac,0.010669936460477335,1.0,ChIP-seq:H3K27ac x ChIP-seq:H3K27me3
UBERON:0008952,ChIP-seq:H3K27me3,ChIP-seq:H3K36me3,0.016557661404735163,1.0,ChIP-seq:H3K27me3 x ChIP-seq:H3K36me3
UBERON:0008952,ChIP-seq:H3K27me3,ChIP-seq:H3K4me3,0.24321794246518336,1.0,ChIP-seq:H3K27me3 x ChIP-seq:H3K4me3
UBERON:0008952,ChIP-seq:H3K27me3,ChIP-seq:CTCF,-0.03291409052185063,4.0,ChIP-seq:CTCF x ChIP-seq:H3K27me3
UBERON:0008952,ChIP-seq:H3K27me3,RNA-seq,-0.004171057535018279,12.0,ChIP-seq:H3K27me3 x RNA-seq
UBERON:0008952,ChIP-seq:H3K27me3,ChIP-seq:POLR2A,-0.01632480549089836,3.0,ChIP-seq:H3K27me3 x ChIP-seq:POLR2A
UBERON:0008952,ChIP-seq:H3K27me3,ChIP-seq:POLR2AphosphoS5,0.0310560262628964,2.0,ChIP-seq:H3K27me3 x ChIP-seq:POLR2AphosphoS5
UBERON:0008952,ChIP-seq:H3K27me3,ChIP-seq:EP300,0.028049286741476803,4.0,ChIP-seq:EP300 x ChIP-seq:H3K27me3
UBERON:0008952,ChIP-seq:H3K36me3,DNase-seq,-0.002027517940261875,3.0,ChIP-seq:H3K36me3 x DNase-seq
UBERON:0008952,ChIP-seq:H3K36me3,ChIP-seq:H3K27ac,0.03759348622442764,1.0,ChIP-seq:H3K27ac x ChIP-seq:H3K36me3
UBERON:0008952,ChIP-seq:H3K36me3,ChIP-seq:H3K27me3,0.09163211353800513,1.0,ChIP-seq:H3K27me3 x ChIP-seq:H3K36me3
UBERON:0008952,ChIP-seq:H3K36me3,ChIP-seq:H3K4me3,0.14228229252404945,1.0,ChIP-seq:H3K36me3 x ChIP-seq:H3K4me3
UBERON:0008952,ChIP-seq:H3K36me3,ChIP-seq:CTCF,0.004914608033536709,4.0,ChIP-seq:CTCF x ChIP-seq:H3K36me3
UBERON:0008952,ChIP-seq:H3K36me3,RNA-seq,0.012721839925939796,12.0,ChIP-seq:H3K36me3 x RNA-seq
UBERON:0008952,ChIP-seq:H3K36me3,ChIP-seq:POLR2A,0.005233928087082776,3.0,ChIP-seq:H3K36me3 x ChIP-seq:POLR2A
UBERON:0008952,ChIP-seq:H3K36me3,ChIP-seq:POLR2AphosphoS5,-0.025219560201678957,2.0,ChIP-seq:H3K36me3 x ChIP-seq:POLR2AphosphoS5
UBERON:0008952,ChIP-seq:H3K36me3,ChIP-seq:EP300,-0.02334826410962985,4.0,ChIP-seq:EP300 x ChIP-seq:H3K36me3
UBERON:0008952,ChIP-seq:H3K4me3,DNase-seq,0.00986946183581685,3.0,ChIP-seq:H3K4me3 x DNase-seq
UBERON:0008952,ChIP-seq:H3K4me3,ChIP-seq:H3K27ac,0.14779552265449805,1.0,ChIP-seq:H3K27ac x ChIP-seq:H3K4me3
UBERON:0008952,ChIP-seq:H3K4me3,ChIP-seq:H3K27me3,0.2165070961822163,1.0,ChIP-seq:H3K27me3 x ChIP-seq:H3K4me3
UBERON:0008952,ChIP-seq:H3K4me3,ChIP-seq:H3K36me3,0.08429544615118127,1.0,ChIP-seq:H3K36me3 x ChIP-seq:H3K4me3
UBERON:0008952,ChIP-seq:H3K4me3,ChIP-seq:CTCF,-0.012423776487991645,4.0,ChIP-seq:CTCF x ChIP-seq:H3K4me3
UBERON:0008952,ChIP-seq:H3K4me3,RNA-seq,0.004956953924336878,12.0,ChIP-seq:H3K4me3 x RNA-seq
UBERON:0008952,ChIP-seq:H3K4me3,ChIP-seq:POLR2A,0.014534148302945221,3.0,ChIP-seq:H3K4me3 x ChIP-seq:POLR2A
UBERON:0008952,ChIP-seq:H3K4me3,ChIP-seq:POLR2AphosphoS5,0.0061690062284469604,2.0,ChIP-seq:H3K4me3 x ChIP-seq:POLR2AphosphoS5
UBERON:0008952,ChIP-seq:H3K4me3,ChIP-seq:EP300,-0.04142230806442407,4.0,ChIP-seq:EP300 x ChIP-seq:H3K4me3
UBERON:0008952,ChIP-seq:CTCF,DNase-seq,-0.056679086244691555,12.0,ChIP-seq:CTCF x DNase-seq
UBERON:0008952,ChIP-seq:CTCF,ChIP-seq:H3K27ac,-0.005460685647932097,4.0,ChIP-seq:CTCF x ChIP-seq:H3K27ac
UBERON:0008952,ChIP-seq:CTCF,ChIP-seq:H3K27me3,0.010935233905911446,4.0,ChIP-seq:CTCF x ChIP-seq:H3K27me3
UBERON:0008952,ChIP-seq:CTCF,ChIP-seq:H3K36me3,0.019998122124295487,4.0,ChIP-seq:CTCF x ChIP-seq:H3K36me3
UBERON:0008952,ChIP-seq:CTCF,ChIP-seq:H3K4me3,-0.023391630569862765,4.0,ChIP-seq:CTCF x ChIP-seq:H3K4me3
UBERON:0008952,ChIP-seq:CTCF,RNA-seq,0.0015103921865959541,48.0,ChIP-seq:CTCF x RNA-seq
UBERON:0008952,ChIP-seq:CTCF,ChIP-seq:POLR2A,0.05232232881314826,12.0,ChIP-seq:CTCF x ChIP-seq:POLR2A
UBERON:0008952,ChIP-seq:CTCF,ChIP-seq:POLR2AphosphoS5,0.013892500528267446,8.0,ChIP-seq:CTCF x ChIP-seq:POLR2AphosphoS5
UBERON:0008952,ChIP-seq:CTCF,ChIP-seq:EP300,0.04951397329568863,16.0,ChIP-seq:CTCF x ChIP-seq:EP300
UBERON:0008952,RNA-seq,DNase-seq,0.017610393028183294,36.0,DNase-seq x RNA-seq
UBERON:0008952,RNA-seq,ChIP-seq:H3K27ac,0.030645912137541753,12.0,ChIP-seq:H3K27ac x RNA-seq
UBERON:0008952,RNA-seq,ChIP-seq:H3K27me3,0.004044257443059575,12.0,ChIP-seq:H3K27me3 x RNA-seq
UBERON:0008952,RNA-seq,ChIP-seq:H3K36me3,0.029215679356926358,12.0,ChIP-seq:H3K36me3 x RNA-seq
UBERON:0008952,RNA-seq,ChIP-seq:H3K4me3,0.01822226544221242,12.0,ChIP-seq:H3K4me3 x RNA-seq
UBERON:0008952,RNA-seq,ChIP-seq:CTCF,0.007655401711132149,48.0,ChIP-seq:CTCF x RNA-seq
UBERON:0008952,RNA-seq,ChIP-seq:POLR2A,0.019799390224495318,36.0,ChIP-seq:POLR2A x RNA-seq
UBERON:0008952,RNA-seq,ChIP-seq:POLR2AphosphoS5,0.0028057162250791287,24.0,ChIP-seq:POLR2AphosphoS5 x RNA-seq
UBERON:0008952,RNA-seq,ChIP-seq:EP300,0.002427070521009274,48.0,ChIP-seq:EP300 x RNA-seq
UBERON:0008952,ChIP-seq:POLR2A,DNase-seq,0.014941480321990941,9.0,ChIP-seq:POLR2A x DNase-seq
UBERON:0008952,ChIP-seq:POLR2A,ChIP-seq:H3K27ac,0.025611489397998677,3.0,ChIP-seq:H3K27ac x ChIP-seq:POLR2A
UBERON:0008952,ChIP-seq:POLR2A,ChIP-seq:H3K27me3,0.07619336879614629,3.0,ChIP-seq:H3K27me3 x ChIP-seq:POLR2A
UBERON:0008952,ChIP-seq:POLR2A,ChIP-seq:H3K36me3,-0.007360774187142389,3.0,ChIP-seq:H3K36me3 x ChIP-seq:POLR2A
UBERON:0008952,ChIP-seq:POLR2A,ChIP-seq:H3K4me3,0.023688143722770755,3.0,ChIP-seq:H3K4me3 x ChIP-seq:POLR2A
UBERON:0008952,ChIP-seq:POLR2A,ChIP-seq:CTCF,0.04947486529458302,12.0,ChIP-seq:CTCF x ChIP-seq:POLR2A
UBERON:0008952,ChIP-seq:POLR2A,RNA-seq,0.015952235598453615,36.0,ChIP-seq:POLR2A x RNA-seq
UBERON:0008952,ChIP-seq:POLR2A,ChIP-seq:POLR2AphosphoS5,0.03898822693597703,6.0,ChIP-seq:POLR2A x ChIP-seq:POLR2AphosphoS5
UBERON:0008952,ChIP-seq:POLR2A,ChIP-seq:EP300,-0.007673307107045085,12.0,ChIP-seq:EP300 x ChIP-seq:POLR2A
UBERON:0008952,ChIP-seq:POLR2AphosphoS5,DNase-seq,0.048525077736038896,6.0,ChIP-seq:POLR2AphosphoS5 x DNase-seq
UBERON:0008952,ChIP-seq:POLR2AphosphoS5,ChIP-seq:H3K27ac,0.04594550640494735,2.0,ChIP-seq:H3K27ac x ChIP-seq:POLR2AphosphoS5
UBERON:0008952,ChIP-seq:POLR2AphosphoS5,ChIP-seq:H3K27me3,0.09808437729423697,2.0,ChIP-seq:H3K27me3 x ChIP-seq:POLR2AphosphoS5
UBERON:0008952,ChIP-seq:POLR2AphosphoS5,ChIP-seq:H3K36me3,-0.0033715471233192245,2.0,ChIP-seq:H3K36me3 x ChIP-seq:POLR2AphosphoS5
UBERON:0008952,ChIP-seq:POLR2AphosphoS5,ChIP-seq:H3K4me3,0.013193207355432723,2.0,ChIP-seq:H3K4me3 x ChIP-seq:POLR2AphosphoS5
UBERON:0008952,ChIP-seq:POLR2AphosphoS5,ChIP-seq:CTCF,0.030554303483476916,8.0,ChIP-seq:CTCF x ChIP-seq:POLR2AphosphoS5
UBERON:0008952,ChIP-seq:POLR2AphosphoS5,RNA-seq,0.006694560035241309,24.0,ChIP-seq:POLR2AphosphoS5 x RNA-seq
UBERON:0008952,ChIP-seq:POLR2AphosphoS5,ChIP-seq:POLR2A,0.051592569640188546,6.0,ChIP-seq:POLR2A x ChIP-seq:POLR2AphosphoS5
UBERON:0008952,ChIP-seq:POLR2AphosphoS5,ChIP-seq:EP300,0.0706161352304312,8.0,ChIP-seq:EP300 x ChIP-seq:POLR2AphosphoS5
UBERON:0008952,ChIP-seq:EP300,DNase-seq,0.0222977860337388,12.0,ChIP-seq:EP300 x DNase-seq
UBERON:0008952,ChIP-seq:EP300,ChIP-seq:H3K27ac,-0.019251775812863567,4.0,ChIP-seq:EP300 x ChIP-seq:H3K27ac
UBERON:0008952,ChIP-seq:EP300,ChIP-seq:H3K27me3,0.19715535776181653,4.0,ChIP-seq:EP300 x ChIP-seq:H3K27me3
UBERON:0008952,ChIP-seq:EP300,ChIP-seq:H3K36me3,-0.06734422990366032,4.0,ChIP-seq:EP300 x ChIP-seq:H3K36me3
UBERON:0008952,ChIP-seq:EP300,ChIP-seq:H3K4me3,0.03637975610272829,4.0,ChIP-seq:EP300 x ChIP-seq:H3K4me3
UBERON:0008952,ChIP-seq:EP300,ChIP-seq:CTCF,0.027087035905388954,16.0,ChIP-seq:CTCF x ChIP-seq:EP300
UBERON:0008952,ChIP-seq:EP300,RNA-seq,-0.009188141642535905,48.0,ChIP-seq:EP300 x RNA-seq
UBERON:0008952,ChIP-seq:EP300,ChIP-seq:POLR2A,0.0005123754342397091,12.0,ChIP-seq:EP300 x ChIP-seq:POLR2A
UBERON:0008952,ChIP-seq:EP300,ChIP-seq:POLR2AphosphoS5,0.17532406534467426,8.0,ChIP-seq:EP300 x ChIP-seq:POLR2AphosphoS5
UBERON:0001255,DNase-seq,ChIP-seq:H3K27ac,-0.005701683553648584,1.0,ChIP-seq:H3K27ac x DNase-seq
UBERON:0001255,DNase-seq,ChIP-seq:H3K36me3,-0.029840826635297975,1.0,ChIP-seq:H3K36me3 x DNase-seq
UBERON:0001255,DNase-seq,ChIP-seq:H3K4me1,-0.01586825052357238,1.0,ChIP-seq:H3K4me1 x DNase-seq
UBERON:0001255,DNase-seq,ChIP-seq:H3K4me3,-0.024574568209260003,1.0,ChIP-seq:H3K4me3 x DNase-seq
UBERON:0001255,DNase-seq,polyA plus RNA-seq,-0.01220892624326456,2.0,DNase-seq x polyA plus RNA-seq
UBERON:0001255,DNase-seq,RNA-seq,-0.005435695326439949,2.0,DNase-seq x RNA-seq
UBERON:0001255,ChIP-seq:H3K27ac,DNase-seq,0.003865497814046083,1.0,ChIP-seq:H3K27ac x DNase-seq
UBERON:0001255,ChIP-seq:H3K27ac,ChIP-seq:H3K36me3,0.18337221694620032,1.0,ChIP-seq:H3K27ac x ChIP-seq:H3K36me3
UBERON:0001255,ChIP-seq:H3K27ac,ChIP-seq:H3K4me1,0.29324428542800574,1.0,ChIP-seq:H3K27ac x ChIP-seq:H3K4me1
UBERON:0001255,ChIP-seq:H3K27ac,ChIP-seq:H3K4me3,0.17511078853939854,1.0,ChIP-seq:H3K27ac x ChIP-seq:H3K4me3
UBERON:0001255,ChIP-seq:H3K27ac,polyA plus RNA-seq,0.015121266288538715,2.0,ChIP-seq:H3K27ac x polyA plus RNA-seq
UBERON:0001255,ChIP-seq:H3K27ac,RNA-seq,-0.019617359208453457,2.0,ChIP-seq:H3K27ac x RNA-seq
UBERON:0001255,ChIP-seq:H3K36me3,DNase-seq,-0.00799682465379526,1.0,ChIP-seq:H3K36me3 x DNase-seq
UBERON:0001255,ChIP-seq:H3K36me3,ChIP-seq:H3K27ac,0.20907437010311786,1.0,ChIP-seq:H3K27ac x ChIP-seq:H3K36me3
UBERON:0001255,ChIP-seq:H3K36me3,ChIP-seq:H3K4me1,0.3545078790706137,1.0,ChIP-seq:H3K36me3 x ChIP-seq:H3K4me1
UBERON:0001255,ChIP-seq:H3K36me3,ChIP-seq:H3K4me3,0.08601487334384475,1.0,ChIP-seq:H3K36me3 x ChIP-seq:H3K4me3
UBERON:0001255,ChIP-seq:H3K36me3,polyA plus RNA-seq,-0.01153399073718954,2.0,ChIP-seq:H3K36me3 x polyA plus RNA-seq
UBERON:0001255,ChIP-seq:H3K36me3,RNA-seq,-0.016151726871851037,2.0,ChIP-seq:H3K36me3 x RNA-seq
UBERON:0001255,ChIP-seq:H3K4me1,DNase-seq,0.011593265889887638,1.0,ChIP-seq:H3K4me1 x DNase-seq
UBERON:0001255,ChIP-seq:H3K4me1,ChIP-seq:H3K27ac,0.3080760626881211,1.0,ChIP-seq:H3K27ac x ChIP-seq:H3K4me1
UBERON:0001255,ChIP-seq:H3K4me1,ChIP-seq:H3K36me3,0.3513553939367595,1.0,ChIP-seq:H3K36me3 x ChIP-seq:H3K4me1
UBERON:0001255,ChIP-seq:H3K4me1,ChIP-seq:H3K4me3,0.08053339220756708,1.0,ChIP-seq:H3K4me1 x ChIP-seq:H3K4me3
UBERON:0001255,ChIP-seq:H3K4me1,polyA plus RNA-seq,-0.0015319602398527372,2.0,ChIP-seq:H3K4me1 x polyA plus RNA-seq
UBERON:0001255,ChIP-seq:H3K4me1,RNA-seq,-0.0023922955996817114,2.0,ChIP-seq:H3K4me1 x RNA-seq
UBERON:0001255,ChIP-seq:H3K4me3,DNase-seq,-0.002688834649584901,1.0,ChIP-seq:H3K4me3 x DNase-seq
UBERON:0001255,ChIP-seq:H3K4me3,ChIP-seq:H3K27ac,0.1735666964525058,1.0,ChIP-seq:H3K27ac x ChIP-seq:H3K4me3
UBERON:0001255,ChIP-seq:H3K4me3,ChIP-seq:H3K36me3,0.07292984692673934,1.0,ChIP-seq:H3K36me3 x ChIP-seq:H3K4me3
UBERON:0001255,ChIP-seq:H3K4me3,ChIP-seq:H3K4me1,0.09022009372711182,1.0,ChIP-seq:H3K4me1 x ChIP-seq:H3K4me3
UBERON:0001255,ChIP-seq:H3K4me3,polyA plus RNA-seq,0.002650833275051716,2.0,ChIP-seq:H3K4me3 x polyA plus RNA-seq
UBERON:0001255,ChIP-seq:H3K4me3,RNA-seq,-0.040914283318344756,2.0,ChIP-seq:H3K4me3 x RNA-seq
UBERON:0001255,polyA plus RNA-seq,DNase-seq,0.0009694383036737871,2.0,DNase-seq x polyA plus RNA-seq
UBERON:0001255,polyA plus RNA-seq,ChIP-seq:H3K27ac,0.02483667120521451,2.0,ChIP-seq:H3K27ac x polyA plus RNA-seq
UBERON:0001255,polyA plus RNA-seq,ChIP-seq:H3K36me3,-0.03206254486974917,2.0,ChIP-seq:H3K36me3 x polyA plus RNA-seq
UBERON:0001255,polyA plus RNA-seq,ChIP-seq:H3K4me1,-0.00925226874001648,2.0,ChIP-seq:H3K4me1 x polyA plus RNA-seq
UBERON:0001255,polyA plus RNA-seq,ChIP-seq:H3K4me3,-0.017751594546229335,2.0,ChIP-seq:H3K4me3 x polyA plus RNA-seq
UBERON:0001255,polyA plus RNA-seq,RNA-seq,-0.07301606827653262,4.0,RNA-seq x polyA plus RNA-seq
UBERON:0001255,RNA-seq,DNase-seq,-0.0013924884037677318,2.0,DNase-seq x RNA-seq
UBERON:0001255,RNA-seq,ChIP-seq:H3K27ac,0.014980808199371821,2.0,ChIP-seq:H3K27ac x RNA-seq
UBERON:0001255,RNA-seq,ChIP-seq:H3K36me3,-0.009440131593299539,2.0,ChIP-seq:H3K36me3 x RNA-seq
UBERON:0001255,RNA-seq,ChIP-seq:H3K4me1,0.0012929190112196884,2.0,ChIP-seq:H3K4me1 x RNA-seq
UBERON:0001255,RNA-seq,ChIP-seq:H3K4me3,-0.010322272281573956,2.0,ChIP-seq:H3K4me3 x RNA-seq
UBERON:0001255,RNA-seq,polyA plus RNA-seq,0.031001384586181208,4.0,RNA-seq x polyA plus RNA-seq
UBERON:0000995,DNase-seq,ChIP-seq:H3K27ac,0.14472147785587075,1.0,ChIP-seq:H3K27ac x DNase-seq
UBERON:0000995,DNase-seq,ChIP-seq:CTCF,0.09634553563027154,2.0,ChIP-seq:CTCF x DNase-seq
UBERON:0000995,DNase-seq,RNA-seq,0.0074199980595996765,6.0,DNase-seq x RNA-seq
UBERON:0000995,DNase-seq,ChIP-seq:POLR2A,0.08009544440678187,2.0,ChIP-seq:POLR2A x DNase-seq
UBERON:0000995,ChIP-seq:H3K27ac,DNase-seq,0.16987889269630216,1.0,ChIP-seq:H3K27ac x DNase-seq
UBERON:0000995,ChIP-seq:H3K27ac,ChIP-seq:CTCF,0.004525750556162424,2.0,ChIP-seq:CTCF x ChIP-seq:H3K27ac
UBERON:0000995,ChIP-seq:H3K27ac,RNA-seq,0.011345593219107768,6.0,ChIP-seq:H3K27ac x RNA-seq
UBERON:0000995,ChIP-seq:H3K27ac,ChIP-seq:POLR2A,0.023838300790105543,2.0,ChIP-seq:H3K27ac x ChIP-seq:POLR2A
UBERON:0000995,ChIP-seq:CTCF,DNase-seq,0.1445386019801113,2.0,ChIP-seq:CTCF x DNase-seq
UBERON:0000995,ChIP-seq:CTCF,ChIP-seq:H3K27ac,0.01398204759131243,2.0,ChIP-seq:CTCF x ChIP-seq:H3K27ac
UBERON:0000995,ChIP-seq:CTCF,RNA-seq,0.0014166797095156731,12.0,ChIP-seq:CTCF x RNA-seq
UBERON:0000995,ChIP-seq:CTCF,ChIP-seq:POLR2A,0.06468604292188371,4.0,ChIP-seq:CTCF x ChIP-seq:POLR2A
UBERON:0000995,RNA-seq,DNase-seq,0.013250838974754119,6.0,DNase-seq x RNA-seq
UBERON:0000995,RNA-seq,ChIP-seq:H3K27ac,0.021522598256790097,6.0,ChIP-seq:H3K27ac x RNA-seq
UBERON:0000995,RNA-seq,ChIP-seq:CTCF,0.0035315711819936357,12.0,ChIP-seq:CTCF x RNA-seq
UBERON:0000995,RNA-seq,ChIP-seq:POLR2A,0.006946965342476255,12.0,ChIP-seq:POLR2A x RNA-seq
UBERON:0000995,ChIP-seq:POLR2A,DNase-seq,0.12020614275895539,2.0,ChIP-seq:POLR2A x DNase-seq
UBERON:0000995,ChIP-seq:POLR2A,ChIP-seq:H3K27ac,0.05829708646109075,2.0,ChIP-seq:H3K27ac x ChIP-seq:POLR2A
UBERON:0000995,ChIP-seq:POLR2A,ChIP-seq:CTCF,0.08667878309885661,4.0,ChIP-seq:CTCF x ChIP-seq:POLR2A
UBERON:0000995,ChIP-seq:POLR2A,RNA-seq,0.01875900059727067,12.0,ChIP-seq:POLR2A x RNA-seq
UBERON:0000996,DNase-seq,ChIP-seq:H3K27ac,0.023585859456180053,2.0,ChIP-seq:H3K27ac x DNase-seq
UBERON:0000996,DNase-seq,ChIP-seq:H3K4me3,0.002292391935060187,2.0,ChIP-seq:H3K4me3 x DNase-seq
UBERON:0000996,DNase-seq,ChIP-seq:CTCF,0.031239111153852372,4.0,ChIP-seq:CTCF x DNase-seq
UBERON:0000996,DNase-seq,RNA-seq,-0.00027846286740738555,4.0,DNase-seq x RNA-seq
UBERON:0000996,DNase-seq,ChIP-seq:POLR2A,0.03158871616636004,4.0,ChIP-seq:POLR2A x DNase-seq
UBERON:0000996,DNase-seq,ChIP-seq:POLR2AphosphoS5,0.02631662573133195,4.0,ChIP-seq:POLR2AphosphoS5 x DNase-seq
UBERON:0000996,ChIP-seq:H3K27ac,DNase-seq,-0.003220090085698152,2.0,ChIP-seq:H3K27ac x DNase-seq
UBERON:0000996,ChIP-seq:H3K27ac,ChIP-seq:H3K4me3,0.34076071090476456,1.0,ChIP-seq:H3K27ac x ChIP-seq:H3K4me3
UBERON:0000996,ChIP-seq:H3K27ac,ChIP-seq:CTCF,0.017886741069101153,2.0,ChIP-seq:CTCF x ChIP-seq:H3K27ac
UBERON:0000996,ChIP-seq:H3K27ac,RNA-seq,0.02491748506591527,2.0,ChIP-seq:H3K27ac x RNA-seq
UBERON:0000996,ChIP-seq:H3K27ac,ChIP-seq:POLR2A,0.027966980423246107,2.0,ChIP-seq:H3K27ac x ChIP-seq:POLR2A
UBERON:0000996,ChIP-seq:H3K27ac,ChIP-seq:POLR2AphosphoS5,0.031658121517726345,2.0,ChIP-seq:H3K27ac x ChIP-seq:POLR2AphosphoS5
UBERON:0000996,ChIP-seq:H3K4me3,DNase-seq,-0.0527463550727392,2.0,ChIP-seq:H3K4me3 x DNase-seq
UBERON:0000996,ChIP-seq:H3K4me3,ChIP-seq:H3K27ac,0.3249827174492824,1.0,ChIP-seq:H3K27ac x ChIP-seq:H3K4me3
UBERON:0000996,ChIP-seq:H3K4me3,ChIP-seq:CTCF,0.021897202233473453,2.0,ChIP-seq:CTCF x ChIP-seq:H3K4me3
UBERON:0000996,ChIP-seq:H3K4me3,RNA-seq,0.028244272642169124,2.0,ChIP-seq:H3K4me3 x RNA-seq
UBERON:0000996,ChIP-seq:H3K4me3,ChIP-seq:POLR2A,0.012937222208295546,2.0,ChIP-seq:H3K4me3 x ChIP-seq:POLR2A
UBERON:0000996,ChIP-seq:H3K4me3,ChIP-seq:POLR2AphosphoS5,0.008626373750822897,2.0,ChIP-seq:H3K4me3 x ChIP-seq:POLR2AphosphoS5
UBERON:0000996,ChIP-seq:CTCF,DNase-seq,-0.0717282804478075,4.0,ChIP-seq:CTCF x DNase-seq
UBERON:0000996,ChIP-seq:CTCF,ChIP-seq:H3K27ac,0.021587676426142823,2.0,ChIP-seq:CTCF x ChIP-seq:H3K27ac
UBERON:0000996,ChIP-seq:CTCF,ChIP-seq:H3K4me3,0.03435327407232551,2.0,ChIP-seq:CTCF x ChIP-seq:H3K4me3
UBERON:0000996,ChIP-seq:CTCF,RNA-seq,-0.0017249796313802933,4.0,ChIP-seq:CTCF x RNA-seq
UBERON:0000996,ChIP-seq:CTCF,ChIP-seq:POLR2A,0.05184963984148844,4.0,ChIP-seq:CTCF x ChIP-seq:POLR2A
UBERON:0000996,ChIP-seq:CTCF,ChIP-seq:POLR2AphosphoS5,-0.011694199272564473,4.0,ChIP-seq:CTCF x ChIP-seq:POLR2AphosphoS5
UBERON:0000996,RNA-seq,DNase-seq,0.02520786325648888,4.0,DNase-seq x RNA-seq
UBERON:0000996,RNA-seq,ChIP-seq:H3K27ac,0.02449336192674107,2.0,ChIP-seq:H3K27ac x RNA-seq
UBERON:0000996,RNA-seq,ChIP-seq:H3K4me3,0.027003345170686414,2.0,ChIP-seq:H3K4me3 x RNA-seq
UBERON:0000996,RNA-seq,ChIP-seq:CTCF,0.00154084522676255,4.0,ChIP-seq:CTCF x RNA-seq
UBERON:0000996,RNA-seq,ChIP-seq:POLR2A,-0.0003246537276676703,4.0,ChIP-seq:POLR2A x RNA-seq
UBERON:0000996,RNA-seq,ChIP-seq:POLR2AphosphoS5,-0.013668158756835122,4.0,ChIP-seq:POLR2AphosphoS5 x RNA-seq
UBERON:0000996,ChIP-seq:POLR2A,DNase-seq,0.022568053191470122,4.0,ChIP-seq:POLR2A x DNase-seq
UBERON:0000996,ChIP-seq:POLR2A,ChIP-seq:H3K27ac,0.08041796824078501,2.0,ChIP-seq:H3K27ac x ChIP-seq:POLR2A
UBERON:0000996,ChIP-seq:POLR2A,ChIP-seq:H3K4me3,0.06667695378148278,2.0,ChIP-seq:H3K4me3 x ChIP-seq:POLR2A
UBERON:0000996,ChIP-seq:POLR2A,ChIP-seq:CTCF,0.08671388044243768,4.0,ChIP-seq:CTCF x ChIP-seq:POLR2A
UBERON:0000996,ChIP-seq:POLR2A,RNA-seq,0.01994512294717918,4.0,ChIP-seq:POLR2A x RNA-seq
UBERON:0000996,ChIP-seq:POLR2A,ChIP-seq:POLR2AphosphoS5,-0.13856637265001026,4.0,ChIP-seq:POLR2A x ChIP-seq:POLR2AphosphoS5
UBERON:0000996,ChIP-seq:POLR2AphosphoS5,DNase-seq,-0.05822552848108037,4.0,ChIP-seq:POLR2AphosphoS5 x DNase-seq
UBERON:0000996,ChIP-seq:POLR2AphosphoS5,ChIP-seq:H3K27ac,0.047840250862969294,2.0,ChIP-seq:H3K27ac x ChIP-seq:POLR2AphosphoS5
UBERON:0000996,ChIP-seq:POLR2AphosphoS5,ChIP-seq:H3K4me3,0.023338079937668732,2.0,ChIP-seq:H3K4me3 x ChIP-seq:POLR2AphosphoS5
UBERON:0000996,ChIP-seq:POLR2AphosphoS5,ChIP-seq:CTCF,0.034763571619987485,4.0,ChIP-seq:CTCF x ChIP-seq:POLR2AphosphoS5
UBERON:0000996,ChIP-seq:POLR2AphosphoS5,RNA-seq,0.01779613759918291,4.0,ChIP-seq:POLR2AphosphoS5 x RNA-seq
UBERON:0000996,ChIP-seq:POLR2AphosphoS5,ChIP-seq:POLR2A,-0.02073582368237631,4.0,ChIP-seq:POLR2A x ChIP-seq:POLR2AphosphoS5
