tissue,m1,m2,delta,n_within,pair
CL:0000236,DNase-seq,ChIP-seq:H3K27ac,0.1597030308429252,6.0,ChIP-seq:H3K27ac x DNase-seq
CL:0000236,DNase-seq,ChIP-seq:H3K27me3,-0.10963017533915911,9.0,ChIP-seq:H3K27me3 x DNase-seq
CL:0000236,DNase-seq,ChIP-seq:H3K36me3,-0.04375309808879879,6.0,ChIP-seq:H3K36me3 x DNase-seq
CL:0000236,DNase-seq,ChIP-seq:H3K4me1,-0.006722219695484703,6.0,ChIP-seq:H3K4me1 x DNase-seq
CL:0000236,DNase-seq,ChIP-seq:H3K4me3,0.07297300655137068,12.0,ChIP-seq:H3K4me3 x DNase-seq
CL:0000236,DNase-seq,ChIP-seq:H3K9ac,0.12200284163157145,3.0,ChIP-seq:H3K9ac x DNase-seq
CL:0000236,DNase-seq,ChIP-seq:H3K9me3,-0.025491578767528646,9.0,ChIP-seq:H3K9me3 x DNase-seq
CL:0000236,DNase-seq,ChIP-seq:CTCF,0.09113481206801331,3.0,ChIP-seq:CTCF x DNase-seq
CL:0000236,DNase-seq,polyA plus RNA-seq,0.02585617763834446,6.0,DNase-seq x polyA plus RNA-seq
CL:0000236,ChIP-seq:H3K27ac,DNase-seq,0.2069699083495818,6.0,ChIP-seq:H3K27ac x DNase-seq
CL:0000236,ChIP-seq:H3K27ac,ChIP-seq:H3K27me3,-0.056942495726799776,6.0,ChIP-seq:H3K27ac x ChIP-seq:H3K27me3
CL:0000236,ChIP-seq:H3K27ac,ChIP-seq:H3K36me3,0.035323254922603034,4.0,ChIP-seq:H3K27ac x ChIP-seq:H3K36me3
CL:0000236,ChIP-seq:H3K27ac,ChIP-seq:H3K4me1,0.2622699051932559,4.0,ChIP-seq:H3K27ac x ChIP-seq:H3K4me1
CL:0000236,ChIP-seq:H3K27ac,ChIP-seq:H3K4me3,0.26896765940594225,8.0,ChIP-seq:H3K27ac x ChIP-seq:H3K4me3
CL:0000236,ChIP-seq:H3K27ac,ChIP-seq:H3K9ac,0.3371442759037018,2.0,ChIP-seq:H3K27ac x ChIP-seq:H3K9ac
CL:0000236,ChIP-seq:H3K27ac,ChIP-seq:H3K9me3,0.013116758800832564,6.0,ChIP-seq:H3K27ac x ChIP-seq:H3K9me3
CL:0000236,ChIP-seq:H3K27ac,ChIP-seq:CTCF,0.010985264102521451,2.0,ChIP-seq:CTCF x ChIP-seq:H3K27ac
CL:0000236,ChIP-seq:H3K27ac,polyA plus RNA-seq,0.03865276563133414,4.0,ChIP-seq:H3K27ac x polyA plus RNA-seq
CL:0000236,ChIP-seq:H3K27me3,DNase-seq,-0.11055270471416805,9.0,ChIP-seq:H3K27me3 x DNase-seq
CL:0000236,ChIP-seq:H3K27me3,ChIP-seq:H3K27ac,-0.05346575681714044,6.0,ChIP-seq:H3K27ac x ChIP-seq:H3K27me3
CL:0000236,ChIP-seq:H3K27me3,ChIP-seq:H3K36me3,-0.0023453366671893593,6.0,ChIP-seq:H3K27me3 x ChIP-seq:H3K36me3
CL:0000236,ChIP-seq:H3K27me3,ChIP-seq:H3K4me1,0.061012852495919596,6.0,ChIP-seq:H3K27me3 x ChIP-seq:H3K4me1
CL:0000236,ChIP-seq:H3K27me3,ChIP-seq:H3K4me3,-0.04107754977431687,12.0,ChIP-seq:H3K27me3 x ChIP-seq:H3K4me3
CL:0000236,ChIP-seq:H3K27me3,ChIP-seq:H3K9ac,-0.03017418026924133,3.0,ChIP-seq:H3K27me3 x ChIP-seq:H3K9ac
CL:0000236,ChIP-seq:H3K27me3,ChIP-seq:H3K9me3,0.10138642585883706,9.0,ChIP-seq:H3K27me3 x ChIP-seq:H3K9me3
CL:0000236,ChIP-seq:H3K27me3,ChIP-seq:CTCF,-0.017576150186239325,3.0,ChIP-seq:CTCF x ChIP-seq:H3K27me3
CL:0000236,ChIP-seq:H3K27me3,polyA plus RNA-seq,-0.019175986050420868,6.0,ChIP-seq:H3K27me3 x polyA plus RNA-seq
CL:0000236,ChIP-seq:H3K36me3,DNase-seq,-0.04673483213096934,6.0,ChIP-seq:H3K36me3 x DNase-seq
CL:0000236,ChIP-seq:H3K36me3,ChIP-seq:H3K27ac,0.015444296765031285,4.0,ChIP-seq:H3K27ac x ChIP-seq:H3K36me3
CL:0000236,ChIP-seq:H3K36me3,ChIP-seq:H3K27me3,-0.018137000789938042,6.0,ChIP-seq:H3K27me3 x ChIP-seq:H3K36me3
CL:0000236,ChIP-seq:H3K36me3,ChIP-seq:H3K4me1,-0.017860257580794923,4.0,ChIP-seq:H3K36me3 x ChIP-seq:H3K4me1
CL:0000236,ChIP-seq:H3K36me3,ChIP-seq:H3K4me3,0.036407274457643614,8.0,ChIP-seq:H3K36me3 x ChIP-seq:H3K4me3
CL:0000236,ChIP-seq:H3K36me3,ChIP-seq:H3K9ac,0.03240698724985123,2.0,ChIP-seq:H3K36me3 x ChIP-seq:H3K9ac
CL:0000236,ChIP-seq:H3K36me3,ChIP-seq:H3K9me3,0.04256325960159302,6.0,ChIP-seq:H3K36me3 x ChIP-seq:H3K9me3
CL:0000236,ChIP-seq:H3K36me3,ChIP-seq:CTCF,0.0006084502900688404,2.0,ChIP-seq:CTCF x ChIP-seq:H3K36me3
CL:0000236,ChIP-seq:H3K36me3,polyA plus RNA-seq,0.028947139366991538,4.0,ChIP-seq:H3K36me3 x polyA plus RNA-seq
CL:0000236,ChIP-seq:H3K4me1,DNase-seq,-0.002420484730901644,6.0,ChIP-seq:H3K4me1 x DNase-seq
CL:0000236,ChIP-seq:H3K4me1,ChIP-seq:H3K27ac,0.2750459096816756,4.0,ChIP-seq:H3K27ac x ChIP-seq:H3K4me1
CL:0000236,ChIP-seq:H3K4me1,ChIP-seq:H3K27me3,0.03726420984711758,6.0,ChIP-seq:H3K27me3 x ChIP-seq:H3K4me1
CL:0000236,ChIP-seq:H3K4me1,ChIP-seq:H3K36me3,-0.0014366324436157311,4.0,ChIP-seq:H3K36me3 x ChIP-seq:H3K4me1
CL:0000236,ChIP-seq:H3K4me1,ChIP-seq:H3K4me3,-0.09081174658154542,8.0,ChIP-seq:H3K4me1 x ChIP-seq:H3K4me3
CL:0000236,ChIP-seq:H3K4me1,ChIP-seq:H3K9ac,0.08143380403518677,2.0,ChIP-seq:H3K4me1 x ChIP-seq:H3K9ac
CL:0000236,ChIP-seq:H3K4me1,ChIP-seq:H3K9me3,0.039746486871255995,6.0,ChIP-seq:H3K4me1 x ChIP-seq:H3K9me3
CL:0000236,ChIP-seq:H3K4me1,ChIP-seq:CTCF,0.05081811171133541,2.0,ChIP-seq:CTCF x ChIP-seq:H3K4me1
CL:0000236,ChIP-seq:H3K4me1,polyA plus RNA-seq,0.006404910935756129,4.0,ChIP-seq:H3K4me1 x polyA plus RNA-seq
CL:0000236,ChIP-seq:H3K4me3,DNase-seq,0.08671460025378283,12.0,ChIP-seq:H3K4me3 x DNase-seq
CL:0000236,ChIP-seq:H3K4me3,ChIP-seq:H3K27ac,0.20643683453524334,8.0,ChIP-seq:H3K27ac x ChIP-seq:H3K4me3
CL:0000236,ChIP-seq:H3K4me3,ChIP-seq:H3K27me3,-0.04145156776951265,12.0,ChIP-seq:H3K27me3 x ChIP-seq:H3K4me3
CL:0000236,ChIP-seq:H3K4me3,ChIP-seq:H3K36me3,0.06256198692829051,8.0,ChIP-seq:H3K36me3 x ChIP-seq:H3K4me3
CL:0000236,ChIP-seq:H3K4me3,ChIP-seq:H3K4me1,-0.083882186826461,8.0,ChIP-seq:H3K4me1 x ChIP-seq:H3K4me3
CL:0000236,ChIP-seq:H3K4me3,ChIP-seq:H3K9ac,0.6014295148849487,4.0,ChIP-seq:H3K4me3 x ChIP-seq:H3K9ac
CL:0000236,ChIP-seq:H3K4me3,ChIP-seq:H3K9me3,0.01821491547391913,12.0,ChIP-seq:H3K4me3 x ChIP-seq:H3K9me3
CL:0000236,ChIP-seq:H3K4me3,ChIP-seq:CTCF,0.022027436752342484,4.0,ChIP-seq:CTCF x ChIP-seq:H3K4me3
CL:0000236,ChIP-seq:H3K4me3,polyA plus RNA-seq,0.020160026122471662,8.0,ChIP-seq:H3K4me3 x polyA plus RNA-seq
CL:0000236,ChIP-seq:H3K79me2,DNase-seq,-0.022357497494234595,3.0,ChIP-seq:H3K79me2 x DNase-seq
CL:0000236,ChIP-seq:H3K79me2,ChIP-seq:H3K27ac,0.01978317854104575,2.0,ChIP-seq:H3K27ac x ChIP-seq:H3K79me2
CL:0000236,ChIP-seq:H3K79me2,ChIP-seq:H3K27me3,-0.06697734381801398,3.0,ChIP-seq:H3K27me3 x ChIP-seq:H3K79me2
CL:0000236,ChIP-seq:H3K79me2,ChIP-seq:H3K36me3,0.19577235680945376,2.0,ChIP-seq:H3K36me3 x ChIP-seq:H3K79me2
CL:0000236,ChIP-seq:H3K79me2,ChIP-seq:H3K4me1,0.0947894270791382,2.0,ChIP-seq:H3K4me1 x ChIP-seq:H3K79me2
CL:0000236,ChIP-seq:H3K79me2,ChIP-seq:H3K4me3,0.05186469810751249,4.0,ChIP-seq:H3K4me3 x ChIP-seq:H3K79me2
CL:0000236,ChIP-seq:H3K79me2,ChIP-seq:H3K9ac,0.06987627446651459,1.0,ChIP-seq:H3K79me2 x ChIP-seq:H3K9ac
CL:0000236,ChIP-seq:H3K79me2,ChIP-seq:H3K9me3,-0.0065978453152597295,3.0,ChIP-seq:H3K79me2 x ChIP-seq:H3K9me3
CL:0000236,ChIP-seq:H3K79me2,ChIP-seq:CTCF,0.013576136684967478,1.0,ChIP-seq:CTCF x ChIP-seq:H3K79me2
CL:0000236,ChIP-seq:H3K79me2,polyA plus RNA-seq,-0.007991918392031103,2.0,ChIP-seq:H3K79me2 x polyA plus RNA-seq
CL:0000236,ChIP-seq:H3K9ac,DNase-seq,0.10191030249731177,3.0,ChIP-seq:H3K9ac x DNase-seq
CL:0000236,ChIP-seq:H3K9ac,ChIP-seq:H3K27ac,0.2872894619192396,2.0,ChIP-seq:H3K27ac x ChIP-seq:H3K9ac
CL:0000236,ChIP-seq:H3K9ac,ChIP-seq:H3K27me3,-0.023997862440671106,3.0,ChIP-seq:H3K27me3 x ChIP-seq:H3K9ac
CL:0000236,ChIP-seq:H3K9ac,ChIP-seq:H3K36me3,0.0670050044960164,2.0,ChIP-seq:H3K36me3 x ChIP-seq:H3K9ac
CL:0000236,ChIP-seq:H3K9ac,ChIP-seq:H3K4me1,0.062268722904184476,2.0,ChIP-seq:H3K4me1 x ChIP-seq:H3K9ac
CL:0000236,ChIP-seq:H3K9ac,ChIP-seq:H3K4me3,0.5112559098117757,4.0,ChIP-seq:H3K4me3 x ChIP-seq:H3K9ac
CL:0000236,ChIP-seq:H3K9ac,ChIP-seq:H3K9me3,0.009662256865514873,3.0,ChIP-seq:H3K9ac x ChIP-seq:H3K9me3
CL:0000236,ChIP-seq:H3K9ac,ChIP-seq:CTCF,0.04789448710321223,1.0,ChIP-seq:CTCF x ChIP-seq:H3K9ac
CL:0000236,ChIP-seq:H3K9ac,polyA plus RNA-seq,0.014375264118599004,2.0,ChIP-seq:H3K9ac x polyA plus RNA-seq
CL:0000236,ChIP-seq:H3K9me3,DNase-seq,-0.036329057738249106,9.0,ChIP-seq:H3K9me3 x DNase-seq
CL:0000236,ChIP-seq:H3K9me3,ChIP-seq:H3K27ac,0.0047071374196937105,6.0,ChIP-seq:H3K27ac x ChIP-seq:H3K9me3
CL:0000236,ChIP-seq:H3K9me3,ChIP-seq:H3K27me3,0.09835752344254683,9.0,ChIP-seq:H3K27me3 x ChIP-seq:H3K9me3
CL:0000236,ChIP-seq:H3K9me3,ChIP-seq:H3K36me3,0.055972262054470416,6.0,ChIP-seq:H3K36me3 x ChIP-seq:H3K9me3
CL:0000236,ChIP-seq:H3K9me3,ChIP-seq:H3K4me1,0.0358567582019257,6.0,ChIP-seq:H3K4me1 x ChIP-seq:H3K9me3
CL:0000236,ChIP-seq:H3K9me3,ChIP-seq:H3K4me3,0.008051504082274886,12.0,ChIP-seq:H3K4me3 x ChIP-seq:H3K9me3
CL:0000236,ChIP-seq:H3K9me3,ChIP-seq:H3K9ac,0.010723846058050789,3.0,ChIP-seq:H3K9ac x ChIP-seq:H3K9me3
CL:0000236,ChIP-seq:H3K9me3,ChIP-seq:CTCF,-0.0033574433918909727,3.0,ChIP-seq:CTCF x ChIP-seq:H3K9me3
CL:0000236,ChIP-seq:H3K9me3,polyA plus RNA-seq,-0.0038704129706253407,6.0,ChIP-seq:H3K9me3 x polyA plus RNA-seq
CL:0000236,ChIP-seq:CTCF,DNase-seq,0.12690024905734593,3.0,ChIP-seq:CTCF x DNase-seq
CL:0000236,ChIP-seq:CTCF,ChIP-seq:H3K27ac,0.010645715415662862,2.0,ChIP-seq:CTCF x ChIP-seq:H3K27ac
CL:0000236,ChIP-seq:CTCF,ChIP-seq:H3K27me3,-0.009781007041302763,3.0,ChIP-seq:CTCF x ChIP-seq:H3K27me3
CL:0000236,ChIP-seq:CTCF,ChIP-seq:H3K36me3,0.011819411465462218,2.0,ChIP-seq:CTCF x ChIP-seq:H3K36me3
CL:0000236,ChIP-seq:CTCF,ChIP-seq:H3K4me1,0.04401357024093795,2.0,ChIP-seq:CTCF x ChIP-seq:H3K4me1
CL:0000236,ChIP-seq:CTCF,ChIP-seq:H3K4me3,0.026486714915284572,4.0,ChIP-seq:CTCF x ChIP-seq:H3K4me3
CL:0000236,ChIP-seq:CTCF,ChIP-seq:H3K9ac,0.05753687381744385,1.0,ChIP-seq:CTCF x ChIP-seq:H3K9ac
CL:0000236,ChIP-seq:CTCF,ChIP-seq:H3K9me3,0.009973018393341433,3.0,ChIP-seq:CTCF x ChIP-seq:H3K9me3
CL:0000236,ChIP-seq:CTCF,polyA plus RNA-seq,0.0014669785921843483,2.0,ChIP-seq:CTCF x polyA plus RNA-seq
CL:0000236,polyA plus RNA-seq,DNase-seq,0.037452136977390416,6.0,DNase-seq x polyA plus RNA-seq
CL:0000236,polyA plus RNA-seq,ChIP-seq:H3K27ac,0.04001182854545783,4.0,ChIP-seq:H3K27ac x polyA plus RNA-seq
CL:0000236,polyA plus RNA-seq,ChIP-seq:H3K27me3,-0.013162018023720082,6.0,ChIP-seq:H3K27me3 x polyA plus RNA-seq
CL:0000236,polyA plus RNA-seq,ChIP-seq:H3K36me3,0.04411121759008854,4.0,ChIP-seq:H3K36me3 x polyA plus RNA-seq
CL:0000236,polyA plus RNA-seq,ChIP-seq:H3K4me1,0.00902006998047477,4.0,ChIP-seq:H3K4me1 x polyA plus RNA-seq
CL:0000236,polyA plus RNA-seq,ChIP-seq:H3K4me3,0.027801560202859482,8.0,ChIP-seq:H3K4me3 x polyA plus RNA-seq
CL:0000236,polyA plus RNA-seq,ChIP-seq:H3K9ac,0.023909757137298582,2.0,ChIP-seq:H3K9ac x polyA plus RNA-seq
CL:0000236,polyA plus RNA-seq,ChIP-seq:H3K9me3,-0.010045644632503811,6.0,ChIP-seq:H3K9me3 x polyA plus RNA-seq
CL:0000236,polyA plus RNA-seq,ChIP-seq:CTCF,0.004758872218357707,2.0,ChIP-seq:CTCF x polyA plus RNA-seq
CL:0001054,DNase-seq,ChIP-seq:H3K27ac,0.025625990192342255,10.0,ChIP-seq:H3K27ac x DNase-seq
CL:0001054,DNase-seq,ChIP-seq:H3K27me3,-0.03368043030879294,15.0,ChIP-seq:H3K27me3 x DNase-seq
CL:0001054,DNase-seq,ChIP-seq:H3K36me3,-0.03721754525570159,10.0,ChIP-seq:H3K36me3 x DNase-seq
CL:0001054,DNase-seq,ChIP-seq:H3K4me1,-0.048006247643564565,10.0,ChIP-seq:H3K4me1 x DNase-seq
CL:0001054,DNase-seq,ChIP-seq:H3K4me3,-0.05074072593534496,15.0,ChIP-seq:H3K4me3 x DNase-seq
CL:0001054,DNase-seq,ChIP-seq:H3K9ac,0.0078962025642395,5.0,ChIP-seq:H3K9ac x DNase-seq
CL:0001054,DNase-seq,ChIP-seq:H3K9me3,-0.00017159174332457942,10.0,ChIP-seq:H3K9me3 x DNase-seq
CL:0001054,DNase-seq,ChIP-seq:CTCF,0.019203697014780877,5.0,ChIP-seq:CTCF x DNase-seq
CL:0001054,DNase-seq,polyA plus RNA-seq,-0.010600287017599833,40.0,DNase-seq x polyA plus RNA-seq
CL:0001054,ChIP-seq:H3K27ac,DNase-seq,-0.010585051387935487,10.0,ChIP-seq:H3K27ac x DNase-seq
CL:0001054,ChIP-seq:H3K27ac,ChIP-seq:H3K27me3,0.012613857439322067,6.0,ChIP-seq:H3K27ac x ChIP-seq:H3K27me3
CL:0001054,ChIP-seq:H3K27ac,ChIP-seq:H3K36me3,-0.011671990711004176,4.0,ChIP-seq:H3K27ac x ChIP-seq:H3K36me3
CL:0001054,ChIP-seq:H3K27ac,ChIP-seq:H3K4me1,0.0870433959478889,4.0,ChIP-seq:H3K27ac x ChIP-seq:H3K4me1
CL:0001054,ChIP-seq:H3K27ac,ChIP-seq:H3K4me3,0.04713516979710039,6.0,ChIP-seq:H3K27ac x ChIP-seq:H3K4me3
CL:0001054,ChIP-seq:H3K27ac,ChIP-seq:H3K9ac,0.40892698049545284,2.0,ChIP-seq:H3K27ac x ChIP-seq:H3K9ac
CL:0001054,ChIP-seq:H3K27ac,ChIP-seq:H3K9me3,0.013240351331200493,4.0,ChIP-seq:H3K27ac x ChIP-seq:H3K9me3
CL:0001054,ChIP-seq:H3K27ac,ChIP-seq:CTCF,0.006786400180997201,2.0,ChIP-seq:CTCF x ChIP-seq:H3K27ac
CL:0001054,ChIP-seq:H3K27ac,polyA plus RNA-seq,0.04885987153293093,16.0,ChIP-seq:H3K27ac x polyA plus RNA-seq
CL:0001054,ChIP-seq:H3K27me3,DNase-seq,-0.027059124764941985,15.0,ChIP-seq:H3K27me3 x DNase-seq
CL:0001054,ChIP-seq:H3K27me3,ChIP-seq:H3K27ac,0.025611726578718387,6.0,ChIP-seq:H3K27ac x ChIP-seq:H3K27me3
CL:0001054,ChIP-seq:H3K27me3,ChIP-seq:H3K36me3,-0.04142123872929431,6.0,ChIP-seq:H3K27me3 x ChIP-seq:H3K36me3
CL:0001054,ChIP-seq:H3K27me3,ChIP-seq:H3K4me1,-0.07175723679078733,6.0,ChIP-seq:H3K27me3 x ChIP-seq:H3K4me1
CL:0001054,ChIP-seq:H3K27me3,ChIP-seq:H3K4me3,-0.08566004308363268,9.0,ChIP-seq:H3K27me3 x ChIP-seq:H3K4me3
CL:0001054,ChIP-seq:H3K27me3,ChIP-seq:H3K9ac,-0.03951755156119664,3.0,ChIP-seq:H3K27me3 x ChIP-seq:H3K9ac
CL:0001054,ChIP-seq:H3K27me3,ChIP-seq:H3K9me3,0.1533667492062858,6.0,ChIP-seq:H3K27me3 x ChIP-seq:H3K9me3
CL:0001054,ChIP-seq:H3K27me3,ChIP-seq:CTCF,-0.007671237965400744,3.0,ChIP-seq:CTCF x ChIP-seq:H3K27me3
CL:0001054,ChIP-seq:H3K27me3,polyA plus RNA-seq,-0.04190096469094617,24.0,ChIP-seq:H3K27me3 x polyA plus RNA-seq
CL:0001054,ChIP-seq:H3K36me3,DNase-seq,-0.017923047790279634,10.0,ChIP-seq:H3K36me3 x DNase-seq
CL:0001054,ChIP-seq:H3K36me3,ChIP-seq:H3K27ac,0.001254005438607672,4.0,ChIP-seq:H3K27ac x ChIP-seq:H3K36me3
CL:0001054,ChIP-seq:H3K36me3,ChIP-seq:H3K27me3,-0.038604839250098825,6.0,ChIP-seq:H3K27me3 x ChIP-seq:H3K36me3
CL:0001054,ChIP-seq:H3K36me3,ChIP-seq:H3K4me1,-0.07153328640457711,4.0,ChIP-seq:H3K36me3 x ChIP-seq:H3K4me1
CL:0001054,ChIP-seq:H3K36me3,ChIP-seq:H3K4me3,-0.0037331907821932866,6.0,ChIP-seq:H3K36me3 x ChIP-seq:H3K4me3
CL:0001054,ChIP-seq:H3K36me3,ChIP-seq:H3K9ac,-0.044212804585695265,2.0,ChIP-seq:H3K36me3 x ChIP-seq:H3K9ac
CL:0001054,ChIP-seq:H3K36me3,ChIP-seq:H3K9me3,0.03695989140633787,4.0,ChIP-seq:H3K36me3 x ChIP-seq:H3K9me3
CL:0001054,ChIP-seq:H3K36me3,ChIP-seq:CTCF,-0.03250026220039835,2.0,ChIP-seq:CTCF x ChIP-seq:H3K36me3
CL:0001054,ChIP-seq:H3K36me3,polyA plus RNA-seq,0.10094733566653971,16.0,ChIP-seq:H3K36me3 x polyA plus RNA-seq
CL:0001054,ChIP-seq:H3K4me1,DNase-seq,-0.051527607634470056,10.0,ChIP-seq:H3K4me1 x DNase-seq
CL:0001054,ChIP-seq:H3K4me1,ChIP-seq:H3K27ac,0.10398225921281376,4.0,ChIP-seq:H3K27ac x ChIP-seq:H3K4me1
CL:0001054,ChIP-seq:H3K4me1,ChIP-seq:H3K27me3,-0.06596297441526901,6.0,ChIP-seq:H3K27me3 x ChIP-seq:H3K4me1
CL:0001054,ChIP-seq:H3K4me1,ChIP-seq:H3K36me3,-0.06484232010676505,4.0,ChIP-seq:H3K36me3 x ChIP-seq:H3K4me1
CL:0001054,ChIP-seq:H3K4me1,ChIP-seq:H3K4me3,-0.10955446244965136,6.0,ChIP-seq:H3K4me1 x ChIP-seq:H3K4me3
CL:0001054,ChIP-seq:H3K4me1,ChIP-seq:H3K9ac,-0.07832047492265701,2.0,ChIP-seq:H3K4me1 x ChIP-seq:H3K9ac
CL:0001054,ChIP-seq:H3K4me1,ChIP-seq:H3K9me3,-0.029450866843709785,4.0,ChIP-seq:H3K4me1 x ChIP-seq:H3K9me3
CL:0001054,ChIP-seq:H3K4me1,ChIP-seq:CTCF,0.02382111198549132,2.0,ChIP-seq:CTCF x ChIP-seq:H3K4me1
CL:0001054,ChIP-seq:H3K4me1,polyA plus RNA-seq,0.018872171705561547,16.0,ChIP-seq:H3K4me1 x polyA plus RNA-seq
CL:0001054,ChIP-seq:H3K4me3,DNase-seq,-0.08376105225189423,15.0,ChIP-seq:H3K4me3 x DNase-seq
CL:0001054,ChIP-seq:H3K4me3,ChIP-seq:H3K27ac,0.049422952082339794,6.0,ChIP-seq:H3K27ac x ChIP-seq:H3K4me3
CL:0001054,ChIP-seq:H3K4me3,ChIP-seq:H3K27me3,-0.08915371334213927,9.0,ChIP-seq:H3K27me3 x ChIP-seq:H3K4me3
CL:0001054,ChIP-seq:H3K4me3,ChIP-seq:H3K36me3,-0.01938679063996525,6.0,ChIP-seq:H3K36me3 x ChIP-seq:H3K4me3
CL:0001054,ChIP-seq:H3K4me3,ChIP-seq:H3K4me1,-0.09245755964506736,6.0,ChIP-seq:H3K4me1 x ChIP-seq:H3K4me3
CL:0001054,ChIP-seq:H3K4me3,ChIP-seq:H3K9ac,0.29556421120961507,3.0,ChIP-seq:H3K4me3 x ChIP-seq:H3K9ac
CL:0001054,ChIP-seq:H3K4me3,ChIP-seq:H3K9me3,-0.01613781149830488,6.0,ChIP-seq:H3K4me3 x ChIP-seq:H3K9me3
CL:0001054,ChIP-seq:H3K4me3,ChIP-seq:CTCF,0.0002465654152496721,3.0,ChIP-seq:CTCF x ChIP-seq:H3K4me3
CL:0001054,ChIP-seq:H3K4me3,polyA plus RNA-seq,0.033201913140258006,24.0,ChIP-seq:H3K4me3 x polyA plus RNA-seq
CL:0001054,ChIP-seq:H3K79me2,DNase-seq,-0.02120654337204896,5.0,ChIP-seq:H3K79me2 x DNase-seq
CL:0001054,ChIP-seq:H3K79me2,ChIP-seq:H3K27ac,-0.029148709514866707,2.0,ChIP-seq:H3K27ac x ChIP-seq:H3K79me2
CL:0001054,ChIP-seq:H3K79me2,ChIP-seq:H3K27me3,-0.07128866074621215,3.0,ChIP-seq:H3K27me3 x ChIP-seq:H3K79me2
CL:0001054,ChIP-seq:H3K79me2,ChIP-seq:H3K36me3,0.10341452632812743,2.0,ChIP-seq:H3K36me3 x ChIP-seq:H3K79me2
CL:0001054,ChIP-seq:H3K79me2,ChIP-seq:H3K4me1,0.06749355284079828,2.0,ChIP-seq:H3K4me1 x ChIP-seq:H3K79me2
CL:0001054,ChIP-seq:H3K79me2,ChIP-seq:H3K4me3,0.1018634211849159,3.0,ChIP-seq:H3K4me3 x ChIP-seq:H3K79me2
CL:0001054,ChIP-seq:H3K79me2,ChIP-seq:H3K9ac,0.03372895807027816,1.0,ChIP-seq:H3K79me2 x ChIP-seq:H3K9ac
CL:0001054,ChIP-seq:H3K79me2,ChIP-seq:H3K9me3,-0.0407414102319921,2.0,ChIP-seq:H3K79me2 x ChIP-seq:H3K9me3
CL:0001054,ChIP-seq:H3K79me2,ChIP-seq:CTCF,-0.014000157877640093,1.0,ChIP-seq:CTCF x ChIP-seq:H3K79me2
CL:0001054,ChIP-seq:H3K79me2,polyA plus RNA-seq,0.04297735309635585,8.0,ChIP-seq:H3K79me2 x polyA plus RNA-seq
CL:0001054,ChIP-seq:H3K9ac,DNase-seq,-0.05128687991724386,5.0,ChIP-seq:H3K9ac x DNase-seq
CL:0001054,ChIP-seq:H3K9ac,ChIP-seq:H3K27ac,0.3081750540259462,2.0,ChIP-seq:H3K27ac x ChIP-seq:H3K9ac
CL:0001054,ChIP-seq:H3K9ac,ChIP-seq:H3K27me3,-0.03831739023385584,3.0,ChIP-seq:H3K27me3 x ChIP-seq:H3K9ac
CL:0001054,ChIP-seq:H3K9ac,ChIP-seq:H3K36me3,-0.04155145006928038,2.0,ChIP-seq:H3K36me3 x ChIP-seq:H3K9ac
CL:0001054,ChIP-seq:H3K9ac,ChIP-seq:H3K4me1,-0.07180605311699903,2.0,ChIP-seq:H3K4me1 x ChIP-seq:H3K9ac
CL:0001054,ChIP-seq:H3K9ac,ChIP-seq:H3K4me3,0.21162322597324568,3.0,ChIP-seq:H3K4me3 x ChIP-seq:H3K9ac
CL:0001054,ChIP-seq:H3K9ac,ChIP-seq:H3K9me3,-0.03637254736229275,2.0,ChIP-seq:H3K9ac x ChIP-seq:H3K9me3
CL:0001054,ChIP-seq:H3K9ac,ChIP-seq:CTCF,0.01922114801059649,1.0,ChIP-seq:CTCF x ChIP-seq:H3K9ac
CL:0001054,ChIP-seq:H3K9ac,polyA plus RNA-seq,0.04632396479042209,8.0,ChIP-seq:H3K9ac x polyA plus RNA-seq
CL:0001054,ChIP-seq:H3K9me3,DNase-seq,5.152773160439078e-05,10.0,ChIP-seq:H3K9me3 x DNase-seq
CL:0001054,ChIP-seq:H3K9me3,ChIP-seq:H3K27ac,0.018760243777810416,4.0,ChIP-seq:H3K27ac x ChIP-seq:H3K9me3
CL:0001054,ChIP-seq:H3K9me3,ChIP-seq:H3K27me3,0.14125344457552413,6.0,ChIP-seq:H3K27me3 x ChIP-seq:H3K9me3
CL:0001054,ChIP-seq:H3K9me3,ChIP-seq:H3K36me3,0.04678145970435853,4.0,ChIP-seq:H3K36me3 x ChIP-seq:H3K9me3
CL:0001054,ChIP-seq:H3K9me3,ChIP-seq:H3K4me1,-0.02989686322220362,4.0,ChIP-seq:H3K4me1 x ChIP-seq:H3K9me3
CL:0001054,ChIP-seq:H3K9me3,ChIP-seq:H3K4me3,-0.014174643073213491,6.0,ChIP-seq:H3K4me3 x ChIP-seq:H3K9me3
CL:0001054,ChIP-seq:H3K9me3,ChIP-seq:H3K9ac,-0.04854374155402184,2.0,ChIP-seq:H3K9ac x ChIP-seq:H3K9me3
CL:0001054,ChIP-seq:H3K9me3,ChIP-seq:CTCF,0.013869102809180333,2.0,ChIP-seq:CTCF x ChIP-seq:H3K9me3
CL:0001054,ChIP-seq:H3K9me3,polyA plus RNA-seq,-0.005523238537436671,16.0,ChIP-seq:H3K9me3 x polyA plus RNA-seq
CL:0001054,ChIP-seq:CTCF,DNase-seq,0.013197711381045252,5.0,ChIP-seq:CTCF x DNase-seq
CL:0001054,ChIP-seq:CTCF,ChIP-seq:H3K27ac,-0.0006720945239067078,2.0,ChIP-seq:CTCF x ChIP-seq:H3K27ac
CL:0001054,ChIP-seq:CTCF,ChIP-seq:H3K27me3,-0.014601210457121217,3.0,ChIP-seq:CTCF x ChIP-seq:H3K27me3
CL:0001054,ChIP-seq:CTCF,ChIP-seq:H3K36me3,-0.03165811034751699,2.0,ChIP-seq:CTCF x ChIP-seq:H3K36me3
CL:0001054,ChIP-seq:CTCF,ChIP-seq:H3K4me1,0.00829184444142821,2.0,ChIP-seq:CTCF x ChIP-seq:H3K4me1
CL:0001054,ChIP-seq:CTCF,ChIP-seq:H3K4me3,-0.007912234381330964,3.0,ChIP-seq:CTCF x ChIP-seq:H3K4me3
CL:0001054,ChIP-seq:CTCF,ChIP-seq:H3K9ac,0.01144260346889496,1.0,ChIP-seq:CTCF x ChIP-seq:H3K9ac
CL:0001054,ChIP-seq:CTCF,ChIP-seq:H3K9me3,0.002954264935315325,2.0,ChIP-seq:CTCF x ChIP-seq:H3K9me3
CL:0001054,ChIP-seq:CTCF,polyA plus RNA-seq,-0.008449028175508837,8.0,ChIP-seq:CTCF x polyA plus RNA-seq
CL:0001054,polyA plus RNA-seq,DNase-seq,-0.01249807902744838,40.0,DNase-seq x polyA plus RNA-seq
CL:0001054,polyA plus RNA-seq,ChIP-seq:H3K27ac,0.05247182463822157,16.0,ChIP-seq:H3K27ac x polyA plus RNA-seq
CL:0001054,polyA plus RNA-seq,ChIP-seq:H3K27me3,-0.03688086268975753,24.0,ChIP-seq:H3K27me3 x polyA plus RNA-seq
CL:0001054,polyA plus RNA-seq,ChIP-seq:H3K36me3,0.10549270155582022,16.0,ChIP-seq:H3K36me3 x polyA plus RNA-seq
CL:0001054,polyA plus RNA-seq,ChIP-seq:H3K4me1,0.026318131208094092,16.0,ChIP-seq:H3K4me1 x polyA plus RNA-seq
CL:0001054,polyA plus RNA-seq,ChIP-seq:H3K4me3,0.02448784094741087,24.0,ChIP-seq:H3K4me3 x polyA plus RNA-seq
CL:0001054,polyA plus RNA-seq,ChIP-seq:H3K9ac,0.04442333459854126,8.0,ChIP-seq:H3K9ac x polyA plus RNA-seq
CL:0001054,polyA plus RNA-seq,ChIP-seq:H3K9me3,-0.006261373085252354,16.0,ChIP-seq:H3K9me3 x polyA plus RNA-seq
CL:0001054,polyA plus RNA-seq,ChIP-seq:CTCF,-0.0077917576107440645,8.0,ChIP-seq:CTCF x polyA plus RNA-seq
CL:0000792,DNase-seq,ChIP-seq:H3K27ac,0.09542262462186224,2.0,ChIP-seq:H3K27ac x DNase-seq
CL:0000792,DNase-seq,ChIP-seq:H3K27me3,-0.04957971622833627,4.0,ChIP-seq:H3K27me3 x DNase-seq
CL:0000792,DNase-seq,ChIP-seq:H3K36me3,-0.02440206012985808,4.0,ChIP-seq:H3K36me3 x DNase-seq
CL:0000792,DNase-seq,ChIP-seq:H3K4me1,0.07885937101167181,2.0,ChIP-seq:H3K4me1 x DNase-seq
CL:0000792,DNase-seq,ChIP-seq:H3K4me3,0.10095900074343815,4.0,ChIP-seq:H3K4me3 x DNase-seq
CL:0000792,DNase-seq,ChIP-seq:H3K9me3,-0.04104466794916753,4.0,ChIP-seq:H3K9me3 x DNase-seq
CL:0000792,DNase-seq,polyA plus RNA-seq,0.02995758955029474,12.0,DNase-seq x polyA plus RNA-seq
CL:0000792,ChIP-seq:H3K27ac,DNase-seq,0.06821757785438262,2.0,ChIP-seq:H3K27ac x DNase-seq
CL:0000792,ChIP-seq:H3K27ac,ChIP-seq:H3K27me3,-0.06897663605006443,2.0,ChIP-seq:H3K27ac x ChIP-seq:H3K27me3
CL:0000792,ChIP-seq:H3K27ac,ChIP-seq:H3K36me3,0.022911795910368574,2.0,ChIP-seq:H3K27ac x ChIP-seq:H3K36me3
CL:0000792,ChIP-seq:H3K27ac,ChIP-seq:H3K4me1,0.09144581206466841,1.0,ChIP-seq:H3K27ac x ChIP-seq:H3K4me1
CL:0000792,ChIP-seq:H3K27ac,ChIP-seq:H3K4me3,0.07774959838835993,2.0,ChIP-seq:H3K27ac x ChIP-seq:H3K4me3
CL:0000792,ChIP-seq:H3K27ac,ChIP-seq:H3K9me3,-0.033254442255148724,2.0,ChIP-seq:H3K27ac x ChIP-seq:H3K9me3
CL:0000792,ChIP-seq:H3K27ac,polyA plus RNA-seq,0.03164342006911402,6.0,ChIP-seq:H3K27ac x polyA plus RNA-seq
CL:0000792,ChIP-seq:H3K27me3,DNase-seq,-0.046093939045040874,4.0,ChIP-seq:H3K27me3 x DNase-seq
CL:0000792,ChIP-seq:H3K27me3,ChIP-seq:H3K27ac,-0.0707128033225919,2.0,ChIP-seq:H3K27ac x ChIP-seq:H3K27me3
CL:0000792,ChIP-seq:H3K27me3,ChIP-seq:H3K36me3,-0.036144359948787286,4.0,ChIP-seq:H3K27me3 x ChIP-seq:H3K36me3
CL:0000792,ChIP-seq:H3K27me3,ChIP-seq:H3K4me1,0.024680313856705376,2.0,ChIP-seq:H3K27me3 x ChIP-seq:H3K4me1
CL:0000792,ChIP-seq:H3K27me3,ChIP-seq:H3K4me3,-0.04252987915528155,4.0,ChIP-seq:H3K27me3 x ChIP-seq:H3K4me3
CL:0000792,ChIP-seq:H3K27me3,ChIP-seq:H3K9me3,0.07835451203785586,4.0,ChIP-seq:H3K27me3 x ChIP-seq:H3K9me3
CL:0000792,ChIP-seq:H3K27me3,polyA plus RNA-seq,-0.022903444995914683,12.0,ChIP-seq:H3K27me3 x polyA plus RNA-seq
CL:0000792,ChIP-seq:H3K36me3,DNase-seq,-0.027209173734347846,4.0,ChIP-seq:H3K36me3 x DNase-seq
CL:0000792,ChIP-seq:H3K36me3,ChIP-seq:H3K27ac,-0.0022247271773255875,2.0,ChIP-seq:H3K27ac x ChIP-seq:H3K36me3
CL:0000792,ChIP-seq:H3K36me3,ChIP-seq:H3K27me3,-0.04673578267152599,4.0,ChIP-seq:H3K27me3 x ChIP-seq:H3K36me3
CL:0000792,ChIP-seq:H3K36me3,ChIP-seq:H3K4me1,-0.043962439441162605,2.0,ChIP-seq:H3K36me3 x ChIP-seq:H3K4me1
CL:0000792,ChIP-seq:H3K36me3,ChIP-seq:H3K4me3,-0.011614753925633207,4.0,ChIP-seq:H3K36me3 x ChIP-seq:H3K4me3
CL:0000792,ChIP-seq:H3K36me3,ChIP-seq:H3K9me3,0.08598224065277013,4.0,ChIP-seq:H3K36me3 x ChIP-seq:H3K9me3
CL:0000792,ChIP-seq:H3K36me3,polyA plus RNA-seq,0.031317085848338366,12.0,ChIP-seq:H3K36me3 x polyA plus RNA-seq
CL:0000792,ChIP-seq:H3K4me1,DNase-seq,0.05280546728790421,2.0,ChIP-seq:H3K4me1 x DNase-seq
CL:0000792,ChIP-seq:H3K4me1,ChIP-seq:H3K27ac,0.07378614482320385,1.0,ChIP-seq:H3K27ac x ChIP-seq:H3K4me1
CL:0000792,ChIP-seq:H3K4me1,ChIP-seq:H3K27me3,0.013919880624451389,2.0,ChIP-seq:H3K27me3 x ChIP-seq:H3K4me1
CL:0000792,ChIP-seq:H3K4me1,ChIP-seq:H3K36me3,-0.05279327691235441,2.0,ChIP-seq:H3K36me3 x ChIP-seq:H3K4me1
CL:0000792,ChIP-seq:H3K4me1,ChIP-seq:H3K4me3,0.11675638559265672,2.0,ChIP-seq:H3K4me1 x ChIP-seq:H3K4me3
CL:0000792,ChIP-seq:H3K4me1,ChIP-seq:H3K9me3,-0.031376435641157496,2.0,ChIP-seq:H3K4me1 x ChIP-seq:H3K9me3
CL:0000792,ChIP-seq:H3K4me1,polyA plus RNA-seq,0.013827718276044596,6.0,ChIP-seq:H3K4me1 x polyA plus RNA-seq
CL:0000792,ChIP-seq:H3K4me3,DNase-seq,0.09949252961837139,4.0,ChIP-seq:H3K4me3 x DNase-seq
CL:0000792,ChIP-seq:H3K4me3,ChIP-seq:H3K27ac,0.11979493075682793,2.0,ChIP-seq:H3K27ac x ChIP-seq:H3K4me3
CL:0000792,ChIP-seq:H3K4me3,ChIP-seq:H3K27me3,-0.044677987414805186,4.0,ChIP-seq:H3K27me3 x ChIP-seq:H3K4me3
CL:0000792,ChIP-seq:H3K4me3,ChIP-seq:H3K36me3,0.00761226715242609,4.0,ChIP-seq:H3K36me3 x ChIP-seq:H3K4me3
CL:0000792,ChIP-seq:H3K4me3,ChIP-seq:H3K4me1,0.13951576857463174,2.0,ChIP-seq:H3K4me1 x ChIP-seq:H3K4me3
CL:0000792,ChIP-seq:H3K4me3,ChIP-seq:H3K9me3,0.020546610770600566,4.0,ChIP-seq:H3K4me3 x ChIP-seq:H3K9me3
CL:0000792,ChIP-seq:H3K4me3,polyA plus RNA-seq,0.031365825818932574,12.0,ChIP-seq:H3K4me3 x polyA plus RNA-seq
CL:0000792,ChIP-seq:H3K9me3,DNase-seq,-0.03182552716473944,4.0,ChIP-seq:H3K9me3 x DNase-seq
CL:0000792,ChIP-seq:H3K9me3,ChIP-seq:H3K27ac,-0.03610787917802363,2.0,ChIP-seq:H3K27ac x ChIP-seq:H3K9me3
CL:0000792,ChIP-seq:H3K9me3,ChIP-seq:H3K27me3,0.07051387446464141,4.0,ChIP-seq:H3K27me3 x ChIP-seq:H3K9me3
CL:0000792,ChIP-seq:H3K9me3,ChIP-seq:H3K36me3,0.09102465053822131,4.0,ChIP-seq:H3K36me3 x ChIP-seq:H3K9me3
CL:0000792,ChIP-seq:H3K9me3,ChIP-seq:H3K4me1,-0.02861732714202093,2.0,ChIP-seq:H3K4me1 x ChIP-seq:H3K9me3
CL:0000792,ChIP-seq:H3K9me3,ChIP-seq:H3K4me3,0.019214743487188747,4.0,ChIP-seq:H3K4me3 x ChIP-seq:H3K9me3
CL:0000792,ChIP-seq:H3K9me3,polyA plus RNA-seq,-0.022398178473762846,12.0,ChIP-seq:H3K9me3 x polyA plus RNA-seq
CL:0000792,polyA plus RNA-seq,DNase-seq,0.018055153466581892,12.0,DNase-seq x polyA plus RNA-seq
CL:0000792,polyA plus RNA-seq,ChIP-seq:H3K27ac,0.023932688704733987,6.0,ChIP-seq:H3K27ac x polyA plus RNA-seq
CL:0000792,polyA plus RNA-seq,ChIP-seq:H3K27me3,-0.015600372242215513,12.0,ChIP-seq:H3K27me3 x polyA plus RNA-seq
CL:0000792,polyA plus RNA-seq,ChIP-seq:H3K36me3,0.0403262754069998,12.0,ChIP-seq:H3K36me3 x polyA plus RNA-seq
CL:0000792,polyA plus RNA-seq,ChIP-seq:H3K4me1,0.01439804108678431,6.0,ChIP-seq:H3K4me1 x polyA plus RNA-seq
CL:0000792,polyA plus RNA-seq,ChIP-seq:H3K4me3,0.00048779995641975993,12.0,ChIP-seq:H3K4me3 x polyA plus RNA-seq
CL:0000792,polyA plus RNA-seq,ChIP-seq:H3K9me3,-0.024100583590818257,12.0,ChIP-seq:H3K9me3 x polyA plus RNA-seq
CL:0000624,DNase-seq,ChIP-seq:H3K27ac,0.08623334884643553,15.0,ChIP-seq:H3K27ac x DNase-seq
CL:0000624,DNase-seq,ChIP-seq:H3K27me3,-0.07128387569457062,15.0,ChIP-seq:H3K27me3 x DNase-seq
CL:0000624,DNase-seq,ChIP-seq:H3K36me3,-0.013499615175413787,15.0,ChIP-seq:H3K36me3 x DNase-seq
CL:0000624,DNase-seq,ChIP-seq:H3K4me1,-0.002122923895552918,15.0,ChIP-seq:H3K4me1 x DNase-seq
CL:0000624,DNase-seq,ChIP-seq:H3K4me3,0.0055059397164644724,15.0,ChIP-seq:H3K4me3 x DNase-seq
CL:0000624,DNase-seq,ChIP-seq:H3K9me3,-0.0303558399448287,15.0,ChIP-seq:H3K9me3 x DNase-seq
CL:0000624,DNase-seq,polyA plus RNA-seq,0.023786069328942068,10.0,DNase-seq x polyA plus RNA-seq
CL:0000624,DNase-seq,RNA-seq,0.017688845101524804,20.0,DNase-seq x RNA-seq
CL:0000624,ChIP-seq:H3K27ac,DNase-seq,0.08586504201352337,15.0,ChIP-seq:H3K27ac x DNase-seq
CL:0000624,ChIP-seq:H3K27ac,ChIP-seq:H3K27me3,-0.007098623486452325,9.0,ChIP-seq:H3K27ac x ChIP-seq:H3K27me3
CL:0000624,ChIP-seq:H3K27ac,ChIP-seq:H3K36me3,0.05672272099530633,9.0,ChIP-seq:H3K27ac x ChIP-seq:H3K36me3
CL:0000624,ChIP-seq:H3K27ac,ChIP-seq:H3K4me1,0.03396638656564976,9.0,ChIP-seq:H3K27ac x ChIP-seq:H3K4me1
CL:0000624,ChIP-seq:H3K27ac,ChIP-seq:H3K4me3,0.12708392240258637,9.0,ChIP-seq:H3K27ac x ChIP-seq:H3K4me3
CL:0000624,ChIP-seq:H3K27ac,ChIP-seq:H3K9me3,0.012376514082799075,9.0,ChIP-seq:H3K27ac x ChIP-seq:H3K9me3
CL:0000624,ChIP-seq:H3K27ac,polyA plus RNA-seq,0.047122165091058245,6.0,ChIP-seq:H3K27ac x polyA plus RNA-seq
CL:0000624,ChIP-seq:H3K27ac,RNA-seq,0.05106499134325514,12.0,ChIP-seq:H3K27ac x RNA-seq
CL:0000624,ChIP-seq:H3K27me3,DNase-seq,-0.07889791876722725,15.0,ChIP-seq:H3K27me3 x DNase-seq
CL:0000624,ChIP-seq:H3K27me3,ChIP-seq:H3K27ac,-0.0014975793659687043,9.0,ChIP-seq:H3K27ac x ChIP-seq:H3K27me3
CL:0000624,ChIP-seq:H3K27me3,ChIP-seq:H3K36me3,-0.07950413761858563,9.0,ChIP-seq:H3K27me3 x ChIP-seq:H3K36me3
CL:0000624,ChIP-seq:H3K27me3,ChIP-seq:H3K4me1,-0.005121903359817208,9.0,ChIP-seq:H3K27me3 x ChIP-seq:H3K4me1
CL:0000624,ChIP-seq:H3K27me3,ChIP-seq:H3K4me3,-0.07161847778329267,9.0,ChIP-seq:H3K27me3 x ChIP-seq:H3K4me3
CL:0000624,ChIP-seq:H3K27me3,ChIP-seq:H3K9me3,0.049221457846869626,9.0,ChIP-seq:H3K27me3 x ChIP-seq:H3K9me3
CL:0000624,ChIP-seq:H3K27me3,polyA plus RNA-seq,-0.015408805200568584,6.0,ChIP-seq:H3K27me3 x polyA plus RNA-seq
CL:0000624,ChIP-seq:H3K27me3,RNA-seq,-0.019024857300169326,12.0,ChIP-seq:H3K27me3 x RNA-seq
CL:0000624,ChIP-seq:H3K36me3,DNase-seq,-0.02089637585016556,15.0,ChIP-seq:H3K36me3 x DNase-seq
CL:0000624,ChIP-seq:H3K36me3,ChIP-seq:H3K27ac,0.05663467248280843,9.0,ChIP-seq:H3K27ac x ChIP-seq:H3K36me3
CL:0000624,ChIP-seq:H3K36me3,ChIP-seq:H3K27me3,-0.08409449126985338,9.0,ChIP-seq:H3K27me3 x ChIP-seq:H3K36me3
CL:0000624,ChIP-seq:H3K36me3,ChIP-seq:H3K4me1,-0.005808449963219147,9.0,ChIP-seq:H3K36me3 x ChIP-seq:H3K4me1
CL:0000624,ChIP-seq:H3K36me3,ChIP-seq:H3K4me3,0.016897864231667795,9.0,ChIP-seq:H3K36me3 x ChIP-seq:H3K4me3
CL:0000624,ChIP-seq:H3K36me3,ChIP-seq:H3K9me3,0.049491451958478504,9.0,ChIP-seq:H3K36me3 x ChIP-seq:H3K9me3
CL:0000624,ChIP-seq:H3K36me3,polyA plus RNA-seq,0.08137904060604238,6.0,ChIP-seq:H3K36me3 x polyA plus RNA-seq
CL:0000624,ChIP-seq:H3K36me3,RNA-seq,0.043524296003229476,12.0,ChIP-seq:H3K36me3 x RNA-seq
CL:0000624,ChIP-seq:H3K4me1,DNase-seq,-0.024522526001001334,15.0,ChIP-seq:H3K4me1 x DNase-seq
CL:0000624,ChIP-seq:H3K4me1,ChIP-seq:H3K27ac,0.031683111853069726,9.0,ChIP-seq:H3K27ac x ChIP-seq:H3K4me1
CL:0000624,ChIP-seq:H3K4me1,ChIP-seq:H3K27me3,-0.010230463219551462,9.0,ChIP-seq:H3K27me3 x ChIP-seq:H3K4me1
CL:0000624,ChIP-seq:H3K4me1,ChIP-seq:H3K36me3,-0.008024968158185875,9.0,ChIP-seq:H3K36me3 x ChIP-seq:H3K4me1
CL:0000624,ChIP-seq:H3K4me1,ChIP-seq:H3K4me3,-0.07012241761635914,9.0,ChIP-seq:H3K4me1 x ChIP-seq:H3K4me3
CL:0000624,ChIP-seq:H3K4me1,ChIP-seq:H3K9me3,0.00341288968499771,9.0,ChIP-seq:H3K4me1 x ChIP-seq:H3K9me3
CL:0000624,ChIP-seq:H3K4me1,polyA plus RNA-seq,0.012369681295601665,6.0,ChIP-seq:H3K4me1 x polyA plus RNA-seq
CL:0000624,ChIP-seq:H3K4me1,RNA-seq,0.021487079426354055,12.0,ChIP-seq:H3K4me1 x RNA-seq
CL:0000624,ChIP-seq:H3K4me3,DNase-seq,-0.011664121388356916,15.0,ChIP-seq:H3K4me3 x DNase-seq
CL:0000624,ChIP-seq:H3K4me3,ChIP-seq:H3K27ac,0.13243271509806318,9.0,ChIP-seq:H3K27ac x ChIP-seq:H3K4me3
CL:0000624,ChIP-seq:H3K4me3,ChIP-seq:H3K27me3,-0.06885970158632411,9.0,ChIP-seq:H3K27me3 x ChIP-seq:H3K4me3
CL:0000624,ChIP-seq:H3K4me3,ChIP-seq:H3K36me3,0.02302357469438019,9.0,ChIP-seq:H3K36me3 x ChIP-seq:H3K4me3
CL:0000624,ChIP-seq:H3K4me3,ChIP-seq:H3K4me1,-0.05326799267814273,9.0,ChIP-seq:H3K4me1 x ChIP-seq:H3K4me3
CL:0000624,ChIP-seq:H3K4me3,ChIP-seq:H3K9me3,0.003732190391999405,9.0,ChIP-seq:H3K4me3 x ChIP-seq:H3K9me3
CL:0000624,ChIP-seq:H3K4me3,polyA plus RNA-seq,0.035963461301160515,6.0,ChIP-seq:H3K4me3 x polyA plus RNA-seq
CL:0000624,ChIP-seq:H3K4me3,RNA-seq,0.03643588456453062,12.0,ChIP-seq:H3K4me3 x RNA-seq
CL:0000624,ChIP-seq:H3K9me3,DNase-seq,-0.03237422462149615,15.0,ChIP-seq:H3K9me3 x DNase-seq
CL:0000624,ChIP-seq:H3K9me3,ChIP-seq:H3K27ac,0.018409123023351036,9.0,ChIP-seq:H3K27ac x ChIP-seq:H3K9me3
CL:0000624,ChIP-seq:H3K9me3,ChIP-seq:H3K27me3,0.04068860049703632,9.0,ChIP-seq:H3K27me3 x ChIP-seq:H3K9me3
CL:0000624,ChIP-seq:H3K9me3,ChIP-seq:H3K36me3,0.042634574345584715,9.0,ChIP-seq:H3K36me3 x ChIP-seq:H3K9me3
CL:0000624,ChIP-seq:H3K9me3,ChIP-seq:H3K4me1,-0.012706705638558873,9.0,ChIP-seq:H3K4me1 x ChIP-seq:H3K9me3
CL:0000624,ChIP-seq:H3K9me3,ChIP-seq:H3K4me3,-0.004795796586220999,9.0,ChIP-seq:H3K4me3 x ChIP-seq:H3K9me3
CL:0000624,ChIP-seq:H3K9me3,polyA plus RNA-seq,-0.004241151185466088,6.0,ChIP-seq:H3K9me3 x polyA plus RNA-seq
CL:0000624,ChIP-seq:H3K9me3,RNA-seq,-0.002421073685674106,12.0,ChIP-seq:H3K9me3 x RNA-seq
CL:0000624,polyA plus RNA-seq,DNase-seq,0.02198853802371335,10.0,DNase-seq x polyA plus RNA-seq
CL:0000624,polyA plus RNA-seq,ChIP-seq:H3K27ac,0.03458852469921112,6.0,ChIP-seq:H3K27ac x polyA plus RNA-seq
CL:0000624,polyA plus RNA-seq,ChIP-seq:H3K27me3,-0.013660327293152034,6.0,ChIP-seq:H3K27me3 x polyA plus RNA-seq
CL:0000624,polyA plus RNA-seq,ChIP-seq:H3K36me3,0.07248826630400253,6.0,ChIP-seq:H3K36me3 x polyA plus RNA-seq
CL:0000624,polyA plus RNA-seq,ChIP-seq:H3K4me1,0.003944287097061072,6.0,ChIP-seq:H3K4me1 x polyA plus RNA-seq
CL:0000624,polyA plus RNA-seq,ChIP-seq:H3K4me3,0.00692227300903607,6.0,ChIP-seq:H3K4me3 x polyA plus RNA-seq
CL:0000624,polyA plus RNA-seq,ChIP-seq:H3K9me3,-0.002013333815302552,6.0,ChIP-seq:H3K9me3 x polyA plus RNA-seq
CL:0000624,polyA plus RNA-seq,RNA-seq,0.13864480102763457,8.0,RNA-seq x polyA plus RNA-seq
CL:0000624,RNA-seq,DNase-seq,0.021545146192823137,20.0,DNase-seq x RNA-seq
CL:0000624,RNA-seq,ChIP-seq:H3K27ac,0.04259944359461467,12.0,ChIP-seq:H3K27ac x RNA-seq
CL:0000624,RNA-seq,ChIP-seq:H3K27me3,-0.012785845313423362,12.0,ChIP-seq:H3K27me3 x RNA-seq
CL:0000624,RNA-seq,ChIP-seq:H3K36me3,0.05528850553294978,12.0,ChIP-seq:H3K36me3 x RNA-seq
CL:0000624,RNA-seq,ChIP-seq:H3K4me1,0.016936703643082703,12.0,ChIP-seq:H3K4me1 x RNA-seq
CL:0000624,RNA-seq,ChIP-seq:H3K4me3,0.031939417123794556,12.0,ChIP-seq:H3K4me3 x RNA-seq
CL:0000624,RNA-seq,ChIP-seq:H3K9me3,-0.005888354433121654,12.0,ChIP-seq:H3K9me3 x RNA-seq
CL:0000624,RNA-seq,polyA plus RNA-seq,0.21567409462095333,8.0,RNA-seq x polyA plus RNA-seq
CL:0000897,ChIP-seq:H3K27ac,ChIP-seq:H3K27me3,0.012172017327235269,4.0,ChIP-seq:H3K27ac x ChIP-seq:H3K27me3
CL:0000897,ChIP-seq:H3K27ac,ChIP-seq:H3K36me3,0.09477673506452924,2.0,ChIP-seq:H3K27ac x ChIP-seq:H3K36me3
CL:0000897,ChIP-seq:H3K27ac,ChIP-seq:H3K4me1,-0.02715397713695719,4.0,ChIP-seq:H3K27ac x ChIP-seq:H3K4me1
CL:0000897,ChIP-seq:H3K27ac,ChIP-seq:H3K4me3,0.23054807486935197,4.0,ChIP-seq:H3K27ac x ChIP-seq:H3K4me3
CL:0000897,ChIP-seq:H3K27ac,ChIP-seq:H3K9me3,0.03551928993672301,6.0,ChIP-seq:H3K27ac x ChIP-seq:H3K9me3
CL:0000897,ChIP-seq:H3K27ac,polyA plus RNA-seq,0.03941996192586595,12.0,ChIP-seq:H3K27ac x polyA plus RNA-seq
CL:0000897,ChIP-seq:H3K27ac,RNA-seq,0.032384915115202174,8.0,ChIP-seq:H3K27ac x RNA-seq
CL:0000897,ChIP-seq:H3K27me3,ChIP-seq:H3K27ac,0.0007574181506259849,4.0,ChIP-seq:H3K27ac x ChIP-seq:H3K27me3
CL:0000897,ChIP-seq:H3K27me3,ChIP-seq:H3K36me3,0.10138992153147541,2.0,ChIP-seq:H3K27me3 x ChIP-seq:H3K36me3
CL:0000897,ChIP-seq:H3K27me3,ChIP-seq:H3K4me1,0.042099130080371604,4.0,ChIP-seq:H3K27me3 x ChIP-seq:H3K4me1
CL:0000897,ChIP-seq:H3K27me3,ChIP-seq:H3K4me3,0.06714315092730745,4.0,ChIP-seq:H3K27me3 x ChIP-seq:H3K4me3
CL:0000897,ChIP-seq:H3K27me3,ChIP-seq:H3K9me3,0.09218133775527868,6.0,ChIP-seq:H3K27me3 x ChIP-seq:H3K9me3
CL:0000897,ChIP-seq:H3K27me3,polyA plus RNA-seq,-0.03404964953660965,12.0,ChIP-seq:H3K27me3 x polyA plus RNA-seq
CL:0000897,ChIP-seq:H3K27me3,RNA-seq,-0.0188450746764155,8.0,ChIP-seq:H3K27me3 x RNA-seq
CL:0000897,ChIP-seq:H3K36me3,ChIP-seq:H3K27ac,0.07983759966511164,2.0,ChIP-seq:H3K27ac x ChIP-seq:H3K36me3
CL:0000897,ChIP-seq:H3K36me3,ChIP-seq:H3K27me3,0.08612078876164607,2.0,ChIP-seq:H3K27me3 x ChIP-seq:H3K36me3
CL:0000897,ChIP-seq:H3K36me3,ChIP-seq:H3K4me1,0.016901487087617156,2.0,ChIP-seq:H3K36me3 x ChIP-seq:H3K4me1
CL:0000897,ChIP-seq:H3K36me3,ChIP-seq:H3K4me3,0.16862180870827115,2.0,ChIP-seq:H3K36me3 x ChIP-seq:H3K4me3
CL:0000897,ChIP-seq:H3K36me3,ChIP-seq:H3K9me3,0.24317324498278947,3.0,ChIP-seq:H3K36me3 x ChIP-seq:H3K9me3
CL:0000897,ChIP-seq:H3K36me3,polyA plus RNA-seq,0.02489717041236767,6.0,ChIP-seq:H3K36me3 x polyA plus RNA-seq
CL:0000897,ChIP-seq:H3K36me3,RNA-seq,0.06517016125075957,4.0,ChIP-seq:H3K36me3 x RNA-seq
CL:0000897,ChIP-seq:H3K4me1,ChIP-seq:H3K27ac,-0.03530530342311593,4.0,ChIP-seq:H3K27ac x ChIP-seq:H3K4me1
CL:0000897,ChIP-seq:H3K4me1,ChIP-seq:H3K27me3,0.0628432028986126,4.0,ChIP-seq:H3K27me3 x ChIP-seq:H3K4me1
CL:0000897,ChIP-seq:H3K4me1,ChIP-seq:H3K36me3,0.042816553757619606,2.0,ChIP-seq:H3K36me3 x ChIP-seq:H3K4me1
CL:0000897,ChIP-seq:H3K4me1,ChIP-seq:H3K4me3,0.04248128518044392,4.0,ChIP-seq:H3K4me1 x ChIP-seq:H3K4me3
CL:0000897,ChIP-seq:H3K4me1,ChIP-seq:H3K9me3,0.04883814556787243,6.0,ChIP-seq:H3K4me1 x ChIP-seq:H3K9me3
CL:0000897,ChIP-seq:H3K4me1,polyA plus RNA-seq,0.01570617731498635,12.0,ChIP-seq:H3K4me1 x polyA plus RNA-seq
CL:0000897,ChIP-seq:H3K4me1,RNA-seq,0.006633894158636822,8.0,ChIP-seq:H3K4me1 x RNA-seq
CL:0000897,ChIP-seq:H3K4me3,ChIP-seq:H3K27ac,0.30073515487753827,4.0,ChIP-seq:H3K27ac x ChIP-seq:H3K4me3
CL:0000897,ChIP-seq:H3K4me3,ChIP-seq:H3K27me3,0.048907859261669864,4.0,ChIP-seq:H3K27me3 x ChIP-seq:H3K4me3
CL:0000897,ChIP-seq:H3K4me3,ChIP-seq:H3K36me3,0.15184634821440177,2.0,ChIP-seq:H3K36me3 x ChIP-seq:H3K4me3
CL:0000897,ChIP-seq:H3K4me3,ChIP-seq:H3K4me1,0.016883787602349057,4.0,ChIP-seq:H3K4me1 x ChIP-seq:H3K4me3
CL:0000897,ChIP-seq:H3K4me3,ChIP-seq:H3K9me3,0.1830089614216217,6.0,ChIP-seq:H3K4me3 x ChIP-seq:H3K9me3
CL:0000897,ChIP-seq:H3K4me3,polyA plus RNA-seq,0.03443617440652155,12.0,ChIP-seq:H3K4me3 x polyA plus RNA-seq
CL:0000897,ChIP-seq:H3K4me3,RNA-seq,0.030959742174429053,8.0,ChIP-seq:H3K4me3 x RNA-seq
CL:0000897,ChIP-seq:H3K9me3,ChIP-seq:H3K27ac,0.034747304198164373,6.0,ChIP-seq:H3K27ac x ChIP-seq:H3K9me3
CL:0000897,ChIP-seq:H3K9me3,ChIP-seq:H3K27me3,0.09801953284496975,6.0,ChIP-seq:H3K27me3 x ChIP-seq:H3K9me3
CL:0000897,ChIP-seq:H3K9me3,ChIP-seq:H3K36me3,0.256642924835232,3.0,ChIP-seq:H3K36me3 x ChIP-seq:H3K9me3
CL:0000897,ChIP-seq:H3K9me3,ChIP-seq:H3K4me1,0.018374973714677355,6.0,ChIP-seq:H3K4me1 x ChIP-seq:H3K9me3
CL:0000897,ChIP-seq:H3K9me3,ChIP-seq:H3K4me3,0.22385764474809355,6.0,ChIP-seq:H3K4me3 x ChIP-seq:H3K9me3
CL:0000897,ChIP-seq:H3K9me3,polyA plus RNA-seq,-0.013350323749625165,18.0,ChIP-seq:H3K9me3 x polyA plus RNA-seq
CL:0000897,ChIP-seq:H3K9me3,RNA-seq,-0.006639486950109986,12.0,ChIP-seq:H3K9me3 x RNA-seq
CL:0000897,polyA plus RNA-seq,ChIP-seq:H3K27ac,0.033750151316818494,12.0,ChIP-seq:H3K27ac x polyA plus RNA-seq
CL:0000897,polyA plus RNA-seq,ChIP-seq:H3K27me3,-0.027865140869323457,12.0,ChIP-seq:H3K27me3 x polyA plus RNA-seq
CL:0000897,polyA plus RNA-seq,ChIP-seq:H3K36me3,0.03808165101147203,6.0,ChIP-seq:H3K36me3 x polyA plus RNA-seq
CL:0000897,polyA plus RNA-seq,ChIP-seq:H3K4me1,0.013499290470325664,12.0,ChIP-seq:H3K4me1 x polyA plus RNA-seq
CL:0000897,polyA plus RNA-seq,ChIP-seq:H3K4me3,0.0077865736506809655,12.0,ChIP-seq:H3K4me3 x polyA plus RNA-seq
CL:0000897,polyA plus RNA-seq,ChIP-seq:H3K9me3,-0.005798670026542104,18.0,ChIP-seq:H3K9me3 x polyA plus RNA-seq
CL:0000897,polyA plus RNA-seq,RNA-seq,0.088868244676029,24.0,RNA-seq x polyA plus RNA-seq
CL:0000897,RNA-seq,ChIP-seq:H3K27ac,0.02830890165815442,8.0,ChIP-seq:H3K27ac x RNA-seq
CL:0000897,RNA-seq,ChIP-seq:H3K27me3,-0.013837353622465465,8.0,ChIP-seq:H3K27me3 x RNA-seq
CL:0000897,RNA-seq,ChIP-seq:H3K36me3,0.0716052446810026,4.0,ChIP-seq:H3K36me3 x RNA-seq
CL:0000897,RNA-seq,ChIP-seq:H3K4me1,0.003378291609264462,8.0,ChIP-seq:H3K4me1 x RNA-seq
CL:0000897,RNA-seq,ChIP-seq:H3K4me3,0.02684816537059356,8.0,ChIP-seq:H3K4me3 x RNA-seq
CL:0000897,RNA-seq,ChIP-seq:H3K9me3,-0.0021129682723243356,12.0,ChIP-seq:H3K9me3 x RNA-seq
CL:0000897,RNA-seq,polyA plus RNA-seq,0.10447025333625684,24.0,RNA-seq x polyA plus RNA-seq
CL:0000625,DNase-seq,ChIP-seq:H3K27ac,0.08175829093648779,10.0,ChIP-seq:H3K27ac x DNase-seq
CL:0000625,DNase-seq,ChIP-seq:H3K27me3,-0.05715195005254227,15.0,ChIP-seq:H3K27me3 x DNase-seq
CL:0000625,DNase-seq,ChIP-seq:H3K36me3,-0.038109065695879935,15.0,ChIP-seq:H3K36me3 x DNase-seq
CL:0000625,DNase-seq,ChIP-seq:H3K4me1,-0.007421422594196194,15.0,ChIP-seq:H3K4me1 x DNase-seq
CL:0000625,DNase-seq,ChIP-seq:H3K4me3,-0.0537550613565265,20.0,ChIP-seq:H3K4me3 x DNase-seq
CL:0000625,DNase-seq,ChIP-seq:H3K9ac,-0.06591093397140503,5.0,ChIP-seq:H3K9ac x DNase-seq
CL:0000625,DNase-seq,ChIP-seq:H3K9me3,-0.03569716194928703,15.0,ChIP-seq:H3K9me3 x DNase-seq
CL:0000625,DNase-seq,polyA plus RNA-seq,0.024849552556573493,10.0,DNase-seq x polyA plus RNA-seq
CL:0000625,DNase-seq,RNA-seq,0.0189658582981895,20.0,DNase-seq x RNA-seq
CL:0000625,ChIP-seq:H3K27ac,DNase-seq,0.0836044540652981,10.0,ChIP-seq:H3K27ac x DNase-seq
CL:0000625,ChIP-seq:H3K27ac,ChIP-seq:H3K27me3,0.007063794794470765,6.0,ChIP-seq:H3K27ac x ChIP-seq:H3K27me3
CL:0000625,ChIP-seq:H3K27ac,ChIP-seq:H3K36me3,0.020356258473719295,6.0,ChIP-seq:H3K27ac x ChIP-seq:H3K36me3
CL:0000625,ChIP-seq:H3K27ac,ChIP-seq:H3K4me1,-0.02031932492832561,6.0,ChIP-seq:H3K27ac x ChIP-seq:H3K4me1
CL:0000625,ChIP-seq:H3K27ac,ChIP-seq:H3K4me3,0.0986980396621632,8.0,ChIP-seq:H3K27ac x ChIP-seq:H3K4me3
CL:0000625,ChIP-seq:H3K27ac,ChIP-seq:H3K9ac,0.12575140953063965,2.0,ChIP-seq:H3K27ac x ChIP-seq:H3K9ac
CL:0000625,ChIP-seq:H3K27ac,ChIP-seq:H3K9me3,0.012585968621033058,6.0,ChIP-seq:H3K27ac x ChIP-seq:H3K9me3
CL:0000625,ChIP-seq:H3K27ac,polyA plus RNA-seq,0.04904250407799609,4.0,ChIP-seq:H3K27ac x polyA plus RNA-seq
CL:0000625,ChIP-seq:H3K27ac,RNA-seq,0.039756425522706085,8.0,ChIP-seq:H3K27ac x RNA-seq
CL:0000625,ChIP-seq:H3K27me3,DNase-seq,-0.06390362095523189,15.0,ChIP-seq:H3K27me3 x DNase-seq
CL:0000625,ChIP-seq:H3K27me3,ChIP-seq:H3K27ac,0.008070605805078155,6.0,ChIP-seq:H3K27ac x ChIP-seq:H3K27me3
CL:0000625,ChIP-seq:H3K27me3,ChIP-seq:H3K36me3,0.033162954798498394,9.0,ChIP-seq:H3K27me3 x ChIP-seq:H3K36me3
CL:0000625,ChIP-seq:H3K27me3,ChIP-seq:H3K4me1,-0.0011671600688217057,9.0,ChIP-seq:H3K27me3 x ChIP-seq:H3K4me1
CL:0000625,ChIP-seq:H3K27me3,ChIP-seq:H3K4me3,0.012631967429469967,12.0,ChIP-seq:H3K27me3 x ChIP-seq:H3K4me3
CL:0000625,ChIP-seq:H3K27me3,ChIP-seq:H3K9ac,0.041219466129938764,3.0,ChIP-seq:H3K27me3 x ChIP-seq:H3K9ac
CL:0000625,ChIP-seq:H3K27me3,ChIP-seq:H3K9me3,0.027240124799437444,9.0,ChIP-seq:H3K27me3 x ChIP-seq:H3K9me3
CL:0000625,ChIP-seq:H3K27me3,polyA plus RNA-seq,-0.019699568379005026,6.0,ChIP-seq:H3K27me3 x polyA plus RNA-seq
CL:0000625,ChIP-seq:H3K27me3,RNA-seq,-0.01192060249985433,12.0,ChIP-seq:H3K27me3 x RNA-seq
CL:0000625,ChIP-seq:H3K36me3,DNase-seq,-0.03226966532793912,15.0,ChIP-seq:H3K36me3 x DNase-seq
CL:0000625,ChIP-seq:H3K36me3,ChIP-seq:H3K27ac,0.026861665195806676,6.0,ChIP-seq:H3K27ac x ChIP-seq:H3K36me3
CL:0000625,ChIP-seq:H3K36me3,ChIP-seq:H3K27me3,0.011507909119283198,9.0,ChIP-seq:H3K27me3 x ChIP-seq:H3K36me3
CL:0000625,ChIP-seq:H3K36me3,ChIP-seq:H3K4me1,0.012307748980865667,9.0,ChIP-seq:H3K36me3 x ChIP-seq:H3K4me1
CL:0000625,ChIP-seq:H3K36me3,ChIP-seq:H3K4me3,0.06199942838470891,12.0,ChIP-seq:H3K36me3 x ChIP-seq:H3K4me3
CL:0000625,ChIP-seq:H3K36me3,ChIP-seq:H3K9ac,0.07894331296284993,3.0,ChIP-seq:H3K36me3 x ChIP-seq:H3K9ac
CL:0000625,ChIP-seq:H3K36me3,ChIP-seq:H3K9me3,0.0802042592043257,9.0,ChIP-seq:H3K36me3 x ChIP-seq:H3K9me3
CL:0000625,ChIP-seq:H3K36me3,polyA plus RNA-seq,0.06930045839025503,6.0,ChIP-seq:H3K36me3 x polyA plus RNA-seq
CL:0000625,ChIP-seq:H3K36me3,RNA-seq,0.025010767894632677,12.0,ChIP-seq:H3K36me3 x RNA-seq
CL:0000625,ChIP-seq:H3K4me1,DNase-seq,-0.02266604784247163,15.0,ChIP-seq:H3K4me1 x DNase-seq
CL:0000625,ChIP-seq:H3K4me1,ChIP-seq:H3K27ac,-0.028709388791157347,6.0,ChIP-seq:H3K27ac x ChIP-seq:H3K4me1
CL:0000625,ChIP-seq:H3K4me1,ChIP-seq:H3K27me3,0.00753055470550399,9.0,ChIP-seq:H3K27me3 x ChIP-seq:H3K4me1
CL:0000625,ChIP-seq:H3K4me1,ChIP-seq:H3K36me3,0.02115320111057692,9.0,ChIP-seq:H3K36me3 x ChIP-seq:H3K4me1
CL:0000625,ChIP-seq:H3K4me1,ChIP-seq:H3K4me3,-0.03993687797454918,12.0,ChIP-seq:H3K4me1 x ChIP-seq:H3K4me3
CL:0000625,ChIP-seq:H3K4me1,ChIP-seq:H3K9ac,-0.01597842872142792,3.0,ChIP-seq:H3K4me1 x ChIP-seq:H3K9ac
CL:0000625,ChIP-seq:H3K4me1,ChIP-seq:H3K9me3,0.037468682350187424,9.0,ChIP-seq:H3K4me1 x ChIP-seq:H3K9me3
CL:0000625,ChIP-seq:H3K4me1,polyA plus RNA-seq,0.007930202664026446,6.0,ChIP-seq:H3K4me1 x polyA plus RNA-seq
CL:0000625,ChIP-seq:H3K4me1,RNA-seq,0.016002566101504308,12.0,ChIP-seq:H3K4me1 x RNA-seq
CL:0000625,ChIP-seq:H3K4me3,DNase-seq,-0.02429057607403049,20.0,ChIP-seq:H3K4me3 x DNase-seq
CL:0000625,ChIP-seq:H3K4me3,ChIP-seq:H3K27ac,0.13625155676225698,8.0,ChIP-seq:H3K27ac x ChIP-seq:H3K4me3
CL:0000625,ChIP-seq:H3K4me3,ChIP-seq:H3K27me3,-0.00231374239967775,12.0,ChIP-seq:H3K27me3 x ChIP-seq:H3K4me3
CL:0000625,ChIP-seq:H3K4me3,ChIP-seq:H3K36me3,0.038868989270851154,12.0,ChIP-seq:H3K36me3 x ChIP-seq:H3K4me3
CL:0000625,ChIP-seq:H3K4me3,ChIP-seq:H3K4me1,-0.029413109106240252,12.0,ChIP-seq:H3K4me1 x ChIP-seq:H3K4me3
CL:0000625,ChIP-seq:H3K4me3,ChIP-seq:H3K9ac,0.21142078638076783,4.0,ChIP-seq:H3K4me3 x ChIP-seq:H3K9ac
CL:0000625,ChIP-seq:H3K4me3,ChIP-seq:H3K9me3,0.05071268782103803,12.0,ChIP-seq:H3K4me3 x ChIP-seq:H3K9me3
CL:0000625,ChIP-seq:H3K4me3,polyA plus RNA-seq,0.025439303379004186,8.0,ChIP-seq:H3K4me3 x polyA plus RNA-seq
CL:0000625,ChIP-seq:H3K4me3,RNA-seq,0.018182129369062536,16.0,ChIP-seq:H3K4me3 x RNA-seq
CL:0000625,ChIP-seq:H3K9ac,DNase-seq,-0.03913678921662368,5.0,ChIP-seq:H3K9ac x DNase-seq
CL:0000625,ChIP-seq:H3K9ac,ChIP-seq:H3K27ac,0.15361116687703577,2.0,ChIP-seq:H3K27ac x ChIP-seq:H3K9ac
CL:0000625,ChIP-seq:H3K9ac,ChIP-seq:H3K27me3,0.03482950911965481,3.0,ChIP-seq:H3K27me3 x ChIP-seq:H3K9ac
CL:0000625,ChIP-seq:H3K9ac,ChIP-seq:H3K36me3,0.06636689605984883,3.0,ChIP-seq:H3K36me3 x ChIP-seq:H3K9ac
CL:0000625,ChIP-seq:H3K9ac,ChIP-seq:H3K4me1,0.0005498498459875351,3.0,ChIP-seq:H3K4me1 x ChIP-seq:H3K9ac
CL:0000625,ChIP-seq:H3K9ac,ChIP-seq:H3K4me3,0.23014752932314603,4.0,ChIP-seq:H3K4me3 x ChIP-seq:H3K9ac
CL:0000625,ChIP-seq:H3K9ac,ChIP-seq:H3K9me3,0.009471922776119857,3.0,ChIP-seq:H3K9ac x ChIP-seq:H3K9me3
CL:0000625,ChIP-seq:H3K9ac,polyA plus RNA-seq,0.04135182653593812,2.0,ChIP-seq:H3K9ac x polyA plus RNA-seq
CL:0000625,ChIP-seq:H3K9ac,RNA-seq,0.03375991954522974,4.0,ChIP-seq:H3K9ac x RNA-seq
CL:0000625,ChIP-seq:H3K9me3,DNase-seq,-0.04205039817017395,15.0,ChIP-seq:H3K9me3 x DNase-seq
CL:0000625,ChIP-seq:H3K9me3,ChIP-seq:H3K27ac,0.019912406277705914,6.0,ChIP-seq:H3K27ac x ChIP-seq:H3K9me3
CL:0000625,ChIP-seq:H3K9me3,ChIP-seq:H3K27me3,0.031638933090584534,9.0,ChIP-seq:H3K27me3 x ChIP-seq:H3K9me3
CL:0000625,ChIP-seq:H3K9me3,ChIP-seq:H3K36me3,0.10287400943781036,9.0,ChIP-seq:H3K36me3 x ChIP-seq:H3K9me3
CL:0000625,ChIP-seq:H3K9me3,ChIP-seq:H3K4me1,0.024379651188413738,9.0,ChIP-seq:H3K4me1 x ChIP-seq:H3K9me3
CL:0000625,ChIP-seq:H3K9me3,ChIP-seq:H3K4me3,0.07170801342658277,12.0,ChIP-seq:H3K4me3 x ChIP-seq:H3K9me3
CL:0000625,ChIP-seq:H3K9me3,ChIP-seq:H3K9ac,0.020883543093999226,3.0,ChIP-seq:H3K9ac x ChIP-seq:H3K9me3
CL:0000625,ChIP-seq:H3K9me3,polyA plus RNA-seq,-0.002333721409284055,6.0,ChIP-seq:H3K9me3 x polyA plus RNA-seq
CL:0000625,ChIP-seq:H3K9me3,RNA-seq,-0.003143692732441659,12.0,ChIP-seq:H3K9me3 x RNA-seq
CL:0000625,polyA plus RNA-seq,DNase-seq,0.02610024790485184,10.0,DNase-seq x polyA plus RNA-seq
CL:0000625,polyA plus RNA-seq,ChIP-seq:H3K27ac,0.03907515016031561,4.0,ChIP-seq:H3K27ac x polyA plus RNA-seq
CL:0000625,polyA plus RNA-seq,ChIP-seq:H3K27me3,-0.015853801670000535,6.0,ChIP-seq:H3K27me3 x polyA plus RNA-seq
CL:0000625,polyA plus RNA-seq,ChIP-seq:H3K36me3,0.04977858225929546,6.0,ChIP-seq:H3K36me3 x polyA plus RNA-seq
CL:0000625,polyA plus RNA-seq,ChIP-seq:H3K4me1,0.001964387657878163,6.0,ChIP-seq:H3K4me1 x polyA plus RNA-seq
CL:0000625,polyA plus RNA-seq,ChIP-seq:H3K4me3,-0.007467971657806972,8.0,ChIP-seq:H3K4me3 x polyA plus RNA-seq
CL:0000625,polyA plus RNA-seq,ChIP-seq:H3K9ac,0.012126024961471554,2.0,ChIP-seq:H3K9ac x polyA plus RNA-seq
CL:0000625,polyA plus RNA-seq,ChIP-seq:H3K9me3,0.0011047474345413305,6.0,ChIP-seq:H3K9me3 x polyA plus RNA-seq
CL:0000625,polyA plus RNA-seq,RNA-seq,0.16128233608077555,8.0,RNA-seq x polyA plus RNA-seq
CL:0000625,RNA-seq,DNase-seq,0.024486601701030484,20.0,DNase-seq x RNA-seq
CL:0000625,RNA-seq,ChIP-seq:H3K27ac,0.03015257346426478,8.0,ChIP-seq:H3K27ac x RNA-seq
CL:0000625,RNA-seq,ChIP-seq:H3K27me3,-0.0029657323404338014,12.0,ChIP-seq:H3K27me3 x RNA-seq
CL:0000625,RNA-seq,ChIP-seq:H3K36me3,0.028100365464062617,12.0,ChIP-seq:H3K36me3 x RNA-seq
CL:0000625,RNA-seq,ChIP-seq:H3K4me1,0.013916577011237649,12.0,ChIP-seq:H3K4me1 x RNA-seq
CL:0000625,RNA-seq,ChIP-seq:H3K4me3,0.013928539910406438,16.0,ChIP-seq:H3K4me3 x RNA-seq
CL:0000625,RNA-seq,ChIP-seq:H3K9ac,0.0341432511806488,4.0,ChIP-seq:H3K9ac x RNA-seq
CL:0000625,RNA-seq,ChIP-seq:H3K9me3,-0.0070171043655629884,12.0,ChIP-seq:H3K9me3 x RNA-seq
CL:0000625,RNA-seq,polyA plus RNA-seq,0.22963813664578436,8.0,RNA-seq x polyA plus RNA-seq
CL:0000909,ChIP-seq:H3K27ac,ChIP-seq:H3K27me3,0.047085226952344524,1.0,ChIP-seq:H3K27ac x ChIP-seq:H3K27me3
CL:0000909,ChIP-seq:H3K27ac,ChIP-seq:H3K36me3,0.13431523803365295,1.0,ChIP-seq:H3K27ac x ChIP-seq:H3K36me3
CL:0000909,ChIP-seq:H3K27ac,ChIP-seq:H3K4me1,-0.007809739397919697,1.0,ChIP-seq:H3K27ac x ChIP-seq:H3K4me1
CL:0000909,ChIP-seq:H3K27ac,ChIP-seq:H3K4me3,0.2660986244678497,1.0,ChIP-seq:H3K27ac x ChIP-seq:H3K4me3
CL:0000909,ChIP-seq:H3K27ac,ChIP-seq:H3K9me3,0.08189259810820639,1.0,ChIP-seq:H3K27ac x ChIP-seq:H3K9me3
CL:0000909,ChIP-seq:H3K27ac,polyA plus RNA-seq,0.040031073620353914,6.0,ChIP-seq:H3K27ac x polyA plus RNA-seq
CL:0000909,ChIP-seq:H3K27ac,RNA-seq,0.022498550862073897,4.0,ChIP-seq:H3K27ac x RNA-seq
CL:0000909,ChIP-seq:H3K27me3,ChIP-seq:H3K27ac,0.030464180457739184,1.0,ChIP-seq:H3K27ac x ChIP-seq:H3K27me3
CL:0000909,ChIP-seq:H3K27me3,ChIP-seq:H3K36me3,0.12688197006308843,1.0,ChIP-seq:H3K27me3 x ChIP-seq:H3K36me3
CL:0000909,ChIP-seq:H3K27me3,ChIP-seq:H3K4me1,0.09586440998574962,1.0,ChIP-seq:H3K27me3 x ChIP-seq:H3K4me1
CL:0000909,ChIP-seq:H3K27me3,ChIP-seq:H3K4me3,0.10612769085307454,1.0,ChIP-seq:H3K27me3 x ChIP-seq:H3K4me3
CL:0000909,ChIP-seq:H3K27me3,ChIP-seq:H3K9me3,0.19042192457774498,1.0,ChIP-seq:H3K27me3 x ChIP-seq:H3K9me3
CL:0000909,ChIP-seq:H3K27me3,polyA plus RNA-seq,-0.03102650681267614,6.0,ChIP-seq:H3K27me3 x polyA plus RNA-seq
CL:0000909,ChIP-seq:H3K27me3,RNA-seq,-0.0037146557056728534,4.0,ChIP-seq:H3K27me3 x RNA-seq
CL:0000909,ChIP-seq:H3K36me3,ChIP-seq:H3K27ac,0.1114662030228862,1.0,ChIP-seq:H3K27ac x ChIP-seq:H3K36me3
CL:0000909,ChIP-seq:H3K36me3,ChIP-seq:H3K27me3,0.13642501128816056,1.0,ChIP-seq:H3K27me3 x ChIP-seq:H3K36me3
CL:0000909,ChIP-seq:H3K36me3,ChIP-seq:H3K4me1,0.1260192925515382,1.0,ChIP-seq:H3K36me3 x ChIP-seq:H3K4me1
CL:0000909,ChIP-seq:H3K36me3,ChIP-seq:H3K4me3,0.21414503940316135,1.0,ChIP-seq:H3K36me3 x ChIP-seq:H3K4me3
CL:0000909,ChIP-seq:H3K36me3,ChIP-seq:H3K9me3,0.37375122675016603,1.0,ChIP-seq:H3K36me3 x ChIP-seq:H3K9me3
CL:0000909,ChIP-seq:H3K36me3,polyA plus RNA-seq,0.022810511830924217,6.0,ChIP-seq:H3K36me3 x polyA plus RNA-seq
CL:0000909,ChIP-seq:H3K36me3,RNA-seq,0.013717642654390898,4.0,ChIP-seq:H3K36me3 x RNA-seq
CL:0000909,ChIP-seq:H3K4me1,ChIP-seq:H3K27ac,-0.018578539843912476,1.0,ChIP-seq:H3K27ac x ChIP-seq:H3K4me1
CL:0000909,ChIP-seq:H3K4me1,ChIP-seq:H3K27me3,0.12070025109696662,1.0,ChIP-seq:H3K27me3 x ChIP-seq:H3K4me1
CL:0000909,ChIP-seq:H3K4me1,ChIP-seq:H3K36me3,0.12777891660493518,1.0,ChIP-seq:H3K36me3 x ChIP-seq:H3K4me1
CL:0000909,ChIP-seq:H3K4me1,ChIP-seq:H3K4me3,0.10681723591893219,1.0,ChIP-seq:H3K4me1 x ChIP-seq:H3K4me3
CL:0000909,ChIP-seq:H3K4me1,ChIP-seq:H3K9me3,0.16290897264160925,1.0,ChIP-seq:H3K4me1 x ChIP-seq:H3K9me3
CL:0000909,ChIP-seq:H3K4me1,polyA plus RNA-seq,0.012841238772523578,6.0,ChIP-seq:H3K4me1 x polyA plus RNA-seq
CL:0000909,ChIP-seq:H3K4me1,RNA-seq,0.0013420739287839222,4.0,ChIP-seq:H3K4me1 x RNA-seq
CL:0000909,ChIP-seq:H3K4me3,ChIP-seq:H3K27ac,0.312062081363466,1.0,ChIP-seq:H3K27ac x ChIP-seq:H3K4me3
CL:0000909,ChIP-seq:H3K4me3,ChIP-seq:H3K27me3,0.1033535760709609,1.0,ChIP-seq:H3K27me3 x ChIP-seq:H3K4me3
CL:0000909,ChIP-seq:H3K4me3,ChIP-seq:H3K36me3,0.21155125754220144,1.0,ChIP-seq:H3K36me3 x ChIP-seq:H3K4me3
CL:0000909,ChIP-seq:H3K4me3,ChIP-seq:H3K4me1,0.07452034820681033,1.0,ChIP-seq:H3K4me1 x ChIP-seq:H3K4me3
CL:0000909,ChIP-seq:H3K4me3,ChIP-seq:H3K9me3,0.2688451922139642,1.0,ChIP-seq:H3K4me3 x ChIP-seq:H3K9me3
CL:0000909,ChIP-seq:H3K4me3,polyA plus RNA-seq,0.03920016737951748,6.0,ChIP-seq:H3K4me3 x polyA plus RNA-seq
CL:0000909,ChIP-seq:H3K4me3,RNA-seq,0.018941144154352302,4.0,ChIP-seq:H3K4me3 x RNA-seq
CL:0000909,ChIP-seq:H3K9me3,ChIP-seq:H3K27ac,0.08341672869376195,1.0,ChIP-seq:H3K27ac x ChIP-seq:H3K9me3
CL:0000909,ChIP-seq:H3K9me3,ChIP-seq:H3K27me3,0.19831826426517005,1.0,ChIP-seq:H3K27me3 x ChIP-seq:H3K9me3
CL:0000909,ChIP-seq:H3K9me3,ChIP-seq:H3K36me3,0.3754987596834778,1.0,ChIP-seq:H3K36me3 x ChIP-seq:H3K9me3
CL:0000909,ChIP-seq:H3K9me3,ChIP-seq:H3K4me1,0.14306886040646097,1.0,ChIP-seq:H3K4me1 x ChIP-seq:H3K9me3
CL:0000909,ChIP-seq:H3K9me3,ChIP-seq:H3K4me3,0.3116525342298109,1.0,ChIP-seq:H3K4me3 x ChIP-seq:H3K9me3
CL:0000909,ChIP-seq:H3K9me3,polyA plus RNA-seq,-0.011423297523372416,6.0,ChIP-seq:H3K9me3 x polyA plus RNA-seq
CL:0000909,ChIP-seq:H3K9me3,RNA-seq,-0.015173412824378294,4.0,ChIP-seq:H3K9me3 x RNA-seq
CL:0000909,polyA plus RNA-seq,ChIP-seq:H3K27ac,0.029285387676439165,6.0,ChIP-seq:H3K27ac x polyA plus RNA-seq
CL:0000909,polyA plus RNA-seq,ChIP-seq:H3K27me3,-0.01686797590776422,6.0,ChIP-seq:H3K27me3 x polyA plus RNA-seq
CL:0000909,polyA plus RNA-seq,ChIP-seq:H3K36me3,0.03785001401127541,6.0,ChIP-seq:H3K36me3 x polyA plus RNA-seq
CL:0000909,polyA plus RNA-seq,ChIP-seq:H3K4me1,0.014061260158601017,6.0,ChIP-seq:H3K4me1 x polyA plus RNA-seq
CL:0000909,polyA plus RNA-seq,ChIP-seq:H3K4me3,0.013764780436375343,6.0,ChIP-seq:H3K4me3 x polyA plus RNA-seq
CL:0000909,polyA plus RNA-seq,ChIP-seq:H3K9me3,0.0015310690785087025,6.0,ChIP-seq:H3K9me3 x polyA plus RNA-seq
CL:0000909,polyA plus RNA-seq,RNA-seq,0.11860318342844645,24.0,RNA-seq x polyA plus RNA-seq
CL:0000909,RNA-seq,ChIP-seq:H3K27ac,0.01565504566202929,4.0,ChIP-seq:H3K27ac x RNA-seq
CL:0000909,RNA-seq,ChIP-seq:H3K27me3,0.006760367706161121,4.0,ChIP-seq:H3K27me3 x RNA-seq
CL:0000909,RNA-seq,ChIP-seq:H3K36me3,0.020472913625694457,4.0,ChIP-seq:H3K36me3 x RNA-seq
CL:0000909,RNA-seq,ChIP-seq:H3K4me1,-0.00020900571151919942,4.0,ChIP-seq:H3K4me1 x RNA-seq
CL:0000909,RNA-seq,ChIP-seq:H3K4me3,0.007390971966954166,4.0,ChIP-seq:H3K4me3 x RNA-seq
CL:0000909,RNA-seq,ChIP-seq:H3K9me3,-0.0022353084143979587,4.0,ChIP-seq:H3K9me3 x RNA-seq
CL:0000909,RNA-seq,polyA plus RNA-seq,0.10607850620712056,24.0,RNA-seq x polyA plus RNA-seq
CL:0000084,DNase-seq,ChIP-seq:H3K27ac,0.03397427370518813,5.0,ChIP-seq:H3K27ac x DNase-seq
CL:0000084,DNase-seq,ChIP-seq:H3K27me3,-0.017192506139305813,5.0,ChIP-seq:H3K27me3 x DNase-seq
CL:0000084,DNase-seq,ChIP-seq:H3K36me3,-0.01997891730732388,5.0,ChIP-seq:H3K36me3 x DNase-seq
CL:0000084,DNase-seq,ChIP-seq:H3K4me1,0.01231467318923577,5.0,ChIP-seq:H3K4me1 x DNase-seq
CL:0000084,DNase-seq,ChIP-seq:H3K4me3,-0.013872396779614826,5.0,ChIP-seq:H3K4me3 x DNase-seq
CL:0000084,DNase-seq,ChIP-seq:H3K9me3,-0.01345904804347606,10.0,ChIP-seq:H3K9me3 x DNase-seq
CL:0000084,DNase-seq,RNA-seq,0.006729565648886047,30.0,DNase-seq x RNA-seq
CL:0000084,ChIP-seq:H3K27ac,DNase-seq,0.034698771811150886,5.0,ChIP-seq:H3K27ac x DNase-seq
CL:0000084,ChIP-seq:H3K27ac,ChIP-seq:H3K27me3,0.015923632522937894,1.0,ChIP-seq:H3K27ac x ChIP-seq:H3K27me3
CL:0000084,ChIP-seq:H3K27ac,ChIP-seq:H3K36me3,0.02156200788166157,1.0,ChIP-seq:H3K27ac x ChIP-seq:H3K36me3
CL:0000084,ChIP-seq:H3K27ac,ChIP-seq:H3K4me1,0.06144015750159388,1.0,ChIP-seq:H3K27ac x ChIP-seq:H3K4me1
CL:0000084,ChIP-seq:H3K27ac,ChIP-seq:H3K4me3,0.14288649025351502,1.0,ChIP-seq:H3K27ac x ChIP-seq:H3K4me3
CL:0000084,ChIP-seq:H3K27ac,ChIP-seq:H3K9me3,-0.005962147450681483,2.0,ChIP-seq:H3K27ac x ChIP-seq:H3K9me3
CL:0000084,ChIP-seq:H3K27ac,RNA-seq,0.010623571861438436,6.0,ChIP-seq:H3K27ac x RNA-seq
CL:0000084,ChIP-seq:H3K27me3,DNase-seq,-0.052452870738970765,5.0,ChIP-seq:H3K27me3 x DNase-seq
CL:0000084,ChIP-seq:H3K27me3,ChIP-seq:H3K27ac,0.010408672216681786,1.0,ChIP-seq:H3K27ac x ChIP-seq:H3K27me3
CL:0000084,ChIP-seq:H3K27me3,ChIP-seq:H3K36me3,-0.039772427951296166,1.0,ChIP-seq:H3K27me3 x ChIP-seq:H3K36me3
CL:0000084,ChIP-seq:H3K27me3,ChIP-seq:H3K4me1,0.016914912539979687,1.0,ChIP-seq:H3K27me3 x ChIP-seq:H3K4me1
CL:0000084,ChIP-seq:H3K27me3,ChIP-seq:H3K4me3,-0.06493899645500405,1.0,ChIP-seq:H3K27me3 x ChIP-seq:H3K4me3
CL:0000084,ChIP-seq:H3K27me3,ChIP-seq:H3K9me3,0.056881191857745136,2.0,ChIP-seq:H3K27me3 x ChIP-seq:H3K9me3
CL:0000084,ChIP-seq:H3K27me3,RNA-seq,-0.01364590368513238,6.0,ChIP-seq:H3K27me3 x RNA-seq
CL:0000084,ChIP-seq:H3K36me3,DNase-seq,-0.013797343783564384,5.0,ChIP-seq:H3K36me3 x DNase-seq
CL:0000084,ChIP-seq:H3K36me3,ChIP-seq:H3K27ac,0.035026211889437685,1.0,ChIP-seq:H3K27ac x ChIP-seq:H3K36me3
CL:0000084,ChIP-seq:H3K36me3,ChIP-seq:H3K27me3,-0.03944539302296337,1.0,ChIP-seq:H3K27me3 x ChIP-seq:H3K36me3
CL:0000084,ChIP-seq:H3K36me3,ChIP-seq:H3K4me1,0.019388331343298374,1.0,ChIP-seq:H3K36me3 x ChIP-seq:H3K4me1
CL:0000084,ChIP-seq:H3K36me3,ChIP-seq:H3K4me3,0.03438457633520282,1.0,ChIP-seq:H3K36me3 x ChIP-seq:H3K4me3
CL:0000084,ChIP-seq:H3K36me3,ChIP-seq:H3K9me3,0.04508922927165299,2.0,ChIP-seq:H3K36me3 x ChIP-seq:H3K9me3
CL:0000084,ChIP-seq:H3K36me3,RNA-seq,0.06944716906716637,6.0,ChIP-seq:H3K36me3 x RNA-seq
CL:0000084,ChIP-seq:H3K4me1,DNase-seq,-0.017216525671931056,5.0,ChIP-seq:H3K4me1 x DNase-seq
CL:0000084,ChIP-seq:H3K4me1,ChIP-seq:H3K27ac,0.054243720424028086,1.0,ChIP-seq:H3K27ac x ChIP-seq:H3K4me1
CL:0000084,ChIP-seq:H3K4me1,ChIP-seq:H3K27me3,0.010955636014883547,1.0,ChIP-seq:H3K27me3 x ChIP-seq:H3K4me1
CL:0000084,ChIP-seq:H3K4me1,ChIP-seq:H3K36me3,0.02553753889900036,1.0,ChIP-seq:H3K36me3 x ChIP-seq:H3K4me1
CL:0000084,ChIP-seq:H3K4me1,ChIP-seq:H3K4me3,-0.1072632833275684,1.0,ChIP-seq:H3K4me1 x ChIP-seq:H3K4me3
CL:0000084,ChIP-seq:H3K4me1,ChIP-seq:H3K9me3,0.020179329921355408,2.0,ChIP-seq:H3K4me1 x ChIP-seq:H3K9me3
CL:0000084,ChIP-seq:H3K4me1,RNA-seq,0.007947393888981911,6.0,ChIP-seq:H3K4me1 x RNA-seq
CL:0000084,ChIP-seq:H3K4me3,DNase-seq,-0.03940510935597605,5.0,ChIP-seq:H3K4me3 x DNase-seq
CL:0000084,ChIP-seq:H3K4me3,ChIP-seq:H3K27ac,0.082827521878996,1.0,ChIP-seq:H3K27ac x ChIP-seq:H3K4me3
CL:0000084,ChIP-seq:H3K4me3,ChIP-seq:H3K27me3,-0.04212841006188557,1.0,ChIP-seq:H3K27me3 x ChIP-seq:H3K4me3
CL:0000084,ChIP-seq:H3K4me3,ChIP-seq:H3K36me3,0.014598334257407163,1.0,ChIP-seq:H3K36me3 x ChIP-seq:H3K4me3
CL:0000084,ChIP-seq:H3K4me3,ChIP-seq:H3K4me1,-0.07067006372887155,1.0,ChIP-seq:H3K4me1 x ChIP-seq:H3K4me3
CL:0000084,ChIP-seq:H3K4me3,ChIP-seq:H3K9me3,0.011104460052225026,2.0,ChIP-seq:H3K4me3 x ChIP-seq:H3K9me3
CL:0000084,ChIP-seq:H3K4me3,RNA-seq,0.03261938793298482,6.0,ChIP-seq:H3K4me3 x RNA-seq
CL:0000084,ChIP-seq:H3K9me3,DNase-seq,-0.016981727658928213,10.0,ChIP-seq:H3K9me3 x DNase-seq
CL:0000084,ChIP-seq:H3K9me3,ChIP-seq:H3K27ac,0.0149503948373927,2.0,ChIP-seq:H3K27ac x ChIP-seq:H3K9me3
CL:0000084,ChIP-seq:H3K9me3,ChIP-seq:H3K27me3,0.03613749334866973,2.0,ChIP-seq:H3K27me3 x ChIP-seq:H3K9me3
CL:0000084,ChIP-seq:H3K9me3,ChIP-seq:H3K36me3,0.042271379361707696,2.0,ChIP-seq:H3K36me3 x ChIP-seq:H3K9me3
CL:0000084,ChIP-seq:H3K9me3,ChIP-seq:H3K4me1,0.019187413641939995,2.0,ChIP-seq:H3K4me1 x ChIP-seq:H3K9me3
CL:0000084,ChIP-seq:H3K9me3,ChIP-seq:H3K4me3,0.024400899212720782,2.0,ChIP-seq:H3K4me3 x ChIP-seq:H3K9me3
CL:0000084,ChIP-seq:H3K9me3,RNA-seq,0.0018194077215014336,12.0,ChIP-seq:H3K9me3 x RNA-seq
CL:0000084,RNA-seq,DNase-seq,0.0022990144821472495,30.0,DNase-seq x RNA-seq
CL:0000084,RNA-seq,ChIP-seq:H3K27ac,-0.005523720641195037,6.0,ChIP-seq:H3K27ac x RNA-seq
CL:0000084,RNA-seq,ChIP-seq:H3K27me3,-0.005573181642426385,6.0,ChIP-seq:H3K27me3 x RNA-seq
CL:0000084,RNA-seq,ChIP-seq:H3K36me3,0.06923525926297304,6.0,ChIP-seq:H3K36me3 x RNA-seq
CL:0000084,RNA-seq,ChIP-seq:H3K4me1,-0.0017141089707181072,6.0,ChIP-seq:H3K4me1 x RNA-seq
CL:0000084,RNA-seq,ChIP-seq:H3K4me3,0.017715184471403904,6.0,ChIP-seq:H3K4me3 x RNA-seq
CL:0000084,RNA-seq,ChIP-seq:H3K9me3,0.00986889490250791,12.0,ChIP-seq:H3K9me3 x RNA-seq
CL:0000899,DNase-seq,ChIP-seq:H3K27ac,-0.0353527039197492,1.0,ChIP-seq:H3K27ac x DNase-seq
CL:0000899,DNase-seq,ChIP-seq:H3K27me3,-0.027024534413184243,1.0,ChIP-seq:H3K27me3 x DNase-seq
CL:0000899,DNase-seq,ChIP-seq:H3K36me3,-0.008557798508456144,1.0,ChIP-seq:H3K36me3 x DNase-seq
CL:0000899,DNase-seq,ChIP-seq:H3K4me1,-0.001552363665288557,1.0,ChIP-seq:H3K4me1 x DNase-seq
CL:0000899,DNase-seq,ChIP-seq:H3K4me3,-0.03485610616761585,1.0,ChIP-seq:H3K4me3 x DNase-seq
CL:0000899,DNase-seq,ChIP-seq:H3K9me3,-0.039186276411742306,2.0,ChIP-seq:H3K9me3 x DNase-seq
CL:0000899,ChIP-seq:H3K27ac,DNase-seq,-0.09689023450093588,1.0,ChIP-seq:H3K27ac x DNase-seq
CL:0000899,ChIP-seq:H3K27ac,ChIP-seq:H3K27me3,0.012087580544510108,1.0,ChIP-seq:H3K27ac x ChIP-seq:H3K27me3
CL:0000899,ChIP-seq:H3K27ac,ChIP-seq:H3K36me3,0.20631842685754967,1.0,ChIP-seq:H3K27ac x ChIP-seq:H3K36me3
CL:0000899,ChIP-seq:H3K27ac,ChIP-seq:H3K4me1,0.13814301076142685,1.0,ChIP-seq:H3K27ac x ChIP-seq:H3K4me1
CL:0000899,ChIP-seq:H3K27ac,ChIP-seq:H3K4me3,0.2862554871758749,1.0,ChIP-seq:H3K27ac x ChIP-seq:H3K4me3
CL:0000899,ChIP-seq:H3K27ac,ChIP-seq:H3K9me3,0.039253199200951654,2.0,ChIP-seq:H3K27ac x ChIP-seq:H3K9me3
CL:0000899,ChIP-seq:H3K27me3,DNase-seq,-0.01627582997313502,1.0,ChIP-seq:H3K27me3 x DNase-seq
CL:0000899,ChIP-seq:H3K27me3,ChIP-seq:H3K27ac,0.0070465495005066015,1.0,ChIP-seq:H3K27ac x ChIP-seq:H3K27me3
CL:0000899,ChIP-seq:H3K27me3,ChIP-seq:H3K36me3,-0.06741707744421782,1.0,ChIP-seq:H3K27me3 x ChIP-seq:H3K36me3
CL:0000899,ChIP-seq:H3K27me3,ChIP-seq:H3K4me1,0.10350322723388672,1.0,ChIP-seq:H3K27me3 x ChIP-seq:H3K4me1
CL:0000899,ChIP-seq:H3K27me3,ChIP-seq:H3K4me3,-0.005987881505212118,1.0,ChIP-seq:H3K27me3 x ChIP-seq:H3K4me3
CL:0000899,ChIP-seq:H3K27me3,ChIP-seq:H3K9me3,0.10907317580801718,2.0,ChIP-seq:H3K27me3 x ChIP-seq:H3K9me3
CL:0000899,ChIP-seq:H3K36me3,DNase-seq,-0.04679010535535285,1.0,ChIP-seq:H3K36me3 x DNase-seq
CL:0000899,ChIP-seq:H3K36me3,ChIP-seq:H3K27ac,0.15263325454276283,1.0,ChIP-seq:H3K27ac x ChIP-seq:H3K36me3
CL:0000899,ChIP-seq:H3K36me3,ChIP-seq:H3K27me3,-0.07614049658008006,1.0,ChIP-seq:H3K27me3 x ChIP-seq:H3K36me3
CL:0000899,ChIP-seq:H3K36me3,ChIP-seq:H3K4me1,-0.04477780571450358,1.0,ChIP-seq:H3K36me3 x ChIP-seq:H3K4me1
CL:0000899,ChIP-seq:H3K36me3,ChIP-seq:H3K4me3,0.22149964446245238,1.0,ChIP-seq:H3K36me3 x ChIP-seq:H3K4me3
CL:0000899,ChIP-seq:H3K36me3,ChIP-seq:H3K9me3,0.14378934880990663,2.0,ChIP-seq:H3K36me3 x ChIP-seq:H3K9me3
CL:0000899,ChIP-seq:H3K4me1,DNase-seq,-0.02366810439425044,1.0,ChIP-seq:H3K4me1 x DNase-seq
CL:0000899,ChIP-seq:H3K4me1,ChIP-seq:H3K27ac,0.12090894175164493,1.0,ChIP-seq:H3K27ac x ChIP-seq:H3K4me1
CL:0000899,ChIP-seq:H3K4me1,ChIP-seq:H3K27me3,0.07715688765734091,1.0,ChIP-seq:H3K27me3 x ChIP-seq:H3K4me1
CL:0000899,ChIP-seq:H3K4me1,ChIP-seq:H3K36me3,-0.06398856809372624,1.0,ChIP-seq:H3K36me3 x ChIP-seq:H3K4me1
CL:0000899,ChIP-seq:H3K4me1,ChIP-seq:H3K4me3,0.08163005141324775,1.0,ChIP-seq:H3K4me1 x ChIP-seq:H3K4me3
CL:0000899,ChIP-seq:H3K4me1,ChIP-seq:H3K9me3,0.09382371972785908,2.0,ChIP-seq:H3K4me1 x ChIP-seq:H3K9me3
CL:0000899,ChIP-seq:H3K4me3,DNase-seq,-0.09658586032746078,1.0,ChIP-seq:H3K4me3 x DNase-seq
CL:0000899,ChIP-seq:H3K4me3,ChIP-seq:H3K27ac,0.3565464814503988,1.0,ChIP-seq:H3K27ac x ChIP-seq:H3K4me3
CL:0000899,ChIP-seq:H3K4me3,ChIP-seq:H3K27me3,-0.024915536929821146,1.0,ChIP-seq:H3K27me3 x ChIP-seq:H3K4me3
CL:0000899,ChIP-seq:H3K4me3,ChIP-seq:H3K36me3,0.31757778323516644,1.0,ChIP-seq:H3K36me3 x ChIP-seq:H3K4me3
CL:0000899,ChIP-seq:H3K4me3,ChIP-seq:H3K4me1,0.06455003178637961,1.0,ChIP-seq:H3K4me1 x ChIP-seq:H3K4me3
CL:0000899,ChIP-seq:H3K4me3,ChIP-seq:H3K9me3,0.1165232008762574,2.0,ChIP-seq:H3K4me3 x ChIP-seq:H3K9me3
CL:0000899,ChIP-seq:H3K9me3,DNase-seq,-0.02226467878775609,2.0,ChIP-seq:H3K9me3 x DNase-seq
CL:0000899,ChIP-seq:H3K9me3,ChIP-seq:H3K27ac,0.04096663789248761,2.0,ChIP-seq:H3K27ac x ChIP-seq:H3K9me3
CL:0000899,ChIP-seq:H3K9me3,ChIP-seq:H3K27me3,0.06977718417671905,2.0,ChIP-seq:H3K27me3 x ChIP-seq:H3K9me3
CL:0000899,ChIP-seq:H3K9me3,ChIP-seq:H3K36me3,0.1287855889904436,2.0,ChIP-seq:H3K36me3 x ChIP-seq:H3K9me3
CL:0000899,ChIP-seq:H3K9me3,ChIP-seq:H3K4me1,0.08859581467897995,2.0,ChIP-seq:H3K4me1 x ChIP-seq:H3K9me3
CL:0000899,ChIP-seq:H3K9me3,ChIP-seq:H3K4me3,0.1276696374250013,2.0,ChIP-seq:H3K4me3 x ChIP-seq:H3K9me3
CL:0000127,ChIP-seq:H3K27ac,ChIP-seq:H3K4me3,0.16422419825265575,1.0,ChIP-seq:H3K27ac x ChIP-seq:H3K4me3
CL:0000127,ChIP-seq:H3K27ac,ChIP-seq:H3K9ac,0.4634642481803894,1.0,ChIP-seq:H3K27ac x ChIP-seq:H3K9ac
CL:0000127,ChIP-seq:H3K27ac,ChIP-seq:CTCF,0.022421821771026813,1.0,ChIP-seq:CTCF x ChIP-seq:H3K27ac
CL:0000127,ChIP-seq:H3K27ac,RNA-seq,0.019568850314659034,2.0,ChIP-seq:H3K27ac x RNA-seq
CL:0000127,ChIP-seq:H3K4me3,ChIP-seq:H3K27ac,0.18908686843919165,1.0,ChIP-seq:H3K27ac x ChIP-seq:H3K4me3
CL:0000127,ChIP-seq:H3K4me3,ChIP-seq:H3K9ac,0.3902259874343872,1.0,ChIP-seq:H3K4me3 x ChIP-seq:H3K9ac
CL:0000127,ChIP-seq:H3K4me3,ChIP-seq:CTCF,0.031298455827444505,1.0,ChIP-seq:CTCF x ChIP-seq:H3K4me3
CL:0000127,ChIP-seq:H3K4me3,RNA-seq,0.015052966782234313,2.0,ChIP-seq:H3K4me3 x RNA-seq
CL:0000127,ChIP-seq:H3K9ac,ChIP-seq:H3K27ac,0.47285942015824495,1.0,ChIP-seq:H3K27ac x ChIP-seq:H3K9ac
CL:0000127,ChIP-seq:H3K9ac,ChIP-seq:H3K4me3,0.35676508559737097,1.0,ChIP-seq:H3K4me3 x ChIP-seq:H3K9ac
CL:0000127,ChIP-seq:H3K9ac,ChIP-seq:CTCF,0.01599467390225929,1.0,ChIP-seq:CTCF x ChIP-seq:H3K9ac
CL:0000127,ChIP-seq:H3K9ac,RNA-seq,0.01732223575162664,2.0,ChIP-seq:H3K9ac x RNA-seq
CL:0000127,ChIP-seq:CTCF,ChIP-seq:H3K27ac,0.021459693939965448,1.0,ChIP-seq:CTCF x ChIP-seq:H3K27ac
CL:0000127,ChIP-seq:CTCF,ChIP-seq:H3K4me3,0.04089517101298931,1.0,ChIP-seq:CTCF x ChIP-seq:H3K4me3
CL:0000127,ChIP-seq:CTCF,ChIP-seq:H3K9ac,0.0027527089416980732,1.0,ChIP-seq:CTCF x ChIP-seq:H3K9ac
CL:0000127,ChIP-seq:CTCF,RNA-seq,-0.00905160925108983,2.0,ChIP-seq:CTCF x RNA-seq
CL:0000127,RNA-seq,ChIP-seq:H3K27ac,0.009889307167427041,2.0,ChIP-seq:H3K27ac x RNA-seq
CL:0000127,RNA-seq,ChIP-seq:H3K4me3,0.020561950827060745,2.0,ChIP-seq:H3K4me3 x RNA-seq
CL:0000127,RNA-seq,ChIP-seq:H3K9ac,0.025519273579120635,2.0,ChIP-seq:H3K9ac x RNA-seq
CL:0000127,RNA-seq,ChIP-seq:CTCF,-3.768183128202967e-05,2.0,ChIP-seq:CTCF x RNA-seq
CL:0002328,ChIP-seq:H3K27me3,ChIP-seq:H3K36me3,-0.026295457941987524,1.0,ChIP-seq:H3K27me3 x ChIP-seq:H3K36me3
CL:0002328,ChIP-seq:H3K27me3,ChIP-seq:H3K4me3,-0.06766642815498419,1.0,ChIP-seq:H3K27me3 x ChIP-seq:H3K4me3
CL:0002328,ChIP-seq:H3K27me3,RNA-seq,-0.03652996199960173,2.0,ChIP-seq:H3K27me3 x RNA-seq
CL:0002328,ChIP-seq:H3K36me3,ChIP-seq:H3K27me3,-0.001660576197265208,1.0,ChIP-seq:H3K27me3 x ChIP-seq:H3K36me3
CL:0002328,ChIP-seq:H3K36me3,ChIP-seq:H3K4me3,-0.017432855381522068,1.0,ChIP-seq:H3K36me3 x ChIP-seq:H3K4me3
CL:0002328,ChIP-seq:H3K36me3,RNA-seq,0.04902531344452284,2.0,ChIP-seq:H3K36me3 x RNA-seq
CL:0002328,ChIP-seq:H3K4me3,ChIP-seq:H3K27me3,-0.07340336561031725,1.0,ChIP-seq:H3K27me3 x ChIP-seq:H3K4me3
CL:0002328,ChIP-seq:H3K4me3,ChIP-seq:H3K36me3,-0.012715927270985155,1.0,ChIP-seq:H3K36me3 x ChIP-seq:H3K4me3
CL:0002328,ChIP-seq:H3K4me3,RNA-seq,0.008339486283357025,2.0,ChIP-seq:H3K4me3 x RNA-seq
CL:0002328,RNA-seq,ChIP-seq:H3K27me3,-0.02249368554216692,2.0,ChIP-seq:H3K27me3 x RNA-seq
CL:0002328,RNA-seq,ChIP-seq:H3K36me3,0.04381991769113238,2.0,ChIP-seq:H3K36me3 x RNA-seq
CL:0002328,RNA-seq,ChIP-seq:H3K4me3,0.006490019137083098,2.0,ChIP-seq:H3K4me3 x RNA-seq
CL:0002548,DNase-seq,ChIP-seq:CTCF,0.004612903861166202,1.0,ChIP-seq:CTCF x DNase-seq
CL:0002548,ChIP-seq:CTCF,DNase-seq,0.0032559995632858094,1.0,ChIP-seq:CTCF x DNase-seq
CL:0001059,DNase-seq,ChIP-seq:H3K27ac,0.04398735225166997,22.0,ChIP-seq:H3K27ac x DNase-seq
CL:0001059,DNase-seq,ChIP-seq:H3K27me3,-0.04304152518719226,66.0,ChIP-seq:H3K27me3 x DNase-seq
CL:0001059,DNase-seq,ChIP-seq:H3K36me3,-0.060629487096238194,55.0,ChIP-seq:H3K36me3 x DNase-seq
CL:0001059,DNase-seq,ChIP-seq:H3K4me1,-0.11160823744956894,55.0,ChIP-seq:H3K4me1 x DNase-seq
CL:0001059,DNase-seq,ChIP-seq:H3K4me3,-0.00010372880217315861,66.0,ChIP-seq:H3K4me3 x DNase-seq
CL:0001059,DNase-seq,ChIP-seq:H3K9me3,-0.02792253085545131,55.0,ChIP-seq:H3K9me3 x DNase-seq
CL:0001059,DNase-seq,polyA plus RNA-seq,-0.00163124395268304,11.0,DNase-seq x polyA plus RNA-seq
CL:0001059,ChIP-seq:H3K27ac,DNase-seq,0.004204417453106138,22.0,ChIP-seq:H3K27ac x DNase-seq
CL:0001059,ChIP-seq:H3K27ac,ChIP-seq:H3K27me3,-0.03057601837775646,12.0,ChIP-seq:H3K27ac x ChIP-seq:H3K27me3
CL:0001059,ChIP-seq:H3K27ac,ChIP-seq:H3K36me3,-0.03320934313374597,10.0,ChIP-seq:H3K27ac x ChIP-seq:H3K36me3
CL:0001059,ChIP-seq:H3K27ac,ChIP-seq:H3K4me1,0.078422611951828,10.0,ChIP-seq:H3K27ac x ChIP-seq:H3K4me1
CL:0001059,ChIP-seq:H3K27ac,ChIP-seq:H3K4me3,0.1951749801635742,12.0,ChIP-seq:H3K27ac x ChIP-seq:H3K4me3
CL:0001059,ChIP-seq:H3K27ac,ChIP-seq:H3K9me3,-0.04391297893864768,10.0,ChIP-seq:H3K27ac x ChIP-seq:H3K9me3
CL:0001059,ChIP-seq:H3K27ac,polyA plus RNA-seq,0.05271578601428441,2.0,ChIP-seq:H3K27ac x polyA plus RNA-seq
CL:0001059,ChIP-seq:H3K27me3,DNase-seq,-0.02799124551675317,66.0,ChIP-seq:H3K27me3 x DNase-seq
CL:0001059,ChIP-seq:H3K27me3,ChIP-seq:H3K27ac,-0.007561911537657121,12.0,ChIP-seq:H3K27ac x ChIP-seq:H3K27me3
CL:0001059,ChIP-seq:H3K27me3,ChIP-seq:H3K36me3,-0.050953031176919336,30.0,ChIP-seq:H3K27me3 x ChIP-seq:H3K36me3
CL:0001059,ChIP-seq:H3K27me3,ChIP-seq:H3K4me1,-0.08078147040473091,30.0,ChIP-seq:H3K27me3 x ChIP-seq:H3K4me1
CL:0001059,ChIP-seq:H3K27me3,ChIP-seq:H3K4me3,-0.059826890627543136,36.0,ChIP-seq:H3K27me3 x ChIP-seq:H3K4me3
CL:0001059,ChIP-seq:H3K27me3,ChIP-seq:H3K9me3,0.14150164195469447,30.0,ChIP-seq:H3K27me3 x ChIP-seq:H3K9me3
CL:0001059,ChIP-seq:H3K27me3,polyA plus RNA-seq,-0.06977020771730513,6.0,ChIP-seq:H3K27me3 x polyA plus RNA-seq
CL:0001059,ChIP-seq:H3K36me3,DNase-seq,-0.037014238106372346,55.0,ChIP-seq:H3K36me3 x DNase-seq
CL:0001059,ChIP-seq:H3K36me3,ChIP-seq:H3K27ac,-0.012979842287413083,10.0,ChIP-seq:H3K27ac x ChIP-seq:H3K36me3
CL:0001059,ChIP-seq:H3K36me3,ChIP-seq:H3K27me3,-0.051727907415442684,30.0,ChIP-seq:H3K27me3 x ChIP-seq:H3K36me3
CL:0001059,ChIP-seq:H3K36me3,ChIP-seq:H3K4me1,-0.07952850818634033,25.0,ChIP-seq:H3K36me3 x ChIP-seq:H3K4me1
CL:0001059,ChIP-seq:H3K36me3,ChIP-seq:H3K4me3,-0.0014992099148886558,30.0,ChIP-seq:H3K36me3 x ChIP-seq:H3K4me3
CL:0001059,ChIP-seq:H3K36me3,ChIP-seq:H3K9me3,0.13140476444789342,25.0,ChIP-seq:H3K36me3 x ChIP-seq:H3K9me3
CL:0001059,ChIP-seq:H3K36me3,polyA plus RNA-seq,0.0955464837210519,5.0,ChIP-seq:H3K36me3 x polyA plus RNA-seq
CL:0001059,ChIP-seq:H3K4me1,DNase-seq,-0.12479030602725755,55.0,ChIP-seq:H3K4me1 x DNase-seq
CL:0001059,ChIP-seq:H3K4me1,ChIP-seq:H3K27ac,0.06946783095413113,10.0,ChIP-seq:H3K27ac x ChIP-seq:H3K4me1
CL:0001059,ChIP-seq:H3K4me1,ChIP-seq:H3K27me3,-0.08486225590903378,30.0,ChIP-seq:H3K27me3 x ChIP-seq:H3K4me1
CL:0001059,ChIP-seq:H3K4me1,ChIP-seq:H3K36me3,-0.07329348654360385,25.0,ChIP-seq:H3K36me3 x ChIP-seq:H3K4me1
CL:0001059,ChIP-seq:H3K4me1,ChIP-seq:H3K4me3,0.07172914050874256,30.0,ChIP-seq:H3K4me1 x ChIP-seq:H3K4me3
CL:0001059,ChIP-seq:H3K4me1,ChIP-seq:H3K9me3,-0.056138880320957735,25.0,ChIP-seq:H3K4me1 x ChIP-seq:H3K9me3
CL:0001059,ChIP-seq:H3K4me1,polyA plus RNA-seq,0.03203077534266881,5.0,ChIP-seq:H3K4me1 x polyA plus RNA-seq
CL:0001059,ChIP-seq:H3K4me3,DNase-seq,-0.06468146625273878,66.0,ChIP-seq:H3K4me3 x DNase-seq
CL:0001059,ChIP-seq:H3K4me3,ChIP-seq:H3K27ac,0.2047939043854581,12.0,ChIP-seq:H3K27ac x ChIP-seq:H3K4me3
CL:0001059,ChIP-seq:H3K4me3,ChIP-seq:H3K27me3,-0.07798470500893377,36.0,ChIP-seq:H3K27me3 x ChIP-seq:H3K4me3
CL:0001059,ChIP-seq:H3K4me3,ChIP-seq:H3K36me3,-0.024667616309346378,30.0,ChIP-seq:H3K36me3 x ChIP-seq:H3K4me3
CL:0001059,ChIP-seq:H3K4me3,ChIP-seq:H3K4me1,0.06992507687321416,30.0,ChIP-seq:H3K4me1 x ChIP-seq:H3K4me3
CL:0001059,ChIP-seq:H3K4me3,ChIP-seq:H3K9me3,0.012828222172600883,30.0,ChIP-seq:H3K4me3 x ChIP-seq:H3K9me3
CL:0001059,ChIP-seq:H3K4me3,polyA plus RNA-seq,0.05698518196741739,6.0,ChIP-seq:H3K4me3 x polyA plus RNA-seq
CL:0001059,ChIP-seq:H3K9me3,DNase-seq,-0.01603035455586156,55.0,ChIP-seq:H3K9me3 x DNase-seq
CL:0001059,ChIP-seq:H3K9me3,ChIP-seq:H3K27ac,-0.025340709534491072,10.0,ChIP-seq:H3K27ac x ChIP-seq:H3K9me3
CL:0001059,ChIP-seq:H3K9me3,ChIP-seq:H3K27me3,0.13557418450801328,30.0,ChIP-seq:H3K27me3 x ChIP-seq:H3K9me3
CL:0001059,ChIP-seq:H3K9me3,ChIP-seq:H3K36me3,0.12510622900885504,25.0,ChIP-seq:H3K36me3 x ChIP-seq:H3K9me3
CL:0001059,ChIP-seq:H3K9me3,ChIP-seq:H3K4me1,-0.049852995342678494,25.0,ChIP-seq:H3K4me1 x ChIP-seq:H3K9me3
CL:0001059,ChIP-seq:H3K9me3,ChIP-seq:H3K4me3,0.022533957390558152,30.0,ChIP-seq:H3K4me3 x ChIP-seq:H3K9me3
CL:0001059,ChIP-seq:H3K9me3,polyA plus RNA-seq,-0.02233090249981199,5.0,ChIP-seq:H3K9me3 x polyA plus RNA-seq
CL:0001059,polyA plus RNA-seq,DNase-seq,-0.0002814626813106441,11.0,DNase-seq x polyA plus RNA-seq
CL:0001059,polyA plus RNA-seq,ChIP-seq:H3K27ac,0.042691933257239204,2.0,ChIP-seq:H3K27ac x polyA plus RNA-seq
CL:0001059,polyA plus RNA-seq,ChIP-seq:H3K27me3,-0.06780585984624113,6.0,ChIP-seq:H3K27me3 x polyA plus RNA-seq
CL:0001059,polyA plus RNA-seq,ChIP-seq:H3K36me3,0.08851377126332875,5.0,ChIP-seq:H3K36me3 x polyA plus RNA-seq
CL:0001059,polyA plus RNA-seq,ChIP-seq:H3K4me1,0.015043674574957956,5.0,ChIP-seq:H3K4me1 x polyA plus RNA-seq
CL:0001059,polyA plus RNA-seq,ChIP-seq:H3K4me3,0.03608715590976533,6.0,ChIP-seq:H3K4me3 x polyA plus RNA-seq
CL:0001059,polyA plus RNA-seq,ChIP-seq:H3K9me3,-0.018709658341748373,5.0,ChIP-seq:H3K9me3 x polyA plus RNA-seq
CL:0000905,ChIP-seq:H3K27ac,ChIP-seq:H3K27me3,0.0412424073137086,1.0,ChIP-seq:H3K27ac x ChIP-seq:H3K27me3
CL:0000905,ChIP-seq:H3K27ac,ChIP-seq:H3K36me3,0.07793226853880302,1.0,ChIP-seq:H3K27ac x ChIP-seq:H3K36me3
CL:0000905,ChIP-seq:H3K27ac,ChIP-seq:H3K4me1,0.01680587021552998,1.0,ChIP-seq:H3K27ac x ChIP-seq:H3K4me1
CL:0000905,ChIP-seq:H3K27ac,ChIP-seq:H3K4me3,0.13981612310853114,1.0,ChIP-seq:H3K27ac x ChIP-seq:H3K4me3
CL:0000905,ChIP-seq:H3K27ac,ChIP-seq:H3K9me3,0.028663209509416664,1.0,ChIP-seq:H3K27ac x ChIP-seq:H3K9me3
CL:0000905,ChIP-seq:H3K27me3,ChIP-seq:H3K27ac,0.019945796625113782,1.0,ChIP-seq:H3K27ac x ChIP-seq:H3K27me3
CL:0000905,ChIP-seq:H3K27me3,ChIP-seq:H3K36me3,0.036293439685352265,1.0,ChIP-seq:H3K27me3 x ChIP-seq:H3K36me3
CL:0000905,ChIP-seq:H3K27me3,ChIP-seq:H3K4me1,0.1740692348583885,1.0,ChIP-seq:H3K27me3 x ChIP-seq:H3K4me1
CL:0000905,ChIP-seq:H3K27me3,ChIP-seq:H3K4me3,-0.02683121612252191,1.0,ChIP-seq:H3K27me3 x ChIP-seq:H3K4me3
CL:0000905,ChIP-seq:H3K27me3,ChIP-seq:H3K9me3,0.04713018937816833,1.0,ChIP-seq:H3K27me3 x ChIP-seq:H3K9me3
CL:0000905,ChIP-seq:H3K36me3,ChIP-seq:H3K27ac,0.04882293350902604,1.0,ChIP-seq:H3K27ac x ChIP-seq:H3K36me3
CL:0000905,ChIP-seq:H3K36me3,ChIP-seq:H3K27me3,0.027385779667174683,1.0,ChIP-seq:H3K27me3 x ChIP-seq:H3K36me3
CL:0000905,ChIP-seq:H3K36me3,ChIP-seq:H3K4me1,0.01721523977492167,1.0,ChIP-seq:H3K36me3 x ChIP-seq:H3K4me1
CL:0000905,ChIP-seq:H3K36me3,ChIP-seq:H3K4me3,0.075804271150467,1.0,ChIP-seq:H3K36me3 x ChIP-seq:H3K4me3
CL:0000905,ChIP-seq:H3K36me3,ChIP-seq:H3K9me3,0.11809617314258768,1.0,ChIP-seq:H3K36me3 x ChIP-seq:H3K9me3
CL:0000905,ChIP-seq:H3K4me1,ChIP-seq:H3K27ac,-0.014205294396774266,1.0,ChIP-seq:H3K27ac x ChIP-seq:H3K4me1
CL:0000905,ChIP-seq:H3K4me1,ChIP-seq:H3K27me3,0.17200492476594859,1.0,ChIP-seq:H3K27me3 x ChIP-seq:H3K4me1
CL:0000905,ChIP-seq:H3K4me1,ChIP-seq:H3K36me3,0.008973656015263662,1.0,ChIP-seq:H3K36me3 x ChIP-seq:H3K4me1
CL:0000905,ChIP-seq:H3K4me1,ChIP-seq:H3K4me3,0.05213288942048716,1.0,ChIP-seq:H3K4me1 x ChIP-seq:H3K4me3
CL:0000905,ChIP-seq:H3K4me1,ChIP-seq:H3K9me3,0.07795674516169053,1.0,ChIP-seq:H3K4me1 x ChIP-seq:H3K9me3
CL:0000905,ChIP-seq:H3K4me3,ChIP-seq:H3K27ac,0.1739308723696956,1.0,ChIP-seq:H3K27ac x ChIP-seq:H3K4me3
CL:0000905,ChIP-seq:H3K4me3,ChIP-seq:H3K27me3,-0.014158013437328667,1.0,ChIP-seq:H3K27me3 x ChIP-seq:H3K4me3
CL:0000905,ChIP-seq:H3K4me3,ChIP-seq:H3K36me3,0.0938291738509501,1.0,ChIP-seq:H3K36me3 x ChIP-seq:H3K4me3
CL:0000905,ChIP-seq:H3K4me3,ChIP-seq:H3K4me1,0.06745455446450607,1.0,ChIP-seq:H3K4me1 x ChIP-seq:H3K4me3
CL:0000905,ChIP-seq:H3K4me3,ChIP-seq:H3K9me3,0.10451865903825067,1.0,ChIP-seq:H3K4me3 x ChIP-seq:H3K9me3
CL:0000905,ChIP-seq:H3K9me3,ChIP-seq:H3K27ac,0.024198215546799295,1.0,ChIP-seq:H3K27ac x ChIP-seq:H3K9me3
CL:0000905,ChIP-seq:H3K9me3,ChIP-seq:H3K27me3,0.03255357259306414,1.0,ChIP-seq:H3K27me3 x ChIP-seq:H3K9me3
CL:0000905,ChIP-seq:H3K9me3,ChIP-seq:H3K36me3,0.1259515676548872,1.0,ChIP-seq:H3K36me3 x ChIP-seq:H3K9me3
CL:0000905,ChIP-seq:H3K9me3,ChIP-seq:H3K4me1,0.06739220217518185,1.0,ChIP-seq:H3K4me1 x ChIP-seq:H3K9me3
CL:0000905,ChIP-seq:H3K9me3,ChIP-seq:H3K4me3,0.10842902390069739,1.0,ChIP-seq:H3K4me3 x ChIP-seq:H3K9me3
CL:0002618,DNase-seq,ChIP-seq:H3K27ac,0.11900652705887219,1.0,ChIP-seq:H3K27ac x DNase-seq
CL:0002618,DNase-seq,ChIP-seq:H3K27me3,-0.05754517259969877,2.0,ChIP-seq:H3K27me3 x DNase-seq
CL:0002618,DNase-seq,ChIP-seq:H3K36me3,-0.10311041993123514,1.0,ChIP-seq:H3K36me3 x DNase-seq
CL:0002618,DNase-seq,ChIP-seq:H3K4me3,-0.0063002518085246845,3.0,ChIP-seq:H3K4me3 x DNase-seq
CL:0002618,DNase-seq,ChIP-seq:H3K9me3,-0.088163622556119,1.0,ChIP-seq:H3K9me3 x DNase-seq
CL:0002618,DNase-seq,ChIP-seq:CTCF,0.044108079764449484,1.0,ChIP-seq:CTCF x DNase-seq
CL:0002618,DNase-seq,polyA plus RNA-seq,-0.010311884010395808,9.0,DNase-seq x polyA plus RNA-seq
CL:0002618,DNase-seq,RNA-seq,-0.01284314621353317,2.0,DNase-seq x RNA-seq
CL:0002618,DNase-seq,ChIP-seq:POLR2A,0.2595399534493162,1.0,ChIP-seq:POLR2A x DNase-seq
CL:0002618,DNase-seq,ChIP-seq:POLR2AphosphoS5,0.4048572614275176,1.0,ChIP-seq:POLR2AphosphoS5 x DNase-seq
CL:0002618,ChIP-seq:H3K27ac,DNase-seq,0.11896718421754617,1.0,ChIP-seq:H3K27ac x DNase-seq
CL:0002618,ChIP-seq:H3K27ac,ChIP-seq:H3K27me3,-0.09162078995925153,2.0,ChIP-seq:H3K27ac x ChIP-seq:H3K27me3
CL:0002618,ChIP-seq:H3K27ac,ChIP-seq:H3K36me3,-0.10694129536391567,1.0,ChIP-seq:H3K27ac x ChIP-seq:H3K36me3
CL:0002618,ChIP-seq:H3K27ac,ChIP-seq:H3K4me3,0.22966905211059138,3.0,ChIP-seq:H3K27ac x ChIP-seq:H3K4me3
CL:0002618,ChIP-seq:H3K27ac,ChIP-seq:H3K9me3,-0.02271687822135467,1.0,ChIP-seq:H3K27ac x ChIP-seq:H3K9me3
CL:0002618,ChIP-seq:H3K27ac,ChIP-seq:CTCF,0.04378053737641538,1.0,ChIP-seq:CTCF x ChIP-seq:H3K27ac
CL:0002618,ChIP-seq:H3K27ac,polyA plus RNA-seq,0.011484558296482464,9.0,ChIP-seq:H3K27ac x polyA plus RNA-seq
CL:0002618,ChIP-seq:H3K27ac,RNA-seq,0.03994382381334517,2.0,ChIP-seq:H3K27ac x RNA-seq
CL:0002618,ChIP-seq:H3K27ac,ChIP-seq:POLR2A,0.2074737967106334,1.0,ChIP-seq:H3K27ac x ChIP-seq:POLR2A
CL:0002618,ChIP-seq:H3K27ac,ChIP-seq:POLR2AphosphoS5,0.15937761088897442,1.0,ChIP-seq:H3K27ac x ChIP-seq:POLR2AphosphoS5
CL:0002618,ChIP-seq:H3K27me3,DNase-seq,-0.03961030188900033,2.0,ChIP-seq:H3K27me3 x DNase-seq
CL:0002618,ChIP-seq:H3K27me3,ChIP-seq:H3K27ac,-0.09066209509784792,2.0,ChIP-seq:H3K27ac x ChIP-seq:H3K27me3
CL:0002618,ChIP-seq:H3K27me3,ChIP-seq:H3K36me3,-0.02636208227052102,2.0,ChIP-seq:H3K27me3 x ChIP-seq:H3K36me3
CL:0002618,ChIP-seq:H3K27me3,ChIP-seq:H3K4me3,-0.02530494514205646,6.0,ChIP-seq:H3K27me3 x ChIP-seq:H3K4me3
CL:0002618,ChIP-seq:H3K27me3,ChIP-seq:H3K9me3,0.00459590462665984,2.0,ChIP-seq:H3K27me3 x ChIP-seq:H3K9me3
CL:0002618,ChIP-seq:H3K27me3,ChIP-seq:CTCF,-0.005496468810925206,2.0,ChIP-seq:CTCF x ChIP-seq:H3K27me3
CL:0002618,ChIP-seq:H3K27me3,polyA plus RNA-seq,-0.028285783285285998,18.0,ChIP-seq:H3K27me3 x polyA plus RNA-seq
CL:0002618,ChIP-seq:H3K27me3,RNA-seq,-0.04327949562243053,4.0,ChIP-seq:H3K27me3 x RNA-seq
CL:0002618,ChIP-seq:H3K27me3,ChIP-seq:POLR2A,-0.05747148891290029,2.0,ChIP-seq:H3K27me3 x ChIP-seq:POLR2A
CL:0002618,ChIP-seq:H3K27me3,ChIP-seq:POLR2AphosphoS5,-0.048827919209825585,2.0,ChIP-seq:H3K27me3 x ChIP-seq:POLR2AphosphoS5
CL:0002618,ChIP-seq:H3K36me3,DNase-seq,-0.08194382082680504,1.0,ChIP-seq:H3K36me3 x DNase-seq
CL:0002618,ChIP-seq:H3K36me3,ChIP-seq:H3K27ac,-0.1084936997036875,1.0,ChIP-seq:H3K27ac x ChIP-seq:H3K36me3
CL:0002618,ChIP-seq:H3K36me3,ChIP-seq:H3K27me3,-0.041224947936746775,2.0,ChIP-seq:H3K27me3 x ChIP-seq:H3K36me3
CL:0002618,ChIP-seq:H3K36me3,ChIP-seq:H3K4me3,-0.009720794891527561,3.0,ChIP-seq:H3K36me3 x ChIP-seq:H3K4me3
CL:0002618,ChIP-seq:H3K36me3,ChIP-seq:H3K9me3,0.06538491596223256,1.0,ChIP-seq:H3K36me3 x ChIP-seq:H3K9me3
CL:0002618,ChIP-seq:H3K36me3,ChIP-seq:CTCF,-0.0052299449690482,1.0,ChIP-seq:CTCF x ChIP-seq:H3K36me3
CL:0002618,ChIP-seq:H3K36me3,polyA plus RNA-seq,0.049960037072499595,9.0,ChIP-seq:H3K36me3 x polyA plus RNA-seq
CL:0002618,ChIP-seq:H3K36me3,RNA-seq,0.1035669994577591,2.0,ChIP-seq:H3K36me3 x RNA-seq
CL:0002618,ChIP-seq:H3K36me3,ChIP-seq:POLR2A,0.037198511033988836,1.0,ChIP-seq:H3K36me3 x ChIP-seq:POLR2A
CL:0002618,ChIP-seq:H3K36me3,ChIP-seq:POLR2AphosphoS5,0.02792470516829655,1.0,ChIP-seq:H3K36me3 x ChIP-seq:POLR2AphosphoS5
CL:0002618,ChIP-seq:H3K4me3,DNase-seq,0.008134608914327102,3.0,ChIP-seq:H3K4me3 x DNase-seq
CL:0002618,ChIP-seq:H3K4me3,ChIP-seq:H3K27ac,0.21102949572198182,3.0,ChIP-seq:H3K27ac x ChIP-seq:H3K4me3
CL:0002618,ChIP-seq:H3K4me3,ChIP-seq:H3K27me3,-0.04401037919555785,6.0,ChIP-seq:H3K27me3 x ChIP-seq:H3K4me3
CL:0002618,ChIP-seq:H3K4me3,ChIP-seq:H3K36me3,-0.03007457311375221,3.0,ChIP-seq:H3K36me3 x ChIP-seq:H3K4me3
CL:0002618,ChIP-seq:H3K4me3,ChIP-seq:H3K9me3,0.04975505242578589,3.0,ChIP-seq:H3K4me3 x ChIP-seq:H3K9me3
CL:0002618,ChIP-seq:H3K4me3,ChIP-seq:CTCF,0.038035893131614124,3.0,ChIP-seq:CTCF x ChIP-seq:H3K4me3
CL:0002618,ChIP-seq:H3K4me3,polyA plus RNA-seq,0.002841043542003076,27.0,ChIP-seq:H3K4me3 x polyA plus RNA-seq
CL:0002618,ChIP-seq:H3K4me3,RNA-seq,0.023465739189415215,6.0,ChIP-seq:H3K4me3 x RNA-seq
CL:0002618,ChIP-seq:H3K4me3,ChIP-seq:POLR2A,0.12927095165029603,3.0,ChIP-seq:H3K4me3 x ChIP-seq:POLR2A
CL:0002618,ChIP-seq:H3K4me3,ChIP-seq:POLR2AphosphoS5,0.05515904399170271,3.0,ChIP-seq:H3K4me3 x ChIP-seq:POLR2AphosphoS5
CL:0002618,ChIP-seq:H3K79me2,DNase-seq,-0.07939745951204497,1.0,ChIP-seq:H3K79me2 x DNase-seq
CL:0002618,ChIP-seq:H3K79me2,ChIP-seq:H3K27ac,0.02144070926271839,1.0,ChIP-seq:H3K27ac x ChIP-seq:H3K79me2
CL:0002618,ChIP-seq:H3K79me2,ChIP-seq:H3K27me3,-0.05293309195451654,2.0,ChIP-seq:H3K27me3 x ChIP-seq:H3K79me2
CL:0002618,ChIP-seq:H3K79me2,ChIP-seq:H3K36me3,0.13859384116672335,1.0,ChIP-seq:H3K36me3 x ChIP-seq:H3K79me2
CL:0002618,ChIP-seq:H3K79me2,ChIP-seq:H3K4me3,0.11045984483100998,3.0,ChIP-seq:H3K4me3 x ChIP-seq:H3K79me2
CL:0002618,ChIP-seq:H3K79me2,ChIP-seq:H3K9me3,0.0535325128272925,1.0,ChIP-seq:H3K79me2 x ChIP-seq:H3K9me3
CL:0002618,ChIP-seq:H3K79me2,ChIP-seq:CTCF,0.021765743300897405,1.0,ChIP-seq:CTCF x ChIP-seq:H3K79me2
CL:0002618,ChIP-seq:H3K79me2,polyA plus RNA-seq,0.04731356539921454,9.0,ChIP-seq:H3K79me2 x polyA plus RNA-seq
CL:0002618,ChIP-seq:H3K79me2,RNA-seq,0.12154017224803183,2.0,ChIP-seq:H3K79me2 x RNA-seq
CL:0002618,ChIP-seq:H3K79me2,ChIP-seq:POLR2A,0.06976749800276338,1.0,ChIP-seq:H3K79me2 x ChIP-seq:POLR2A
CL:0002618,ChIP-seq:H3K79me2,ChIP-seq:POLR2AphosphoS5,0.01105346504984231,1.0,ChIP-seq:H3K79me2 x ChIP-seq:POLR2AphosphoS5
CL:0002618,ChIP-seq:H3K9me3,DNase-seq,-0.06408836267371411,1.0,ChIP-seq:H3K9me3 x DNase-seq
CL:0002618,ChIP-seq:H3K9me3,ChIP-seq:H3K27ac,-0.02337723998007951,1.0,ChIP-seq:H3K27ac x ChIP-seq:H3K9me3
CL:0002618,ChIP-seq:H3K9me3,ChIP-seq:H3K27me3,0.01569084323555059,2.0,ChIP-seq:H3K27me3 x ChIP-seq:H3K9me3
CL:0002618,ChIP-seq:H3K9me3,ChIP-seq:H3K36me3,0.06324563467155689,1.0,ChIP-seq:H3K36me3 x ChIP-seq:H3K9me3
CL:0002618,ChIP-seq:H3K9me3,ChIP-seq:H3K4me3,0.06741152556849198,3.0,ChIP-seq:H3K4me3 x ChIP-seq:H3K9me3
CL:0002618,ChIP-seq:H3K9me3,ChIP-seq:CTCF,0.01877185910289149,1.0,ChIP-seq:CTCF x ChIP-seq:H3K9me3
CL:0002618,ChIP-seq:H3K9me3,polyA plus RNA-seq,-0.03578118343799435,9.0,ChIP-seq:H3K9me3 x polyA plus RNA-seq
CL:0002618,ChIP-seq:H3K9me3,RNA-seq,-0.046836062829583816,2.0,ChIP-seq:H3K9me3 x RNA-seq
CL:0002618,ChIP-seq:H3K9me3,ChIP-seq:POLR2A,-0.03957957833221084,1.0,ChIP-seq:H3K9me3 x ChIP-seq:POLR2A
CL:0002618,ChIP-seq:H3K9me3,ChIP-seq:POLR2AphosphoS5,-0.07585586890064437,1.0,ChIP-seq:H3K9me3 x ChIP-seq:POLR2AphosphoS5
CL:0002618,ChIP-seq:CTCF,DNase-seq,0.08485244593767396,1.0,ChIP-seq:CTCF x DNase-seq
CL:0002618,ChIP-seq:CTCF,ChIP-seq:H3K27ac,0.028006398153525812,1.0,ChIP-seq:CTCF x ChIP-seq:H3K27ac
CL:0002618,ChIP-seq:CTCF,ChIP-seq:H3K27me3,-0.01352245635164611,2.0,ChIP-seq:CTCF x ChIP-seq:H3K27me3
CL:0002618,ChIP-seq:CTCF,ChIP-seq:H3K36me3,-0.02698924898529652,1.0,ChIP-seq:CTCF x ChIP-seq:H3K36me3
CL:0002618,ChIP-seq:CTCF,ChIP-seq:H3K4me3,0.03122258578107951,3.0,ChIP-seq:CTCF x ChIP-seq:H3K4me3
CL:0002618,ChIP-seq:CTCF,ChIP-seq:H3K9me3,0.007813543237371153,1.0,ChIP-seq:CTCF x ChIP-seq:H3K9me3
CL:0002618,ChIP-seq:CTCF,polyA plus RNA-seq,-0.009919667605593888,9.0,ChIP-seq:CTCF x polyA plus RNA-seq
CL:0002618,ChIP-seq:CTCF,RNA-seq,0.011341001991121495,2.0,ChIP-seq:CTCF x RNA-seq
CL:0002618,ChIP-seq:CTCF,ChIP-seq:POLR2A,0.01660827638810141,1.0,ChIP-seq:CTCF x ChIP-seq:POLR2A
CL:0002618,ChIP-seq:CTCF,ChIP-seq:POLR2AphosphoS5,0.0540119838611833,1.0,ChIP-seq:CTCF x ChIP-seq:POLR2AphosphoS5
CL:0002618,polyA plus RNA-seq,DNase-seq,-0.0025604943276915804,9.0,DNase-seq x polyA plus RNA-seq
CL:0002618,polyA plus RNA-seq,ChIP-seq:H3K27ac,0.008366342066737358,9.0,ChIP-seq:H3K27ac x polyA plus RNA-seq
CL:0002618,polyA plus RNA-seq,ChIP-seq:H3K27me3,-0.030948263946525854,18.0,ChIP-seq:H3K27me3 x polyA plus RNA-seq
CL:0002618,polyA plus RNA-seq,ChIP-seq:H3K36me3,0.05114126895750922,9.0,ChIP-seq:H3K36me3 x polyA plus RNA-seq
CL:0002618,polyA plus RNA-seq,ChIP-seq:H3K4me3,0.016067260090236436,27.0,ChIP-seq:H3K4me3 x polyA plus RNA-seq
CL:0002618,polyA plus RNA-seq,ChIP-seq:H3K9me3,-0.03775552516395005,9.0,ChIP-seq:H3K9me3 x polyA plus RNA-seq
CL:0002618,polyA plus RNA-seq,ChIP-seq:CTCF,0.006086220010359568,9.0,ChIP-seq:CTCF x polyA plus RNA-seq
CL:0002618,polyA plus RNA-seq,RNA-seq,0.17121038863722804,18.0,RNA-seq x polyA plus RNA-seq
CL:0002618,polyA plus RNA-seq,ChIP-seq:POLR2A,0.05347717563543636,9.0,ChIP-seq:POLR2A x polyA plus RNA-seq
CL:0002618,polyA plus RNA-seq,ChIP-seq:POLR2AphosphoS5,0.03357688083502525,9.0,ChIP-seq:POLR2AphosphoS5 x polyA plus RNA-seq
CL:0002618,RNA-seq,DNase-seq,-0.010526784176155352,2.0,DNase-seq x RNA-seq
CL:0002618,RNA-seq,ChIP-seq:H3K27ac,0.03592151325242019,2.0,ChIP-seq:H3K27ac x RNA-seq
CL:0002618,RNA-seq,ChIP-seq:H3K27me3,-0.03696186810387352,4.0,ChIP-seq:H3K27me3 x RNA-seq
CL:0002618,RNA-seq,ChIP-seq:H3K36me3,0.0886296242002457,2.0,ChIP-seq:H3K36me3 x RNA-seq
CL:0002618,RNA-seq,ChIP-seq:H3K4me3,0.03129911891451464,6.0,ChIP-seq:H3K4me3 x RNA-seq
CL:0002618,RNA-seq,ChIP-seq:H3K9me3,-0.04511441153021498,2.0,ChIP-seq:H3K9me3 x RNA-seq
CL:0002618,RNA-seq,ChIP-seq:CTCF,0.015871275252508886,2.0,ChIP-seq:CTCF x RNA-seq
CL:0002618,RNA-seq,polyA plus RNA-seq,0.13572280448779725,18.0,RNA-seq x polyA plus RNA-seq
CL:0002618,RNA-seq,ChIP-seq:POLR2A,0.07156568112080558,2.0,ChIP-seq:POLR2A x RNA-seq
CL:0002618,RNA-seq,ChIP-seq:POLR2AphosphoS5,0.05844975982246728,2.0,ChIP-seq:POLR2AphosphoS5 x RNA-seq
CL:0002618,ChIP-seq:POLR2A,DNase-seq,0.19675453125970835,1.0,ChIP-seq:POLR2A x DNase-seq
CL:0002618,ChIP-seq:POLR2A,ChIP-seq:H3K27ac,0.15980797638127833,1.0,ChIP-seq:H3K27ac x ChIP-seq:POLR2A
CL:0002618,ChIP-seq:POLR2A,ChIP-seq:H3K27me3,-0.06918161870599482,2.0,ChIP-seq:H3K27me3 x ChIP-seq:POLR2A
CL:0002618,ChIP-seq:POLR2A,ChIP-seq:H3K36me3,0.007148249607001032,1.0,ChIP-seq:H3K36me3 x ChIP-seq:POLR2A
CL:0002618,ChIP-seq:POLR2A,ChIP-seq:H3K4me3,0.08717282445218083,3.0,ChIP-seq:H3K4me3 x ChIP-seq:POLR2A
CL:0002618,ChIP-seq:POLR2A,ChIP-seq:H3K9me3,-0.04743325046404114,1.0,ChIP-seq:H3K9me3 x ChIP-seq:POLR2A
CL:0002618,ChIP-seq:POLR2A,ChIP-seq:CTCF,-0.028853081094408498,1.0,ChIP-seq:CTCF x ChIP-seq:POLR2A
CL:0002618,ChIP-seq:POLR2A,polyA plus RNA-seq,0.023145846107549835,9.0,ChIP-seq:POLR2A x polyA plus RNA-seq
CL:0002618,ChIP-seq:POLR2A,RNA-seq,0.0457698436545544,2.0,ChIP-seq:POLR2A x RNA-seq
CL:0002618,ChIP-seq:POLR2A,ChIP-seq:POLR2AphosphoS5,0.49330782273720053,1.0,ChIP-seq:POLR2A x ChIP-seq:POLR2AphosphoS5
CL:0002618,ChIP-seq:POLR2AphosphoS5,DNase-seq,0.3956760394849017,1.0,ChIP-seq:POLR2AphosphoS5 x DNase-seq
CL:0002618,ChIP-seq:POLR2AphosphoS5,ChIP-seq:H3K27ac,0.1279535201596625,1.0,ChIP-seq:H3K27ac x ChIP-seq:POLR2AphosphoS5
CL:0002618,ChIP-seq:POLR2AphosphoS5,ChIP-seq:H3K27me3,-0.06301630546764142,2.0,ChIP-seq:H3K27me3 x ChIP-seq:POLR2AphosphoS5
CL:0002618,ChIP-seq:POLR2AphosphoS5,ChIP-seq:H3K36me3,0.021772755832268446,1.0,ChIP-seq:H3K36me3 x ChIP-seq:POLR2AphosphoS5
CL:0002618,ChIP-seq:POLR2AphosphoS5,ChIP-seq:H3K4me3,0.027060702932832387,3.0,ChIP-seq:H3K4me3 x ChIP-seq:POLR2AphosphoS5
CL:0002618,ChIP-seq:POLR2AphosphoS5,ChIP-seq:H3K9me3,-0.08314188511511467,1.0,ChIP-seq:H3K9me3 x ChIP-seq:POLR2AphosphoS5
CL:0002618,ChIP-seq:POLR2AphosphoS5,ChIP-seq:CTCF,0.005615608567751729,1.0,ChIP-seq:CTCF x ChIP-seq:POLR2AphosphoS5
CL:0002618,ChIP-seq:POLR2AphosphoS5,polyA plus RNA-seq,0.017161470407630962,9.0,ChIP-seq:POLR2AphosphoS5 x polyA plus RNA-seq
CL:0002618,ChIP-seq:POLR2AphosphoS5,RNA-seq,0.04473266890163444,2.0,ChIP-seq:POLR2AphosphoS5 x RNA-seq
CL:0002618,ChIP-seq:POLR2AphosphoS5,ChIP-seq:POLR2A,0.5658843109482213,1.0,ChIP-seq:POLR2A x ChIP-seq:POLR2AphosphoS5
CL:0002231,ChIP-seq:H3K27ac,ChIP-seq:CTCF,0.005756619558172318,1.0,ChIP-seq:CTCF x ChIP-seq:H3K27ac
CL:0002231,ChIP-seq:CTCF,ChIP-seq:H3K27ac,-0.0138193862857642,1.0,ChIP-seq:CTCF x ChIP-seq:H3K27ac
CL:0002306,ChIP-seq:H3K4me3,ChIP-seq:CTCF,0.02933367891508399,1.0,ChIP-seq:CTCF x ChIP-seq:H3K4me3
CL:0002306,ChIP-seq:H3K4me3,RNA-seq,0.03503497468364322,2.0,ChIP-seq:H3K4me3 x RNA-seq
CL:0002306,ChIP-seq:CTCF,ChIP-seq:H3K4me3,0.03375664675651595,1.0,ChIP-seq:CTCF x ChIP-seq:H3K4me3
CL:0002306,ChIP-seq:CTCF,RNA-seq,-0.003039674953376521,2.0,ChIP-seq:CTCF x RNA-seq
CL:0002306,RNA-seq,ChIP-seq:H3K4me3,0.026627907711406086,2.0,ChIP-seq:H3K4me3 x RNA-seq
CL:0002306,RNA-seq,ChIP-seq:CTCF,-0.0044156089425086975,2.0,ChIP-seq:CTCF x RNA-seq
NTR:0003079,ChIP-seq:H3K27ac,ChIP-seq:H3K27me3,0.08137553000036692,4.0,ChIP-seq:H3K27ac x ChIP-seq:H3K27me3
NTR:0003079,ChIP-seq:H3K27ac,ChIP-seq:H3K36me3,0.09118997590973021,4.0,ChIP-seq:H3K27ac x ChIP-seq:H3K36me3
NTR:0003079,ChIP-seq:H3K27ac,ChIP-seq:H3K4me1,0.21773961007269355,4.0,ChIP-seq:H3K27ac x ChIP-seq:H3K4me1
NTR:0003079,ChIP-seq:H3K27ac,ChIP-seq:H3K4me3,0.193178030932061,4.0,ChIP-seq:H3K27ac x ChIP-seq:H3K4me3
NTR:0003079,ChIP-seq:H3K27ac,ChIP-seq:H3K9me3,0.10362533400844595,2.0,ChIP-seq:H3K27ac x ChIP-seq:H3K9me3
NTR:0003079,ChIP-seq:H3K27ac,polyA plus RNA-seq,-0.038833638826614635,4.0,ChIP-seq:H3K27ac x polyA plus RNA-seq
NTR:0003079,ChIP-seq:H3K27me3,ChIP-seq:H3K27ac,0.0820926761034853,4.0,ChIP-seq:H3K27ac x ChIP-seq:H3K27me3
NTR:0003079,ChIP-seq:H3K27me3,ChIP-seq:H3K36me3,0.046170670301356215,4.0,ChIP-seq:H3K27me3 x ChIP-seq:H3K36me3
NTR:0003079,ChIP-seq:H3K27me3,ChIP-seq:H3K4me1,0.00975639713022227,4.0,ChIP-seq:H3K27me3 x ChIP-seq:H3K4me1
NTR:0003079,ChIP-seq:H3K27me3,ChIP-seq:H3K4me3,0.15952401072065409,4.0,ChIP-seq:H3K27me3 x ChIP-seq:H3K4me3
NTR:0003079,ChIP-seq:H3K27me3,ChIP-seq:H3K9me3,0.2379249001348485,2.0,ChIP-seq:H3K27me3 x ChIP-seq:H3K9me3
NTR:0003079,ChIP-seq:H3K27me3,polyA plus RNA-seq,-0.011033080406166762,4.0,ChIP-seq:H3K27me3 x polyA plus RNA-seq
NTR:0003079,ChIP-seq:H3K36me3,ChIP-seq:H3K27ac,0.0922971799599458,4.0,ChIP-seq:H3K27ac x ChIP-seq:H3K36me3
NTR:0003079,ChIP-seq:H3K36me3,ChIP-seq:H3K27me3,0.06811857171830414,4.0,ChIP-seq:H3K27me3 x ChIP-seq:H3K36me3
NTR:0003079,ChIP-seq:H3K36me3,ChIP-seq:H3K4me1,0.029204003411075458,4.0,ChIP-seq:H3K36me3 x ChIP-seq:H3K4me1
NTR:0003079,ChIP-seq:H3K36me3,ChIP-seq:H3K4me3,0.0899006749424979,4.0,ChIP-seq:H3K36me3 x ChIP-seq:H3K4me3
NTR:0003079,ChIP-seq:H3K36me3,ChIP-seq:H3K9me3,0.1540391255357412,2.0,ChIP-seq:H3K36me3 x ChIP-seq:H3K9me3
NTR:0003079,ChIP-seq:H3K36me3,polyA plus RNA-seq,-0.05057988332098825,4.0,ChIP-seq:H3K36me3 x polyA plus RNA-seq
NTR:0003079,ChIP-seq:H3K4me1,ChIP-seq:H3K27ac,0.22904330973299394,4.0,ChIP-seq:H3K27ac x ChIP-seq:H3K4me1
NTR:0003079,ChIP-seq:H3K4me1,ChIP-seq:H3K27me3,0.0027875371191198456,4.0,ChIP-seq:H3K27me3 x ChIP-seq:H3K4me1
NTR:0003079,ChIP-seq:H3K4me1,ChIP-seq:H3K36me3,0.019924997411509777,4.0,ChIP-seq:H3K36me3 x ChIP-seq:H3K4me1
NTR:0003079,ChIP-seq:H3K4me1,ChIP-seq:H3K4me3,0.014518857890061129,4.0,ChIP-seq:H3K4me1 x ChIP-seq:H3K4me3
NTR:0003079,ChIP-seq:H3K4me1,ChIP-seq:H3K9me3,0.08169054789416616,2.0,ChIP-seq:H3K4me1 x ChIP-seq:H3K9me3
NTR:0003079,ChIP-seq:H3K4me1,polyA plus RNA-seq,-0.0009697856899233467,4.0,ChIP-seq:H3K4me1 x polyA plus RNA-seq
NTR:0003079,ChIP-seq:H3K4me3,ChIP-seq:H3K27ac,0.24558798792939748,4.0,ChIP-seq:H3K27ac x ChIP-seq:H3K4me3
NTR:0003079,ChIP-seq:H3K4me3,ChIP-seq:H3K27me3,0.16273268247615397,4.0,ChIP-seq:H3K27me3 x ChIP-seq:H3K4me3
NTR:0003079,ChIP-seq:H3K4me3,ChIP-seq:H3K36me3,0.08956166975041653,4.0,ChIP-seq:H3K36me3 x ChIP-seq:H3K4me3
NTR:0003079,ChIP-seq:H3K4me3,ChIP-seq:H3K4me1,0.000759283365691945,4.0,ChIP-seq:H3K4me1 x ChIP-seq:H3K4me3
NTR:0003079,ChIP-seq:H3K4me3,ChIP-seq:H3K9me3,0.1545964547708714,2.0,ChIP-seq:H3K4me3 x ChIP-seq:H3K9me3
NTR:0003079,ChIP-seq:H3K4me3,polyA plus RNA-seq,-0.054423563886850136,4.0,ChIP-seq:H3K4me3 x polyA plus RNA-seq
NTR:0003079,ChIP-seq:H3K9me3,ChIP-seq:H3K27ac,0.08366106774495996,2.0,ChIP-seq:H3K27ac x ChIP-seq:H3K9me3
NTR:0003079,ChIP-seq:H3K9me3,ChIP-seq:H3K27me3,0.23510697053347018,2.0,ChIP-seq:H3K27me3 x ChIP-seq:H3K9me3
NTR:0003079,ChIP-seq:H3K9me3,ChIP-seq:H3K36me3,0.111401526217765,2.0,ChIP-seq:H3K36me3 x ChIP-seq:H3K9me3
NTR:0003079,ChIP-seq:H3K9me3,ChIP-seq:H3K4me1,0.062197027188506934,2.0,ChIP-seq:H3K4me1 x ChIP-seq:H3K9me3
NTR:0003079,ChIP-seq:H3K9me3,ChIP-seq:H3K4me3,0.1250379389134523,2.0,ChIP-seq:H3K4me3 x ChIP-seq:H3K9me3
NTR:0003079,ChIP-seq:H3K9me3,polyA plus RNA-seq,0.009199951271016823,2.0,ChIP-seq:H3K9me3 x polyA plus RNA-seq
NTR:0003079,polyA plus RNA-seq,ChIP-seq:H3K27ac,0.0037018302538842883,4.0,ChIP-seq:H3K27ac x polyA plus RNA-seq
NTR:0003079,polyA plus RNA-seq,ChIP-seq:H3K27me3,-0.026761854045911332,4.0,ChIP-seq:H3K27me3 x polyA plus RNA-seq
NTR:0003079,polyA plus RNA-seq,ChIP-seq:H3K36me3,-0.01759603506627869,4.0,ChIP-seq:H3K36me3 x polyA plus RNA-seq
NTR:0003079,polyA plus RNA-seq,ChIP-seq:H3K4me1,0.004177581651207528,4.0,ChIP-seq:H3K4me1 x polyA plus RNA-seq
NTR:0003079,polyA plus RNA-seq,ChIP-seq:H3K4me3,0.0023733658768306277,4.0,ChIP-seq:H3K4me3 x polyA plus RNA-seq
NTR:0003079,polyA plus RNA-seq,ChIP-seq:H3K9me3,-0.014320350496629098,2.0,ChIP-seq:H3K9me3 x polyA plus RNA-seq
CL:0002551,ChIP-seq:H3K27ac,ChIP-seq:H3K4me3,0.25979850014974903,1.0,ChIP-seq:H3K27ac x ChIP-seq:H3K4me3
CL:0002551,ChIP-seq:H3K27ac,ChIP-seq:CTCF,0.02030051018572548,1.0,ChIP-seq:CTCF x ChIP-seq:H3K27ac
CL:0002551,ChIP-seq:H3K27ac,RNA-seq,0.041033361185629974,2.0,ChIP-seq:H3K27ac x RNA-seq
CL:0002551,ChIP-seq:H3K4me3,ChIP-seq:H3K27ac,0.2853733992870943,1.0,ChIP-seq:H3K27ac x ChIP-seq:H3K4me3
CL:0002551,ChIP-seq:H3K4me3,ChIP-seq:CTCF,0.006471001118132213,1.0,ChIP-seq:CTCF x ChIP-seq:H3K4me3
CL:0002551,ChIP-seq:H3K4me3,RNA-seq,0.029931736198325905,2.0,ChIP-seq:H3K4me3 x RNA-seq
CL:0002551,ChIP-seq:CTCF,ChIP-seq:H3K27ac,0.032760333085869564,1.0,ChIP-seq:CTCF x ChIP-seq:H3K27ac
CL:0002551,ChIP-seq:CTCF,ChIP-seq:H3K4me3,0.011276056184325107,1.0,ChIP-seq:CTCF x ChIP-seq:H3K4me3
CL:0002551,ChIP-seq:CTCF,RNA-seq,0.002392234220725661,2.0,ChIP-seq:CTCF x RNA-seq
CL:0002551,RNA-seq,ChIP-seq:H3K27ac,0.03359955567636608,2.0,ChIP-seq:H3K27ac x RNA-seq
CL:0002551,RNA-seq,ChIP-seq:H3K4me3,0.023095667466174724,2.0,ChIP-seq:H3K4me3 x RNA-seq
CL:0002551,RNA-seq,ChIP-seq:CTCF,-0.005166207155375515,2.0,ChIP-seq:CTCF x RNA-seq
CL:0002553,ChIP-seq:H3K27ac,ChIP-seq:H3K27me3,0.01737019449643705,1.0,ChIP-seq:H3K27ac x ChIP-seq:H3K27me3
CL:0002553,ChIP-seq:H3K27ac,ChIP-seq:H3K36me3,-0.005275101267865725,1.0,ChIP-seq:H3K27ac x ChIP-seq:H3K36me3
CL:0002553,ChIP-seq:H3K27ac,ChIP-seq:H3K4me3,0.09214086403869129,3.0,ChIP-seq:H3K27ac x ChIP-seq:H3K4me3
CL:0002553,ChIP-seq:H3K27ac,ChIP-seq:H3K9ac,0.3702906894683838,1.0,ChIP-seq:H3K27ac x ChIP-seq:H3K9ac
CL:0002553,ChIP-seq:H3K27ac,ChIP-seq:H3K9me3,-0.035503252924487576,1.0,ChIP-seq:H3K27ac x ChIP-seq:H3K9me3
CL:0002553,ChIP-seq:H3K27ac,ChIP-seq:CTCF,-0.009445932054636525,2.0,ChIP-seq:CTCF x ChIP-seq:H3K27ac
CL:0002553,ChIP-seq:H3K27ac,polyA plus RNA-seq,0.006733259592933222,3.0,ChIP-seq:H3K27ac x polyA plus RNA-seq
CL:0002553,ChIP-seq:H3K27ac,RNA-seq,0.03320241228304367,2.0,ChIP-seq:H3K27ac x RNA-seq
CL:0002553,ChIP-seq:H3K27me3,ChIP-seq:H3K27ac,0.013758968101975359,1.0,ChIP-seq:H3K27ac x ChIP-seq:H3K27me3
CL:0002553,ChIP-seq:H3K27me3,ChIP-seq:H3K36me3,-0.046335005432998067,1.0,ChIP-seq:H3K27me3 x ChIP-seq:H3K36me3
CL:0002553,ChIP-seq:H3K27me3,ChIP-seq:H3K4me3,-0.016274344158564373,3.0,ChIP-seq:H3K27me3 x ChIP-seq:H3K4me3
CL:0002553,ChIP-seq:H3K27me3,ChIP-seq:H3K9ac,-0.04048291645944119,1.0,ChIP-seq:H3K27me3 x ChIP-seq:H3K9ac
CL:0002553,ChIP-seq:H3K27me3,ChIP-seq:H3K9me3,0.09713677720650615,1.0,ChIP-seq:H3K27me3 x ChIP-seq:H3K9me3
CL:0002553,ChIP-seq:H3K27me3,ChIP-seq:CTCF,-0.002976603057308524,2.0,ChIP-seq:CTCF x ChIP-seq:H3K27me3
CL:0002553,ChIP-seq:H3K27me3,polyA plus RNA-seq,-0.0227547000194418,3.0,ChIP-seq:H3K27me3 x polyA plus RNA-seq
CL:0002553,ChIP-seq:H3K27me3,RNA-seq,-0.00759004681334074,2.0,ChIP-seq:H3K27me3 x RNA-seq
CL:0002553,ChIP-seq:H3K36me3,ChIP-seq:H3K27ac,-0.018101567954376892,1.0,ChIP-seq:H3K27ac x ChIP-seq:H3K36me3
CL:0002553,ChIP-seq:H3K36me3,ChIP-seq:H3K27me3,-0.05500748903415669,1.0,ChIP-seq:H3K27me3 x ChIP-seq:H3K36me3
CL:0002553,ChIP-seq:H3K36me3,ChIP-seq:H3K4me3,0.022692602145280075,3.0,ChIP-seq:H3K36me3 x ChIP-seq:H3K4me3
CL:0002553,ChIP-seq:H3K36me3,ChIP-seq:H3K9ac,0.00599898189306259,1.0,ChIP-seq:H3K36me3 x ChIP-seq:H3K9ac
CL:0002553,ChIP-seq:H3K36me3,ChIP-seq:H3K9me3,0.12884135069793828,1.0,ChIP-seq:H3K36me3 x ChIP-seq:H3K9me3
CL:0002553,ChIP-seq:H3K36me3,ChIP-seq:CTCF,0.04251819783273865,2.0,ChIP-seq:CTCF x ChIP-seq:H3K36me3
CL:0002553,ChIP-seq:H3K36me3,polyA plus RNA-seq,0.02668145744279883,3.0,ChIP-seq:H3K36me3 x polyA plus RNA-seq
CL:0002553,ChIP-seq:H3K36me3,RNA-seq,0.021129655597221096,2.0,ChIP-seq:H3K36me3 x RNA-seq
CL:0002553,ChIP-seq:H3K4me3,ChIP-seq:H3K27ac,0.15621134945394574,3.0,ChIP-seq:H3K27ac x ChIP-seq:H3K4me3
CL:0002553,ChIP-seq:H3K4me3,ChIP-seq:H3K27me3,-0.019101254299454307,3.0,ChIP-seq:H3K27me3 x ChIP-seq:H3K4me3
CL:0002553,ChIP-seq:H3K4me3,ChIP-seq:H3K36me3,0.021076586458838593,3.0,ChIP-seq:H3K36me3 x ChIP-seq:H3K4me3
CL:0002553,ChIP-seq:H3K4me3,ChIP-seq:H3K9ac,0.156878457069397,3.0,ChIP-seq:H3K4me3 x ChIP-seq:H3K9ac
CL:0002553,ChIP-seq:H3K4me3,ChIP-seq:H3K9me3,0.027880860523804604,3.0,ChIP-seq:H3K4me3 x ChIP-seq:H3K9me3
CL:0002553,ChIP-seq:H3K4me3,ChIP-seq:CTCF,0.009586805611654044,6.0,ChIP-seq:CTCF x ChIP-seq:H3K4me3
CL:0002553,ChIP-seq:H3K4me3,polyA plus RNA-seq,0.007509148098043102,9.0,ChIP-seq:H3K4me3 x polyA plus RNA-seq
CL:0002553,ChIP-seq:H3K4me3,RNA-seq,0.02218018180220319,6.0,ChIP-seq:H3K4me3 x RNA-seq
CL:0002553,ChIP-seq:H3K79me2,ChIP-seq:H3K27ac,0.056380198141674935,1.0,ChIP-seq:H3K27ac x ChIP-seq:H3K79me2
CL:0002553,ChIP-seq:H3K79me2,ChIP-seq:H3K27me3,0.017250278386576424,1.0,ChIP-seq:H3K27me3 x ChIP-seq:H3K79me2
CL:0002553,ChIP-seq:H3K79me2,ChIP-seq:H3K36me3,0.14260923980720458,1.0,ChIP-seq:H3K36me3 x ChIP-seq:H3K79me2
CL:0002553,ChIP-seq:H3K79me2,ChIP-seq:H3K4me3,0.10452705285918545,3.0,ChIP-seq:H3K4me3 x ChIP-seq:H3K79me2
CL:0002553,ChIP-seq:H3K79me2,ChIP-seq:H3K9ac,0.04750736474990845,1.0,ChIP-seq:H3K79me2 x ChIP-seq:H3K9ac
CL:0002553,ChIP-seq:H3K79me2,ChIP-seq:H3K9me3,0.09932699828674008,1.0,ChIP-seq:H3K79me2 x ChIP-seq:H3K9me3
CL:0002553,ChIP-seq:H3K79me2,ChIP-seq:CTCF,0.009053097124777589,2.0,ChIP-seq:CTCF x ChIP-seq:H3K79me2
CL:0002553,ChIP-seq:H3K79me2,polyA plus RNA-seq,-0.0064108960929958325,3.0,ChIP-seq:H3K79me2 x polyA plus RNA-seq
CL:0002553,ChIP-seq:H3K79me2,RNA-seq,0.01845470472158258,2.0,ChIP-seq:H3K79me2 x RNA-seq
CL:0002553,ChIP-seq:H3K9ac,ChIP-seq:H3K27ac,0.371074914932251,1.0,ChIP-seq:H3K27ac x ChIP-seq:H3K9ac
CL:0002553,ChIP-seq:H3K9ac,ChIP-seq:H3K27me3,-0.024896421416223734,1.0,ChIP-seq:H3K27me3 x ChIP-seq:H3K9ac
CL:0002553,ChIP-seq:H3K9ac,ChIP-seq:H3K36me3,0.026712920575860947,1.0,ChIP-seq:H3K36me3 x ChIP-seq:H3K9ac
CL:0002553,ChIP-seq:H3K9ac,ChIP-seq:H3K4me3,0.1136367785538866,3.0,ChIP-seq:H3K4me3 x ChIP-seq:H3K9ac
CL:0002553,ChIP-seq:H3K9ac,ChIP-seq:H3K9me3,0.00631067368550507,1.0,ChIP-seq:H3K9ac x ChIP-seq:H3K9me3
CL:0002553,ChIP-seq:H3K9ac,ChIP-seq:CTCF,-0.0111270462911503,2.0,ChIP-seq:CTCF x ChIP-seq:H3K9ac
CL:0002553,ChIP-seq:H3K9ac,polyA plus RNA-seq,-0.002165321646065546,3.0,ChIP-seq:H3K9ac x polyA plus RNA-seq
CL:0002553,ChIP-seq:H3K9ac,RNA-seq,0.025202189539439226,2.0,ChIP-seq:H3K9ac x RNA-seq
CL:0002553,ChIP-seq:H3K9me3,ChIP-seq:H3K27ac,-0.048785141588729104,1.0,ChIP-seq:H3K27ac x ChIP-seq:H3K9me3
CL:0002553,ChIP-seq:H3K9me3,ChIP-seq:H3K27me3,0.09239504255097489,1.0,ChIP-seq:H3K27me3 x ChIP-seq:H3K9me3
CL:0002553,ChIP-seq:H3K9me3,ChIP-seq:H3K36me3,0.11570037751601486,1.0,ChIP-seq:H3K36me3 x ChIP-seq:H3K9me3
CL:0002553,ChIP-seq:H3K9me3,ChIP-seq:H3K4me3,0.02117171023093479,3.0,ChIP-seq:H3K4me3 x ChIP-seq:H3K9me3
CL:0002553,ChIP-seq:H3K9me3,ChIP-seq:H3K9ac,-0.02053976159542799,1.0,ChIP-seq:H3K9ac x ChIP-seq:H3K9me3
CL:0002553,ChIP-seq:H3K9me3,ChIP-seq:CTCF,0.02269873490520552,2.0,ChIP-seq:CTCF x ChIP-seq:H3K9me3
CL:0002553,ChIP-seq:H3K9me3,polyA plus RNA-seq,0.0005519106213388771,3.0,ChIP-seq:H3K9me3 x polyA plus RNA-seq
CL:0002553,ChIP-seq:H3K9me3,RNA-seq,0.010854879514133204,2.0,ChIP-seq:H3K9me3 x RNA-seq
CL:0002553,ChIP-seq:CTCF,ChIP-seq:H3K27ac,-0.005593351513883214,2.0,ChIP-seq:CTCF x ChIP-seq:H3K27ac
CL:0002553,ChIP-seq:CTCF,ChIP-seq:H3K27me3,-0.008605030450927115,2.0,ChIP-seq:CTCF x ChIP-seq:H3K27me3
CL:0002553,ChIP-seq:CTCF,ChIP-seq:H3K36me3,0.02084405887773428,2.0,ChIP-seq:CTCF x ChIP-seq:H3K36me3
CL:0002553,ChIP-seq:CTCF,ChIP-seq:H3K4me3,0.005739051411409332,6.0,ChIP-seq:CTCF x ChIP-seq:H3K4me3
CL:0002553,ChIP-seq:CTCF,ChIP-seq:H3K9ac,-0.0022497068345546725,2.0,ChIP-seq:CTCF x ChIP-seq:H3K9ac
CL:0002553,ChIP-seq:CTCF,ChIP-seq:H3K9me3,0.0039809797396207006,2.0,ChIP-seq:CTCF x ChIP-seq:H3K9me3
CL:0002553,ChIP-seq:CTCF,polyA plus RNA-seq,-0.011904935727174255,6.0,ChIP-seq:CTCF x polyA plus RNA-seq
CL:0002553,ChIP-seq:CTCF,RNA-seq,-0.0027650674746155877,4.0,ChIP-seq:CTCF x RNA-seq
CL:0002553,polyA plus RNA-seq,ChIP-seq:H3K27ac,0.025173206756144397,3.0,ChIP-seq:H3K27ac x polyA plus RNA-seq
CL:0002553,polyA plus RNA-seq,ChIP-seq:H3K27me3,-0.01594649729144071,3.0,ChIP-seq:H3K27me3 x polyA plus RNA-seq
CL:0002553,polyA plus RNA-seq,ChIP-seq:H3K36me3,0.031169132160341506,3.0,ChIP-seq:H3K36me3 x polyA plus RNA-seq
CL:0002553,polyA plus RNA-seq,ChIP-seq:H3K4me3,0.01886897015273105,9.0,ChIP-seq:H3K4me3 x polyA plus RNA-seq
CL:0002553,polyA plus RNA-seq,ChIP-seq:H3K9ac,0.0008635377883911138,3.0,ChIP-seq:H3K9ac x polyA plus RNA-seq
CL:0002553,polyA plus RNA-seq,ChIP-seq:H3K9me3,0.008511603038126751,3.0,ChIP-seq:H3K9me3 x polyA plus RNA-seq
CL:0002553,polyA plus RNA-seq,ChIP-seq:CTCF,-0.0013346442210128888,6.0,ChIP-seq:CTCF x polyA plus RNA-seq
CL:0002553,polyA plus RNA-seq,RNA-seq,0.1684403627017436,6.0,RNA-seq x polyA plus RNA-seq
CL:0002553,RNA-seq,ChIP-seq:H3K27ac,0.027346251601422275,2.0,ChIP-seq:H3K27ac x RNA-seq
CL:0002553,RNA-seq,ChIP-seq:H3K27me3,0.007009386962772101,2.0,ChIP-seq:H3K27me3 x RNA-seq
CL:0002553,RNA-seq,ChIP-seq:H3K36me3,0.018683177808289805,2.0,ChIP-seq:H3K36me3 x RNA-seq
CL:0002553,RNA-seq,ChIP-seq:H3K4me3,0.01927831782981264,6.0,ChIP-seq:H3K4me3 x RNA-seq
CL:0002553,RNA-seq,ChIP-seq:H3K9ac,0.019458901584148404,2.0,ChIP-seq:H3K9ac x RNA-seq
CL:0002553,RNA-seq,ChIP-seq:H3K9me3,0.010216791520946185,2.0,ChIP-seq:H3K9me3 x RNA-seq
CL:0002553,RNA-seq,ChIP-seq:CTCF,-0.0032811368194719153,4.0,ChIP-seq:CTCF x RNA-seq
CL:0002553,RNA-seq,polyA plus RNA-seq,0.1668306178060071,6.0,RNA-seq x polyA plus RNA-seq
CL:0002555,ChIP-seq:H3K4me3,ChIP-seq:CTCF,0.004250386530913197,1.0,ChIP-seq:CTCF x ChIP-seq:H3K4me3
CL:0002555,ChIP-seq:CTCF,ChIP-seq:H3K4me3,0.016700978126636772,1.0,ChIP-seq:CTCF x ChIP-seq:H3K4me3
CL:0002557,ChIP-seq:H3K4me3,ChIP-seq:CTCF,0.005380021136941263,1.0,ChIP-seq:CTCF x ChIP-seq:H3K4me3
CL:0002557,ChIP-seq:CTCF,ChIP-seq:H3K4me3,0.016988961363947667,1.0,ChIP-seq:CTCF x ChIP-seq:H3K4me3
CL:2000013,DNase-seq,polyA plus RNA-seq,0.006883748774990482,4.0,DNase-seq x polyA plus RNA-seq
CL:2000013,polyA plus RNA-seq,DNase-seq,-0.006128463730907317,4.0,DNase-seq x polyA plus RNA-seq
CL:0011022,DNase-seq,polyA plus RNA-seq,-0.002064900173883042,2.0,DNase-seq x polyA plus RNA-seq
CL:0011022,polyA plus RNA-seq,DNase-seq,-0.004894547973661312,2.0,DNase-seq x polyA plus RNA-seq
CL:4006001,DNase-seq,polyA plus RNA-seq,-0.00027667054436823334,4.0,DNase-seq x polyA plus RNA-seq
CL:4006001,polyA plus RNA-seq,DNase-seq,-0.008019609804044371,4.0,DNase-seq x polyA plus RNA-seq
CL:0002547,DNase-seq,ChIP-seq:H3K4me3,-0.0031713511708170855,1.0,ChIP-seq:H3K4me3 x DNase-seq
CL:0002547,DNase-seq,ChIP-seq:CTCF,-0.013753269554920566,1.0,ChIP-seq:CTCF x DNase-seq
CL:0002547,DNase-seq,RNA-seq,-0.004670519935756713,2.0,DNase-seq x RNA-seq
CL:0002547,ChIP-seq:H3K4me3,DNase-seq,-0.051626381366142574,1.0,ChIP-seq:H3K4me3 x DNase-seq
CL:0002547,ChIP-seq:H3K4me3,ChIP-seq:CTCF,0.010544599766291463,1.0,ChIP-seq:CTCF x ChIP-seq:H3K4me3
CL:0002547,ChIP-seq:H3K4me3,RNA-seq,0.01676868838399858,2.0,ChIP-seq:H3K4me3 x RNA-seq
CL:0002547,ChIP-seq:CTCF,DNase-seq,-0.02030504031398915,1.0,ChIP-seq:CTCF x DNase-seq
CL:0002547,ChIP-seq:CTCF,ChIP-seq:H3K4me3,0.0108340373912523,1.0,ChIP-seq:CTCF x ChIP-seq:H3K4me3
CL:0002547,ChIP-seq:CTCF,RNA-seq,-0.003476352542115319,2.0,ChIP-seq:CTCF x RNA-seq
CL:0002547,RNA-seq,DNase-seq,-0.008748754911641843,2.0,DNase-seq x RNA-seq
CL:0002547,RNA-seq,ChIP-seq:H3K4me3,0.01737206635433574,2.0,ChIP-seq:H3K4me3 x RNA-seq
CL:0002547,RNA-seq,ChIP-seq:CTCF,-0.00652747208849319,2.0,ChIP-seq:CTCF x RNA-seq
CL:0002558,ChIP-seq:H3K4me3,ChIP-seq:CTCF,0.009017065167427063,1.0,ChIP-seq:CTCF x ChIP-seq:H3K4me3
CL:0002558,ChIP-seq:H3K4me3,RNA-seq,0.015807989417669085,2.0,ChIP-seq:H3K4me3 x RNA-seq
CL:0002558,ChIP-seq:CTCF,ChIP-seq:H3K4me3,0.01817315255486688,1.0,ChIP-seq:CTCF x ChIP-seq:H3K4me3
CL:0002558,ChIP-seq:CTCF,RNA-seq,5.520646410189442e-05,2.0,ChIP-seq:CTCF x RNA-seq
CL:0002558,RNA-seq,ChIP-seq:H3K4me3,0.017468936810659808,2.0,ChIP-seq:H3K4me3 x RNA-seq
CL:0002558,RNA-seq,ChIP-seq:CTCF,-0.003587291657345966,2.0,ChIP-seq:CTCF x RNA-seq
CL:1001608,DNase-seq,ChIP-seq:H3K27ac,0.10769766569137573,6.0,ChIP-seq:H3K27ac x DNase-seq
CL:1001608,DNase-seq,ChIP-seq:H3K27me3,0.0035487121447574255,6.0,ChIP-seq:H3K27me3 x DNase-seq
CL:1001608,DNase-seq,ChIP-seq:H3K36me3,0.036923126249496105,6.0,ChIP-seq:H3K36me3 x DNase-seq
CL:1001608,DNase-seq,ChIP-seq:H3K4me1,0.10145680611823504,6.0,ChIP-seq:H3K4me1 x DNase-seq
CL:1001608,DNase-seq,ChIP-seq:H3K4me3,0.0659449984112057,10.0,ChIP-seq:H3K4me3 x DNase-seq
CL:1001608,DNase-seq,ChIP-seq:H3K9me3,0.019440750384786994,4.0,ChIP-seq:H3K9me3 x DNase-seq
CL:1001608,DNase-seq,ChIP-seq:CTCF,0.03170690758555543,4.0,ChIP-seq:CTCF x DNase-seq
CL:1001608,DNase-seq,polyA plus RNA-seq,-0.014188050198494872,8.0,DNase-seq x polyA plus RNA-seq
CL:1001608,ChIP-seq:H3K27ac,DNase-seq,0.039353051238862916,6.0,ChIP-seq:H3K27ac x DNase-seq
CL:1001608,ChIP-seq:H3K27ac,ChIP-seq:H3K27me3,0.04027215947784502,9.0,ChIP-seq:H3K27ac x ChIP-seq:H3K27me3
CL:1001608,ChIP-seq:H3K27ac,ChIP-seq:H3K36me3,0.11302078528129411,9.0,ChIP-seq:H3K27ac x ChIP-seq:H3K36me3
CL:1001608,ChIP-seq:H3K27ac,ChIP-seq:H3K4me1,0.2403503803397564,9.0,ChIP-seq:H3K27ac x ChIP-seq:H3K4me1
CL:1001608,ChIP-seq:H3K27ac,ChIP-seq:H3K4me3,0.15935853864721022,15.0,ChIP-seq:H3K27ac x ChIP-seq:H3K4me3
CL:1001608,ChIP-seq:H3K27ac,ChIP-seq:H3K9me3,-0.024609640436002826,6.0,ChIP-seq:H3K27ac x ChIP-seq:H3K9me3
CL:1001608,ChIP-seq:H3K27ac,ChIP-seq:CTCF,-0.011075320732749368,6.0,ChIP-seq:CTCF x ChIP-seq:H3K27ac
CL:1001608,ChIP-seq:H3K27ac,polyA plus RNA-seq,-0.01934418471585548,12.0,ChIP-seq:H3K27ac x polyA plus RNA-seq
CL:1001608,ChIP-seq:H3K27me3,DNase-seq,-0.031609933311279696,6.0,ChIP-seq:H3K27me3 x DNase-seq
CL:1001608,ChIP-seq:H3K27me3,ChIP-seq:H3K27ac,0.028063064151340057,9.0,ChIP-seq:H3K27ac x ChIP-seq:H3K27me3
CL:1001608,ChIP-seq:H3K27me3,ChIP-seq:H3K36me3,0.044964845840660364,9.0,ChIP-seq:H3K27me3 x ChIP-seq:H3K36me3
CL:1001608,ChIP-seq:H3K27me3,ChIP-seq:H3K4me1,-0.0002623419112483816,9.0,ChIP-seq:H3K27me3 x ChIP-seq:H3K4me1
CL:1001608,ChIP-seq:H3K27me3,ChIP-seq:H3K4me3,-0.009549676260865322,15.0,ChIP-seq:H3K27me3 x ChIP-seq:H3K4me3
CL:1001608,ChIP-seq:H3K27me3,ChIP-seq:H3K9me3,-0.002118630578901881,6.0,ChIP-seq:H3K27me3 x ChIP-seq:H3K9me3
CL:1001608,ChIP-seq:H3K27me3,ChIP-seq:CTCF,-0.016362157157238794,6.0,ChIP-seq:CTCF x ChIP-seq:H3K27me3
CL:1001608,ChIP-seq:H3K27me3,polyA plus RNA-seq,-0.029119029798608462,12.0,ChIP-seq:H3K27me3 x polyA plus RNA-seq
CL:1001608,ChIP-seq:H3K36me3,DNase-seq,-0.016178429715617004,6.0,ChIP-seq:H3K36me3 x DNase-seq
CL:1001608,ChIP-seq:H3K36me3,ChIP-seq:H3K27ac,0.10532173580593533,9.0,ChIP-seq:H3K27ac x ChIP-seq:H3K36me3
CL:1001608,ChIP-seq:H3K36me3,ChIP-seq:H3K27me3,0.052482733584805666,9.0,ChIP-seq:H3K27me3 x ChIP-seq:H3K36me3
CL:1001608,ChIP-seq:H3K36me3,ChIP-seq:H3K4me1,0.11826337548257085,9.0,ChIP-seq:H3K36me3 x ChIP-seq:H3K4me1
CL:1001608,ChIP-seq:H3K36me3,ChIP-seq:H3K4me3,0.049607788179346364,15.0,ChIP-seq:H3K36me3 x ChIP-seq:H3K4me3
CL:1001608,ChIP-seq:H3K36me3,ChIP-seq:H3K9me3,0.08348529649138005,6.0,ChIP-seq:H3K36me3 x ChIP-seq:H3K9me3
CL:1001608,ChIP-seq:H3K36me3,ChIP-seq:CTCF,-0.01235618856218126,6.0,ChIP-seq:CTCF x ChIP-seq:H3K36me3
CL:1001608,ChIP-seq:H3K36me3,polyA plus RNA-seq,-0.031267929718428,12.0,ChIP-seq:H3K36me3 x polyA plus RNA-seq
CL:1001608,ChIP-seq:H3K4me1,DNase-seq,0.06844971126707149,6.0,ChIP-seq:H3K4me1 x DNase-seq
CL:1001608,ChIP-seq:H3K4me1,ChIP-seq:H3K27ac,0.237894696659512,9.0,ChIP-seq:H3K27ac x ChIP-seq:H3K4me1
CL:1001608,ChIP-seq:H3K4me1,ChIP-seq:H3K27me3,-0.0028902122062614104,9.0,ChIP-seq:H3K27me3 x ChIP-seq:H3K4me1
CL:1001608,ChIP-seq:H3K4me1,ChIP-seq:H3K36me3,0.10392801087312024,9.0,ChIP-seq:H3K36me3 x ChIP-seq:H3K4me1
CL:1001608,ChIP-seq:H3K4me1,ChIP-seq:H3K4me3,0.03454351511800082,15.0,ChIP-seq:H3K4me1 x ChIP-seq:H3K4me3
CL:1001608,ChIP-seq:H3K4me1,ChIP-seq:H3K9me3,-0.02647971459542321,6.0,ChIP-seq:H3K4me1 x ChIP-seq:H3K9me3
CL:1001608,ChIP-seq:H3K4me1,ChIP-seq:CTCF,0.004167272374520897,6.0,ChIP-seq:CTCF x ChIP-seq:H3K4me1
CL:1001608,ChIP-seq:H3K4me1,polyA plus RNA-seq,-0.010442716923902862,12.0,ChIP-seq:H3K4me1 x polyA plus RNA-seq
CL:1001608,ChIP-seq:H3K4me3,DNase-seq,-0.0074915335350430046,10.0,ChIP-seq:H3K4me3 x DNase-seq
CL:1001608,ChIP-seq:H3K4me3,ChIP-seq:H3K27ac,0.21372824350992836,15.0,ChIP-seq:H3K27ac x ChIP-seq:H3K4me3
CL:1001608,ChIP-seq:H3K4me3,ChIP-seq:H3K27me3,0.023157746292823966,15.0,ChIP-seq:H3K27me3 x ChIP-seq:H3K4me3
CL:1001608,ChIP-seq:H3K4me3,ChIP-seq:H3K36me3,0.07883430479257077,15.0,ChIP-seq:H3K36me3 x ChIP-seq:H3K4me3
CL:1001608,ChIP-seq:H3K4me3,ChIP-seq:H3K4me1,0.044676219936692234,15.0,ChIP-seq:H3K4me1 x ChIP-seq:H3K4me3
CL:1001608,ChIP-seq:H3K4me3,ChIP-seq:H3K9me3,0.003959681302978751,10.0,ChIP-seq:H3K4me3 x ChIP-seq:H3K9me3
CL:1001608,ChIP-seq:H3K4me3,ChIP-seq:CTCF,0.008231418389900061,10.0,ChIP-seq:CTCF x ChIP-seq:H3K4me3
CL:1001608,ChIP-seq:H3K4me3,polyA plus RNA-seq,-0.03501635641289032,20.0,ChIP-seq:H3K4me3 x polyA plus RNA-seq
CL:1001608,ChIP-seq:H3K9me3,DNase-seq,-0.017346352249979206,4.0,ChIP-seq:H3K9me3 x DNase-seq
CL:1001608,ChIP-seq:H3K9me3,ChIP-seq:H3K27ac,-0.029657780130704248,6.0,ChIP-seq:H3K27ac x ChIP-seq:H3K9me3
CL:1001608,ChIP-seq:H3K9me3,ChIP-seq:H3K27me3,-0.002608899460282435,6.0,ChIP-seq:H3K27me3 x ChIP-seq:H3K9me3
CL:1001608,ChIP-seq:H3K9me3,ChIP-seq:H3K36me3,0.08543380319328445,6.0,ChIP-seq:H3K36me3 x ChIP-seq:H3K9me3
CL:1001608,ChIP-seq:H3K9me3,ChIP-seq:H3K4me1,-0.021355003446013064,6.0,ChIP-seq:H3K4me1 x ChIP-seq:H3K9me3
CL:1001608,ChIP-seq:H3K9me3,ChIP-seq:H3K4me3,-0.018188723367396124,10.0,ChIP-seq:H3K4me3 x ChIP-seq:H3K9me3
CL:1001608,ChIP-seq:H3K9me3,ChIP-seq:CTCF,-0.019473367918501884,4.0,ChIP-seq:CTCF x ChIP-seq:H3K9me3
CL:1001608,ChIP-seq:H3K9me3,polyA plus RNA-seq,0.000782696854978027,8.0,ChIP-seq:H3K9me3 x polyA plus RNA-seq
CL:1001608,ChIP-seq:CTCF,DNase-seq,0.036225236875494726,4.0,ChIP-seq:CTCF x DNase-seq
CL:1001608,ChIP-seq:CTCF,ChIP-seq:H3K27ac,0.010926541686058045,6.0,ChIP-seq:CTCF x ChIP-seq:H3K27ac
CL:1001608,ChIP-seq:CTCF,ChIP-seq:H3K27me3,-0.008785491563784059,6.0,ChIP-seq:CTCF x ChIP-seq:H3K27me3
CL:1001608,ChIP-seq:CTCF,ChIP-seq:H3K36me3,-0.0012756084588334757,6.0,ChIP-seq:CTCF x ChIP-seq:H3K36me3
CL:1001608,ChIP-seq:CTCF,ChIP-seq:H3K4me1,0.01135473417275118,6.0,ChIP-seq:CTCF x ChIP-seq:H3K4me1
CL:1001608,ChIP-seq:CTCF,ChIP-seq:H3K4me3,0.016843694335476486,10.0,ChIP-seq:CTCF x ChIP-seq:H3K4me3
CL:1001608,ChIP-seq:CTCF,ChIP-seq:H3K9me3,-0.029467723123059515,4.0,ChIP-seq:CTCF x ChIP-seq:H3K9me3
CL:1001608,ChIP-seq:CTCF,polyA plus RNA-seq,-0.008998396355519205,8.0,ChIP-seq:CTCF x polyA plus RNA-seq
CL:1001608,polyA plus RNA-seq,DNase-seq,-0.0036207668521662344,8.0,DNase-seq x polyA plus RNA-seq
CL:1001608,polyA plus RNA-seq,ChIP-seq:H3K27ac,0.019175010174512862,12.0,ChIP-seq:H3K27ac x polyA plus RNA-seq
CL:1001608,polyA plus RNA-seq,ChIP-seq:H3K27me3,-0.024712057654247728,12.0,ChIP-seq:H3K27me3 x polyA plus RNA-seq
CL:1001608,polyA plus RNA-seq,ChIP-seq:H3K36me3,0.0028056953892563324,12.0,ChIP-seq:H3K36me3 x polyA plus RNA-seq
CL:1001608,polyA plus RNA-seq,ChIP-seq:H3K4me1,0.006695958311522837,12.0,ChIP-seq:H3K4me1 x polyA plus RNA-seq
CL:1001608,polyA plus RNA-seq,ChIP-seq:H3K4me3,0.0072342642251914165,20.0,ChIP-seq:H3K4me3 x polyA plus RNA-seq
CL:1001608,polyA plus RNA-seq,ChIP-seq:H3K9me3,-0.015871597296987356,8.0,ChIP-seq:H3K9me3 x polyA plus RNA-seq
CL:1001608,polyA plus RNA-seq,ChIP-seq:CTCF,-0.0008912314569541049,8.0,ChIP-seq:CTCF x polyA plus RNA-seq
CL:1001606,DNase-seq,ChIP-seq:H3K27ac,-0.018771030514696495,2.0,ChIP-seq:H3K27ac x DNase-seq
CL:1001606,DNase-seq,ChIP-seq:H3K27me3,0.0014235308870326644,6.0,ChIP-seq:H3K27me3 x DNase-seq
CL:1001606,DNase-seq,ChIP-seq:H3K36me3,-0.015662393514432157,6.0,ChIP-seq:H3K36me3 x DNase-seq
CL:1001606,DNase-seq,ChIP-seq:H3K4me1,-0.08933488407851138,6.0,ChIP-seq:H3K4me1 x DNase-seq
CL:1001606,DNase-seq,ChIP-seq:H3K4me3,0.0074281100655945315,6.0,ChIP-seq:H3K4me3 x DNase-seq
CL:1001606,DNase-seq,ChIP-seq:H3K9ac,-0.0023989763855934154,2.0,ChIP-seq:H3K9ac x DNase-seq
CL:1001606,DNase-seq,ChIP-seq:H3K9me3,-0.021270196843013334,4.0,ChIP-seq:H3K9me3 x DNase-seq
CL:1001606,DNase-seq,polyA plus RNA-seq,0.0008699541337122492,8.0,DNase-seq x polyA plus RNA-seq
CL:1001606,ChIP-seq:H3K27ac,DNase-seq,-0.06082881192110248,2.0,ChIP-seq:H3K27ac x DNase-seq
CL:1001606,ChIP-seq:H3K27ac,ChIP-seq:H3K27me3,0.03865108136520829,3.0,ChIP-seq:H3K27ac x ChIP-seq:H3K27me3
CL:1001606,ChIP-seq:H3K27ac,ChIP-seq:H3K36me3,0.02878100280243233,3.0,ChIP-seq:H3K27ac x ChIP-seq:H3K36me3
CL:1001606,ChIP-seq:H3K27ac,ChIP-seq:H3K4me1,0.06418346801956931,3.0,ChIP-seq:H3K27ac x ChIP-seq:H3K4me1
CL:1001606,ChIP-seq:H3K27ac,ChIP-seq:H3K4me3,0.16063578923543295,3.0,ChIP-seq:H3K27ac x ChIP-seq:H3K4me3
CL:1001606,ChIP-seq:H3K27ac,ChIP-seq:H3K9ac,0.11325162529945376,1.0,ChIP-seq:H3K27ac x ChIP-seq:H3K9ac
CL:1001606,ChIP-seq:H3K27ac,ChIP-seq:H3K9me3,0.03006812369220712,2.0,ChIP-seq:H3K27ac x ChIP-seq:H3K9me3
CL:1001606,ChIP-seq:H3K27ac,polyA plus RNA-seq,0.02033520492078248,4.0,ChIP-seq:H3K27ac x polyA plus RNA-seq
CL:1001606,ChIP-seq:H3K27me3,DNase-seq,-0.015264161763219899,6.0,ChIP-seq:H3K27me3 x DNase-seq
CL:1001606,ChIP-seq:H3K27me3,ChIP-seq:H3K27ac,0.020481928937719683,3.0,ChIP-seq:H3K27ac x ChIP-seq:H3K27me3
CL:1001606,ChIP-seq:H3K27me3,ChIP-seq:H3K36me3,-0.01265064635343376,9.0,ChIP-seq:H3K27me3 x ChIP-seq:H3K36me3
CL:1001606,ChIP-seq:H3K27me3,ChIP-seq:H3K4me1,-0.03266536893825683,9.0,ChIP-seq:H3K27me3 x ChIP-seq:H3K4me1
CL:1001606,ChIP-seq:H3K27me3,ChIP-seq:H3K4me3,-0.0032187902684875855,9.0,ChIP-seq:H3K27me3 x ChIP-seq:H3K4me3
CL:1001606,ChIP-seq:H3K27me3,ChIP-seq:H3K9ac,0.04963815887769063,3.0,ChIP-seq:H3K27me3 x ChIP-seq:H3K9ac
CL:1001606,ChIP-seq:H3K27me3,ChIP-seq:H3K9me3,0.03746823575835996,6.0,ChIP-seq:H3K27me3 x ChIP-seq:H3K9me3
CL:1001606,ChIP-seq:H3K27me3,polyA plus RNA-seq,-0.027418548633110967,12.0,ChIP-seq:H3K27me3 x polyA plus RNA-seq
CL:1001606,ChIP-seq:H3K36me3,DNase-seq,-0.03575100302952262,6.0,ChIP-seq:H3K36me3 x DNase-seq
CL:1001606,ChIP-seq:H3K36me3,ChIP-seq:H3K27ac,0.01925951083010607,3.0,ChIP-seq:H3K27ac x ChIP-seq:H3K36me3
CL:1001606,ChIP-seq:H3K36me3,ChIP-seq:H3K27me3,0.0012686181361053032,9.0,ChIP-seq:H3K27me3 x ChIP-seq:H3K36me3
CL:1001606,ChIP-seq:H3K36me3,ChIP-seq:H3K4me1,0.01630161555258782,9.0,ChIP-seq:H3K36me3 x ChIP-seq:H3K4me1
CL:1001606,ChIP-seq:H3K36me3,ChIP-seq:H3K4me3,0.016033570997778423,9.0,ChIP-seq:H3K36me3 x ChIP-seq:H3K4me3
CL:1001606,ChIP-seq:H3K36me3,ChIP-seq:H3K9ac,0.01876008133093516,3.0,ChIP-seq:H3K36me3 x ChIP-seq:H3K9ac
CL:1001606,ChIP-seq:H3K36me3,ChIP-seq:H3K9me3,0.05004260814591739,6.0,ChIP-seq:H3K36me3 x ChIP-seq:H3K9me3
CL:1001606,ChIP-seq:H3K36me3,polyA plus RNA-seq,0.008653754159078125,12.0,ChIP-seq:H3K36me3 x polyA plus RNA-seq
CL:1001606,ChIP-seq:H3K4me1,DNase-seq,-0.08757928362007403,6.0,ChIP-seq:H3K4me1 x DNase-seq
CL:1001606,ChIP-seq:H3K4me1,ChIP-seq:H3K27ac,0.07218438399181444,3.0,ChIP-seq:H3K27ac x ChIP-seq:H3K4me1
CL:1001606,ChIP-seq:H3K4me1,ChIP-seq:H3K27me3,-0.028089975413579965,9.0,ChIP-seq:H3K27me3 x ChIP-seq:H3K4me1
CL:1001606,ChIP-seq:H3K4me1,ChIP-seq:H3K36me3,0.012204577897321729,9.0,ChIP-seq:H3K36me3 x ChIP-seq:H3K4me1
CL:1001606,ChIP-seq:H3K4me1,ChIP-seq:H3K4me3,-0.03336094716251922,9.0,ChIP-seq:H3K4me1 x ChIP-seq:H3K4me3
CL:1001606,ChIP-seq:H3K4me1,ChIP-seq:H3K9ac,0.16118414640426634,3.0,ChIP-seq:H3K4me1 x ChIP-seq:H3K9ac
CL:1001606,ChIP-seq:H3K4me1,ChIP-seq:H3K9me3,-0.0017434125033657204,6.0,ChIP-seq:H3K4me1 x ChIP-seq:H3K9me3
CL:1001606,ChIP-seq:H3K4me1,polyA plus RNA-seq,-0.0009306259990082017,12.0,ChIP-seq:H3K4me1 x polyA plus RNA-seq
CL:1001606,ChIP-seq:H3K4me3,DNase-seq,-0.06083633328221506,6.0,ChIP-seq:H3K4me3 x DNase-seq
CL:1001606,ChIP-seq:H3K4me3,ChIP-seq:H3K27ac,0.20451270405647687,3.0,ChIP-seq:H3K27ac x ChIP-seq:H3K4me3
CL:1001606,ChIP-seq:H3K4me3,ChIP-seq:H3K27me3,0.03067211602701389,9.0,ChIP-seq:H3K27me3 x ChIP-seq:H3K4me3
CL:1001606,ChIP-seq:H3K4me3,ChIP-seq:H3K36me3,0.03568748877435232,9.0,ChIP-seq:H3K36me3 x ChIP-seq:H3K4me3
CL:1001606,ChIP-seq:H3K4me3,ChIP-seq:H3K4me1,-0.038592890778304016,9.0,ChIP-seq:H3K4me1 x ChIP-seq:H3K4me3
CL:1001606,ChIP-seq:H3K4me3,ChIP-seq:H3K9ac,0.3653865687052409,3.0,ChIP-seq:H3K4me3 x ChIP-seq:H3K9ac
CL:1001606,ChIP-seq:H3K4me3,ChIP-seq:H3K9me3,0.06475385275672883,6.0,ChIP-seq:H3K4me3 x ChIP-seq:H3K9me3
CL:1001606,ChIP-seq:H3K4me3,polyA plus RNA-seq,0.005187719702491614,12.0,ChIP-seq:H3K4me3 x polyA plus RNA-seq
CL:1001606,ChIP-seq:H3K9ac,DNase-seq,-0.05583090918887522,2.0,ChIP-seq:H3K9ac x DNase-seq
CL:1001606,ChIP-seq:H3K9ac,ChIP-seq:H3K27ac,0.240044089379134,1.0,ChIP-seq:H3K27ac x ChIP-seq:H3K9ac
CL:1001606,ChIP-seq:H3K9ac,ChIP-seq:H3K27me3,0.060206548881161115,3.0,ChIP-seq:H3K27me3 x ChIP-seq:H3K9ac
CL:1001606,ChIP-seq:H3K9ac,ChIP-seq:H3K36me3,0.03820527744696952,3.0,ChIP-seq:H3K36me3 x ChIP-seq:H3K9ac
CL:1001606,ChIP-seq:H3K9ac,ChIP-seq:H3K4me1,0.16039391380526644,3.0,ChIP-seq:H3K4me1 x ChIP-seq:H3K9ac
CL:1001606,ChIP-seq:H3K9ac,ChIP-seq:H3K4me3,0.38469825440169503,3.0,ChIP-seq:H3K4me3 x ChIP-seq:H3K9ac
CL:1001606,ChIP-seq:H3K9ac,ChIP-seq:H3K9me3,-0.02143910662218761,2.0,ChIP-seq:H3K9ac x ChIP-seq:H3K9me3
CL:1001606,ChIP-seq:H3K9ac,polyA plus RNA-seq,0.00406151506459335,4.0,ChIP-seq:H3K9ac x polyA plus RNA-seq
CL:1001606,ChIP-seq:H3K9me3,DNase-seq,-0.039869306705047174,4.0,ChIP-seq:H3K9me3 x DNase-seq
CL:1001606,ChIP-seq:H3K9me3,ChIP-seq:H3K27ac,0.005055207253238301,2.0,ChIP-seq:H3K27ac x ChIP-seq:H3K9me3
CL:1001606,ChIP-seq:H3K9me3,ChIP-seq:H3K27me3,0.05600154319012812,6.0,ChIP-seq:H3K27me3 x ChIP-seq:H3K9me3
CL:1001606,ChIP-seq:H3K9me3,ChIP-seq:H3K36me3,0.04447711815596052,6.0,ChIP-seq:H3K36me3 x ChIP-seq:H3K9me3
CL:1001606,ChIP-seq:H3K9me3,ChIP-seq:H3K4me1,0.004913451006779304,6.0,ChIP-seq:H3K4me1 x ChIP-seq:H3K9me3
CL:1001606,ChIP-seq:H3K9me3,ChIP-seq:H3K4me3,0.02861939433594824,6.0,ChIP-seq:H3K4me3 x ChIP-seq:H3K9me3
CL:1001606,ChIP-seq:H3K9me3,ChIP-seq:H3K9ac,-0.047705420292913914,2.0,ChIP-seq:H3K9ac x ChIP-seq:H3K9me3
CL:1001606,ChIP-seq:H3K9me3,polyA plus RNA-seq,-0.016302753459952062,8.0,ChIP-seq:H3K9me3 x polyA plus RNA-seq
CL:1001606,polyA plus RNA-seq,DNase-seq,0.0006078424258637674,8.0,DNase-seq x polyA plus RNA-seq
CL:1001606,polyA plus RNA-seq,ChIP-seq:H3K27ac,0.025740045456238734,4.0,ChIP-seq:H3K27ac x polyA plus RNA-seq
CL:1001606,polyA plus RNA-seq,ChIP-seq:H3K27me3,-0.027691484075184014,12.0,ChIP-seq:H3K27me3 x polyA plus RNA-seq
CL:1001606,polyA plus RNA-seq,ChIP-seq:H3K36me3,0.025421185581654362,12.0,ChIP-seq:H3K36me3 x polyA plus RNA-seq
CL:1001606,polyA plus RNA-seq,ChIP-seq:H3K4me1,0.00010842603423219868,12.0,ChIP-seq:H3K4me1 x polyA plus RNA-seq
CL:1001606,polyA plus RNA-seq,ChIP-seq:H3K4me3,0.013233944353922993,12.0,ChIP-seq:H3K4me3 x polyA plus RNA-seq
CL:1001606,polyA plus RNA-seq,ChIP-seq:H3K9ac,-0.0028728733956813815,4.0,ChIP-seq:H3K9ac x polyA plus RNA-seq
CL:1001606,polyA plus RNA-seq,ChIP-seq:H3K9me3,-0.007676957970422306,8.0,ChIP-seq:H3K9me3 x polyA plus RNA-seq
CL:2000045,DNase-seq,ChIP-seq:H3K27ac,0.11344669453846001,4.0,ChIP-seq:H3K27ac x DNase-seq
CL:2000045,DNase-seq,ChIP-seq:H3K27me3,-0.02198393712210101,6.0,ChIP-seq:H3K27me3 x DNase-seq
CL:2000045,DNase-seq,ChIP-seq:H3K36me3,-0.02228970947856359,6.0,ChIP-seq:H3K36me3 x DNase-seq
CL:2000045,DNase-seq,ChIP-seq:H3K4me1,0.021885816649202902,6.0,ChIP-seq:H3K4me1 x DNase-seq
CL:2000045,DNase-seq,ChIP-seq:H3K4me3,0.05624233165257414,6.0,ChIP-seq:H3K4me3 x DNase-seq
CL:2000045,DNase-seq,ChIP-seq:H3K9ac,0.0021222564578056366,2.0,ChIP-seq:H3K9ac x DNase-seq
CL:2000045,DNase-seq,ChIP-seq:H3K9me3,0.015065782065137048,4.0,ChIP-seq:H3K9me3 x DNase-seq
CL:2000045,DNase-seq,polyA plus RNA-seq,-0.006439417122892756,8.0,DNase-seq x polyA plus RNA-seq
CL:2000045,ChIP-seq:H3K27ac,DNase-seq,0.0681636846557106,4.0,ChIP-seq:H3K27ac x DNase-seq
CL:2000045,ChIP-seq:H3K27ac,ChIP-seq:H3K27me3,0.0354490260514178,6.0,ChIP-seq:H3K27ac x ChIP-seq:H3K27me3
CL:2000045,ChIP-seq:H3K27ac,ChIP-seq:H3K36me3,0.008755640629778572,6.0,ChIP-seq:H3K27ac x ChIP-seq:H3K36me3
CL:2000045,ChIP-seq:H3K27ac,ChIP-seq:H3K4me1,0.31010231648609315,6.0,ChIP-seq:H3K27ac x ChIP-seq:H3K4me1
CL:2000045,ChIP-seq:H3K27ac,ChIP-seq:H3K4me3,0.2757539066350516,6.0,ChIP-seq:H3K27ac x ChIP-seq:H3K4me3
CL:2000045,ChIP-seq:H3K27ac,ChIP-seq:H3K9ac,0.04013705730438233,2.0,ChIP-seq:H3K27ac x ChIP-seq:H3K9ac
CL:2000045,ChIP-seq:H3K27ac,ChIP-seq:H3K9me3,0.011761841667669543,4.0,ChIP-seq:H3K27ac x ChIP-seq:H3K9me3
CL:2000045,ChIP-seq:H3K27ac,polyA plus RNA-seq,0.02060186260672399,8.0,ChIP-seq:H3K27ac x polyA plus RNA-seq
CL:2000045,ChIP-seq:H3K27me3,DNase-seq,-0.047834288674531523,6.0,ChIP-seq:H3K27me3 x DNase-seq
CL:2000045,ChIP-seq:H3K27me3,ChIP-seq:H3K27ac,0.015585309137468757,6.0,ChIP-seq:H3K27ac x ChIP-seq:H3K27me3
CL:2000045,ChIP-seq:H3K27me3,ChIP-seq:H3K36me3,0.022579473430601814,9.0,ChIP-seq:H3K27me3 x ChIP-seq:H3K36me3
CL:2000045,ChIP-seq:H3K27me3,ChIP-seq:H3K4me1,-0.0711318305414966,9.0,ChIP-seq:H3K27me3 x ChIP-seq:H3K4me1
CL:2000045,ChIP-seq:H3K27me3,ChIP-seq:H3K4me3,0.00043259875875123477,9.0,ChIP-seq:H3K27me3 x ChIP-seq:H3K4me3
CL:2000045,ChIP-seq:H3K27me3,ChIP-seq:H3K9ac,0.017324230670928954,3.0,ChIP-seq:H3K27me3 x ChIP-seq:H3K9ac
CL:2000045,ChIP-seq:H3K27me3,ChIP-seq:H3K9me3,0.0847550748885794,6.0,ChIP-seq:H3K27me3 x ChIP-seq:H3K9me3
CL:2000045,ChIP-seq:H3K27me3,polyA plus RNA-seq,-0.05929144202059673,12.0,ChIP-seq:H3K27me3 x polyA plus RNA-seq
CL:2000045,ChIP-seq:H3K36me3,DNase-seq,-0.05474501935272282,6.0,ChIP-seq:H3K36me3 x DNase-seq
CL:2000045,ChIP-seq:H3K36me3,ChIP-seq:H3K27ac,0.00964783021011708,6.0,ChIP-seq:H3K27ac x ChIP-seq:H3K36me3
CL:2000045,ChIP-seq:H3K36me3,ChIP-seq:H3K27me3,0.01683915231271,9.0,ChIP-seq:H3K27me3 x ChIP-seq:H3K36me3
CL:2000045,ChIP-seq:H3K36me3,ChIP-seq:H3K4me1,0.0004652913236792705,9.0,ChIP-seq:H3K36me3 x ChIP-seq:H3K4me1
CL:2000045,ChIP-seq:H3K36me3,ChIP-seq:H3K4me3,0.013682849040613489,9.0,ChIP-seq:H3K36me3 x ChIP-seq:H3K4me3
CL:2000045,ChIP-seq:H3K36me3,ChIP-seq:H3K9ac,-0.009626016517480213,3.0,ChIP-seq:H3K36me3 x ChIP-seq:H3K9ac
CL:2000045,ChIP-seq:H3K36me3,ChIP-seq:H3K9me3,0.14051527142078243,6.0,ChIP-seq:H3K36me3 x ChIP-seq:H3K9me3
CL:2000045,ChIP-seq:H3K36me3,polyA plus RNA-seq,0.04070068980271031,12.0,ChIP-seq:H3K36me3 x polyA plus RNA-seq
CL:2000045,ChIP-seq:H3K4me1,DNase-seq,0.015515126518367494,6.0,ChIP-seq:H3K4me1 x DNase-seq
CL:2000045,ChIP-seq:H3K4me1,ChIP-seq:H3K27ac,0.32185407775776237,6.0,ChIP-seq:H3K27ac x ChIP-seq:H3K4me1
CL:2000045,ChIP-seq:H3K4me1,ChIP-seq:H3K27me3,-0.06593152041275063,9.0,ChIP-seq:H3K27me3 x ChIP-seq:H3K4me1
CL:2000045,ChIP-seq:H3K4me1,ChIP-seq:H3K36me3,0.004515016992674363,9.0,ChIP-seq:H3K36me3 x ChIP-seq:H3K4me1
CL:2000045,ChIP-seq:H3K4me1,ChIP-seq:H3K4me3,0.10156752880377015,9.0,ChIP-seq:H3K4me1 x ChIP-seq:H3K4me3
CL:2000045,ChIP-seq:H3K4me1,ChIP-seq:H3K9ac,0.1907767065366109,3.0,ChIP-seq:H3K4me1 x ChIP-seq:H3K9ac
CL:2000045,ChIP-seq:H3K4me1,ChIP-seq:H3K9me3,-0.008184253388129817,6.0,ChIP-seq:H3K4me1 x ChIP-seq:H3K9me3
CL:2000045,ChIP-seq:H3K4me1,polyA plus RNA-seq,0.035336792225681965,12.0,ChIP-seq:H3K4me1 x polyA plus RNA-seq
CL:2000045,ChIP-seq:H3K4me3,DNase-seq,-0.03177336892721168,6.0,ChIP-seq:H3K4me3 x DNase-seq
CL:2000045,ChIP-seq:H3K4me3,ChIP-seq:H3K27ac,0.2686440056155187,6.0,ChIP-seq:H3K27ac x ChIP-seq:H3K4me3
CL:2000045,ChIP-seq:H3K4me3,ChIP-seq:H3K27me3,0.04387599122000603,9.0,ChIP-seq:H3K27me3 x ChIP-seq:H3K4me3
CL:2000045,ChIP-seq:H3K4me3,ChIP-seq:H3K36me3,0.019906812164306075,9.0,ChIP-seq:H3K36me3 x ChIP-seq:H3K4me3
CL:2000045,ChIP-seq:H3K4me3,ChIP-seq:H3K4me1,0.09522693934458079,9.0,ChIP-seq:H3K4me1 x ChIP-seq:H3K4me3
CL:2000045,ChIP-seq:H3K4me3,ChIP-seq:H3K9ac,0.13702563285827637,3.0,ChIP-seq:H3K4me3 x ChIP-seq:H3K9ac
CL:2000045,ChIP-seq:H3K4me3,ChIP-seq:H3K9me3,0.038559191235888766,6.0,ChIP-seq:H3K4me3 x ChIP-seq:H3K9me3
CL:2000045,ChIP-seq:H3K4me3,polyA plus RNA-seq,0.012802109909561474,12.0,ChIP-seq:H3K4me3 x polyA plus RNA-seq
CL:2000045,ChIP-seq:H3K9ac,DNase-seq,-0.03589916359825232,2.0,ChIP-seq:H3K9ac x DNase-seq
CL:2000045,ChIP-seq:H3K9ac,ChIP-seq:H3K27ac,0.1935693573507463,2.0,ChIP-seq:H3K27ac x ChIP-seq:H3K9ac
CL:2000045,ChIP-seq:H3K9ac,ChIP-seq:H3K27me3,0.04633359992226889,3.0,ChIP-seq:H3K27me3 x ChIP-seq:H3K9ac
CL:2000045,ChIP-seq:H3K9ac,ChIP-seq:H3K36me3,0.02037322397697418,3.0,ChIP-seq:H3K36me3 x ChIP-seq:H3K9ac
CL:2000045,ChIP-seq:H3K9ac,ChIP-seq:H3K4me1,0.1898433710192586,3.0,ChIP-seq:H3K4me1 x ChIP-seq:H3K9ac
CL:2000045,ChIP-seq:H3K9ac,ChIP-seq:H3K4me3,0.22288095783179915,3.0,ChIP-seq:H3K4me3 x ChIP-seq:H3K9ac
CL:2000045,ChIP-seq:H3K9ac,ChIP-seq:H3K9me3,-0.01613464133207048,2.0,ChIP-seq:H3K9ac x ChIP-seq:H3K9me3
CL:2000045,ChIP-seq:H3K9ac,polyA plus RNA-seq,-0.007000023912455917,4.0,ChIP-seq:H3K9ac x polyA plus RNA-seq
CL:2000045,ChIP-seq:H3K9me3,DNase-seq,-0.008426242383177747,4.0,ChIP-seq:H3K9me3 x DNase-seq
CL:2000045,ChIP-seq:H3K9me3,ChIP-seq:H3K27ac,0.002379745996979453,4.0,ChIP-seq:H3K27ac x ChIP-seq:H3K9me3
CL:2000045,ChIP-seq:H3K9me3,ChIP-seq:H3K27me3,0.11010785019674967,6.0,ChIP-seq:H3K27me3 x ChIP-seq:H3K9me3
CL:2000045,ChIP-seq:H3K9me3,ChIP-seq:H3K36me3,0.14812379034232753,6.0,ChIP-seq:H3K36me3 x ChIP-seq:H3K9me3
CL:2000045,ChIP-seq:H3K9me3,ChIP-seq:H3K4me1,-0.0021151200537279837,6.0,ChIP-seq:H3K4me1 x ChIP-seq:H3K9me3
CL:2000045,ChIP-seq:H3K9me3,ChIP-seq:H3K4me3,0.013007158404784586,6.0,ChIP-seq:H3K4me3 x ChIP-seq:H3K9me3
CL:2000045,ChIP-seq:H3K9me3,ChIP-seq:H3K9ac,-0.04483521766960621,2.0,ChIP-seq:H3K9ac x ChIP-seq:H3K9me3
CL:2000045,ChIP-seq:H3K9me3,polyA plus RNA-seq,-0.0016585774827072187,8.0,ChIP-seq:H3K9me3 x polyA plus RNA-seq
CL:2000045,polyA plus RNA-seq,DNase-seq,0.008162996107616375,8.0,DNase-seq x polyA plus RNA-seq
CL:2000045,polyA plus RNA-seq,ChIP-seq:H3K27ac,0.03987264256021991,8.0,ChIP-seq:H3K27ac x polyA plus RNA-seq
CL:2000045,polyA plus RNA-seq,ChIP-seq:H3K27me3,-0.05834101533242898,12.0,ChIP-seq:H3K27me3 x polyA plus RNA-seq
CL:2000045,polyA plus RNA-seq,ChIP-seq:H3K36me3,0.06855592275048322,12.0,ChIP-seq:H3K36me3 x polyA plus RNA-seq
CL:2000045,polyA plus RNA-seq,ChIP-seq:H3K4me1,0.05089148338679429,12.0,ChIP-seq:H3K4me1 x polyA plus RNA-seq
CL:2000045,polyA plus RNA-seq,ChIP-seq:H3K4me3,0.04725613602450196,12.0,ChIP-seq:H3K4me3 x polyA plus RNA-seq
CL:2000045,polyA plus RNA-seq,ChIP-seq:H3K9ac,-0.010614286959171295,4.0,ChIP-seq:H3K9ac x polyA plus RNA-seq
CL:2000045,polyA plus RNA-seq,ChIP-seq:H3K9me3,0.0007916200027037203,8.0,ChIP-seq:H3K9me3 x polyA plus RNA-seq
CL:0000312,DNase-seq,ChIP-seq:H3K27ac,-0.0903277767845142,1.0,ChIP-seq:H3K27ac x DNase-seq
CL:0000312,DNase-seq,ChIP-seq:H3K36me3,-0.10418483697705799,1.0,ChIP-seq:H3K36me3 x DNase-seq
CL:0000312,DNase-seq,ChIP-seq:H3K4me3,0.00955134929619103,2.0,ChIP-seq:H3K4me3 x DNase-seq
CL:0000312,DNase-seq,ChIP-seq:H3K9me3,-0.08351824803059328,1.0,ChIP-seq:H3K9me3 x DNase-seq
CL:0000312,DNase-seq,ChIP-seq:CTCF,-0.011610088851845377,1.0,ChIP-seq:CTCF x DNase-seq
CL:0000312,DNase-seq,polyA plus RNA-seq,-0.015063190034457614,7.0,DNase-seq x polyA plus RNA-seq
CL:0000312,ChIP-seq:H3K27ac,DNase-seq,-0.11238023828341599,1.0,ChIP-seq:H3K27ac x DNase-seq
CL:0000312,ChIP-seq:H3K27ac,ChIP-seq:H3K36me3,-0.026451974939653483,1.0,ChIP-seq:H3K27ac x ChIP-seq:H3K36me3
CL:0000312,ChIP-seq:H3K27ac,ChIP-seq:H3K4me3,0.18158761056784156,2.0,ChIP-seq:H3K27ac x ChIP-seq:H3K4me3
CL:0000312,ChIP-seq:H3K27ac,ChIP-seq:H3K9me3,0.027065401896834373,1.0,ChIP-seq:H3K27ac x ChIP-seq:H3K9me3
CL:0000312,ChIP-seq:H3K27ac,ChIP-seq:CTCF,-0.0096028066529594,1.0,ChIP-seq:CTCF x ChIP-seq:H3K27ac
CL:0000312,ChIP-seq:H3K27ac,polyA plus RNA-seq,0.002156644168486231,7.0,ChIP-seq:H3K27ac x polyA plus RNA-seq
CL:0000312,ChIP-seq:H3K36me3,DNase-seq,-0.07755391719178859,1.0,ChIP-seq:H3K36me3 x DNase-seq
CL:0000312,ChIP-seq:H3K36me3,ChIP-seq:H3K27ac,-0.018934257581462093,1.0,ChIP-seq:H3K27ac x ChIP-seq:H3K36me3
CL:0000312,ChIP-seq:H3K36me3,ChIP-seq:H3K4me3,-0.0038191336424690542,2.0,ChIP-seq:H3K36me3 x ChIP-seq:H3K4me3
CL:0000312,ChIP-seq:H3K36me3,ChIP-seq:H3K9me3,0.0012814273131626294,1.0,ChIP-seq:H3K36me3 x ChIP-seq:H3K9me3
CL:0000312,ChIP-seq:H3K36me3,ChIP-seq:CTCF,-0.022558647361629217,1.0,ChIP-seq:CTCF x ChIP-seq:H3K36me3
CL:0000312,ChIP-seq:H3K36me3,polyA plus RNA-seq,0.026342455136815573,7.0,ChIP-seq:H3K36me3 x polyA plus RNA-seq
CL:0000312,ChIP-seq:H3K4me3,DNase-seq,-0.014388471516208354,2.0,ChIP-seq:H3K4me3 x DNase-seq
CL:0000312,ChIP-seq:H3K4me3,ChIP-seq:H3K27ac,0.18334843457481007,2.0,ChIP-seq:H3K27ac x ChIP-seq:H3K4me3
CL:0000312,ChIP-seq:H3K4me3,ChIP-seq:H3K36me3,-0.022441734983610413,2.0,ChIP-seq:H3K36me3 x ChIP-seq:H3K4me3
CL:0000312,ChIP-seq:H3K4me3,ChIP-seq:H3K9me3,0.047141481773646854,2.0,ChIP-seq:H3K4me3 x ChIP-seq:H3K9me3
CL:0000312,ChIP-seq:H3K4me3,ChIP-seq:CTCF,0.00793884043554658,2.0,ChIP-seq:CTCF x ChIP-seq:H3K4me3
CL:0000312,ChIP-seq:H3K4me3,polyA plus RNA-seq,-0.017456943262059033,14.0,ChIP-seq:H3K4me3 x polyA plus RNA-seq
CL:0000312,ChIP-seq:H3K79me2,DNase-seq,-0.05607640779646626,1.0,ChIP-seq:H3K79me2 x DNase-seq
CL:0000312,ChIP-seq:H3K79me2,ChIP-seq:H3K27ac,0.03362693895160416,1.0,ChIP-seq:H3K27ac x ChIP-seq:H3K79me2
CL:0000312,ChIP-seq:H3K79me2,ChIP-seq:H3K36me3,0.19582641550472804,1.0,ChIP-seq:H3K36me3 x ChIP-seq:H3K79me2
CL:0000312,ChIP-seq:H3K79me2,ChIP-seq:H3K4me3,0.11334955511249115,2.0,ChIP-seq:H3K4me3 x ChIP-seq:H3K79me2
CL:0000312,ChIP-seq:H3K79me2,ChIP-seq:H3K9me3,0.04910297129906756,1.0,ChIP-seq:H3K79me2 x ChIP-seq:H3K9me3
CL:0000312,ChIP-seq:H3K79me2,ChIP-seq:CTCF,-0.002089035236141056,1.0,ChIP-seq:CTCF x ChIP-seq:H3K79me2
CL:0000312,ChIP-seq:H3K79me2,polyA plus RNA-seq,0.002068224935436562,7.0,ChIP-seq:H3K79me2 x polyA plus RNA-seq
CL:0000312,ChIP-seq:H3K9me3,DNase-seq,-0.05801378209670589,1.0,ChIP-seq:H3K9me3 x DNase-seq
CL:0000312,ChIP-seq:H3K9me3,ChIP-seq:H3K27ac,0.010865916141573295,1.0,ChIP-seq:H3K27ac x ChIP-seq:H3K9me3
CL:0000312,ChIP-seq:H3K9me3,ChIP-seq:H3K36me3,-0.02488200630618151,1.0,ChIP-seq:H3K36me3 x ChIP-seq:H3K9me3
CL:0000312,ChIP-seq:H3K9me3,ChIP-seq:H3K4me3,0.03857018607102822,2.0,ChIP-seq:H3K4me3 x ChIP-seq:H3K9me3
CL:0000312,ChIP-seq:H3K9me3,ChIP-seq:CTCF,-0.0007369329574183353,1.0,ChIP-seq:CTCF x ChIP-seq:H3K9me3
CL:0000312,ChIP-seq:H3K9me3,polyA plus RNA-seq,0.004303220201568349,7.0,ChIP-seq:H3K9me3 x polyA plus RNA-seq
CL:0000312,ChIP-seq:CTCF,DNase-seq,0.06356682825670756,1.0,ChIP-seq:CTCF x DNase-seq
CL:0000312,ChIP-seq:CTCF,ChIP-seq:H3K27ac,-0.025677857270901217,1.0,ChIP-seq:CTCF x ChIP-seq:H3K27ac
CL:0000312,ChIP-seq:CTCF,ChIP-seq:H3K36me3,-0.03111460183072027,1.0,ChIP-seq:CTCF x ChIP-seq:H3K36me3
CL:0000312,ChIP-seq:CTCF,ChIP-seq:H3K4me3,0.023638160986320995,2.0,ChIP-seq:CTCF x ChIP-seq:H3K4me3
CL:0000312,ChIP-seq:CTCF,ChIP-seq:H3K9me3,-0.01357201814089574,1.0,ChIP-seq:CTCF x ChIP-seq:H3K9me3
CL:0000312,ChIP-seq:CTCF,polyA plus RNA-seq,-0.003555855382716537,7.0,ChIP-seq:CTCF x polyA plus RNA-seq
CL:0000312,polyA plus RNA-seq,DNase-seq,-0.004173515196937521,7.0,DNase-seq x polyA plus RNA-seq
CL:0000312,polyA plus RNA-seq,ChIP-seq:H3K27ac,0.015490292031087994,7.0,ChIP-seq:H3K27ac x polyA plus RNA-seq
CL:0000312,polyA plus RNA-seq,ChIP-seq:H3K36me3,0.025956940083276654,7.0,ChIP-seq:H3K36me3 x polyA plus RNA-seq
CL:0000312,polyA plus RNA-seq,ChIP-seq:H3K4me3,0.004448368707709063,14.0,ChIP-seq:H3K4me3 x polyA plus RNA-seq
CL:0000312,polyA plus RNA-seq,ChIP-seq:H3K9me3,0.0035970231840730376,7.0,ChIP-seq:H3K9me3 x polyA plus RNA-seq
CL:0000312,polyA plus RNA-seq,ChIP-seq:CTCF,0.004024480566403076,7.0,ChIP-seq:CTCF x polyA plus RNA-seq
CL:0002518,ChIP-seq:H3K27me3,ChIP-seq:H3K36me3,0.12085592762503043,1.0,ChIP-seq:H3K27me3 x ChIP-seq:H3K36me3
CL:0002518,ChIP-seq:H3K27me3,ChIP-seq:H3K4me3,-0.05627905483855758,1.0,ChIP-seq:H3K27me3 x ChIP-seq:H3K4me3
CL:0002518,ChIP-seq:H3K27me3,ChIP-seq:CTCF,0.014485425668434032,1.0,ChIP-seq:CTCF x ChIP-seq:H3K27me3
CL:0002518,ChIP-seq:H3K27me3,RNA-seq,-0.031175854456648056,2.0,ChIP-seq:H3K27me3 x RNA-seq
CL:0002518,ChIP-seq:H3K36me3,ChIP-seq:H3K27me3,0.09929783830697508,1.0,ChIP-seq:H3K27me3 x ChIP-seq:H3K36me3
CL:0002518,ChIP-seq:H3K36me3,ChIP-seq:H3K4me3,-0.0024187859061152433,1.0,ChIP-seq:H3K36me3 x ChIP-seq:H3K4me3
CL:0002518,ChIP-seq:H3K36me3,ChIP-seq:CTCF,0.016142665399509724,1.0,ChIP-seq:CTCF x ChIP-seq:H3K36me3
CL:0002518,ChIP-seq:H3K36me3,RNA-seq,0.02851748463874399,2.0,ChIP-seq:H3K36me3 x RNA-seq
CL:0002518,ChIP-seq:H3K4me3,ChIP-seq:H3K27me3,-0.04943507824135923,1.0,ChIP-seq:H3K27me3 x ChIP-seq:H3K4me3
CL:0002518,ChIP-seq:H3K4me3,ChIP-seq:H3K36me3,0.012607749728929429,1.0,ChIP-seq:H3K36me3 x ChIP-seq:H3K4me3
CL:0002518,ChIP-seq:H3K4me3,ChIP-seq:CTCF,0.020224786716178784,1.0,ChIP-seq:CTCF x ChIP-seq:H3K4me3
CL:0002518,ChIP-seq:H3K4me3,RNA-seq,0.039376707490210786,2.0,ChIP-seq:H3K4me3 x RNA-seq
CL:0002518,ChIP-seq:CTCF,ChIP-seq:H3K27me3,0.012564141774314575,1.0,ChIP-seq:CTCF x ChIP-seq:H3K27me3
CL:0002518,ChIP-seq:CTCF,ChIP-seq:H3K36me3,0.0067437878124928345,1.0,ChIP-seq:CTCF x ChIP-seq:H3K36me3
CL:0002518,ChIP-seq:CTCF,ChIP-seq:H3K4me3,0.02374195342147073,1.0,ChIP-seq:CTCF x ChIP-seq:H3K4me3
CL:0002518,ChIP-seq:CTCF,RNA-seq,-0.0026191320167788996,2.0,ChIP-seq:CTCF x RNA-seq
CL:0002518,RNA-seq,ChIP-seq:H3K27me3,-0.03184010199774271,2.0,ChIP-seq:H3K27me3 x RNA-seq
CL:0002518,RNA-seq,ChIP-seq:H3K36me3,0.019143753483024224,2.0,ChIP-seq:H3K36me3 x RNA-seq
CL:0002518,RNA-seq,ChIP-seq:H3K4me3,0.028082862565683764,2.0,ChIP-seq:H3K4me3 x RNA-seq
CL:0002518,RNA-seq,ChIP-seq:CTCF,-0.0059560348948879726,2.0,ChIP-seq:CTCF x RNA-seq
CL:0002326,ChIP-seq:H3K27me3,ChIP-seq:H3K36me3,0.008984537233435917,1.0,ChIP-seq:H3K27me3 x ChIP-seq:H3K36me3
CL:0002326,ChIP-seq:H3K27me3,ChIP-seq:H3K4me1,-0.08642173364110615,1.0,ChIP-seq:H3K27me3 x ChIP-seq:H3K4me1
CL:0002326,ChIP-seq:H3K27me3,ChIP-seq:H3K9me3,0.3293400420156937,1.0,ChIP-seq:H3K27me3 x ChIP-seq:H3K9me3
CL:0002326,ChIP-seq:H3K27me3,polyA plus RNA-seq,-0.025586332794929986,2.0,ChIP-seq:H3K27me3 x polyA plus RNA-seq
CL:0002326,ChIP-seq:H3K36me3,ChIP-seq:H3K27me3,0.017930031422225906,1.0,ChIP-seq:H3K27me3 x ChIP-seq:H3K36me3
CL:0002326,ChIP-seq:H3K36me3,ChIP-seq:H3K4me1,-0.03300360312847339,1.0,ChIP-seq:H3K36me3 x ChIP-seq:H3K4me1
CL:0002326,ChIP-seq:H3K36me3,ChIP-seq:H3K9me3,0.1868985458459268,1.0,ChIP-seq:H3K36me3 x ChIP-seq:H3K9me3
CL:0002326,ChIP-seq:H3K36me3,polyA plus RNA-seq,0.03986756465154938,2.0,ChIP-seq:H3K36me3 x polyA plus RNA-seq
CL:0002326,ChIP-seq:H3K4me1,ChIP-seq:H3K27me3,-0.10494846799250307,1.0,ChIP-seq:H3K27me3 x ChIP-seq:H3K4me1
CL:0002326,ChIP-seq:H3K4me1,ChIP-seq:H3K36me3,-0.037638064367923316,1.0,ChIP-seq:H3K36me3 x ChIP-seq:H3K4me1
CL:0002326,ChIP-seq:H3K4me1,ChIP-seq:H3K9me3,-0.0024510401212636326,1.0,ChIP-seq:H3K4me1 x ChIP-seq:H3K9me3
CL:0002326,ChIP-seq:H3K4me1,polyA plus RNA-seq,0.018811017787217412,2.0,ChIP-seq:H3K4me1 x polyA plus RNA-seq
CL:0002326,ChIP-seq:H3K9me3,ChIP-seq:H3K27me3,0.355303251195228,1.0,ChIP-seq:H3K27me3 x ChIP-seq:H3K9me3
CL:0002326,ChIP-seq:H3K9me3,ChIP-seq:H3K36me3,0.19419411250523158,1.0,ChIP-seq:H3K36me3 x ChIP-seq:H3K9me3
CL:0002326,ChIP-seq:H3K9me3,ChIP-seq:H3K4me1,0.001966247254091759,1.0,ChIP-seq:H3K4me1 x ChIP-seq:H3K9me3
CL:0002326,ChIP-seq:H3K9me3,polyA plus RNA-seq,-0.021401473713296874,2.0,ChIP-seq:H3K9me3 x polyA plus RNA-seq
CL:0002326,polyA plus RNA-seq,ChIP-seq:H3K27me3,-0.03994552243029934,2.0,ChIP-seq:H3K27me3 x polyA plus RNA-seq
CL:0002326,polyA plus RNA-seq,ChIP-seq:H3K36me3,0.049605356164710235,2.0,ChIP-seq:H3K36me3 x polyA plus RNA-seq
CL:0002326,polyA plus RNA-seq,ChIP-seq:H3K4me1,0.024658511514249054,2.0,ChIP-seq:H3K4me1 x polyA plus RNA-seq
CL:0002326,polyA plus RNA-seq,ChIP-seq:H3K9me3,-0.01892325519349988,2.0,ChIP-seq:H3K9me3 x polyA plus RNA-seq
CL:0002327,DNase-seq,ChIP-seq:H3K27ac,-0.03299816205729673,1.0,ChIP-seq:H3K27ac x DNase-seq
CL:0002327,DNase-seq,ChIP-seq:H3K27me3,-0.05447622595322615,2.0,ChIP-seq:H3K27me3 x DNase-seq
CL:0002327,DNase-seq,ChIP-seq:H3K36me3,-0.1197463388138629,2.0,ChIP-seq:H3K36me3 x DNase-seq
CL:0002327,DNase-seq,ChIP-seq:H3K4me1,-0.20521639442183282,2.0,ChIP-seq:H3K4me1 x DNase-seq
CL:0002327,DNase-seq,ChIP-seq:H3K4me3,-0.02368681280399268,4.0,ChIP-seq:H3K4me3 x DNase-seq
CL:0002327,DNase-seq,ChIP-seq:H3K9me3,-0.0739580759506547,2.0,ChIP-seq:H3K9me3 x DNase-seq
CL:0002327,DNase-seq,ChIP-seq:CTCF,0.04089220794080531,1.0,ChIP-seq:CTCF x DNase-seq
CL:0002327,DNase-seq,polyA plus RNA-seq,0.0063276582757166725,4.0,DNase-seq x polyA plus RNA-seq
CL:0002327,DNase-seq,RNA-seq,0.00439873302464976,4.0,DNase-seq x RNA-seq
CL:0002327,ChIP-seq:H3K27ac,DNase-seq,-0.027823960633618056,1.0,ChIP-seq:H3K27ac x DNase-seq
CL:0002327,ChIP-seq:H3K27ac,ChIP-seq:H3K27me3,0.024371440312421392,2.0,ChIP-seq:H3K27ac x ChIP-seq:H3K27me3
CL:0002327,ChIP-seq:H3K27ac,ChIP-seq:H3K36me3,-0.03838178927594043,2.0,ChIP-seq:H3K27ac x ChIP-seq:H3K36me3
CL:0002327,ChIP-seq:H3K27ac,ChIP-seq:H3K4me1,0.05138447099044675,2.0,ChIP-seq:H3K27ac x ChIP-seq:H3K4me1
CL:0002327,ChIP-seq:H3K27ac,ChIP-seq:H3K4me3,0.18644151597652797,4.0,ChIP-seq:H3K27ac x ChIP-seq:H3K4me3
CL:0002327,ChIP-seq:H3K27ac,ChIP-seq:H3K9me3,0.0036810772974839364,2.0,ChIP-seq:H3K27ac x ChIP-seq:H3K9me3
CL:0002327,ChIP-seq:H3K27ac,ChIP-seq:CTCF,0.0005724445636411317,1.0,ChIP-seq:CTCF x ChIP-seq:H3K27ac
CL:0002327,ChIP-seq:H3K27ac,polyA plus RNA-seq,0.012200748966604214,4.0,ChIP-seq:H3K27ac x polyA plus RNA-seq
CL:0002327,ChIP-seq:H3K27ac,RNA-seq,0.02739683397552546,4.0,ChIP-seq:H3K27ac x RNA-seq
CL:0002327,ChIP-seq:H3K27me3,DNase-seq,-0.04059146790930422,2.0,ChIP-seq:H3K27me3 x DNase-seq
CL:0002327,ChIP-seq:H3K27me3,ChIP-seq:H3K27ac,0.02443811876906289,2.0,ChIP-seq:H3K27ac x ChIP-seq:H3K27me3
CL:0002327,ChIP-seq:H3K27me3,ChIP-seq:H3K36me3,-0.0434221920973443,4.0,ChIP-seq:H3K27me3 x ChIP-seq:H3K36me3
CL:0002327,ChIP-seq:H3K27me3,ChIP-seq:H3K4me1,-0.0360907134320078,4.0,ChIP-seq:H3K27me3 x ChIP-seq:H3K4me1
CL:0002327,ChIP-seq:H3K27me3,ChIP-seq:H3K4me3,-0.0035290780283932423,8.0,ChIP-seq:H3K27me3 x ChIP-seq:H3K4me3
CL:0002327,ChIP-seq:H3K27me3,ChIP-seq:H3K9me3,0.03228113373343864,4.0,ChIP-seq:H3K27me3 x ChIP-seq:H3K9me3
CL:0002327,ChIP-seq:H3K27me3,ChIP-seq:CTCF,-0.013350487284326147,2.0,ChIP-seq:CTCF x ChIP-seq:H3K27me3
CL:0002327,ChIP-seq:H3K27me3,polyA plus RNA-seq,-0.026585009571712368,8.0,ChIP-seq:H3K27me3 x polyA plus RNA-seq
CL:0002327,ChIP-seq:H3K27me3,RNA-seq,-0.042852834217688617,8.0,ChIP-seq:H3K27me3 x RNA-seq
CL:0002327,ChIP-seq:H3K36me3,DNase-seq,-0.08206409859473418,2.0,ChIP-seq:H3K36me3 x DNase-seq
CL:0002327,ChIP-seq:H3K36me3,ChIP-seq:H3K27ac,-0.01350602047678865,2.0,ChIP-seq:H3K27ac x ChIP-seq:H3K36me3
CL:0002327,ChIP-seq:H3K36me3,ChIP-seq:H3K27me3,-0.03957621656315175,4.0,ChIP-seq:H3K27me3 x ChIP-seq:H3K36me3
CL:0002327,ChIP-seq:H3K36me3,ChIP-seq:H3K4me1,-0.0016850585657390768,4.0,ChIP-seq:H3K36me3 x ChIP-seq:H3K4me1
CL:0002327,ChIP-seq:H3K36me3,ChIP-seq:H3K4me3,-0.0034465790497806847,8.0,ChIP-seq:H3K36me3 x ChIP-seq:H3K4me3
CL:0002327,ChIP-seq:H3K36me3,ChIP-seq:H3K9me3,0.07513338729236903,4.0,ChIP-seq:H3K36me3 x ChIP-seq:H3K9me3
CL:0002327,ChIP-seq:H3K36me3,ChIP-seq:CTCF,-0.005794094956832603,2.0,ChIP-seq:CTCF x ChIP-seq:H3K36me3
CL:0002327,ChIP-seq:H3K36me3,polyA plus RNA-seq,0.012862169798409907,8.0,ChIP-seq:H3K36me3 x polyA plus RNA-seq
CL:0002327,ChIP-seq:H3K36me3,RNA-seq,0.057380840638104606,8.0,ChIP-seq:H3K36me3 x RNA-seq
CL:0002327,ChIP-seq:H3K4me1,DNase-seq,-0.18086034059524536,2.0,ChIP-seq:H3K4me1 x DNase-seq
CL:0002327,ChIP-seq:H3K4me1,ChIP-seq:H3K27ac,0.05456493261419697,2.0,ChIP-seq:H3K27ac x ChIP-seq:H3K4me1
CL:0002327,ChIP-seq:H3K4me1,ChIP-seq:H3K27me3,-0.034470035581488825,4.0,ChIP-seq:H3K27me3 x ChIP-seq:H3K4me1
CL:0002327,ChIP-seq:H3K4me1,ChIP-seq:H3K36me3,0.0015820566009967889,4.0,ChIP-seq:H3K36me3 x ChIP-seq:H3K4me1
CL:0002327,ChIP-seq:H3K4me1,ChIP-seq:H3K4me3,-0.09988756435659696,8.0,ChIP-seq:H3K4me1 x ChIP-seq:H3K4me3
CL:0002327,ChIP-seq:H3K4me1,ChIP-seq:H3K9me3,0.032987963031516986,4.0,ChIP-seq:H3K4me1 x ChIP-seq:H3K9me3
CL:0002327,ChIP-seq:H3K4me1,ChIP-seq:CTCF,0.00014372733285994248,2.0,ChIP-seq:CTCF x ChIP-seq:H3K4me1
CL:0002327,ChIP-seq:H3K4me1,polyA plus RNA-seq,3.0137891062570477e-05,8.0,ChIP-seq:H3K4me1 x polyA plus RNA-seq
CL:0002327,ChIP-seq:H3K4me1,RNA-seq,0.002686854250290815,8.0,ChIP-seq:H3K4me1 x RNA-seq
CL:0002327,ChIP-seq:H3K4me3,DNase-seq,-0.042542099655823715,4.0,ChIP-seq:H3K4me3 x DNase-seq
CL:0002327,ChIP-seq:H3K4me3,ChIP-seq:H3K27ac,0.15633045302497017,4.0,ChIP-seq:H3K27ac x ChIP-seq:H3K4me3
CL:0002327,ChIP-seq:H3K4me3,ChIP-seq:H3K27me3,-0.007957627415398641,8.0,ChIP-seq:H3K27me3 x ChIP-seq:H3K4me3
CL:0002327,ChIP-seq:H3K4me3,ChIP-seq:H3K36me3,-0.03836249694862264,8.0,ChIP-seq:H3K36me3 x ChIP-seq:H3K4me3
CL:0002327,ChIP-seq:H3K4me3,ChIP-seq:H3K4me1,-0.12180797458509278,8.0,ChIP-seq:H3K4me1 x ChIP-seq:H3K4me3
CL:0002327,ChIP-seq:H3K4me3,ChIP-seq:H3K9me3,0.018424002139755848,8.0,ChIP-seq:H3K4me3 x ChIP-seq:H3K9me3
CL:0002327,ChIP-seq:H3K4me3,ChIP-seq:CTCF,0.030866514421203764,4.0,ChIP-seq:CTCF x ChIP-seq:H3K4me3
CL:0002327,ChIP-seq:H3K4me3,polyA plus RNA-seq,0.001000926199151736,16.0,ChIP-seq:H3K4me3 x polyA plus RNA-seq
CL:0002327,ChIP-seq:H3K4me3,RNA-seq,0.01863976504872827,16.0,ChIP-seq:H3K4me3 x RNA-seq
CL:0002327,ChIP-seq:H3K79me2,DNase-seq,-0.057455506989765905,1.0,ChIP-seq:H3K79me2 x DNase-seq
CL:0002327,ChIP-seq:H3K79me2,ChIP-seq:H3K27ac,0.002863303148820079,1.0,ChIP-seq:H3K27ac x ChIP-seq:H3K79me2
CL:0002327,ChIP-seq:H3K79me2,ChIP-seq:H3K27me3,-0.03751157120817659,2.0,ChIP-seq:H3K27me3 x ChIP-seq:H3K79me2
CL:0002327,ChIP-seq:H3K79me2,ChIP-seq:H3K36me3,0.11150333317036323,2.0,ChIP-seq:H3K36me3 x ChIP-seq:H3K79me2
CL:0002327,ChIP-seq:H3K79me2,ChIP-seq:H3K4me1,0.07281331384116835,2.0,ChIP-seq:H3K4me1 x ChIP-seq:H3K79me2
CL:0002327,ChIP-seq:H3K79me2,ChIP-seq:H3K4me3,0.07667532956825113,4.0,ChIP-seq:H3K4me3 x ChIP-seq:H3K79me2
CL:0002327,ChIP-seq:H3K79me2,ChIP-seq:H3K9me3,0.04065624879819624,2.0,ChIP-seq:H3K79me2 x ChIP-seq:H3K9me3
CL:0002327,ChIP-seq:H3K79me2,ChIP-seq:CTCF,-0.007390945381258876,1.0,ChIP-seq:CTCF x ChIP-seq:H3K79me2
CL:0002327,ChIP-seq:H3K79me2,polyA plus RNA-seq,0.0018018786755178429,4.0,ChIP-seq:H3K79me2 x polyA plus RNA-seq
CL:0002327,ChIP-seq:H3K79me2,RNA-seq,0.05351577692172107,4.0,ChIP-seq:H3K79me2 x RNA-seq
CL:0002327,ChIP-seq:H3K9me3,DNase-seq,-0.05564666985699328,2.0,ChIP-seq:H3K9me3 x DNase-seq
CL:0002327,ChIP-seq:H3K9me3,ChIP-seq:H3K27ac,0.003278885634593021,2.0,ChIP-seq:H3K27ac x ChIP-seq:H3K9me3
CL:0002327,ChIP-seq:H3K9me3,ChIP-seq:H3K27me3,0.02897238912265425,4.0,ChIP-seq:H3K27me3 x ChIP-seq:H3K9me3
CL:0002327,ChIP-seq:H3K9me3,ChIP-seq:H3K36me3,0.08042502022804099,4.0,ChIP-seq:H3K36me3 x ChIP-seq:H3K9me3
CL:0002327,ChIP-seq:H3K9me3,ChIP-seq:H3K4me1,0.03913030985111747,4.0,ChIP-seq:H3K4me1 x ChIP-seq:H3K9me3
CL:0002327,ChIP-seq:H3K9me3,ChIP-seq:H3K4me3,0.023211298404999497,8.0,ChIP-seq:H3K4me3 x ChIP-seq:H3K9me3
CL:0002327,ChIP-seq:H3K9me3,ChIP-seq:CTCF,-0.005669058707443256,2.0,ChIP-seq:CTCF x ChIP-seq:H3K9me3
CL:0002327,ChIP-seq:H3K9me3,polyA plus RNA-seq,-0.00868188142937525,8.0,ChIP-seq:H3K9me3 x polyA plus RNA-seq
CL:0002327,ChIP-seq:H3K9me3,RNA-seq,-0.005460661259644172,8.0,ChIP-seq:H3K9me3 x RNA-seq
CL:0002327,ChIP-seq:CTCF,DNase-seq,0.0025067651562948184,1.0,ChIP-seq:CTCF x DNase-seq
CL:0002327,ChIP-seq:CTCF,ChIP-seq:H3K27ac,-0.02669476593534152,1.0,ChIP-seq:CTCF x ChIP-seq:H3K27ac
CL:0002327,ChIP-seq:CTCF,ChIP-seq:H3K27me3,-0.01941362128598411,2.0,ChIP-seq:CTCF x ChIP-seq:H3K27me3
CL:0002327,ChIP-seq:CTCF,ChIP-seq:H3K36me3,-0.02690519453918046,2.0,ChIP-seq:CTCF x ChIP-seq:H3K36me3
CL:0002327,ChIP-seq:CTCF,ChIP-seq:H3K4me1,-0.016181971618264426,2.0,ChIP-seq:CTCF x ChIP-seq:H3K4me1
CL:0002327,ChIP-seq:CTCF,ChIP-seq:H3K4me3,0.02319215547363713,4.0,ChIP-seq:CTCF x ChIP-seq:H3K4me3
CL:0002327,ChIP-seq:CTCF,ChIP-seq:H3K9me3,-0.02817685730504186,2.0,ChIP-seq:CTCF x ChIP-seq:H3K9me3
CL:0002327,ChIP-seq:CTCF,polyA plus RNA-seq,0.0014782816477613766,4.0,ChIP-seq:CTCF x polyA plus RNA-seq
CL:0002327,ChIP-seq:CTCF,RNA-seq,0.0057317961029270115,4.0,ChIP-seq:CTCF x RNA-seq
CL:0002327,polyA plus RNA-seq,DNase-seq,0.0038649949034470056,4.0,DNase-seq x polyA plus RNA-seq
CL:0002327,polyA plus RNA-seq,ChIP-seq:H3K27ac,0.00868189879865558,4.0,ChIP-seq:H3K27ac x polyA plus RNA-seq
CL:0002327,polyA plus RNA-seq,ChIP-seq:H3K27me3,-0.027131074791871053,8.0,ChIP-seq:H3K27me3 x polyA plus RNA-seq
CL:0002327,polyA plus RNA-seq,ChIP-seq:H3K36me3,0.01447695826596402,8.0,ChIP-seq:H3K36me3 x polyA plus RNA-seq
CL:0002327,polyA plus RNA-seq,ChIP-seq:H3K4me1,-0.004655220423687677,8.0,ChIP-seq:H3K4me1 x polyA plus RNA-seq
CL:0002327,polyA plus RNA-seq,ChIP-seq:H3K4me3,0.007284011480943209,16.0,ChIP-seq:H3K4me3 x polyA plus RNA-seq
CL:0002327,polyA plus RNA-seq,ChIP-seq:H3K9me3,-0.0034198783275284127,8.0,ChIP-seq:H3K9me3 x polyA plus RNA-seq
CL:0002327,polyA plus RNA-seq,ChIP-seq:CTCF,0.004981882011210455,4.0,ChIP-seq:CTCF x polyA plus RNA-seq
CL:0002327,polyA plus RNA-seq,RNA-seq,0.16515829577165492,16.0,RNA-seq x polyA plus RNA-seq
CL:0002327,RNA-seq,DNase-seq,0.006912810337708205,4.0,DNase-seq x RNA-seq
CL:0002327,RNA-seq,ChIP-seq:H3K27ac,0.013801268635340678,4.0,ChIP-seq:H3K27ac x RNA-seq
CL:0002327,RNA-seq,ChIP-seq:H3K27me3,-0.0359161099085229,8.0,ChIP-seq:H3K27me3 x RNA-seq
CL:0002327,RNA-seq,ChIP-seq:H3K36me3,0.052015905684613166,8.0,ChIP-seq:H3K36me3 x RNA-seq
CL:0002327,RNA-seq,ChIP-seq:H3K4me1,-0.005136939997230073,8.0,ChIP-seq:H3K4me1 x RNA-seq
CL:0002327,RNA-seq,ChIP-seq:H3K4me3,0.01454763634587234,16.0,ChIP-seq:H3K4me3 x RNA-seq
CL:0002327,RNA-seq,ChIP-seq:H3K9me3,-0.00942573133395629,8.0,ChIP-seq:H3K9me3 x RNA-seq
CL:0002327,RNA-seq,ChIP-seq:CTCF,-0.005198692984300331,4.0,ChIP-seq:CTCF x RNA-seq
CL:0002327,RNA-seq,polyA plus RNA-seq,0.15099807723454853,16.0,RNA-seq x polyA plus RNA-seq
CL:0002451,ChIP-seq:H3K36me3,polyA plus RNA-seq,0.014156060266631382,2.0,ChIP-seq:H3K36me3 x polyA plus RNA-seq
CL:0002451,polyA plus RNA-seq,ChIP-seq:H3K36me3,0.021479395016160592,2.0,ChIP-seq:H3K36me3 x polyA plus RNA-seq
CL:0000134,ChIP-seq:H3K27me3,ChIP-seq:H3K36me3,-0.020222874974250477,1.0,ChIP-seq:H3K27me3 x ChIP-seq:H3K36me3
CL:0000134,ChIP-seq:H3K27me3,ChIP-seq:H3K4me1,-0.11542140433321829,1.0,ChIP-seq:H3K27me3 x ChIP-seq:H3K4me1
CL:0000134,ChIP-seq:H3K27me3,ChIP-seq:H3K4me3,-0.08246405942495479,1.0,ChIP-seq:H3K27me3 x ChIP-seq:H3K4me3
CL:0000134,ChIP-seq:H3K27me3,ChIP-seq:H3K9ac,-0.07866400003433227,1.0,ChIP-seq:H3K27me3 x ChIP-seq:H3K9ac
CL:0000134,ChIP-seq:H3K27me3,ChIP-seq:H3K9me3,0.34000785990134297,1.0,ChIP-seq:H3K27me3 x ChIP-seq:H3K9me3
CL:0000134,ChIP-seq:H3K36me3,ChIP-seq:H3K27me3,-0.021713159261164308,1.0,ChIP-seq:H3K27me3 x ChIP-seq:H3K36me3
CL:0000134,ChIP-seq:H3K36me3,ChIP-seq:H3K4me1,-0.05030049529412518,1.0,ChIP-seq:H3K36me3 x ChIP-seq:H3K4me1
CL:0000134,ChIP-seq:H3K36me3,ChIP-seq:H3K4me3,-0.004403455981031753,1.0,ChIP-seq:H3K36me3 x ChIP-seq:H3K4me3
CL:0000134,ChIP-seq:H3K36me3,ChIP-seq:H3K9ac,-0.008432670608162877,1.0,ChIP-seq:H3K36me3 x ChIP-seq:H3K9ac
CL:0000134,ChIP-seq:H3K36me3,ChIP-seq:H3K9me3,0.13718705528608247,1.0,ChIP-seq:H3K36me3 x ChIP-seq:H3K9me3
CL:0000134,ChIP-seq:H3K4me1,ChIP-seq:H3K27me3,-0.11918484625117531,1.0,ChIP-seq:H3K27me3 x ChIP-seq:H3K4me1
CL:0000134,ChIP-seq:H3K4me1,ChIP-seq:H3K36me3,-0.03827945625892392,1.0,ChIP-seq:H3K36me3 x ChIP-seq:H3K4me1
CL:0000134,ChIP-seq:H3K4me1,ChIP-seq:H3K4me3,0.19410309694534125,1.0,ChIP-seq:H3K4me1 x ChIP-seq:H3K4me3
CL:0000134,ChIP-seq:H3K4me1,ChIP-seq:H3K9ac,0.09964619010686875,1.0,ChIP-seq:H3K4me1 x ChIP-seq:H3K9ac
CL:0000134,ChIP-seq:H3K4me1,ChIP-seq:H3K9me3,-0.11020988392430311,1.0,ChIP-seq:H3K4me1 x ChIP-seq:H3K9me3
CL:0000134,ChIP-seq:H3K4me3,ChIP-seq:H3K27me3,-0.10608214585260413,1.0,ChIP-seq:H3K27me3 x ChIP-seq:H3K4me3
CL:0000134,ChIP-seq:H3K4me3,ChIP-seq:H3K36me3,-0.021619245807871855,1.0,ChIP-seq:H3K36me3 x ChIP-seq:H3K4me3
CL:0000134,ChIP-seq:H3K4me3,ChIP-seq:H3K4me1,0.142828652392263,1.0,ChIP-seq:H3K4me1 x ChIP-seq:H3K4me3
CL:0000134,ChIP-seq:H3K4me3,ChIP-seq:H3K9ac,0.33387680768966677,1.0,ChIP-seq:H3K4me3 x ChIP-seq:H3K9ac
CL:0000134,ChIP-seq:H3K4me3,ChIP-seq:H3K9me3,0.13323504973057262,1.0,ChIP-seq:H3K4me3 x ChIP-seq:H3K9me3
CL:0000134,ChIP-seq:H3K9ac,ChIP-seq:H3K27me3,-0.08269034651504166,1.0,ChIP-seq:H3K27me3 x ChIP-seq:H3K9ac
CL:0000134,ChIP-seq:H3K9ac,ChIP-seq:H3K36me3,0.0038210080946406363,1.0,ChIP-seq:H3K36me3 x ChIP-seq:H3K9ac
CL:0000134,ChIP-seq:H3K9ac,ChIP-seq:H3K4me1,0.099926116997781,1.0,ChIP-seq:H3K4me1 x ChIP-seq:H3K9ac
CL:0000134,ChIP-seq:H3K9ac,ChIP-seq:H3K4me3,0.353751982367316,1.0,ChIP-seq:H3K4me3 x ChIP-seq:H3K9ac
CL:0000134,ChIP-seq:H3K9ac,ChIP-seq:H3K9me3,-0.05115294056897723,1.0,ChIP-seq:H3K9ac x ChIP-seq:H3K9me3
CL:0000134,ChIP-seq:H3K9me3,ChIP-seq:H3K27me3,0.31507267486089946,1.0,ChIP-seq:H3K27me3 x ChIP-seq:H3K9me3
CL:0000134,ChIP-seq:H3K9me3,ChIP-seq:H3K36me3,0.10241732340325754,1.0,ChIP-seq:H3K36me3 x ChIP-seq:H3K9me3
CL:0000134,ChIP-seq:H3K9me3,ChIP-seq:H3K4me1,-0.11456741975701373,1.0,ChIP-seq:H3K4me1 x ChIP-seq:H3K9me3
CL:0000134,ChIP-seq:H3K9me3,ChIP-seq:H3K4me3,0.1519468383040539,1.0,ChIP-seq:H3K4me3 x ChIP-seq:H3K9me3
CL:0000134,ChIP-seq:H3K9me3,ChIP-seq:H3K9ac,-0.0585065507888794,1.0,ChIP-seq:H3K9ac x ChIP-seq:H3K9me3
CL:0000842,ChIP-seq:H3K27me3,ChIP-seq:H3K4me1,0.07870877890483192,1.0,ChIP-seq:H3K27me3 x ChIP-seq:H3K4me1
CL:0000842,ChIP-seq:H3K27me3,ChIP-seq:H3K4me3,0.07631868356189063,1.0,ChIP-seq:H3K27me3 x ChIP-seq:H3K4me3
CL:0000842,ChIP-seq:H3K27me3,ChIP-seq:H3K9me3,0.21877926321668997,1.0,ChIP-seq:H3K27me3 x ChIP-seq:H3K9me3
CL:0000842,ChIP-seq:H3K27me3,RNA-seq,-0.02741297444359201,2.0,ChIP-seq:H3K27me3 x RNA-seq
CL:0000842,ChIP-seq:H3K4me1,ChIP-seq:H3K27me3,0.08196294461858683,1.0,ChIP-seq:H3K27me3 x ChIP-seq:H3K4me1
CL:0000842,ChIP-seq:H3K4me1,ChIP-seq:H3K4me3,-0.08255282553822495,1.0,ChIP-seq:H3K4me1 x ChIP-seq:H3K4me3
CL:0000842,ChIP-seq:H3K4me1,ChIP-seq:H3K9me3,0.08162049924195146,1.0,ChIP-seq:H3K4me1 x ChIP-seq:H3K9me3
CL:0000842,ChIP-seq:H3K4me1,RNA-seq,0.0046032298207980965,2.0,ChIP-seq:H3K4me1 x RNA-seq
CL:0000842,ChIP-seq:H3K4me3,ChIP-seq:H3K27me3,0.07512774164306707,1.0,ChIP-seq:H3K27me3 x ChIP-seq:H3K4me3
CL:0000842,ChIP-seq:H3K4me3,ChIP-seq:H3K4me1,-0.049256856998671654,1.0,ChIP-seq:H3K4me1 x ChIP-seq:H3K4me3
CL:0000842,ChIP-seq:H3K4me3,ChIP-seq:H3K9me3,0.08348837936057725,1.0,ChIP-seq:H3K4me3 x ChIP-seq:H3K9me3
CL:0000842,ChIP-seq:H3K4me3,RNA-seq,0.01841622801275108,2.0,ChIP-seq:H3K4me3 x RNA-seq
CL:0000842,ChIP-seq:H3K9me3,ChIP-seq:H3K27me3,0.2533359068563615,1.0,ChIP-seq:H3K27me3 x ChIP-seq:H3K9me3
CL:0000842,ChIP-seq:H3K9me3,ChIP-seq:H3K4me1,0.09124405098998029,1.0,ChIP-seq:H3K4me1 x ChIP-seq:H3K9me3
CL:0000842,ChIP-seq:H3K9me3,ChIP-seq:H3K4me3,0.11795094449852789,1.0,ChIP-seq:H3K4me3 x ChIP-seq:H3K9me3
CL:0000842,ChIP-seq:H3K9me3,RNA-seq,-0.036387904204724826,2.0,ChIP-seq:H3K9me3 x RNA-seq
CL:0000842,RNA-seq,ChIP-seq:H3K27me3,-0.024917654264932393,2.0,ChIP-seq:H3K27me3 x RNA-seq
CL:0000842,RNA-seq,ChIP-seq:H3K4me1,0.00817028578856717,2.0,ChIP-seq:H3K4me1 x RNA-seq
CL:0000842,RNA-seq,ChIP-seq:H3K4me3,0.007745398563701052,2.0,ChIP-seq:H3K4me3 x RNA-seq
CL:0000842,RNA-seq,ChIP-seq:H3K9me3,-0.04444135363375008,2.0,ChIP-seq:H3K9me3 x RNA-seq
CL:0002324,ChIP-seq:H3K27me3,ChIP-seq:H3K36me3,-0.0061201002211012726,4.0,ChIP-seq:H3K27me3 x ChIP-seq:H3K36me3
CL:0002324,ChIP-seq:H3K27me3,ChIP-seq:H3K4me1,-0.1000625732573655,4.0,ChIP-seq:H3K27me3 x ChIP-seq:H3K4me1
CL:0002324,ChIP-seq:H3K27me3,ChIP-seq:H3K4me3,0.048543756253251406,4.0,ChIP-seq:H3K27me3 x ChIP-seq:H3K4me3
CL:0002324,ChIP-seq:H3K27me3,ChIP-seq:H3K9ac,0.013212385378321822,4.0,ChIP-seq:H3K27me3 x ChIP-seq:H3K9ac
CL:0002324,ChIP-seq:H3K27me3,ChIP-seq:H3K9me3,0.2174945915682932,4.0,ChIP-seq:H3K27me3 x ChIP-seq:H3K9me3
CL:0002324,ChIP-seq:H3K27me3,polyA plus RNA-seq,-0.008156814241520313,4.0,ChIP-seq:H3K27me3 x polyA plus RNA-seq
CL:0002324,ChIP-seq:H3K36me3,ChIP-seq:H3K27me3,0.017183363329985237,4.0,ChIP-seq:H3K27me3 x ChIP-seq:H3K36me3
CL:0002324,ChIP-seq:H3K36me3,ChIP-seq:H3K4me1,-0.024564620595975,4.0,ChIP-seq:H3K36me3 x ChIP-seq:H3K4me1
CL:0002324,ChIP-seq:H3K36me3,ChIP-seq:H3K4me3,0.007430717790777856,4.0,ChIP-seq:H3K36me3 x ChIP-seq:H3K4me3
CL:0002324,ChIP-seq:H3K36me3,ChIP-seq:H3K9ac,0.06910454162529536,4.0,ChIP-seq:H3K36me3 x ChIP-seq:H3K9ac
CL:0002324,ChIP-seq:H3K36me3,ChIP-seq:H3K9me3,0.11346417983596244,4.0,ChIP-seq:H3K36me3 x ChIP-seq:H3K9me3
CL:0002324,ChIP-seq:H3K36me3,polyA plus RNA-seq,-0.007840974240385018,4.0,ChIP-seq:H3K36me3 x polyA plus RNA-seq
CL:0002324,ChIP-seq:H3K4me1,ChIP-seq:H3K27me3,-0.11613296235055592,4.0,ChIP-seq:H3K27me3 x ChIP-seq:H3K4me1
CL:0002324,ChIP-seq:H3K4me1,ChIP-seq:H3K36me3,-0.031689548191237954,4.0,ChIP-seq:H3K36me3 x ChIP-seq:H3K4me1
CL:0002324,ChIP-seq:H3K4me1,ChIP-seq:H3K4me3,-0.04186027030521464,4.0,ChIP-seq:H3K4me1 x ChIP-seq:H3K4me3
CL:0002324,ChIP-seq:H3K4me1,ChIP-seq:H3K9ac,0.162775812100391,4.0,ChIP-seq:H3K4me1 x ChIP-seq:H3K9ac
CL:0002324,ChIP-seq:H3K4me1,ChIP-seq:H3K9me3,0.01044002560417304,4.0,ChIP-seq:H3K4me1 x ChIP-seq:H3K9me3
CL:0002324,ChIP-seq:H3K4me1,polyA plus RNA-seq,0.016271469660935907,4.0,ChIP-seq:H3K4me1 x polyA plus RNA-seq
CL:0002324,ChIP-seq:H3K4me3,ChIP-seq:H3K27me3,0.06037984762577652,4.0,ChIP-seq:H3K27me3 x ChIP-seq:H3K4me3
CL:0002324,ChIP-seq:H3K4me3,ChIP-seq:H3K36me3,-0.01595062612397398,4.0,ChIP-seq:H3K36me3 x ChIP-seq:H3K4me3
CL:0002324,ChIP-seq:H3K4me3,ChIP-seq:H3K4me1,-0.0705766203136392,4.0,ChIP-seq:H3K4me1 x ChIP-seq:H3K4me3
CL:0002324,ChIP-seq:H3K4me3,ChIP-seq:H3K9ac,0.210530944016515,4.0,ChIP-seq:H3K4me3 x ChIP-seq:H3K9ac
CL:0002324,ChIP-seq:H3K4me3,ChIP-seq:H3K9me3,0.07438621762093534,4.0,ChIP-seq:H3K4me3 x ChIP-seq:H3K9me3
CL:0002324,ChIP-seq:H3K4me3,polyA plus RNA-seq,0.04301744127341874,4.0,ChIP-seq:H3K4me3 x polyA plus RNA-seq
CL:0002324,ChIP-seq:H3K9ac,ChIP-seq:H3K27me3,0.00677408256454964,4.0,ChIP-seq:H3K27me3 x ChIP-seq:H3K9ac
CL:0002324,ChIP-seq:H3K9ac,ChIP-seq:H3K36me3,0.03108618202361655,4.0,ChIP-seq:H3K36me3 x ChIP-seq:H3K9ac
CL:0002324,ChIP-seq:H3K9ac,ChIP-seq:H3K4me1,0.11632584157537242,4.0,ChIP-seq:H3K4me1 x ChIP-seq:H3K9ac
CL:0002324,ChIP-seq:H3K9ac,ChIP-seq:H3K4me3,0.31896245089646813,4.0,ChIP-seq:H3K4me3 x ChIP-seq:H3K9ac
CL:0002324,ChIP-seq:H3K9ac,ChIP-seq:H3K9me3,-0.09139781528979204,4.0,ChIP-seq:H3K9ac x ChIP-seq:H3K9me3
CL:0002324,ChIP-seq:H3K9ac,polyA plus RNA-seq,0.0016704252934387556,4.0,ChIP-seq:H3K9ac x polyA plus RNA-seq
CL:0002324,ChIP-seq:H3K9me3,ChIP-seq:H3K27me3,0.26926720314632263,4.0,ChIP-seq:H3K27me3 x ChIP-seq:H3K9me3
CL:0002324,ChIP-seq:H3K9me3,ChIP-seq:H3K36me3,0.11065492763164195,4.0,ChIP-seq:H3K36me3 x ChIP-seq:H3K9me3
CL:0002324,ChIP-seq:H3K9me3,ChIP-seq:H3K4me1,0.026248023728203902,4.0,ChIP-seq:H3K4me1 x ChIP-seq:H3K9me3
CL:0002324,ChIP-seq:H3K9me3,ChIP-seq:H3K4me3,0.0510933936756348,4.0,ChIP-seq:H3K4me3 x ChIP-seq:H3K9me3
CL:0002324,ChIP-seq:H3K9me3,ChIP-seq:H3K9ac,-0.07893030847213706,4.0,ChIP-seq:H3K9ac x ChIP-seq:H3K9me3
CL:0002324,ChIP-seq:H3K9me3,polyA plus RNA-seq,0.015589581322149083,4.0,ChIP-seq:H3K9me3 x polyA plus RNA-seq
CL:0002324,polyA plus RNA-seq,ChIP-seq:H3K27me3,-0.00864829352351627,4.0,ChIP-seq:H3K27me3 x polyA plus RNA-seq
CL:0002324,polyA plus RNA-seq,ChIP-seq:H3K36me3,0.00616815083838524,4.0,ChIP-seq:H3K36me3 x polyA plus RNA-seq
CL:0002324,polyA plus RNA-seq,ChIP-seq:H3K4me1,0.014108363172558487,4.0,ChIP-seq:H3K4me1 x polyA plus RNA-seq
CL:0002324,polyA plus RNA-seq,ChIP-seq:H3K4me3,0.044441669065261556,4.0,ChIP-seq:H3K4me3 x polyA plus RNA-seq
CL:0002324,polyA plus RNA-seq,ChIP-seq:H3K9ac,-0.009067497691329647,4.0,ChIP-seq:H3K9ac x polyA plus RNA-seq
CL:0002324,polyA plus RNA-seq,ChIP-seq:H3K9me3,0.02328283798075124,4.0,ChIP-seq:H3K9me3 x polyA plus RNA-seq
CL:0000895,DNase-seq,ChIP-seq:H3K27ac,-0.008017184649720607,1.0,ChIP-seq:H3K27ac x DNase-seq
CL:0000895,DNase-seq,ChIP-seq:H3K27me3,-0.061772598083629164,3.0,ChIP-seq:H3K27me3 x DNase-seq
CL:0000895,DNase-seq,ChIP-seq:H3K36me3,-0.05423372566912476,3.0,ChIP-seq:H3K36me3 x DNase-seq
CL:0000895,DNase-seq,ChIP-seq:H3K4me1,-0.026217462651895514,3.0,ChIP-seq:H3K4me1 x DNase-seq
CL:0000895,DNase-seq,ChIP-seq:H3K4me3,-0.046365768622572176,2.0,ChIP-seq:H3K4me3 x DNase-seq
CL:0000895,DNase-seq,ChIP-seq:H3K9me3,-0.07333986452743832,3.0,ChIP-seq:H3K9me3 x DNase-seq
CL:0000895,DNase-seq,polyA plus RNA-seq,0.025148577232291733,6.0,DNase-seq x polyA plus RNA-seq
CL:0000895,DNase-seq,RNA-seq,0.010904042002032785,4.0,DNase-seq x RNA-seq
CL:0000895,ChIP-seq:H3K27ac,DNase-seq,-0.05197061420176513,1.0,ChIP-seq:H3K27ac x DNase-seq
CL:0000895,ChIP-seq:H3K27ac,ChIP-seq:H3K27me3,0.01658119477851446,3.0,ChIP-seq:H3K27ac x ChIP-seq:H3K27me3
CL:0000895,ChIP-seq:H3K27ac,ChIP-seq:H3K36me3,0.11775504660903877,3.0,ChIP-seq:H3K27ac x ChIP-seq:H3K36me3
CL:0000895,ChIP-seq:H3K27ac,ChIP-seq:H3K4me1,0.054937759980613926,3.0,ChIP-seq:H3K27ac x ChIP-seq:H3K4me1
CL:0000895,ChIP-seq:H3K27ac,ChIP-seq:H3K4me3,0.21031510495693884,2.0,ChIP-seq:H3K27ac x ChIP-seq:H3K4me3
CL:0000895,ChIP-seq:H3K27ac,ChIP-seq:H3K9me3,0.024146075723534922,3.0,ChIP-seq:H3K27ac x ChIP-seq:H3K9me3
CL:0000895,ChIP-seq:H3K27ac,polyA plus RNA-seq,0.032434054042982025,6.0,ChIP-seq:H3K27ac x polyA plus RNA-seq
CL:0000895,ChIP-seq:H3K27ac,RNA-seq,0.06813478119233075,4.0,ChIP-seq:H3K27ac x RNA-seq
CL:0000895,ChIP-seq:H3K27me3,DNase-seq,-0.056284905271644564,3.0,ChIP-seq:H3K27me3 x DNase-seq
CL:0000895,ChIP-seq:H3K27me3,ChIP-seq:H3K27ac,-0.005296525687224581,3.0,ChIP-seq:H3K27ac x ChIP-seq:H3K27me3
CL:0000895,ChIP-seq:H3K27me3,ChIP-seq:H3K36me3,0.07645507044404021,9.0,ChIP-seq:H3K27me3 x ChIP-seq:H3K36me3
CL:0000895,ChIP-seq:H3K27me3,ChIP-seq:H3K4me1,0.0687565547351581,9.0,ChIP-seq:H3K27me3 x ChIP-seq:H3K4me1
CL:0000895,ChIP-seq:H3K27me3,ChIP-seq:H3K4me3,0.04235420058078112,6.0,ChIP-seq:H3K27me3 x ChIP-seq:H3K4me3
CL:0000895,ChIP-seq:H3K27me3,ChIP-seq:H3K9me3,0.1313256103889192,9.0,ChIP-seq:H3K27me3 x ChIP-seq:H3K9me3
CL:0000895,ChIP-seq:H3K27me3,polyA plus RNA-seq,-0.03357121889717913,18.0,ChIP-seq:H3K27me3 x polyA plus RNA-seq
CL:0000895,ChIP-seq:H3K27me3,RNA-seq,-0.025939036286344714,12.0,ChIP-seq:H3K27me3 x RNA-seq
CL:0000895,ChIP-seq:H3K36me3,DNase-seq,-0.05777425520064591,3.0,ChIP-seq:H3K36me3 x DNase-seq
CL:0000895,ChIP-seq:H3K36me3,ChIP-seq:H3K27ac,0.09323165372565942,3.0,ChIP-seq:H3K27ac x ChIP-seq:H3K36me3
CL:0000895,ChIP-seq:H3K36me3,ChIP-seq:H3K27me3,0.08140434621224416,9.0,ChIP-seq:H3K27me3 x ChIP-seq:H3K36me3
CL:0000895,ChIP-seq:H3K36me3,ChIP-seq:H3K4me1,0.05477894305891751,9.0,ChIP-seq:H3K36me3 x ChIP-seq:H3K4me1
CL:0000895,ChIP-seq:H3K36me3,ChIP-seq:H3K4me3,0.12117587071712885,6.0,ChIP-seq:H3K36me3 x ChIP-seq:H3K4me3
CL:0000895,ChIP-seq:H3K36me3,ChIP-seq:H3K9me3,0.2460785177018907,9.0,ChIP-seq:H3K36me3 x ChIP-seq:H3K9me3
CL:0000895,ChIP-seq:H3K36me3,polyA plus RNA-seq,0.029171295212086855,18.0,ChIP-seq:H3K36me3 x polyA plus RNA-seq
CL:0000895,ChIP-seq:H3K36me3,RNA-seq,0.0581147484218373,12.0,ChIP-seq:H3K36me3 x RNA-seq
CL:0000895,ChIP-seq:H3K4me1,DNase-seq,-0.03770246579540828,3.0,ChIP-seq:H3K4me1 x DNase-seq
CL:0000895,ChIP-seq:H3K4me1,ChIP-seq:H3K27ac,0.044366585190404095,3.0,ChIP-seq:H3K27ac x ChIP-seq:H3K4me1
CL:0000895,ChIP-seq:H3K4me1,ChIP-seq:H3K27me3,0.08248813885434961,9.0,ChIP-seq:H3K27me3 x ChIP-seq:H3K4me1
CL:0000895,ChIP-seq:H3K4me1,ChIP-seq:H3K36me3,0.053411399793993196,9.0,ChIP-seq:H3K36me3 x ChIP-seq:H3K4me1
CL:0000895,ChIP-seq:H3K4me1,ChIP-seq:H3K4me3,0.04321044650961677,6.0,ChIP-seq:H3K4me1 x ChIP-seq:H3K4me3
CL:0000895,ChIP-seq:H3K4me1,ChIP-seq:H3K9me3,0.08202261080625142,9.0,ChIP-seq:H3K4me1 x ChIP-seq:H3K9me3
CL:0000895,ChIP-seq:H3K4me1,polyA plus RNA-seq,0.010669380915913605,18.0,ChIP-seq:H3K4me1 x polyA plus RNA-seq
CL:0000895,ChIP-seq:H3K4me1,RNA-seq,0.010585034670783023,12.0,ChIP-seq:H3K4me1 x RNA-seq
CL:0000895,ChIP-seq:H3K4me3,DNase-seq,-0.1010045310946847,2.0,ChIP-seq:H3K4me3 x DNase-seq
CL:0000895,ChIP-seq:H3K4me3,ChIP-seq:H3K27ac,0.26015052383328663,2.0,ChIP-seq:H3K27ac x ChIP-seq:H3K4me3
CL:0000895,ChIP-seq:H3K4me3,ChIP-seq:H3K27me3,0.0405348375324131,6.0,ChIP-seq:H3K27me3 x ChIP-seq:H3K4me3
CL:0000895,ChIP-seq:H3K4me3,ChIP-seq:H3K36me3,0.14247232027444823,6.0,ChIP-seq:H3K36me3 x ChIP-seq:H3K4me3
CL:0000895,ChIP-seq:H3K4me3,ChIP-seq:H3K4me1,0.023883255683022103,6.0,ChIP-seq:H3K4me1 x ChIP-seq:H3K4me3
CL:0000895,ChIP-seq:H3K4me3,ChIP-seq:H3K9me3,0.14797645100092482,6.0,ChIP-seq:H3K4me3 x ChIP-seq:H3K9me3
CL:0000895,ChIP-seq:H3K4me3,polyA plus RNA-seq,0.038788792534150934,12.0,ChIP-seq:H3K4me3 x polyA plus RNA-seq
CL:0000895,ChIP-seq:H3K4me3,RNA-seq,0.018248370412518,8.0,ChIP-seq:H3K4me3 x RNA-seq
CL:0000895,ChIP-seq:H3K9me3,DNase-seq,-0.054035511886143944,3.0,ChIP-seq:H3K9me3 x DNase-seq
CL:0000895,ChIP-seq:H3K9me3,ChIP-seq:H3K27ac,0.0030046480060114296,3.0,ChIP-seq:H3K27ac x ChIP-seq:H3K9me3
CL:0000895,ChIP-seq:H3K9me3,ChIP-seq:H3K27me3,0.1369752415698936,9.0,ChIP-seq:H3K27me3 x ChIP-seq:H3K9me3
CL:0000895,ChIP-seq:H3K9me3,ChIP-seq:H3K36me3,0.24256128975839325,9.0,ChIP-seq:H3K36me3 x ChIP-seq:H3K9me3
CL:0000895,ChIP-seq:H3K9me3,ChIP-seq:H3K4me1,0.06150118015042446,9.0,ChIP-seq:H3K4me1 x ChIP-seq:H3K9me3
CL:0000895,ChIP-seq:H3K9me3,ChIP-seq:H3K4me3,0.15438546050003382,6.0,ChIP-seq:H3K4me3 x ChIP-seq:H3K9me3
CL:0000895,ChIP-seq:H3K9me3,polyA plus RNA-seq,-0.016240335475419455,18.0,ChIP-seq:H3K9me3 x polyA plus RNA-seq
CL:0000895,ChIP-seq:H3K9me3,RNA-seq,-0.006518420799105775,12.0,ChIP-seq:H3K9me3 x RNA-seq
CL:0000895,polyA plus RNA-seq,DNase-seq,0.007976549079812482,6.0,DNase-seq x polyA plus RNA-seq
CL:0000895,polyA plus RNA-seq,ChIP-seq:H3K27ac,0.030356860945744774,6.0,ChIP-seq:H3K27ac x polyA plus RNA-seq
CL:0000895,polyA plus RNA-seq,ChIP-seq:H3K27me3,-0.02296604920727338,18.0,ChIP-seq:H3K27me3 x polyA plus RNA-seq
CL:0000895,polyA plus RNA-seq,ChIP-seq:H3K36me3,0.03632326134598404,18.0,ChIP-seq:H3K36me3 x polyA plus RNA-seq
CL:0000895,polyA plus RNA-seq,ChIP-seq:H3K4me1,0.011165122554997967,18.0,ChIP-seq:H3K4me1 x polyA plus RNA-seq
CL:0000895,polyA plus RNA-seq,ChIP-seq:H3K4me3,0.011386189319634366,12.0,ChIP-seq:H3K4me3 x polyA plus RNA-seq
CL:0000895,polyA plus RNA-seq,ChIP-seq:H3K9me3,-0.008495340323717581,18.0,ChIP-seq:H3K9me3 x polyA plus RNA-seq
CL:0000895,polyA plus RNA-seq,RNA-seq,0.09935454331192317,24.0,RNA-seq x polyA plus RNA-seq
CL:0000895,RNA-seq,DNase-seq,0.014786631156209196,4.0,DNase-seq x RNA-seq
CL:0000895,RNA-seq,ChIP-seq:H3K27ac,0.06505523714018457,4.0,ChIP-seq:H3K27ac x RNA-seq
CL:0000895,RNA-seq,ChIP-seq:H3K27me3,-0.01731193129175393,12.0,ChIP-seq:H3K27me3 x RNA-seq
CL:0000895,RNA-seq,ChIP-seq:H3K36me3,0.05863884712923019,12.0,ChIP-seq:H3K36me3 x RNA-seq
CL:0000895,RNA-seq,ChIP-seq:H3K4me1,0.008455022978476988,12.0,ChIP-seq:H3K4me1 x RNA-seq
CL:0000895,RNA-seq,ChIP-seq:H3K4me3,0.015023079082787594,8.0,ChIP-seq:H3K4me3 x RNA-seq
CL:0000895,RNA-seq,ChIP-seq:H3K9me3,-0.0024463965394402624,12.0,ChIP-seq:H3K9me3 x RNA-seq
CL:0000895,RNA-seq,polyA plus RNA-seq,0.11834217638209246,24.0,RNA-seq x polyA plus RNA-seq
CL:0000900,polyA plus RNA-seq,RNA-seq,0.0868807929169898,24.0,RNA-seq x polyA plus RNA-seq
CL:0000900,RNA-seq,polyA plus RNA-seq,0.10766121753747912,24.0,RNA-seq x polyA plus RNA-seq
CL:0000623,DNase-seq,ChIP-seq:H3K27ac,0.05761182062910418,3.0,ChIP-seq:H3K27ac x DNase-seq
CL:0000623,DNase-seq,ChIP-seq:H3K27me3,-0.04919878636055067,3.0,ChIP-seq:H3K27me3 x DNase-seq
CL:0000623,DNase-seq,ChIP-seq:H3K36me3,-0.026211634514823792,3.0,ChIP-seq:H3K36me3 x DNase-seq
CL:0000623,DNase-seq,ChIP-seq:H3K4me1,0.007849488893280859,3.0,ChIP-seq:H3K4me1 x DNase-seq
CL:0000623,DNase-seq,ChIP-seq:H3K4me3,-0.005101448990577878,3.0,ChIP-seq:H3K4me3 x DNase-seq
CL:0000623,DNase-seq,ChIP-seq:H3K9me3,-0.020470941574546882,3.0,ChIP-seq:H3K9me3 x DNase-seq
CL:0000623,ChIP-seq:H3K27ac,DNase-seq,0.06259360917162833,3.0,ChIP-seq:H3K27ac x DNase-seq
CL:0000623,ChIP-seq:H3K27ac,ChIP-seq:H3K27me3,0.0069925463490787595,1.0,ChIP-seq:H3K27ac x ChIP-seq:H3K27me3
CL:0000623,ChIP-seq:H3K27ac,ChIP-seq:H3K36me3,0.017497989038626354,1.0,ChIP-seq:H3K27ac x ChIP-seq:H3K36me3
CL:0000623,ChIP-seq:H3K27ac,ChIP-seq:H3K4me1,0.06300354133481564,1.0,ChIP-seq:H3K27ac x ChIP-seq:H3K4me1
CL:0000623,ChIP-seq:H3K27ac,ChIP-seq:H3K4me3,0.22445621878601785,1.0,ChIP-seq:H3K27ac x ChIP-seq:H3K4me3
CL:0000623,ChIP-seq:H3K27ac,ChIP-seq:H3K9me3,0.010911514327013292,1.0,ChIP-seq:H3K27ac x ChIP-seq:H3K9me3
CL:0000623,ChIP-seq:H3K27me3,DNase-seq,-0.047858262593432,3.0,ChIP-seq:H3K27me3 x DNase-seq
CL:0000623,ChIP-seq:H3K27me3,ChIP-seq:H3K27ac,0.008579239755133052,1.0,ChIP-seq:H3K27ac x ChIP-seq:H3K27me3
CL:0000623,ChIP-seq:H3K27me3,ChIP-seq:H3K36me3,-0.03172446077778226,1.0,ChIP-seq:H3K27me3 x ChIP-seq:H3K36me3
CL:0000623,ChIP-seq:H3K27me3,ChIP-seq:H3K4me1,0.08161811077076456,1.0,ChIP-seq:H3K27me3 x ChIP-seq:H3K4me1
CL:0000623,ChIP-seq:H3K27me3,ChIP-seq:H3K4me3,0.03068153010897858,1.0,ChIP-seq:H3K27me3 x ChIP-seq:H3K4me3
CL:0000623,ChIP-seq:H3K27me3,ChIP-seq:H3K9me3,0.05016905423149716,1.0,ChIP-seq:H3K27me3 x ChIP-seq:H3K9me3
CL:0000623,ChIP-seq:H3K36me3,DNase-seq,-0.005458704876961325,3.0,ChIP-seq:H3K36me3 x DNase-seq
CL:0000623,ChIP-seq:H3K36me3,ChIP-seq:H3K27ac,0.03133109717825313,1.0,ChIP-seq:H3K27ac x ChIP-seq:H3K36me3
CL:0000623,ChIP-seq:H3K36me3,ChIP-seq:H3K27me3,-0.01876301070054372,1.0,ChIP-seq:H3K27me3 x ChIP-seq:H3K36me3
CL:0000623,ChIP-seq:H3K36me3,ChIP-seq:H3K4me1,-0.005649309848313747,1.0,ChIP-seq:H3K36me3 x ChIP-seq:H3K4me1
CL:0000623,ChIP-seq:H3K36me3,ChIP-seq:H3K4me3,0.037472083922042404,1.0,ChIP-seq:H3K36me3 x ChIP-seq:H3K4me3
CL:0000623,ChIP-seq:H3K36me3,ChIP-seq:H3K9me3,-0.018544914315366215,1.0,ChIP-seq:H3K36me3 x ChIP-seq:H3K9me3
CL:0000623,ChIP-seq:H3K4me1,DNase-seq,-0.008570293412190073,3.0,ChIP-seq:H3K4me1 x DNase-seq
CL:0000623,ChIP-seq:H3K4me1,ChIP-seq:H3K27ac,0.06477001456566799,1.0,ChIP-seq:H3K27ac x ChIP-seq:H3K4me1
CL:0000623,ChIP-seq:H3K4me1,ChIP-seq:H3K27me3,0.09130174846484743,1.0,ChIP-seq:H3K27me3 x ChIP-seq:H3K4me1
CL:0000623,ChIP-seq:H3K4me1,ChIP-seq:H3K36me3,0.004531208494747127,1.0,ChIP-seq:H3K36me3 x ChIP-seq:H3K4me1
CL:0000623,ChIP-seq:H3K4me1,ChIP-seq:H3K4me3,-0.08232181460358376,1.0,ChIP-seq:H3K4me1 x ChIP-seq:H3K4me3
CL:0000623,ChIP-seq:H3K4me1,ChIP-seq:H3K9me3,0.06850507647298568,1.0,ChIP-seq:H3K4me1 x ChIP-seq:H3K9me3
CL:0000623,ChIP-seq:H3K4me3,DNase-seq,-0.01310698252931737,3.0,ChIP-seq:H3K4me3 x DNase-seq
CL:0000623,ChIP-seq:H3K4me3,ChIP-seq:H3K27ac,0.17098210328890953,1.0,ChIP-seq:H3K27ac x ChIP-seq:H3K4me3
CL:0000623,ChIP-seq:H3K4me3,ChIP-seq:H3K27me3,0.032574327812455166,1.0,ChIP-seq:H3K27me3 x ChIP-seq:H3K4me3
CL:0000623,ChIP-seq:H3K4me3,ChIP-seq:H3K36me3,0.00957018566667718,1.0,ChIP-seq:H3K36me3 x ChIP-seq:H3K4me3
CL:0000623,ChIP-seq:H3K4me3,ChIP-seq:H3K4me1,-0.046171898427216904,1.0,ChIP-seq:H3K4me1 x ChIP-seq:H3K4me3
CL:0000623,ChIP-seq:H3K4me3,ChIP-seq:H3K9me3,0.01445979585444461,1.0,ChIP-seq:H3K4me3 x ChIP-seq:H3K9me3
CL:0000623,ChIP-seq:H3K9me3,DNase-seq,-0.03508065685206298,3.0,ChIP-seq:H3K9me3 x DNase-seq
CL:0000623,ChIP-seq:H3K9me3,ChIP-seq:H3K27ac,0.014962009947609017,1.0,ChIP-seq:H3K27ac x ChIP-seq:H3K9me3
CL:0000623,ChIP-seq:H3K9me3,ChIP-seq:H3K27me3,0.06493436682155762,1.0,ChIP-seq:H3K27me3 x ChIP-seq:H3K9me3
CL:0000623,ChIP-seq:H3K9me3,ChIP-seq:H3K36me3,-0.009357846307533758,1.0,ChIP-seq:H3K36me3 x ChIP-seq:H3K9me3
CL:0000623,ChIP-seq:H3K9me3,ChIP-seq:H3K4me1,0.0691031470246937,1.0,ChIP-seq:H3K4me1 x ChIP-seq:H3K9me3
CL:0000623,ChIP-seq:H3K9me3,ChIP-seq:H3K4me3,0.01924066333923229,1.0,ChIP-seq:H3K4me3 x ChIP-seq:H3K9me3
NTR:0000427,ChIP-seq:H3K27ac,ChIP-seq:H3K27me3,-0.07920997160322525,5.0,ChIP-seq:H3K27ac x ChIP-seq:H3K27me3
NTR:0000427,ChIP-seq:H3K27ac,ChIP-seq:H3K36me3,-0.06622032426499032,5.0,ChIP-seq:H3K27ac x ChIP-seq:H3K36me3
NTR:0000427,ChIP-seq:H3K27ac,ChIP-seq:H3K4me1,0.255502274301317,5.0,ChIP-seq:H3K27ac x ChIP-seq:H3K4me1
NTR:0000427,ChIP-seq:H3K27ac,ChIP-seq:H3K4me3,0.24217603116665246,4.0,ChIP-seq:H3K27ac x ChIP-seq:H3K4me3
NTR:0000427,ChIP-seq:H3K27ac,ChIP-seq:H3K9me3,-0.05225963234901428,5.0,ChIP-seq:H3K27ac x ChIP-seq:H3K9me3
NTR:0000427,ChIP-seq:H3K27ac,polyA plus RNA-seq,0.03786225629889447,6.0,ChIP-seq:H3K27ac x polyA plus RNA-seq
NTR:0000427,ChIP-seq:H3K27me3,ChIP-seq:H3K27ac,-0.09533963313809148,5.0,ChIP-seq:H3K27ac x ChIP-seq:H3K27me3
NTR:0000427,ChIP-seq:H3K27me3,ChIP-seq:H3K36me3,-0.0008794372146194059,25.0,ChIP-seq:H3K27me3 x ChIP-seq:H3K36me3
NTR:0000427,ChIP-seq:H3K27me3,ChIP-seq:H3K4me1,-0.05927311367458767,25.0,ChIP-seq:H3K27me3 x ChIP-seq:H3K4me1
NTR:0000427,ChIP-seq:H3K27me3,ChIP-seq:H3K4me3,0.024025076065423354,20.0,ChIP-seq:H3K27me3 x ChIP-seq:H3K4me3
NTR:0000427,ChIP-seq:H3K27me3,ChIP-seq:H3K9me3,0.10780363300868444,25.0,ChIP-seq:H3K27me3 x ChIP-seq:H3K9me3
NTR:0000427,ChIP-seq:H3K27me3,polyA plus RNA-seq,-0.060785048388052675,30.0,ChIP-seq:H3K27me3 x polyA plus RNA-seq
NTR:0000427,ChIP-seq:H3K36me3,ChIP-seq:H3K27ac,-0.06552330130412254,5.0,ChIP-seq:H3K27ac x ChIP-seq:H3K36me3
NTR:0000427,ChIP-seq:H3K36me3,ChIP-seq:H3K27me3,-0.002078128141515395,25.0,ChIP-seq:H3K27me3 x ChIP-seq:H3K36me3
NTR:0000427,ChIP-seq:H3K36me3,ChIP-seq:H3K4me1,-0.041720796989070046,25.0,ChIP-seq:H3K36me3 x ChIP-seq:H3K4me1
NTR:0000427,ChIP-seq:H3K36me3,ChIP-seq:H3K4me3,-0.019707865366395915,20.0,ChIP-seq:H3K36me3 x ChIP-seq:H3K4me3
NTR:0000427,ChIP-seq:H3K36me3,ChIP-seq:H3K9me3,0.16909761319841657,25.0,ChIP-seq:H3K36me3 x ChIP-seq:H3K9me3
NTR:0000427,ChIP-seq:H3K36me3,polyA plus RNA-seq,0.0643651580810547,30.0,ChIP-seq:H3K36me3 x polyA plus RNA-seq
NTR:0000427,ChIP-seq:H3K4me1,ChIP-seq:H3K27ac,0.236578607853548,5.0,ChIP-seq:H3K27ac x ChIP-seq:H3K4me1
NTR:0000427,ChIP-seq:H3K4me1,ChIP-seq:H3K27me3,-0.06401579351986156,25.0,ChIP-seq:H3K27me3 x ChIP-seq:H3K4me1
NTR:0000427,ChIP-seq:H3K4me1,ChIP-seq:H3K36me3,-0.029954830545025905,25.0,ChIP-seq:H3K36me3 x ChIP-seq:H3K4me1
NTR:0000427,ChIP-seq:H3K4me1,ChIP-seq:H3K4me3,-0.08201478685972825,20.0,ChIP-seq:H3K4me1 x ChIP-seq:H3K4me3
NTR:0000427,ChIP-seq:H3K4me1,ChIP-seq:H3K9me3,-0.06997499479566302,25.0,ChIP-seq:H3K4me1 x ChIP-seq:H3K9me3
NTR:0000427,ChIP-seq:H3K4me1,polyA plus RNA-seq,0.0011020426128221586,30.0,ChIP-seq:H3K4me1 x polyA plus RNA-seq
NTR:0000427,ChIP-seq:H3K4me3,ChIP-seq:H3K27ac,0.25920212268829346,4.0,ChIP-seq:H3K27ac x ChIP-seq:H3K4me3
NTR:0000427,ChIP-seq:H3K4me3,ChIP-seq:H3K27me3,0.053849027437322276,20.0,ChIP-seq:H3K27me3 x ChIP-seq:H3K4me3
NTR:0000427,ChIP-seq:H3K4me3,ChIP-seq:H3K36me3,-0.030749321386620808,20.0,ChIP-seq:H3K36me3 x ChIP-seq:H3K4me3
NTR:0000427,ChIP-seq:H3K4me3,ChIP-seq:H3K4me1,-0.07137552433543735,20.0,ChIP-seq:H3K4me1 x ChIP-seq:H3K4me3
NTR:0000427,ChIP-seq:H3K4me3,ChIP-seq:H3K9me3,0.009238257919039044,20.0,ChIP-seq:H3K4me3 x ChIP-seq:H3K9me3
NTR:0000427,ChIP-seq:H3K4me3,polyA plus RNA-seq,0.010724659242491788,24.0,ChIP-seq:H3K4me3 x polyA plus RNA-seq
NTR:0000427,ChIP-seq:H3K9me3,ChIP-seq:H3K27ac,-0.05516325286877008,5.0,ChIP-seq:H3K27ac x ChIP-seq:H3K9me3
NTR:0000427,ChIP-seq:H3K9me3,ChIP-seq:H3K27me3,0.11565671696382411,25.0,ChIP-seq:H3K27me3 x ChIP-seq:H3K9me3
NTR:0000427,ChIP-seq:H3K9me3,ChIP-seq:H3K36me3,0.17880822619876346,25.0,ChIP-seq:H3K36me3 x ChIP-seq:H3K9me3
NTR:0000427,ChIP-seq:H3K9me3,ChIP-seq:H3K4me1,-0.05824599742889404,25.0,ChIP-seq:H3K4me1 x ChIP-seq:H3K9me3
NTR:0000427,ChIP-seq:H3K9me3,ChIP-seq:H3K4me3,0.0060921392350826616,20.0,ChIP-seq:H3K4me3 x ChIP-seq:H3K9me3
NTR:0000427,ChIP-seq:H3K9me3,polyA plus RNA-seq,0.004671928131062051,30.0,ChIP-seq:H3K9me3 x polyA plus RNA-seq
NTR:0000427,polyA plus RNA-seq,ChIP-seq:H3K27ac,0.04091193205044594,6.0,ChIP-seq:H3K27ac x polyA plus RNA-seq
NTR:0000427,polyA plus RNA-seq,ChIP-seq:H3K27me3,-0.05330750427994073,30.0,ChIP-seq:H3K27me3 x polyA plus RNA-seq
NTR:0000427,polyA plus RNA-seq,ChIP-seq:H3K36me3,0.07418584050358953,30.0,ChIP-seq:H3K36me3 x polyA plus RNA-seq
NTR:0000427,polyA plus RNA-seq,ChIP-seq:H3K4me1,-0.0015909186115971325,30.0,ChIP-seq:H3K4me1 x polyA plus RNA-seq
NTR:0000427,polyA plus RNA-seq,ChIP-seq:H3K4me3,0.016788452676257247,24.0,ChIP-seq:H3K4me3 x polyA plus RNA-seq
NTR:0000427,polyA plus RNA-seq,ChIP-seq:H3K9me3,0.009251187557265872,30.0,ChIP-seq:H3K9me3 x polyA plus RNA-seq
CL:0000775,ChIP-seq:H3K27ac,ChIP-seq:H3K27me3,-0.10554028642659932,2.0,ChIP-seq:H3K27ac x ChIP-seq:H3K27me3
CL:0000775,ChIP-seq:H3K27ac,ChIP-seq:H3K36me3,-0.03914966949440063,2.0,ChIP-seq:H3K27ac x ChIP-seq:H3K36me3
CL:0000775,ChIP-seq:H3K27ac,ChIP-seq:H3K4me1,0.2966818506600427,2.0,ChIP-seq:H3K27ac x ChIP-seq:H3K4me1
CL:0000775,ChIP-seq:H3K27ac,ChIP-seq:H3K4me3,0.3598986087001373,2.0,ChIP-seq:H3K27ac x ChIP-seq:H3K4me3
CL:0000775,ChIP-seq:H3K27ac,ChIP-seq:H3K9me3,0.016881979918212033,2.0,ChIP-seq:H3K27ac x ChIP-seq:H3K9me3
CL:0000775,ChIP-seq:H3K27ac,ChIP-seq:CTCF,0.193193876482908,1.0,ChIP-seq:CTCF x ChIP-seq:H3K27ac
CL:0000775,ChIP-seq:H3K27me3,ChIP-seq:H3K27ac,-0.08290015216226931,2.0,ChIP-seq:H3K27ac x ChIP-seq:H3K27me3
CL:0000775,ChIP-seq:H3K27me3,ChIP-seq:H3K36me3,0.005616341816618088,4.0,ChIP-seq:H3K27me3 x ChIP-seq:H3K36me3
CL:0000775,ChIP-seq:H3K27me3,ChIP-seq:H3K4me1,-0.052439700618711976,4.0,ChIP-seq:H3K27me3 x ChIP-seq:H3K4me1
CL:0000775,ChIP-seq:H3K27me3,ChIP-seq:H3K4me3,-0.15708066049580263,4.0,ChIP-seq:H3K27me3 x ChIP-seq:H3K4me3
CL:0000775,ChIP-seq:H3K27me3,ChIP-seq:H3K9me3,0.12670758751670966,4.0,ChIP-seq:H3K27me3 x ChIP-seq:H3K9me3
CL:0000775,ChIP-seq:H3K27me3,ChIP-seq:CTCF,-0.01374857603273924,2.0,ChIP-seq:CTCF x ChIP-seq:H3K27me3
CL:0000775,ChIP-seq:H3K36me3,ChIP-seq:H3K27ac,-0.03622075092093444,2.0,ChIP-seq:H3K27ac x ChIP-seq:H3K36me3
CL:0000775,ChIP-seq:H3K36me3,ChIP-seq:H3K27me3,-0.023680377643921474,4.0,ChIP-seq:H3K27me3 x ChIP-seq:H3K36me3
CL:0000775,ChIP-seq:H3K36me3,ChIP-seq:H3K4me1,-0.056152013848062426,4.0,ChIP-seq:H3K36me3 x ChIP-seq:H3K4me1
CL:0000775,ChIP-seq:H3K36me3,ChIP-seq:H3K4me3,0.001176794869041889,4.0,ChIP-seq:H3K36me3 x ChIP-seq:H3K4me3
CL:0000775,ChIP-seq:H3K36me3,ChIP-seq:H3K9me3,0.181543528196517,4.0,ChIP-seq:H3K36me3 x ChIP-seq:H3K9me3
CL:0000775,ChIP-seq:H3K36me3,ChIP-seq:CTCF,0.00372150920114471,2.0,ChIP-seq:CTCF x ChIP-seq:H3K36me3
CL:0000775,ChIP-seq:H3K4me1,ChIP-seq:H3K27ac,0.30538517825397443,2.0,ChIP-seq:H3K27ac x ChIP-seq:H3K4me1
CL:0000775,ChIP-seq:H3K4me1,ChIP-seq:H3K27me3,-0.05366677955611248,4.0,ChIP-seq:H3K27me3 x ChIP-seq:H3K4me1
CL:0000775,ChIP-seq:H3K4me1,ChIP-seq:H3K36me3,-0.057755303034122955,4.0,ChIP-seq:H3K36me3 x ChIP-seq:H3K4me1
CL:0000775,ChIP-seq:H3K4me1,ChIP-seq:H3K4me3,0.002700329418772851,4.0,ChIP-seq:H3K4me1 x ChIP-seq:H3K4me3
CL:0000775,ChIP-seq:H3K4me1,ChIP-seq:H3K9me3,-0.003509578138087572,4.0,ChIP-seq:H3K4me1 x ChIP-seq:H3K9me3
CL:0000775,ChIP-seq:H3K4me1,ChIP-seq:CTCF,0.037213532127512314,2.0,ChIP-seq:CTCF x ChIP-seq:H3K4me1
CL:0000775,ChIP-seq:H3K4me3,ChIP-seq:H3K27ac,0.30134631343829776,2.0,ChIP-seq:H3K27ac x ChIP-seq:H3K4me3
CL:0000775,ChIP-seq:H3K4me3,ChIP-seq:H3K27me3,-0.15313989638937692,4.0,ChIP-seq:H3K27me3 x ChIP-seq:H3K4me3
CL:0000775,ChIP-seq:H3K4me3,ChIP-seq:H3K36me3,-0.00680444302394035,4.0,ChIP-seq:H3K36me3 x ChIP-seq:H3K4me3
CL:0000775,ChIP-seq:H3K4me3,ChIP-seq:H3K4me1,0.033226489145410515,4.0,ChIP-seq:H3K4me1 x ChIP-seq:H3K4me3
CL:0000775,ChIP-seq:H3K4me3,ChIP-seq:H3K9me3,0.03208747460098749,4.0,ChIP-seq:H3K4me3 x ChIP-seq:H3K9me3
CL:0000775,ChIP-seq:H3K4me3,ChIP-seq:CTCF,0.12868352653910814,2.0,ChIP-seq:CTCF x ChIP-seq:H3K4me3
CL:0000775,ChIP-seq:H3K9me3,ChIP-seq:H3K27ac,0.00456206261375804,2.0,ChIP-seq:H3K27ac x ChIP-seq:H3K9me3
CL:0000775,ChIP-seq:H3K9me3,ChIP-seq:H3K27me3,0.08208242566943857,4.0,ChIP-seq:H3K27me3 x ChIP-seq:H3K9me3
CL:0000775,ChIP-seq:H3K9me3,ChIP-seq:H3K36me3,0.1575448364019394,4.0,ChIP-seq:H3K36me3 x ChIP-seq:H3K9me3
CL:0000775,ChIP-seq:H3K9me3,ChIP-seq:H3K4me1,-0.013334808749009351,4.0,ChIP-seq:H3K4me1 x ChIP-seq:H3K9me3
CL:0000775,ChIP-seq:H3K9me3,ChIP-seq:H3K4me3,0.01442034079510475,4.0,ChIP-seq:H3K4me3 x ChIP-seq:H3K9me3
CL:0000775,ChIP-seq:H3K9me3,ChIP-seq:CTCF,0.08002447995167335,2.0,ChIP-seq:CTCF x ChIP-seq:H3K9me3
CL:0000775,ChIP-seq:CTCF,ChIP-seq:H3K27ac,0.15807831894468377,1.0,ChIP-seq:CTCF x ChIP-seq:H3K27ac
CL:0000775,ChIP-seq:CTCF,ChIP-seq:H3K27me3,-0.01685240801229987,2.0,ChIP-seq:CTCF x ChIP-seq:H3K27me3
CL:0000775,ChIP-seq:CTCF,ChIP-seq:H3K36me3,-0.000758841237489212,2.0,ChIP-seq:CTCF x ChIP-seq:H3K36me3
CL:0000775,ChIP-seq:CTCF,ChIP-seq:H3K4me1,0.03821682541178224,2.0,ChIP-seq:CTCF x ChIP-seq:H3K4me1
CL:0000775,ChIP-seq:CTCF,ChIP-seq:H3K4me3,0.10286156596424424,2.0,ChIP-seq:CTCF x ChIP-seq:H3K4me3
CL:0000775,ChIP-seq:CTCF,ChIP-seq:H3K9me3,0.07902662104435182,2.0,ChIP-seq:CTCF x ChIP-seq:H3K9me3
CL:0000062,DNase-seq,ChIP-seq:H3K27ac,-0.006715902069836487,1.0,ChIP-seq:H3K27ac x DNase-seq
CL:0000062,DNase-seq,ChIP-seq:H3K27me3,-0.06415189288813493,1.0,ChIP-seq:H3K27me3 x DNase-seq
CL:0000062,DNase-seq,ChIP-seq:H3K36me3,-0.040953828110581354,1.0,ChIP-seq:H3K36me3 x DNase-seq
CL:0000062,DNase-seq,ChIP-seq:H3K4me1,0.0752703259172647,1.0,ChIP-seq:H3K4me1 x DNase-seq
CL:0000062,DNase-seq,ChIP-seq:H3K4me3,0.0655511783999066,1.0,ChIP-seq:H3K4me3 x DNase-seq
CL:0000062,DNase-seq,ChIP-seq:H3K9me3,-0.06436027923609292,1.0,ChIP-seq:H3K9me3 x DNase-seq
CL:0000062,DNase-seq,RNA-seq,0.001393285100141091,2.0,DNase-seq x RNA-seq
CL:0000062,ChIP-seq:H3K27ac,DNase-seq,-0.0398776748129059,1.0,ChIP-seq:H3K27ac x DNase-seq
CL:0000062,ChIP-seq:H3K27ac,ChIP-seq:H3K27me3,-0.025064399187592255,1.0,ChIP-seq:H3K27ac x ChIP-seq:H3K27me3
CL:0000062,ChIP-seq:H3K27ac,ChIP-seq:H3K36me3,0.03946635024572806,1.0,ChIP-seq:H3K27ac x ChIP-seq:H3K36me3
CL:0000062,ChIP-seq:H3K27ac,ChIP-seq:H3K4me1,0.2916705038236535,1.0,ChIP-seq:H3K27ac x ChIP-seq:H3K4me1
CL:0000062,ChIP-seq:H3K27ac,ChIP-seq:H3K4me3,0.11498644961867222,1.0,ChIP-seq:H3K27ac x ChIP-seq:H3K4me3
CL:0000062,ChIP-seq:H3K27ac,ChIP-seq:H3K9me3,-0.019028170112333154,1.0,ChIP-seq:H3K27ac x ChIP-seq:H3K9me3
CL:0000062,ChIP-seq:H3K27ac,RNA-seq,0.029957619803222615,2.0,ChIP-seq:H3K27ac x RNA-seq
CL:0000062,ChIP-seq:H3K27me3,DNase-seq,-0.03574508129784258,1.0,ChIP-seq:H3K27me3 x DNase-seq
CL:0000062,ChIP-seq:H3K27me3,ChIP-seq:H3K27ac,-0.014620500950165736,1.0,ChIP-seq:H3K27ac x ChIP-seq:H3K27me3
CL:0000062,ChIP-seq:H3K27me3,ChIP-seq:H3K36me3,-0.011884070647062449,1.0,ChIP-seq:H3K27me3 x ChIP-seq:H3K36me3
CL:0000062,ChIP-seq:H3K27me3,ChIP-seq:H3K4me1,-0.08322247004379396,1.0,ChIP-seq:H3K27me3 x ChIP-seq:H3K4me1
CL:0000062,ChIP-seq:H3K27me3,ChIP-seq:H3K4me3,-0.06458448081515557,1.0,ChIP-seq:H3K27me3 x ChIP-seq:H3K4me3
CL:0000062,ChIP-seq:H3K27me3,ChIP-seq:H3K9me3,0.157903925083869,1.0,ChIP-seq:H3K27me3 x ChIP-seq:H3K9me3
CL:0000062,ChIP-seq:H3K27me3,RNA-seq,-0.00023859592734790233,2.0,ChIP-seq:H3K27me3 x RNA-seq
CL:0000062,ChIP-seq:H3K36me3,DNase-seq,-0.01908397500266759,1.0,ChIP-seq:H3K36me3 x DNase-seq
CL:0000062,ChIP-seq:H3K36me3,ChIP-seq:H3K27ac,0.04222269650594688,1.0,ChIP-seq:H3K27ac x ChIP-seq:H3K36me3
CL:0000062,ChIP-seq:H3K36me3,ChIP-seq:H3K27me3,-0.02043773227467619,1.0,ChIP-seq:H3K27me3 x ChIP-seq:H3K36me3
CL:0000062,ChIP-seq:H3K36me3,ChIP-seq:H3K4me1,-0.034973269652413284,1.0,ChIP-seq:H3K36me3 x ChIP-seq:H3K4me1
CL:0000062,ChIP-seq:H3K36me3,ChIP-seq:H3K4me3,0.013903279706489208,1.0,ChIP-seq:H3K36me3 x ChIP-seq:H3K4me3
CL:0000062,ChIP-seq:H3K36me3,ChIP-seq:H3K9me3,0.16207990666341515,1.0,ChIP-seq:H3K36me3 x ChIP-seq:H3K9me3
CL:0000062,ChIP-seq:H3K36me3,RNA-seq,0.04333560166998267,2.0,ChIP-seq:H3K36me3 x RNA-seq
CL:0000062,ChIP-seq:H3K4me1,DNase-seq,0.0960100447342451,1.0,ChIP-seq:H3K4me1 x DNase-seq
CL:0000062,ChIP-seq:H3K4me1,ChIP-seq:H3K27ac,0.30272621872984334,1.0,ChIP-seq:H3K27ac x ChIP-seq:H3K4me1
CL:0000062,ChIP-seq:H3K4me1,ChIP-seq:H3K27me3,-0.0855700984682845,1.0,ChIP-seq:H3K27me3 x ChIP-seq:H3K4me1
CL:0000062,ChIP-seq:H3K4me1,ChIP-seq:H3K36me3,-0.03004668600778416,1.0,ChIP-seq:H3K36me3 x ChIP-seq:H3K4me1
CL:0000062,ChIP-seq:H3K4me1,ChIP-seq:H3K4me3,0.018062063445185506,1.0,ChIP-seq:H3K4me1 x ChIP-seq:H3K4me3
CL:0000062,ChIP-seq:H3K4me1,ChIP-seq:H3K9me3,-0.028194993068386055,1.0,ChIP-seq:H3K4me1 x ChIP-seq:H3K9me3
CL:0000062,ChIP-seq:H3K4me1,RNA-seq,0.013288084330338224,2.0,ChIP-seq:H3K4me1 x RNA-seq
CL:0000062,ChIP-seq:H3K4me3,DNase-seq,-0.013928415536267585,1.0,ChIP-seq:H3K4me3 x DNase-seq
CL:0000062,ChIP-seq:H3K4me3,ChIP-seq:H3K27ac,0.07071289309748896,1.0,ChIP-seq:H3K27ac x ChIP-seq:H3K4me3
CL:0000062,ChIP-seq:H3K4me3,ChIP-seq:H3K27me3,-0.06904010988514998,1.0,ChIP-seq:H3K27me3 x ChIP-seq:H3K4me3
CL:0000062,ChIP-seq:H3K4me3,ChIP-seq:H3K36me3,0.018926626396557643,1.0,ChIP-seq:H3K36me3 x ChIP-seq:H3K4me3
CL:0000062,ChIP-seq:H3K4me3,ChIP-seq:H3K4me1,0.011075544778419578,1.0,ChIP-seq:H3K4me1 x ChIP-seq:H3K4me3
CL:0000062,ChIP-seq:H3K4me3,ChIP-seq:H3K9me3,0.02791706483041108,1.0,ChIP-seq:H3K4me3 x ChIP-seq:H3K9me3
CL:0000062,ChIP-seq:H3K4me3,RNA-seq,0.024686674201376824,2.0,ChIP-seq:H3K4me3 x RNA-seq
CL:0000062,ChIP-seq:H3K79me2,DNase-seq,-0.024003941965574316,1.0,ChIP-seq:H3K79me2 x DNase-seq
CL:0000062,ChIP-seq:H3K79me2,ChIP-seq:H3K27ac,0.021812996562616323,1.0,ChIP-seq:H3K27ac x ChIP-seq:H3K79me2
CL:0000062,ChIP-seq:H3K79me2,ChIP-seq:H3K27me3,0.0016585407971308145,1.0,ChIP-seq:H3K27me3 x ChIP-seq:H3K79me2
CL:0000062,ChIP-seq:H3K79me2,ChIP-seq:H3K36me3,0.09302514121330605,1.0,ChIP-seq:H3K36me3 x ChIP-seq:H3K79me2
CL:0000062,ChIP-seq:H3K79me2,ChIP-seq:H3K4me1,0.0260836658594401,1.0,ChIP-seq:H3K4me1 x ChIP-seq:H3K79me2
CL:0000062,ChIP-seq:H3K79me2,ChIP-seq:H3K4me3,0.0865911532280057,1.0,ChIP-seq:H3K4me3 x ChIP-seq:H3K79me2
CL:0000062,ChIP-seq:H3K79me2,ChIP-seq:H3K9me3,0.05813189308736577,1.0,ChIP-seq:H3K79me2 x ChIP-seq:H3K9me3
CL:0000062,ChIP-seq:H3K79me2,RNA-seq,0.02958630992042935,2.0,ChIP-seq:H3K79me2 x RNA-seq
CL:0000062,ChIP-seq:H3K9me3,DNase-seq,-0.029017187654972076,1.0,ChIP-seq:H3K9me3 x DNase-seq
CL:0000062,ChIP-seq:H3K9me3,ChIP-seq:H3K27ac,-0.02569961716869363,1.0,ChIP-seq:H3K27ac x ChIP-seq:H3K9me3
CL:0000062,ChIP-seq:H3K9me3,ChIP-seq:H3K27me3,0.13025050139290162,1.0,ChIP-seq:H3K27me3 x ChIP-seq:H3K9me3
CL:0000062,ChIP-seq:H3K9me3,ChIP-seq:H3K36me3,0.13147949573224182,1.0,ChIP-seq:H3K36me3 x ChIP-seq:H3K9me3
CL:0000062,ChIP-seq:H3K9me3,ChIP-seq:H3K4me1,-0.027425041665201603,1.0,ChIP-seq:H3K4me1 x ChIP-seq:H3K9me3
CL:0000062,ChIP-seq:H3K9me3,ChIP-seq:H3K4me3,0.013447713973217233,1.0,ChIP-seq:H3K4me3 x ChIP-seq:H3K9me3
CL:0000062,ChIP-seq:H3K9me3,RNA-seq,-0.006715966150845102,2.0,ChIP-seq:H3K9me3 x RNA-seq
CL:0000062,RNA-seq,DNase-seq,-2.9270982508641796e-05,2.0,DNase-seq x RNA-seq
CL:0000062,RNA-seq,ChIP-seq:H3K27ac,0.024462123757895127,2.0,ChIP-seq:H3K27ac x RNA-seq
CL:0000062,RNA-seq,ChIP-seq:H3K27me3,0.006254415745022654,2.0,ChIP-seq:H3K27me3 x RNA-seq
CL:0000062,RNA-seq,ChIP-seq:H3K36me3,0.04637261826998342,2.0,ChIP-seq:H3K36me3 x RNA-seq
CL:0000062,RNA-seq,ChIP-seq:H3K4me1,0.013022997619017311,2.0,ChIP-seq:H3K4me1 x RNA-seq
CL:0000062,RNA-seq,ChIP-seq:H3K4me3,0.02213690991318503,2.0,ChIP-seq:H3K4me3 x RNA-seq
CL:0000062,RNA-seq,ChIP-seq:H3K9me3,-0.018441650314079648,2.0,ChIP-seq:H3K9me3 x RNA-seq
CL:2000001,ChIP-seq:H3K27ac,ChIP-seq:H3K27me3,0.03977017206290544,12.0,ChIP-seq:H3K27ac x ChIP-seq:H3K27me3
CL:2000001,ChIP-seq:H3K27ac,ChIP-seq:H3K36me3,0.05271337899683196,12.0,ChIP-seq:H3K27ac x ChIP-seq:H3K36me3
CL:2000001,ChIP-seq:H3K27ac,ChIP-seq:H3K4me1,0.27659446881658717,9.0,ChIP-seq:H3K27ac x ChIP-seq:H3K4me1
CL:2000001,ChIP-seq:H3K27ac,ChIP-seq:H3K4me3,0.1626403849079924,12.0,ChIP-seq:H3K27ac x ChIP-seq:H3K4me3
CL:2000001,ChIP-seq:H3K27ac,ChIP-seq:H3K9ac,0.17070793456771743,6.0,ChIP-seq:H3K27ac x ChIP-seq:H3K9ac
CL:2000001,ChIP-seq:H3K27ac,ChIP-seq:H3K9me3,0.044069159598577594,15.0,ChIP-seq:H3K27ac x ChIP-seq:H3K9me3
CL:2000001,ChIP-seq:H3K27ac,polyA plus RNA-seq,-0.014008918803947463,12.0,ChIP-seq:H3K27ac x polyA plus RNA-seq
CL:2000001,ChIP-seq:H3K27me3,ChIP-seq:H3K27ac,0.06466421534617742,12.0,ChIP-seq:H3K27ac x ChIP-seq:H3K27me3
CL:2000001,ChIP-seq:H3K27me3,ChIP-seq:H3K36me3,0.06776250330030277,16.0,ChIP-seq:H3K27me3 x ChIP-seq:H3K36me3
CL:2000001,ChIP-seq:H3K27me3,ChIP-seq:H3K4me1,0.07057415543895064,12.0,ChIP-seq:H3K27me3 x ChIP-seq:H3K4me1
CL:2000001,ChIP-seq:H3K27me3,ChIP-seq:H3K4me3,0.028500965813983162,16.0,ChIP-seq:H3K27me3 x ChIP-seq:H3K4me3
CL:2000001,ChIP-seq:H3K27me3,ChIP-seq:H3K9ac,-0.014514645580582472,8.0,ChIP-seq:H3K27me3 x ChIP-seq:H3K9ac
CL:2000001,ChIP-seq:H3K27me3,ChIP-seq:H3K9me3,0.09556780133928573,20.0,ChIP-seq:H3K27me3 x ChIP-seq:H3K9me3
CL:2000001,ChIP-seq:H3K27me3,polyA plus RNA-seq,0.006456380583861204,16.0,ChIP-seq:H3K27me3 x polyA plus RNA-seq
CL:2000001,ChIP-seq:H3K36me3,ChIP-seq:H3K27ac,0.09506991555293401,12.0,ChIP-seq:H3K27ac x ChIP-seq:H3K36me3
CL:2000001,ChIP-seq:H3K36me3,ChIP-seq:H3K27me3,0.054432586837581724,16.0,ChIP-seq:H3K27me3 x ChIP-seq:H3K36me3
CL:2000001,ChIP-seq:H3K36me3,ChIP-seq:H3K4me1,0.061632504502495564,12.0,ChIP-seq:H3K36me3 x ChIP-seq:H3K4me1
CL:2000001,ChIP-seq:H3K36me3,ChIP-seq:H3K4me3,0.06606694634230631,16.0,ChIP-seq:H3K36me3 x ChIP-seq:H3K4me3
CL:2000001,ChIP-seq:H3K36me3,ChIP-seq:H3K9ac,0.013236659065801269,8.0,ChIP-seq:H3K36me3 x ChIP-seq:H3K9ac
CL:2000001,ChIP-seq:H3K36me3,ChIP-seq:H3K9me3,0.08249697583062307,20.0,ChIP-seq:H3K36me3 x ChIP-seq:H3K9me3
CL:2000001,ChIP-seq:H3K36me3,polyA plus RNA-seq,-0.020408535494283918,16.0,ChIP-seq:H3K36me3 x polyA plus RNA-seq
CL:2000001,ChIP-seq:H3K4me1,ChIP-seq:H3K27ac,0.24802302784389918,9.0,ChIP-seq:H3K27ac x ChIP-seq:H3K4me1
CL:2000001,ChIP-seq:H3K4me1,ChIP-seq:H3K27me3,0.06200763925939043,12.0,ChIP-seq:H3K27me3 x ChIP-seq:H3K4me1
CL:2000001,ChIP-seq:H3K4me1,ChIP-seq:H3K36me3,0.037795009044763433,12.0,ChIP-seq:H3K36me3 x ChIP-seq:H3K4me1
CL:2000001,ChIP-seq:H3K4me1,ChIP-seq:H3K4me3,0.049890387170719655,12.0,ChIP-seq:H3K4me1 x ChIP-seq:H3K4me3
CL:2000001,ChIP-seq:H3K4me1,ChIP-seq:H3K9ac,0.14875428530634668,6.0,ChIP-seq:H3K4me1 x ChIP-seq:H3K9ac
CL:2000001,ChIP-seq:H3K4me1,ChIP-seq:H3K9me3,0.03138510635920933,15.0,ChIP-seq:H3K4me1 x ChIP-seq:H3K9me3
CL:2000001,ChIP-seq:H3K4me1,polyA plus RNA-seq,-0.01483719550452475,12.0,ChIP-seq:H3K4me1 x polyA plus RNA-seq
CL:2000001,ChIP-seq:H3K4me3,ChIP-seq:H3K27ac,0.19424467484156294,12.0,ChIP-seq:H3K27ac x ChIP-seq:H3K4me3
CL:2000001,ChIP-seq:H3K4me3,ChIP-seq:H3K27me3,0.033042939238206684,16.0,ChIP-seq:H3K27me3 x ChIP-seq:H3K4me3
CL:2000001,ChIP-seq:H3K4me3,ChIP-seq:H3K36me3,0.037395326520807,16.0,ChIP-seq:H3K36me3 x ChIP-seq:H3K4me3
CL:2000001,ChIP-seq:H3K4me3,ChIP-seq:H3K4me1,0.14227638172579335,12.0,ChIP-seq:H3K4me1 x ChIP-seq:H3K4me3
CL:2000001,ChIP-seq:H3K4me3,ChIP-seq:H3K9ac,0.163674495658096,8.0,ChIP-seq:H3K4me3 x ChIP-seq:H3K9ac
CL:2000001,ChIP-seq:H3K4me3,ChIP-seq:H3K9me3,0.0675495287350246,20.0,ChIP-seq:H3K4me3 x ChIP-seq:H3K9me3
CL:2000001,ChIP-seq:H3K4me3,polyA plus RNA-seq,-0.0363565149531842,16.0,ChIP-seq:H3K4me3 x polyA plus RNA-seq
CL:2000001,ChIP-seq:H3K9ac,ChIP-seq:H3K27ac,0.25963006814320877,6.0,ChIP-seq:H3K27ac x ChIP-seq:H3K9ac
CL:2000001,ChIP-seq:H3K9ac,ChIP-seq:H3K27me3,-0.018451878272694105,8.0,ChIP-seq:H3K27me3 x ChIP-seq:H3K9ac
CL:2000001,ChIP-seq:H3K9ac,ChIP-seq:H3K36me3,-0.0011274586281468796,8.0,ChIP-seq:H3K36me3 x ChIP-seq:H3K9ac
CL:2000001,ChIP-seq:H3K9ac,ChIP-seq:H3K4me1,0.26315005707653455,6.0,ChIP-seq:H3K4me1 x ChIP-seq:H3K9ac
CL:2000001,ChIP-seq:H3K9ac,ChIP-seq:H3K4me3,0.15274402780352897,8.0,ChIP-seq:H3K4me3 x ChIP-seq:H3K9ac
CL:2000001,ChIP-seq:H3K9ac,ChIP-seq:H3K9me3,0.005640968339783805,10.0,ChIP-seq:H3K9ac x ChIP-seq:H3K9me3
CL:2000001,ChIP-seq:H3K9ac,polyA plus RNA-seq,-0.03503952277233819,8.0,ChIP-seq:H3K9ac x polyA plus RNA-seq
CL:2000001,ChIP-seq:H3K9me3,ChIP-seq:H3K27ac,0.06579257090886434,15.0,ChIP-seq:H3K27ac x ChIP-seq:H3K9me3
CL:2000001,ChIP-seq:H3K9me3,ChIP-seq:H3K27me3,0.11771262765627857,20.0,ChIP-seq:H3K27me3 x ChIP-seq:H3K9me3
CL:2000001,ChIP-seq:H3K9me3,ChIP-seq:H3K36me3,0.08291997178908317,20.0,ChIP-seq:H3K36me3 x ChIP-seq:H3K9me3
CL:2000001,ChIP-seq:H3K9me3,ChIP-seq:H3K4me1,0.038412072719671786,15.0,ChIP-seq:H3K4me1 x ChIP-seq:H3K9me3
CL:2000001,ChIP-seq:H3K9me3,ChIP-seq:H3K4me3,0.07579043563806787,20.0,ChIP-seq:H3K4me3 x ChIP-seq:H3K9me3
CL:2000001,ChIP-seq:H3K9me3,ChIP-seq:H3K9ac,-0.02317060773469964,10.0,ChIP-seq:H3K9ac x ChIP-seq:H3K9me3
CL:2000001,ChIP-seq:H3K9me3,polyA plus RNA-seq,0.014047130182256617,20.0,ChIP-seq:H3K9me3 x polyA plus RNA-seq
CL:2000001,polyA plus RNA-seq,ChIP-seq:H3K27ac,0.022113630299766856,12.0,ChIP-seq:H3K27ac x polyA plus RNA-seq
CL:2000001,polyA plus RNA-seq,ChIP-seq:H3K27me3,0.0041661809922920335,16.0,ChIP-seq:H3K27me3 x polyA plus RNA-seq
CL:2000001,polyA plus RNA-seq,ChIP-seq:H3K36me3,-0.007293631052297932,16.0,ChIP-seq:H3K36me3 x polyA plus RNA-seq
CL:2000001,polyA plus RNA-seq,ChIP-seq:H3K4me1,0.010282561237558776,12.0,ChIP-seq:H3K4me1 x polyA plus RNA-seq
CL:2000001,polyA plus RNA-seq,ChIP-seq:H3K4me3,-0.0004963698041326597,16.0,ChIP-seq:H3K4me3 x polyA plus RNA-seq
CL:2000001,polyA plus RNA-seq,ChIP-seq:H3K9ac,0.0007553460475589547,8.0,ChIP-seq:H3K9ac x polyA plus RNA-seq
CL:2000001,polyA plus RNA-seq,ChIP-seq:H3K9me3,-0.001694766751357487,20.0,ChIP-seq:H3K9me3 x polyA plus RNA-seq
CL:1001568,DNase-seq,RNA-seq,0.008556544311798288,2.0,DNase-seq x RNA-seq
CL:1001568,RNA-seq,DNase-seq,-0.008275696181795132,2.0,DNase-seq x RNA-seq
CL:0002586,ChIP-seq:H3K4me3,ChIP-seq:CTCF,0.010431383528466363,1.0,ChIP-seq:CTCF x ChIP-seq:H3K4me3
CL:0002586,ChIP-seq:CTCF,ChIP-seq:H3K4me3,0.013336434804422911,1.0,ChIP-seq:CTCF x ChIP-seq:H3K4me3
CL:0000515,ChIP-seq:H3K27ac,ChIP-seq:H3K27me3,-0.023775103555499822,1.0,ChIP-seq:H3K27ac x ChIP-seq:H3K27me3
CL:0000515,ChIP-seq:H3K27ac,ChIP-seq:H3K36me3,0.014058372133938724,1.0,ChIP-seq:H3K27ac x ChIP-seq:H3K36me3
CL:0000515,ChIP-seq:H3K27ac,ChIP-seq:H3K4me1,0.38328217293905176,1.0,ChIP-seq:H3K27ac x ChIP-seq:H3K4me1
CL:0000515,ChIP-seq:H3K27ac,ChIP-seq:H3K4me3,0.24337396109215567,2.0,ChIP-seq:H3K27ac x ChIP-seq:H3K4me3
CL:0000515,ChIP-seq:H3K27ac,ChIP-seq:H3K9ac,0.6055948877334595,1.0,ChIP-seq:H3K27ac x ChIP-seq:H3K9ac
CL:0000515,ChIP-seq:H3K27ac,ChIP-seq:H3K9me3,-0.07291203125395589,1.0,ChIP-seq:H3K27ac x ChIP-seq:H3K9me3
CL:0000515,ChIP-seq:H3K27ac,polyA plus RNA-seq,0.03409110482249941,1.0,ChIP-seq:H3K27ac x polyA plus RNA-seq
CL:0000515,ChIP-seq:H3K27ac,RNA-seq,0.031754522625819306,2.0,ChIP-seq:H3K27ac x RNA-seq
CL:0000515,ChIP-seq:H3K27me3,ChIP-seq:H3K27ac,-0.036196212410742855,1.0,ChIP-seq:H3K27ac x ChIP-seq:H3K27me3
CL:0000515,ChIP-seq:H3K27me3,ChIP-seq:H3K36me3,-0.08410582776186327,1.0,ChIP-seq:H3K27me3 x ChIP-seq:H3K36me3
CL:0000515,ChIP-seq:H3K27me3,ChIP-seq:H3K4me1,-0.10472445384315823,1.0,ChIP-seq:H3K27me3 x ChIP-seq:H3K4me1
CL:0000515,ChIP-seq:H3K27me3,ChIP-seq:H3K4me3,0.014408970965403264,2.0,ChIP-seq:H3K27me3 x ChIP-seq:H3K4me3
CL:0000515,ChIP-seq:H3K27me3,ChIP-seq:H3K9ac,-0.05466835163533688,1.0,ChIP-seq:H3K27me3 x ChIP-seq:H3K9ac
CL:0000515,ChIP-seq:H3K27me3,ChIP-seq:H3K9me3,0.25369730125592405,1.0,ChIP-seq:H3K27me3 x ChIP-seq:H3K9me3
CL:0000515,ChIP-seq:H3K27me3,polyA plus RNA-seq,-0.03219850267682757,1.0,ChIP-seq:H3K27me3 x polyA plus RNA-seq
CL:0000515,ChIP-seq:H3K27me3,RNA-seq,-0.011922916126998024,2.0,ChIP-seq:H3K27me3 x RNA-seq
CL:0000515,ChIP-seq:H3K36me3,ChIP-seq:H3K27ac,0.014354952967461244,1.0,ChIP-seq:H3K27ac x ChIP-seq:H3K36me3
CL:0000515,ChIP-seq:H3K36me3,ChIP-seq:H3K27me3,-0.0773962362316148,1.0,ChIP-seq:H3K27me3 x ChIP-seq:H3K36me3
CL:0000515,ChIP-seq:H3K36me3,ChIP-seq:H3K4me1,0.1876695998336958,1.0,ChIP-seq:H3K36me3 x ChIP-seq:H3K4me1
CL:0000515,ChIP-seq:H3K36me3,ChIP-seq:H3K4me3,0.03705100144181296,2.0,ChIP-seq:H3K36me3 x ChIP-seq:H3K4me3
CL:0000515,ChIP-seq:H3K36me3,ChIP-seq:H3K9ac,0.020899335592985152,1.0,ChIP-seq:H3K36me3 x ChIP-seq:H3K9ac
CL:0000515,ChIP-seq:H3K36me3,ChIP-seq:H3K9me3,0.1829183119968329,1.0,ChIP-seq:H3K36me3 x ChIP-seq:H3K9me3
CL:0000515,ChIP-seq:H3K36me3,polyA plus RNA-seq,0.053041740485600064,1.0,ChIP-seq:H3K36me3 x polyA plus RNA-seq
CL:0000515,ChIP-seq:H3K36me3,RNA-seq,0.05221686733829892,2.0,ChIP-seq:H3K36me3 x RNA-seq
CL:0000515,ChIP-seq:H3K4me1,ChIP-seq:H3K27ac,0.38450748979309457,1.0,ChIP-seq:H3K27ac x ChIP-seq:H3K4me1
CL:0000515,ChIP-seq:H3K4me1,ChIP-seq:H3K27me3,-0.10844916379314729,1.0,ChIP-seq:H3K27me3 x ChIP-seq:H3K4me1
CL:0000515,ChIP-seq:H3K4me1,ChIP-seq:H3K36me3,0.2004728031852258,1.0,ChIP-seq:H3K36me3 x ChIP-seq:H3K4me1
CL:0000515,ChIP-seq:H3K4me1,ChIP-seq:H3K4me3,0.14356033754682987,2.0,ChIP-seq:H3K4me1 x ChIP-seq:H3K4me3
CL:0000515,ChIP-seq:H3K4me1,ChIP-seq:H3K9ac,0.1917507094144821,1.0,ChIP-seq:H3K4me1 x ChIP-seq:H3K9ac
CL:0000515,ChIP-seq:H3K4me1,ChIP-seq:H3K9me3,-0.012361326863645841,1.0,ChIP-seq:H3K4me1 x ChIP-seq:H3K9me3
CL:0000515,ChIP-seq:H3K4me1,polyA plus RNA-seq,0.008224406327520098,1.0,ChIP-seq:H3K4me1 x polyA plus RNA-seq
CL:0000515,ChIP-seq:H3K4me1,RNA-seq,0.011769902275164178,2.0,ChIP-seq:H3K4me1 x RNA-seq
CL:0000515,ChIP-seq:H3K4me3,ChIP-seq:H3K27ac,0.20186051468790314,2.0,ChIP-seq:H3K27ac x ChIP-seq:H3K4me3
CL:0000515,ChIP-seq:H3K4me3,ChIP-seq:H3K27me3,0.021962745265028942,2.0,ChIP-seq:H3K27me3 x ChIP-seq:H3K4me3
CL:0000515,ChIP-seq:H3K4me3,ChIP-seq:H3K36me3,0.014167003491252817,2.0,ChIP-seq:H3K36me3 x ChIP-seq:H3K4me3
CL:0000515,ChIP-seq:H3K4me3,ChIP-seq:H3K4me1,0.11959690049938534,2.0,ChIP-seq:H3K4me1 x ChIP-seq:H3K4me3
CL:0000515,ChIP-seq:H3K4me3,ChIP-seq:H3K9ac,0.2868554306030273,2.0,ChIP-seq:H3K4me3 x ChIP-seq:H3K9ac
CL:0000515,ChIP-seq:H3K4me3,ChIP-seq:H3K9me3,0.036113619221655346,2.0,ChIP-seq:H3K4me3 x ChIP-seq:H3K9me3
CL:0000515,ChIP-seq:H3K4me3,polyA plus RNA-seq,0.053604791164398195,2.0,ChIP-seq:H3K4me3 x polyA plus RNA-seq
CL:0000515,ChIP-seq:H3K4me3,RNA-seq,0.04049082791358581,4.0,ChIP-seq:H3K4me3 x RNA-seq
CL:0000515,ChIP-seq:H3K79me2,ChIP-seq:H3K27ac,-0.029556673135102532,1.0,ChIP-seq:H3K27ac x ChIP-seq:H3K79me2
CL:0000515,ChIP-seq:H3K79me2,ChIP-seq:H3K27me3,0.02569138370026117,1.0,ChIP-seq:H3K27me3 x ChIP-seq:H3K79me2
CL:0000515,ChIP-seq:H3K79me2,ChIP-seq:H3K36me3,0.12991605344272794,1.0,ChIP-seq:H3K36me3 x ChIP-seq:H3K79me2
CL:0000515,ChIP-seq:H3K79me2,ChIP-seq:H3K4me1,0.04860002417927203,1.0,ChIP-seq:H3K4me1 x ChIP-seq:H3K79me2
CL:0000515,ChIP-seq:H3K79me2,ChIP-seq:H3K4me3,0.08172514031980639,2.0,ChIP-seq:H3K4me3 x ChIP-seq:H3K79me2
CL:0000515,ChIP-seq:H3K79me2,ChIP-seq:H3K9ac,0.017373382151126868,1.0,ChIP-seq:H3K79me2 x ChIP-seq:H3K9ac
CL:0000515,ChIP-seq:H3K79me2,ChIP-seq:H3K9me3,0.07981847855132385,1.0,ChIP-seq:H3K79me2 x ChIP-seq:H3K9me3
CL:0000515,ChIP-seq:H3K79me2,polyA plus RNA-seq,0.03476667489324297,1.0,ChIP-seq:H3K79me2 x polyA plus RNA-seq
CL:0000515,ChIP-seq:H3K79me2,RNA-seq,0.03418394579471414,2.0,ChIP-seq:H3K79me2 x RNA-seq
CL:0000515,ChIP-seq:H3K9ac,ChIP-seq:H3K27ac,0.5811744398540921,1.0,ChIP-seq:H3K27ac x ChIP-seq:H3K9ac
CL:0000515,ChIP-seq:H3K9ac,ChIP-seq:H3K27me3,-0.03352224614856572,1.0,ChIP-seq:H3K27me3 x ChIP-seq:H3K9ac
CL:0000515,ChIP-seq:H3K9ac,ChIP-seq:H3K36me3,0.0240842313481071,1.0,ChIP-seq:H3K36me3 x ChIP-seq:H3K9ac
CL:0000515,ChIP-seq:H3K9ac,ChIP-seq:H3K4me1,0.19593880163586658,1.0,ChIP-seq:H3K4me1 x ChIP-seq:H3K9ac
CL:0000515,ChIP-seq:H3K9ac,ChIP-seq:H3K4me3,0.30834631162269094,2.0,ChIP-seq:H3K4me3 x ChIP-seq:H3K9ac
CL:0000515,ChIP-seq:H3K9ac,ChIP-seq:H3K9me3,-0.06052946757171407,1.0,ChIP-seq:H3K9ac x ChIP-seq:H3K9me3
CL:0000515,ChIP-seq:H3K9ac,polyA plus RNA-seq,0.038084931799343656,1.0,ChIP-seq:H3K9ac x polyA plus RNA-seq
CL:0000515,ChIP-seq:H3K9ac,RNA-seq,0.037672183936597034,2.0,ChIP-seq:H3K9ac x RNA-seq
CL:0000515,ChIP-seq:H3K9me3,ChIP-seq:H3K27ac,-0.08708853256187321,1.0,ChIP-seq:H3K27ac x ChIP-seq:H3K9me3
CL:0000515,ChIP-seq:H3K9me3,ChIP-seq:H3K27me3,0.2385654939317155,1.0,ChIP-seq:H3K27me3 x ChIP-seq:H3K9me3
CL:0000515,ChIP-seq:H3K9me3,ChIP-seq:H3K36me3,0.14891949359071316,1.0,ChIP-seq:H3K36me3 x ChIP-seq:H3K9me3
CL:0000515,ChIP-seq:H3K9me3,ChIP-seq:H3K4me1,-0.026345938444137573,1.0,ChIP-seq:H3K4me1 x ChIP-seq:H3K9me3
CL:0000515,ChIP-seq:H3K9me3,ChIP-seq:H3K4me3,0.02789418176512852,2.0,ChIP-seq:H3K4me3 x ChIP-seq:H3K9me3
CL:0000515,ChIP-seq:H3K9me3,ChIP-seq:H3K9ac,-0.08270072489976883,1.0,ChIP-seq:H3K9ac x ChIP-seq:H3K9me3
CL:0000515,ChIP-seq:H3K9me3,polyA plus RNA-seq,-0.024002300926617214,1.0,ChIP-seq:H3K9me3 x polyA plus RNA-seq
CL:0000515,ChIP-seq:H3K9me3,RNA-seq,-0.013815143085641031,2.0,ChIP-seq:H3K9me3 x RNA-seq
CL:0000515,polyA plus RNA-seq,ChIP-seq:H3K27ac,0.005336537681244036,1.0,ChIP-seq:H3K27ac x polyA plus RNA-seq
CL:0000515,polyA plus RNA-seq,ChIP-seq:H3K27me3,-0.02617972883684882,1.0,ChIP-seq:H3K27me3 x polyA plus RNA-seq
CL:0000515,polyA plus RNA-seq,ChIP-seq:H3K36me3,0.03503524153320878,1.0,ChIP-seq:H3K36me3 x polyA plus RNA-seq
CL:0000515,polyA plus RNA-seq,ChIP-seq:H3K4me1,-0.004972581630167755,1.0,ChIP-seq:H3K4me1 x polyA plus RNA-seq
CL:0000515,polyA plus RNA-seq,ChIP-seq:H3K4me3,0.040989513152113584,2.0,ChIP-seq:H3K4me3 x polyA plus RNA-seq
CL:0000515,polyA plus RNA-seq,ChIP-seq:H3K9ac,0.010747196078300478,1.0,ChIP-seq:H3K9ac x polyA plus RNA-seq
CL:0000515,polyA plus RNA-seq,ChIP-seq:H3K9me3,-0.010801780074002357,1.0,ChIP-seq:H3K9me3 x polyA plus RNA-seq
CL:0000515,polyA plus RNA-seq,RNA-seq,0.263629754337829,2.0,RNA-seq x polyA plus RNA-seq
CL:0000515,RNA-seq,ChIP-seq:H3K27ac,0.011187826685699419,2.0,ChIP-seq:H3K27ac x RNA-seq
CL:0000515,RNA-seq,ChIP-seq:H3K27me3,-0.010377313534932575,2.0,ChIP-seq:H3K27me3 x RNA-seq
CL:0000515,RNA-seq,ChIP-seq:H3K36me3,0.05675393067024372,2.0,ChIP-seq:H3K36me3 x RNA-seq
CL:0000515,RNA-seq,ChIP-seq:H3K4me1,0.004999729764202366,2.0,ChIP-seq:H3K4me1 x RNA-seq
CL:0000515,RNA-seq,ChIP-seq:H3K4me3,0.03338742548617247,4.0,ChIP-seq:H3K4me3 x RNA-seq
CL:0000515,RNA-seq,ChIP-seq:H3K9ac,0.02729018747806549,2.0,ChIP-seq:H3K9ac x RNA-seq
CL:0000515,RNA-seq,ChIP-seq:H3K9me3,-0.008493671680191875,2.0,ChIP-seq:H3K9me3 x RNA-seq
CL:0000515,RNA-seq,polyA plus RNA-seq,0.2774715236255101,2.0,RNA-seq x polyA plus RNA-seq
CL:0000594,ChIP-seq:H3K27me3,ChIP-seq:H3K36me3,0.04483822713453303,1.0,ChIP-seq:H3K27me3 x ChIP-seq:H3K36me3
CL:0000594,ChIP-seq:H3K27me3,ChIP-seq:H3K4me1,-0.041960028040668236,1.0,ChIP-seq:H3K27me3 x ChIP-seq:H3K4me1
CL:0000594,ChIP-seq:H3K27me3,ChIP-seq:H3K4me3,-0.039250729787488316,1.0,ChIP-seq:H3K27me3 x ChIP-seq:H3K4me3
CL:0000594,ChIP-seq:H3K27me3,ChIP-seq:H3K9ac,-0.048756033182144165,1.0,ChIP-seq:H3K27me3 x ChIP-seq:H3K9ac
CL:0000594,ChIP-seq:H3K27me3,ChIP-seq:H3K9me3,0.14915368310566054,1.0,ChIP-seq:H3K27me3 x ChIP-seq:H3K9me3
CL:0000594,ChIP-seq:H3K27me3,RNA-seq,-0.03088358946720387,2.0,ChIP-seq:H3K27me3 x RNA-seq
CL:0000594,ChIP-seq:H3K36me3,ChIP-seq:H3K27me3,0.028438842502133597,1.0,ChIP-seq:H3K27me3 x ChIP-seq:H3K36me3
CL:0000594,ChIP-seq:H3K36me3,ChIP-seq:H3K4me1,-0.0021555049587850955,1.0,ChIP-seq:H3K36me3 x ChIP-seq:H3K4me1
CL:0000594,ChIP-seq:H3K36me3,ChIP-seq:H3K4me3,0.07761846434238345,1.0,ChIP-seq:H3K36me3 x ChIP-seq:H3K4me3
CL:0000594,ChIP-seq:H3K36me3,ChIP-seq:H3K9ac,0.018305341303348543,1.0,ChIP-seq:H3K36me3 x ChIP-seq:H3K9ac
CL:0000594,ChIP-seq:H3K36me3,ChIP-seq:H3K9me3,0.28015090883111154,1.0,ChIP-seq:H3K36me3 x ChIP-seq:H3K9me3
CL:0000594,ChIP-seq:H3K36me3,RNA-seq,0.02103992110113908,2.0,ChIP-seq:H3K36me3 x RNA-seq
CL:0000594,ChIP-seq:H3K4me1,ChIP-seq:H3K27me3,-0.040522522239506927,1.0,ChIP-seq:H3K27me3 x ChIP-seq:H3K4me1
CL:0000594,ChIP-seq:H3K4me1,ChIP-seq:H3K36me3,0.010742980592622957,1.0,ChIP-seq:H3K36me3 x ChIP-seq:H3K4me1
CL:0000594,ChIP-seq:H3K4me1,ChIP-seq:H3K4me3,0.1644509659257046,1.0,ChIP-seq:H3K4me1 x ChIP-seq:H3K4me3
CL:0000594,ChIP-seq:H3K4me1,ChIP-seq:H3K9ac,0.09918099135160446,1.0,ChIP-seq:H3K4me1 x ChIP-seq:H3K9ac
CL:0000594,ChIP-seq:H3K4me1,ChIP-seq:H3K9me3,0.039167430834563755,1.0,ChIP-seq:H3K4me1 x ChIP-seq:H3K9me3
CL:0000594,ChIP-seq:H3K4me1,RNA-seq,0.007201609561608046,2.0,ChIP-seq:H3K4me1 x RNA-seq
CL:0000594,ChIP-seq:H3K4me3,ChIP-seq:H3K27me3,-0.05690421039859454,1.0,ChIP-seq:H3K27me3 x ChIP-seq:H3K4me3
CL:0000594,ChIP-seq:H3K4me3,ChIP-seq:H3K36me3,0.10837591498617141,1.0,ChIP-seq:H3K36me3 x ChIP-seq:H3K4me3
CL:0000594,ChIP-seq:H3K4me3,ChIP-seq:H3K4me1,0.13105001656905463,1.0,ChIP-seq:H3K4me1 x ChIP-seq:H3K4me3
CL:0000594,ChIP-seq:H3K4me3,ChIP-seq:H3K9ac,0.3709012269973755,1.0,ChIP-seq:H3K4me3 x ChIP-seq:H3K9ac
CL:0000594,ChIP-seq:H3K4me3,ChIP-seq:H3K9me3,0.1422853376612317,1.0,ChIP-seq:H3K4me3 x ChIP-seq:H3K9me3
CL:0000594,ChIP-seq:H3K4me3,RNA-seq,0.023431864874633748,2.0,ChIP-seq:H3K4me3 x RNA-seq
CL:0000594,ChIP-seq:H3K9ac,ChIP-seq:H3K27me3,-0.03204539555242692,1.0,ChIP-seq:H3K27me3 x ChIP-seq:H3K9ac
CL:0000594,ChIP-seq:H3K9ac,ChIP-seq:H3K36me3,0.07732585659891208,1.0,ChIP-seq:H3K36me3 x ChIP-seq:H3K9ac
CL:0000594,ChIP-seq:H3K9ac,ChIP-seq:H3K4me1,0.10539396722679553,1.0,ChIP-seq:H3K4me1 x ChIP-seq:H3K9ac
CL:0000594,ChIP-seq:H3K9ac,ChIP-seq:H3K4me3,0.33596029891524204,1.0,ChIP-seq:H3K4me3 x ChIP-seq:H3K9ac
CL:0000594,ChIP-seq:H3K9ac,ChIP-seq:H3K9me3,-0.0226039562853022,1.0,ChIP-seq:H3K9ac x ChIP-seq:H3K9me3
CL:0000594,ChIP-seq:H3K9ac,RNA-seq,0.02778810346433653,2.0,ChIP-seq:H3K9ac x RNA-seq
CL:0000594,ChIP-seq:H3K9me3,ChIP-seq:H3K27me3,0.11582021946194528,1.0,ChIP-seq:H3K27me3 x ChIP-seq:H3K9me3
CL:0000594,ChIP-seq:H3K9me3,ChIP-seq:H3K36me3,0.26755448765855616,1.0,ChIP-seq:H3K36me3 x ChIP-seq:H3K9me3
CL:0000594,ChIP-seq:H3K9me3,ChIP-seq:H3K4me1,0.02950269971852717,1.0,ChIP-seq:H3K4me1 x ChIP-seq:H3K9me3
CL:0000594,ChIP-seq:H3K9me3,ChIP-seq:H3K4me3,0.13504980663920557,1.0,ChIP-seq:H3K4me3 x ChIP-seq:H3K9me3
CL:0000594,ChIP-seq:H3K9me3,ChIP-seq:H3K9ac,-0.06135077819228172,1.0,ChIP-seq:H3K9ac x ChIP-seq:H3K9me3
CL:0000594,ChIP-seq:H3K9me3,RNA-seq,-0.006454995338231395,2.0,ChIP-seq:H3K9me3 x RNA-seq
CL:0000594,RNA-seq,ChIP-seq:H3K27me3,-0.022856561360002935,2.0,ChIP-seq:H3K27me3 x RNA-seq
CL:0000594,RNA-seq,ChIP-seq:H3K36me3,0.03359803652006482,2.0,ChIP-seq:H3K36me3 x RNA-seq
CL:0000594,RNA-seq,ChIP-seq:H3K4me1,0.0014359764754772186,2.0,ChIP-seq:H3K4me1 x RNA-seq
CL:0000594,RNA-seq,ChIP-seq:H3K4me3,0.015727571398019793,2.0,ChIP-seq:H3K4me3 x RNA-seq
CL:0000594,RNA-seq,ChIP-seq:H3K9ac,0.0153790545463562,2.0,ChIP-seq:H3K9ac x RNA-seq
CL:0000594,RNA-seq,ChIP-seq:H3K9me3,-0.012898472319851376,2.0,ChIP-seq:H3K9me3 x RNA-seq
UBERON:0001211,DNase-seq,ChIP-seq:H3K27ac,0.07882163811613012,4.0,ChIP-seq:H3K27ac x DNase-seq
UBERON:0001211,DNase-seq,ChIP-seq:H3K36me3,-0.023561640391274105,4.0,ChIP-seq:H3K36me3 x DNase-seq
UBERON:0001211,DNase-seq,ChIP-seq:H3K4me1,-0.006150548548802086,4.0,ChIP-seq:H3K4me1 x DNase-seq
UBERON:0001211,DNase-seq,ChIP-seq:H3K4me3,0.0443258615427239,4.0,ChIP-seq:H3K4me3 x DNase-seq
UBERON:0001211,DNase-seq,ChIP-seq:CTCF,0.0181551405787468,16.0,ChIP-seq:CTCF x DNase-seq
UBERON:0001211,DNase-seq,RNA-seq,0.011757291529345328,32.0,DNase-seq x RNA-seq
UBERON:0001211,DNase-seq,ChIP-seq:POLR2A,0.10497151953833445,8.0,ChIP-seq:POLR2A x DNase-seq
UBERON:0001211,ChIP-seq:H3K27ac,DNase-seq,0.06408099544480675,4.0,ChIP-seq:H3K27ac x DNase-seq
UBERON:0001211,ChIP-seq:H3K27ac,ChIP-seq:H3K36me3,0.02371789633281647,1.0,ChIP-seq:H3K27ac x ChIP-seq:H3K36me3
UBERON:0001211,ChIP-seq:H3K27ac,ChIP-seq:H3K4me1,0.07496105490819267,1.0,ChIP-seq:H3K27ac x ChIP-seq:H3K4me1
UBERON:0001211,ChIP-seq:H3K27ac,ChIP-seq:H3K4me3,0.3224754914294842,1.0,ChIP-seq:H3K27ac x ChIP-seq:H3K4me3
UBERON:0001211,ChIP-seq:H3K27ac,ChIP-seq:CTCF,0.006648677736520767,4.0,ChIP-seq:CTCF x ChIP-seq:H3K27ac
UBERON:0001211,ChIP-seq:H3K27ac,RNA-seq,0.01957856513329753,8.0,ChIP-seq:H3K27ac x RNA-seq
UBERON:0001211,ChIP-seq:H3K27ac,ChIP-seq:POLR2A,0.101423157112939,2.0,ChIP-seq:H3K27ac x ChIP-seq:POLR2A
UBERON:0001211,ChIP-seq:H3K36me3,DNase-seq,0.002324773857630597,4.0,ChIP-seq:H3K36me3 x DNase-seq
UBERON:0001211,ChIP-seq:H3K36me3,ChIP-seq:H3K27ac,0.016762607627444796,1.0,ChIP-seq:H3K27ac x ChIP-seq:H3K36me3
UBERON:0001211,ChIP-seq:H3K36me3,ChIP-seq:H3K4me1,0.6791222665620886,1.0,ChIP-seq:H3K36me3 x ChIP-seq:H3K4me1
UBERON:0001211,ChIP-seq:H3K36me3,ChIP-seq:H3K4me3,0.07813212958186172,1.0,ChIP-seq:H3K36me3 x ChIP-seq:H3K4me3
UBERON:0001211,ChIP-seq:H3K36me3,ChIP-seq:CTCF,0.01084922932088375,4.0,ChIP-seq:CTCF x ChIP-seq:H3K36me3
UBERON:0001211,ChIP-seq:H3K36me3,RNA-seq,0.01955264860724327,8.0,ChIP-seq:H3K36me3 x RNA-seq
UBERON:0001211,ChIP-seq:H3K36me3,ChIP-seq:POLR2A,-0.004180854718600001,2.0,ChIP-seq:H3K36me3 x ChIP-seq:POLR2A
UBERON:0001211,ChIP-seq:H3K4me1,DNase-seq,-0.006141864921453704,4.0,ChIP-seq:H3K4me1 x DNase-seq
UBERON:0001211,ChIP-seq:H3K4me1,ChIP-seq:H3K27ac,0.0573945313140198,1.0,ChIP-seq:H3K27ac x ChIP-seq:H3K4me1
UBERON:0001211,ChIP-seq:H3K4me1,ChIP-seq:H3K36me3,0.6386469690888016,1.0,ChIP-seq:H3K36me3 x ChIP-seq:H3K4me1
UBERON:0001211,ChIP-seq:H3K4me1,ChIP-seq:H3K4me3,0.0058714594085549215,1.0,ChIP-seq:H3K4me1 x ChIP-seq:H3K4me3
UBERON:0001211,ChIP-seq:H3K4me1,ChIP-seq:CTCF,0.018946804702281952,4.0,ChIP-seq:CTCF x ChIP-seq:H3K4me1
UBERON:0001211,ChIP-seq:H3K4me1,RNA-seq,-0.0030997555941838836,8.0,ChIP-seq:H3K4me1 x RNA-seq
UBERON:0001211,ChIP-seq:H3K4me1,ChIP-seq:POLR2A,-0.029236950512443273,2.0,ChIP-seq:H3K4me1 x ChIP-seq:POLR2A
UBERON:0001211,ChIP-seq:H3K4me3,DNase-seq,0.008138780457985828,4.0,ChIP-seq:H3K4me3 x DNase-seq
UBERON:0001211,ChIP-seq:H3K4me3,ChIP-seq:H3K27ac,0.2948784081288326,1.0,ChIP-seq:H3K27ac x ChIP-seq:H3K4me3
UBERON:0001211,ChIP-seq:H3K4me3,ChIP-seq:H3K36me3,0.09405420393382431,1.0,ChIP-seq:H3K36me3 x ChIP-seq:H3K4me3
UBERON:0001211,ChIP-seq:H3K4me3,ChIP-seq:H3K4me1,0.03348374480138654,1.0,ChIP-seq:H3K4me1 x ChIP-seq:H3K4me3
UBERON:0001211,ChIP-seq:H3K4me3,ChIP-seq:CTCF,0.012360953390598298,4.0,ChIP-seq:CTCF x ChIP-seq:H3K4me3
UBERON:0001211,ChIP-seq:H3K4me3,RNA-seq,0.02657022194454619,8.0,ChIP-seq:H3K4me3 x RNA-seq
UBERON:0001211,ChIP-seq:H3K4me3,ChIP-seq:POLR2A,0.06881028839520045,2.0,ChIP-seq:H3K4me3 x ChIP-seq:POLR2A
UBERON:0001211,ChIP-seq:CTCF,DNase-seq,0.012120468281402494,16.0,ChIP-seq:CTCF x DNase-seq
UBERON:0001211,ChIP-seq:CTCF,ChIP-seq:H3K27ac,0.02294446293402601,4.0,ChIP-seq:CTCF x ChIP-seq:H3K27ac
UBERON:0001211,ChIP-seq:CTCF,ChIP-seq:H3K36me3,0.015260267342445712,4.0,ChIP-seq:CTCF x ChIP-seq:H3K36me3
UBERON:0001211,ChIP-seq:CTCF,ChIP-seq:H3K4me1,0.0518558184089868,4.0,ChIP-seq:CTCF x ChIP-seq:H3K4me1
UBERON:0001211,ChIP-seq:CTCF,ChIP-seq:H3K4me3,0.030418268573838614,4.0,ChIP-seq:CTCF x ChIP-seq:H3K4me3
UBERON:0001211,ChIP-seq:CTCF,RNA-seq,0.002999213026425051,32.0,ChIP-seq:CTCF x RNA-seq
UBERON:0001211,ChIP-seq:CTCF,ChIP-seq:POLR2A,0.01334825583866664,8.0,ChIP-seq:CTCF x ChIP-seq:POLR2A
UBERON:0001211,RNA-seq,DNase-seq,0.02105217094779246,32.0,DNase-seq x RNA-seq
UBERON:0001211,RNA-seq,ChIP-seq:H3K27ac,0.023676991554689997,8.0,ChIP-seq:H3K27ac x RNA-seq
UBERON:0001211,RNA-seq,ChIP-seq:H3K36me3,0.007828123453590605,8.0,ChIP-seq:H3K36me3 x RNA-seq
UBERON:0001211,RNA-seq,ChIP-seq:H3K4me1,-0.0004094850433909378,8.0,ChIP-seq:H3K4me1 x RNA-seq
UBERON:0001211,RNA-seq,ChIP-seq:H3K4me3,0.026998525303463604,8.0,ChIP-seq:H3K4me3 x RNA-seq
UBERON:0001211,RNA-seq,ChIP-seq:CTCF,0.009028300642967224,32.0,ChIP-seq:CTCF x RNA-seq
UBERON:0001211,RNA-seq,ChIP-seq:POLR2A,0.01906337110059602,16.0,ChIP-seq:POLR2A x RNA-seq
UBERON:0001211,ChIP-seq:POLR2A,DNase-seq,0.13974999177023537,8.0,ChIP-seq:POLR2A x DNase-seq
UBERON:0001211,ChIP-seq:POLR2A,ChIP-seq:H3K27ac,0.14121890031261208,2.0,ChIP-seq:H3K27ac x ChIP-seq:POLR2A
UBERON:0001211,ChIP-seq:POLR2A,ChIP-seq:H3K36me3,-0.0016053211653516406,2.0,ChIP-seq:H3K36me3 x ChIP-seq:POLR2A
UBERON:0001211,ChIP-seq:POLR2A,ChIP-seq:H3K4me1,-0.0003054963181848107,2.0,ChIP-seq:H3K4me1 x ChIP-seq:POLR2A
UBERON:0001211,ChIP-seq:POLR2A,ChIP-seq:H3K4me3,0.09892239972602489,2.0,ChIP-seq:H3K4me3 x ChIP-seq:POLR2A
UBERON:0001211,ChIP-seq:POLR2A,ChIP-seq:CTCF,0.011304032802581784,8.0,ChIP-seq:CTCF x ChIP-seq:POLR2A
UBERON:0001211,ChIP-seq:POLR2A,RNA-seq,0.019396403879635125,16.0,ChIP-seq:POLR2A x RNA-seq
UBERON:0001013,ChIP-seq:H3K27ac,polyA plus RNA-seq,-0.007791091734136158,8.0,ChIP-seq:H3K27ac x polyA plus RNA-seq
UBERON:0001013,polyA plus RNA-seq,ChIP-seq:H3K27ac,-0.013792890963363058,8.0,ChIP-seq:H3K27ac x polyA plus RNA-seq
UBERON:0002369,DNase-seq,ChIP-seq:H3K27ac,-0.0013403499524488882,66.0,ChIP-seq:H3K27ac x DNase-seq
UBERON:0002369,DNase-seq,ChIP-seq:H3K27me3,-0.01342556636958641,22.0,ChIP-seq:H3K27me3 x DNase-seq
UBERON:0002369,DNase-seq,ChIP-seq:H3K36me3,-0.03127998116561177,55.0,ChIP-seq:H3K36me3 x DNase-seq
UBERON:0002369,DNase-seq,ChIP-seq:H3K4me1,-0.06372947452044246,55.0,ChIP-seq:H3K4me1 x DNase-seq
UBERON:0002369,DNase-seq,ChIP-seq:H3K4me3,-0.019436491929091415,66.0,ChIP-seq:H3K4me3 x DNase-seq
UBERON:0002369,DNase-seq,ChIP-seq:H3K9me3,-0.014306540787985341,33.0,ChIP-seq:H3K9me3 x DNase-seq
UBERON:0002369,DNase-seq,ChIP-seq:CTCF,0.00047211647033691684,44.0,ChIP-seq:CTCF x DNase-seq
UBERON:0002369,DNase-seq,polyA plus RNA-seq,-0.00745717640782445,110.0,DNase-seq x polyA plus RNA-seq
UBERON:0002369,DNase-seq,RNA-seq,0.0017736459875159032,154.0,DNase-seq x RNA-seq
UBERON:0002369,DNase-seq,ChIP-seq:POLR2A,0.035334695469249375,22.0,ChIP-seq:POLR2A x DNase-seq
UBERON:0002369,ChIP-seq:H3K27ac,DNase-seq,0.005897930221819919,66.0,ChIP-seq:H3K27ac x DNase-seq
UBERON:0002369,ChIP-seq:H3K27ac,ChIP-seq:H3K27me3,0.006316517962426348,12.0,ChIP-seq:H3K27ac x ChIP-seq:H3K27me3
UBERON:0002369,ChIP-seq:H3K27ac,ChIP-seq:H3K36me3,0.014165045334412173,30.0,ChIP-seq:H3K27ac x ChIP-seq:H3K36me3
UBERON:0002369,ChIP-seq:H3K27ac,ChIP-seq:H3K4me1,0.1710509847711634,30.0,ChIP-seq:H3K27ac x ChIP-seq:H3K4me1
UBERON:0002369,ChIP-seq:H3K27ac,ChIP-seq:H3K4me3,0.09137106471591525,36.0,ChIP-seq:H3K27ac x ChIP-seq:H3K4me3
UBERON:0002369,ChIP-seq:H3K27ac,ChIP-seq:H3K9me3,0.017467019135893627,18.0,ChIP-seq:H3K27ac x ChIP-seq:H3K9me3
UBERON:0002369,ChIP-seq:H3K27ac,ChIP-seq:CTCF,0.001521259943644205,24.0,ChIP-seq:CTCF x ChIP-seq:H3K27ac
UBERON:0002369,ChIP-seq:H3K27ac,polyA plus RNA-seq,0.020404775855827888,60.0,ChIP-seq:H3K27ac x polyA plus RNA-seq
UBERON:0002369,ChIP-seq:H3K27ac,RNA-seq,0.03153736163197887,84.0,ChIP-seq:H3K27ac x RNA-seq
UBERON:0002369,ChIP-seq:H3K27ac,ChIP-seq:POLR2A,0.059738675753275544,12.0,ChIP-seq:H3K27ac x ChIP-seq:POLR2A
UBERON:0002369,ChIP-seq:H3K27me3,DNase-seq,-0.014882895579924827,22.0,ChIP-seq:H3K27me3 x DNase-seq
UBERON:0002369,ChIP-seq:H3K27me3,ChIP-seq:H3K27ac,0.019265218809911402,12.0,ChIP-seq:H3K27ac x ChIP-seq:H3K27me3
UBERON:0002369,ChIP-seq:H3K27me3,ChIP-seq:H3K36me3,0.040347806666348435,10.0,ChIP-seq:H3K27me3 x ChIP-seq:H3K36me3
UBERON:0002369,ChIP-seq:H3K27me3,ChIP-seq:H3K4me1,0.027167235480414498,10.0,ChIP-seq:H3K27me3 x ChIP-seq:H3K4me1
UBERON:0002369,ChIP-seq:H3K27me3,ChIP-seq:H3K4me3,0.06620733085132781,12.0,ChIP-seq:H3K27me3 x ChIP-seq:H3K4me3
UBERON:0002369,ChIP-seq:H3K27me3,ChIP-seq:H3K9me3,0.05960052767715886,6.0,ChIP-seq:H3K27me3 x ChIP-seq:H3K9me3
UBERON:0002369,ChIP-seq:H3K27me3,ChIP-seq:CTCF,-0.03250811129808426,8.0,ChIP-seq:CTCF x ChIP-seq:H3K27me3
UBERON:0002369,ChIP-seq:H3K27me3,polyA plus RNA-seq,-0.013908787683482743,20.0,ChIP-seq:H3K27me3 x polyA plus RNA-seq
UBERON:0002369,ChIP-seq:H3K27me3,RNA-seq,-0.015881340508309166,28.0,ChIP-seq:H3K27me3 x RNA-seq
UBERON:0002369,ChIP-seq:H3K27me3,ChIP-seq:POLR2A,-0.035446748669658384,4.0,ChIP-seq:H3K27me3 x ChIP-seq:POLR2A
UBERON:0002369,ChIP-seq:H3K36me3,DNase-seq,-0.01866041764163033,55.0,ChIP-seq:H3K36me3 x DNase-seq
UBERON:0002369,ChIP-seq:H3K36me3,ChIP-seq:H3K27ac,0.020882060725218175,30.0,ChIP-seq:H3K27ac x ChIP-seq:H3K36me3
UBERON:0002369,ChIP-seq:H3K36me3,ChIP-seq:H3K27me3,0.024944969098691996,10.0,ChIP-seq:H3K27me3 x ChIP-seq:H3K36me3
UBERON:0002369,ChIP-seq:H3K36me3,ChIP-seq:H3K4me1,0.059236087799072266,25.0,ChIP-seq:H3K36me3 x ChIP-seq:H3K4me1
UBERON:0002369,ChIP-seq:H3K36me3,ChIP-seq:H3K4me3,0.05241610209147135,30.0,ChIP-seq:H3K36me3 x ChIP-seq:H3K4me3
UBERON:0002369,ChIP-seq:H3K36me3,ChIP-seq:H3K9me3,0.08282529324461511,15.0,ChIP-seq:H3K36me3 x ChIP-seq:H3K9me3
UBERON:0002369,ChIP-seq:H3K36me3,ChIP-seq:CTCF,-0.01503176936507225,20.0,ChIP-seq:CTCF x ChIP-seq:H3K36me3
UBERON:0002369,ChIP-seq:H3K36me3,polyA plus RNA-seq,0.010909613164638843,50.0,ChIP-seq:H3K36me3 x polyA plus RNA-seq
UBERON:0002369,ChIP-seq:H3K36me3,RNA-seq,0.01703947633556162,70.0,ChIP-seq:H3K36me3 x RNA-seq
UBERON:0002369,ChIP-seq:H3K36me3,ChIP-seq:POLR2A,-0.013611190872532982,10.0,ChIP-seq:H3K36me3 x ChIP-seq:POLR2A
UBERON:0002369,ChIP-seq:H3K4me1,DNase-seq,-0.04028513148466327,55.0,ChIP-seq:H3K4me1 x DNase-seq
UBERON:0002369,ChIP-seq:H3K4me1,ChIP-seq:H3K27ac,0.17753120268479528,30.0,ChIP-seq:H3K27ac x ChIP-seq:H3K4me1
UBERON:0002369,ChIP-seq:H3K4me1,ChIP-seq:H3K27me3,0.009833185658978588,10.0,ChIP-seq:H3K27me3 x ChIP-seq:H3K4me1
UBERON:0002369,ChIP-seq:H3K4me1,ChIP-seq:H3K36me3,0.05628019642185521,25.0,ChIP-seq:H3K36me3 x ChIP-seq:H3K4me1
UBERON:0002369,ChIP-seq:H3K4me1,ChIP-seq:H3K4me3,0.05046556154886882,30.0,ChIP-seq:H3K4me1 x ChIP-seq:H3K4me3
UBERON:0002369,ChIP-seq:H3K4me1,ChIP-seq:H3K9me3,0.059843961263107044,15.0,ChIP-seq:H3K4me1 x ChIP-seq:H3K9me3
UBERON:0002369,ChIP-seq:H3K4me1,ChIP-seq:CTCF,0.016179920434951783,20.0,ChIP-seq:CTCF x ChIP-seq:H3K4me1
UBERON:0002369,ChIP-seq:H3K4me1,polyA plus RNA-seq,0.019650462834366608,50.0,ChIP-seq:H3K4me1 x polyA plus RNA-seq
UBERON:0002369,ChIP-seq:H3K4me1,RNA-seq,0.0166894557512976,70.0,ChIP-seq:H3K4me1 x RNA-seq
UBERON:0002369,ChIP-seq:H3K4me1,ChIP-seq:POLR2A,-0.032789049829755515,10.0,ChIP-seq:H3K4me1 x ChIP-seq:POLR2A
UBERON:0002369,ChIP-seq:H3K4me3,DNase-seq,0.0049405848654928974,66.0,ChIP-seq:H3K4me3 x DNase-seq
UBERON:0002369,ChIP-seq:H3K4me3,ChIP-seq:H3K27ac,0.08875182446063365,36.0,ChIP-seq:H3K27ac x ChIP-seq:H3K4me3
UBERON:0002369,ChIP-seq:H3K4me3,ChIP-seq:H3K27me3,0.0443457810061056,12.0,ChIP-seq:H3K27me3 x ChIP-seq:H3K4me3
UBERON:0002369,ChIP-seq:H3K4me3,ChIP-seq:H3K36me3,0.0326563869510685,30.0,ChIP-seq:H3K36me3 x ChIP-seq:H3K4me3
UBERON:0002369,ChIP-seq:H3K4me3,ChIP-seq:H3K4me1,0.04407525062561035,30.0,ChIP-seq:H3K4me1 x ChIP-seq:H3K4me3
UBERON:0002369,ChIP-seq:H3K4me3,ChIP-seq:H3K9me3,0.015847951903406064,18.0,ChIP-seq:H3K4me3 x ChIP-seq:H3K9me3
UBERON:0002369,ChIP-seq:H3K4me3,ChIP-seq:CTCF,-0.009813825090726216,24.0,ChIP-seq:CTCF x ChIP-seq:H3K4me3
UBERON:0002369,ChIP-seq:H3K4me3,polyA plus RNA-seq,0.0014687731468782383,60.0,ChIP-seq:H3K4me3 x polyA plus RNA-seq
UBERON:0002369,ChIP-seq:H3K4me3,RNA-seq,0.024409796216333317,84.0,ChIP-seq:H3K4me3 x RNA-seq
UBERON:0002369,ChIP-seq:H3K4me3,ChIP-seq:POLR2A,0.03607741991678873,12.0,ChIP-seq:H3K4me3 x ChIP-seq:POLR2A
UBERON:0002369,ChIP-seq:H3K9me3,DNase-seq,-0.014953936233865164,33.0,ChIP-seq:H3K9me3 x DNase-seq
UBERON:0002369,ChIP-seq:H3K9me3,ChIP-seq:H3K27ac,0.03047811778318941,18.0,ChIP-seq:H3K27ac x ChIP-seq:H3K9me3
UBERON:0002369,ChIP-seq:H3K9me3,ChIP-seq:H3K27me3,0.04862868785858154,6.0,ChIP-seq:H3K27me3 x ChIP-seq:H3K9me3
UBERON:0002369,ChIP-seq:H3K9me3,ChIP-seq:H3K36me3,0.10242338438291806,15.0,ChIP-seq:H3K36me3 x ChIP-seq:H3K9me3
UBERON:0002369,ChIP-seq:H3K9me3,ChIP-seq:H3K4me1,0.08605570793151857,15.0,ChIP-seq:H3K4me1 x ChIP-seq:H3K9me3
UBERON:0002369,ChIP-seq:H3K9me3,ChIP-seq:H3K4me3,0.045787872586931504,18.0,ChIP-seq:H3K4me3 x ChIP-seq:H3K9me3
UBERON:0002369,ChIP-seq:H3K9me3,ChIP-seq:CTCF,-0.003944206659992537,12.0,ChIP-seq:CTCF x ChIP-seq:H3K9me3
UBERON:0002369,ChIP-seq:H3K9me3,polyA plus RNA-seq,-0.002464738189591457,30.0,ChIP-seq:H3K9me3 x polyA plus RNA-seq
UBERON:0002369,ChIP-seq:H3K9me3,RNA-seq,-0.0035149341854157283,42.0,ChIP-seq:H3K9me3 x RNA-seq
UBERON:0002369,ChIP-seq:H3K9me3,ChIP-seq:POLR2A,-0.006467445620468685,6.0,ChIP-seq:H3K9me3 x ChIP-seq:POLR2A
UBERON:0002369,ChIP-seq:CTCF,DNase-seq,0.014152719980808554,44.0,ChIP-seq:CTCF x DNase-seq
UBERON:0002369,ChIP-seq:CTCF,ChIP-seq:H3K27ac,-0.0013161611658246176,24.0,ChIP-seq:CTCF x ChIP-seq:H3K27ac
UBERON:0002369,ChIP-seq:CTCF,ChIP-seq:H3K27me3,-0.03164514989694419,8.0,ChIP-seq:CTCF x ChIP-seq:H3K27me3
UBERON:0002369,ChIP-seq:CTCF,ChIP-seq:H3K36me3,-0.006487911919484268,20.0,ChIP-seq:CTCF x ChIP-seq:H3K36me3
UBERON:0002369,ChIP-seq:CTCF,ChIP-seq:H3K4me1,0.016432239611943563,20.0,ChIP-seq:CTCF x ChIP-seq:H3K4me1
UBERON:0002369,ChIP-seq:CTCF,ChIP-seq:H3K4me3,-0.006987339683941433,24.0,ChIP-seq:CTCF x ChIP-seq:H3K4me3
UBERON:0002369,ChIP-seq:CTCF,ChIP-seq:H3K9me3,0.0011606788588950853,12.0,ChIP-seq:CTCF x ChIP-seq:H3K9me3
UBERON:0002369,ChIP-seq:CTCF,polyA plus RNA-seq,0.0002695799507528454,40.0,ChIP-seq:CTCF x polyA plus RNA-seq
UBERON:0002369,ChIP-seq:CTCF,RNA-seq,0.007261058236768858,56.0,ChIP-seq:CTCF x RNA-seq
UBERON:0002369,ChIP-seq:CTCF,ChIP-seq:POLR2A,0.02234639014516558,8.0,ChIP-seq:CTCF x ChIP-seq:POLR2A
UBERON:0002369,polyA plus RNA-seq,DNase-seq,0.0007281844408342265,110.0,DNase-seq x polyA plus RNA-seq
UBERON:0002369,polyA plus RNA-seq,ChIP-seq:H3K27ac,0.025186413944147192,60.0,ChIP-seq:H3K27ac x polyA plus RNA-seq
UBERON:0002369,polyA plus RNA-seq,ChIP-seq:H3K27me3,-0.009660125648699745,20.0,ChIP-seq:H3K27me3 x polyA plus RNA-seq
UBERON:0002369,polyA plus RNA-seq,ChIP-seq:H3K36me3,0.0029116991403940543,50.0,ChIP-seq:H3K36me3 x polyA plus RNA-seq
UBERON:0002369,polyA plus RNA-seq,ChIP-seq:H3K4me1,0.01639468696382311,50.0,ChIP-seq:H3K4me1 x polyA plus RNA-seq
UBERON:0002369,polyA plus RNA-seq,ChIP-seq:H3K4me3,0.006446210429781957,60.0,ChIP-seq:H3K4me3 x polyA plus RNA-seq
UBERON:0002369,polyA plus RNA-seq,ChIP-seq:H3K9me3,-0.0037710788475591585,30.0,ChIP-seq:H3K9me3 x polyA plus RNA-seq
UBERON:0002369,polyA plus RNA-seq,ChIP-seq:CTCF,0.00419698503613472,40.0,ChIP-seq:CTCF x polyA plus RNA-seq
UBERON:0002369,polyA plus RNA-seq,RNA-seq,0.10977044911474859,140.0,RNA-seq x polyA plus RNA-seq
UBERON:0002369,polyA plus RNA-seq,ChIP-seq:POLR2A,0.015390482119151522,20.0,ChIP-seq:POLR2A x polyA plus RNA-seq
UBERON:0002369,RNA-seq,DNase-seq,-0.002181333815900751,154.0,DNase-seq x RNA-seq
UBERON:0002369,RNA-seq,ChIP-seq:H3K27ac,0.025511411236458413,84.0,ChIP-seq:H3K27ac x RNA-seq
UBERON:0002369,RNA-seq,ChIP-seq:H3K27me3,-0.004048385021363676,28.0,ChIP-seq:H3K27me3 x RNA-seq
UBERON:0002369,RNA-seq,ChIP-seq:H3K36me3,0.008083373883516168,70.0,ChIP-seq:H3K36me3 x RNA-seq
UBERON:0002369,RNA-seq,ChIP-seq:H3K4me1,0.013627223362998358,70.0,ChIP-seq:H3K4me1 x RNA-seq
UBERON:0002369,RNA-seq,ChIP-seq:H3K4me3,0.017745356981446143,84.0,ChIP-seq:H3K4me3 x RNA-seq
UBERON:0002369,RNA-seq,ChIP-seq:H3K9me3,0.0009722324739164455,42.0,ChIP-seq:H3K9me3 x RNA-seq
UBERON:0002369,RNA-seq,ChIP-seq:CTCF,0.009617777296475002,56.0,ChIP-seq:CTCF x RNA-seq
UBERON:0002369,RNA-seq,polyA plus RNA-seq,0.06760338462442844,140.0,RNA-seq x polyA plus RNA-seq
UBERON:0002369,RNA-seq,ChIP-seq:POLR2A,0.03394362634542037,28.0,ChIP-seq:POLR2A x RNA-seq
UBERON:0002369,ChIP-seq:POLR2A,DNase-seq,0.04325817076815035,22.0,ChIP-seq:POLR2A x DNase-seq
UBERON:0002369,ChIP-seq:POLR2A,ChIP-seq:H3K27ac,0.0530619479541819,12.0,ChIP-seq:H3K27ac x ChIP-seq:POLR2A
UBERON:0002369,ChIP-seq:POLR2A,ChIP-seq:H3K27me3,-0.04493332178348061,4.0,ChIP-seq:H3K27me3 x ChIP-seq:POLR2A
UBERON:0002369,ChIP-seq:POLR2A,ChIP-seq:H3K36me3,0.0019766909447876185,10.0,ChIP-seq:H3K36me3 x ChIP-seq:POLR2A
UBERON:0002369,ChIP-seq:POLR2A,ChIP-seq:H3K4me1,-0.04968510667483012,10.0,ChIP-seq:H3K4me1 x ChIP-seq:POLR2A
UBERON:0002369,ChIP-seq:POLR2A,ChIP-seq:H3K4me3,0.02412011963980537,12.0,ChIP-seq:H3K4me3 x ChIP-seq:POLR2A
UBERON:0002369,ChIP-seq:POLR2A,ChIP-seq:H3K9me3,-0.00853665598199866,6.0,ChIP-seq:H3K9me3 x ChIP-seq:POLR2A
UBERON:0002369,ChIP-seq:POLR2A,ChIP-seq:CTCF,0.011568080186843868,8.0,ChIP-seq:CTCF x ChIP-seq:POLR2A
UBERON:0002369,ChIP-seq:POLR2A,polyA plus RNA-seq,0.0036161665343119598,20.0,ChIP-seq:POLR2A x polyA plus RNA-seq
UBERON:0002369,ChIP-seq:POLR2A,RNA-seq,0.03551900477089283,28.0,ChIP-seq:POLR2A x RNA-seq
UBERON:0000305,ChIP-seq:H3K27ac,ChIP-seq:H3K27me3,0.19101794663516955,1.0,ChIP-seq:H3K27ac x ChIP-seq:H3K27me3
UBERON:0000305,ChIP-seq:H3K27ac,ChIP-seq:H3K36me3,0.20055285553452828,1.0,ChIP-seq:H3K27ac x ChIP-seq:H3K36me3
UBERON:0000305,ChIP-seq:H3K27ac,ChIP-seq:H3K4me1,0.48930854901023535,1.0,ChIP-seq:H3K27ac x ChIP-seq:H3K4me1
UBERON:0000305,ChIP-seq:H3K27ac,ChIP-seq:H3K4me3,0.24788517647011335,1.0,ChIP-seq:H3K27ac x ChIP-seq:H3K4me3
UBERON:0000305,ChIP-seq:H3K27ac,ChIP-seq:H3K9me3,0.14598791434445196,1.0,ChIP-seq:H3K27ac x ChIP-seq:H3K9me3
UBERON:0000305,ChIP-seq:H3K27ac,polyA plus RNA-seq,0.008701658227305484,6.0,ChIP-seq:H3K27ac x polyA plus RNA-seq
UBERON:0000305,ChIP-seq:H3K27me3,ChIP-seq:H3K27ac,0.21476425837587426,1.0,ChIP-seq:H3K27ac x ChIP-seq:H3K27me3
UBERON:0000305,ChIP-seq:H3K27me3,ChIP-seq:H3K36me3,0.1325902198515241,1.0,ChIP-seq:H3K27me3 x ChIP-seq:H3K36me3
UBERON:0000305,ChIP-seq:H3K27me3,ChIP-seq:H3K4me1,0.08953678089639415,1.0,ChIP-seq:H3K27me3 x ChIP-seq:H3K4me1
UBERON:0000305,ChIP-seq:H3K27me3,ChIP-seq:H3K4me3,0.11159017543460048,1.0,ChIP-seq:H3K27me3 x ChIP-seq:H3K4me3
UBERON:0000305,ChIP-seq:H3K27me3,ChIP-seq:H3K9me3,0.27529925690682905,1.0,ChIP-seq:H3K27me3 x ChIP-seq:H3K9me3
UBERON:0000305,ChIP-seq:H3K27me3,polyA plus RNA-seq,-0.013627363503843115,6.0,ChIP-seq:H3K27me3 x polyA plus RNA-seq
UBERON:0000305,ChIP-seq:H3K36me3,ChIP-seq:H3K27ac,0.22208215792973837,1.0,ChIP-seq:H3K27ac x ChIP-seq:H3K36me3
UBERON:0000305,ChIP-seq:H3K36me3,ChIP-seq:H3K27me3,0.14827320476373038,1.0,ChIP-seq:H3K27me3 x ChIP-seq:H3K36me3
UBERON:0000305,ChIP-seq:H3K36me3,ChIP-seq:H3K4me1,0.09829843303431635,1.0,ChIP-seq:H3K36me3 x ChIP-seq:H3K4me1
UBERON:0000305,ChIP-seq:H3K36me3,ChIP-seq:H3K4me3,0.14692305021507795,1.0,ChIP-seq:H3K36me3 x ChIP-seq:H3K4me3
UBERON:0000305,ChIP-seq:H3K36me3,ChIP-seq:H3K9me3,0.2826862043841591,1.0,ChIP-seq:H3K36me3 x ChIP-seq:H3K9me3
UBERON:0000305,ChIP-seq:H3K36me3,polyA plus RNA-seq,0.014519267712814227,6.0,ChIP-seq:H3K36me3 x polyA plus RNA-seq
UBERON:0000305,ChIP-seq:H3K4me1,ChIP-seq:H3K27ac,0.5282099703211843,1.0,ChIP-seq:H3K27ac x ChIP-seq:H3K4me1
UBERON:0000305,ChIP-seq:H3K4me1,ChIP-seq:H3K27me3,0.10493320980291257,1.0,ChIP-seq:H3K27me3 x ChIP-seq:H3K4me1
UBERON:0000305,ChIP-seq:H3K4me1,ChIP-seq:H3K36me3,0.09877776500409242,1.0,ChIP-seq:H3K36me3 x ChIP-seq:H3K4me1
UBERON:0000305,ChIP-seq:H3K4me1,ChIP-seq:H3K4me3,0.051804617809694864,1.0,ChIP-seq:H3K4me1 x ChIP-seq:H3K4me3
UBERON:0000305,ChIP-seq:H3K4me1,ChIP-seq:H3K9me3,0.12208684937581003,1.0,ChIP-seq:H3K4me1 x ChIP-seq:H3K9me3
UBERON:0000305,ChIP-seq:H3K4me1,polyA plus RNA-seq,0.002775545720604882,6.0,ChIP-seq:H3K4me1 x polyA plus RNA-seq
UBERON:0000305,ChIP-seq:H3K4me3,ChIP-seq:H3K27ac,0.20377216147787777,1.0,ChIP-seq:H3K27ac x ChIP-seq:H3K4me3
UBERON:0000305,ChIP-seq:H3K4me3,ChIP-seq:H3K27me3,0.08661952135206638,1.0,ChIP-seq:H3K27me3 x ChIP-seq:H3K4me3
UBERON:0000305,ChIP-seq:H3K4me3,ChIP-seq:H3K36me3,0.14924121975268007,1.0,ChIP-seq:H3K36me3 x ChIP-seq:H3K4me3
UBERON:0000305,ChIP-seq:H3K4me3,ChIP-seq:H3K4me1,0.07342172057732292,1.0,ChIP-seq:H3K4me1 x ChIP-seq:H3K4me3
UBERON:0000305,ChIP-seq:H3K4me3,ChIP-seq:H3K9me3,0.24042674949049284,1.0,ChIP-seq:H3K4me3 x ChIP-seq:H3K9me3
UBERON:0000305,ChIP-seq:H3K4me3,polyA plus RNA-seq,0.01048064732897109,6.0,ChIP-seq:H3K4me3 x polyA plus RNA-seq
UBERON:0000305,ChIP-seq:H3K9me3,ChIP-seq:H3K27ac,0.15067184615282364,1.0,ChIP-seq:H3K27ac x ChIP-seq:H3K9me3
UBERON:0000305,ChIP-seq:H3K9me3,ChIP-seq:H3K27me3,0.2843964130714022,1.0,ChIP-seq:H3K27me3 x ChIP-seq:H3K9me3
UBERON:0000305,ChIP-seq:H3K9me3,ChIP-seq:H3K36me3,0.24768191528698755,1.0,ChIP-seq:H3K36me3 x ChIP-seq:H3K9me3
UBERON:0000305,ChIP-seq:H3K9me3,ChIP-seq:H3K4me1,0.1038787190033042,1.0,ChIP-seq:H3K4me1 x ChIP-seq:H3K9me3
UBERON:0000305,ChIP-seq:H3K9me3,ChIP-seq:H3K4me3,0.218241118275842,1.0,ChIP-seq:H3K4me3 x ChIP-seq:H3K9me3
UBERON:0000305,ChIP-seq:H3K9me3,polyA plus RNA-seq,-0.0054278771460488226,6.0,ChIP-seq:H3K9me3 x polyA plus RNA-seq
UBERON:0000305,polyA plus RNA-seq,ChIP-seq:H3K27ac,0.005412448734167675,6.0,ChIP-seq:H3K27ac x polyA plus RNA-seq
UBERON:0000305,polyA plus RNA-seq,ChIP-seq:H3K27me3,-0.02608518496555387,6.0,ChIP-seq:H3K27me3 x polyA plus RNA-seq
UBERON:0000305,polyA plus RNA-seq,ChIP-seq:H3K36me3,0.04381411844565545,6.0,ChIP-seq:H3K36me3 x polyA plus RNA-seq
UBERON:0000305,polyA plus RNA-seq,ChIP-seq:H3K4me1,0.006874127988366112,6.0,ChIP-seq:H3K4me1 x polyA plus RNA-seq
UBERON:0000305,polyA plus RNA-seq,ChIP-seq:H3K4me3,0.01300671645837237,6.0,ChIP-seq:H3K4me3 x polyA plus RNA-seq
UBERON:0000305,polyA plus RNA-seq,ChIP-seq:H3K9me3,-0.004173391826409202,6.0,ChIP-seq:H3K9me3 x polyA plus RNA-seq
UBERON:0002686,ChIP-seq:H3K27ac,ChIP-seq:H3K27me3,-0.005586114337389498,2.0,ChIP-seq:H3K27ac x ChIP-seq:H3K27me3
UBERON:0002686,ChIP-seq:H3K27ac,ChIP-seq:H3K36me3,0.057377035630510206,4.0,ChIP-seq:H3K27ac x ChIP-seq:H3K36me3
UBERON:0002686,ChIP-seq:H3K27ac,ChIP-seq:H3K4me1,0.18119733833550103,4.0,ChIP-seq:H3K27ac x ChIP-seq:H3K4me1
UBERON:0002686,ChIP-seq:H3K27ac,ChIP-seq:H3K4me3,0.10044091939926147,4.0,ChIP-seq:H3K27ac x ChIP-seq:H3K4me3
UBERON:0002686,ChIP-seq:H3K27ac,ChIP-seq:H3K9ac,0.2722160816192627,2.0,ChIP-seq:H3K27ac x ChIP-seq:H3K9ac
UBERON:0002686,ChIP-seq:H3K27ac,ChIP-seq:H3K9me3,0.018902678921651303,4.0,ChIP-seq:H3K27ac x ChIP-seq:H3K9me3
UBERON:0002686,ChIP-seq:H3K27me3,ChIP-seq:H3K27ac,0.010067325525032068,2.0,ChIP-seq:H3K27ac x ChIP-seq:H3K27me3
UBERON:0002686,ChIP-seq:H3K27me3,ChIP-seq:H3K36me3,0.0046515390276908875,2.0,ChIP-seq:H3K27me3 x ChIP-seq:H3K36me3
UBERON:0002686,ChIP-seq:H3K27me3,ChIP-seq:H3K4me1,0.034067979723703665,2.0,ChIP-seq:H3K27me3 x ChIP-seq:H3K4me1
UBERON:0002686,ChIP-seq:H3K27me3,ChIP-seq:H3K4me3,0.03918838922247708,2.0,ChIP-seq:H3K27me3 x ChIP-seq:H3K4me3
UBERON:0002686,ChIP-seq:H3K27me3,ChIP-seq:H3K9ac,-0.02247604787349701,1.0,ChIP-seq:H3K27me3 x ChIP-seq:H3K9ac
UBERON:0002686,ChIP-seq:H3K27me3,ChIP-seq:H3K9me3,0.16850609524866167,2.0,ChIP-seq:H3K27me3 x ChIP-seq:H3K9me3
UBERON:0002686,ChIP-seq:H3K36me3,ChIP-seq:H3K27ac,0.07373330265468692,4.0,ChIP-seq:H3K27ac x ChIP-seq:H3K36me3
UBERON:0002686,ChIP-seq:H3K36me3,ChIP-seq:H3K27me3,0.0007041344183614864,2.0,ChIP-seq:H3K27me3 x ChIP-seq:H3K36me3
UBERON:0002686,ChIP-seq:H3K36me3,ChIP-seq:H3K4me1,0.07676104557970183,4.0,ChIP-seq:H3K36me3 x ChIP-seq:H3K4me1
UBERON:0002686,ChIP-seq:H3K36me3,ChIP-seq:H3K4me3,0.07141517388207891,4.0,ChIP-seq:H3K36me3 x ChIP-seq:H3K4me3
UBERON:0002686,ChIP-seq:H3K36me3,ChIP-seq:H3K9ac,0.09180869936943054,2.0,ChIP-seq:H3K36me3 x ChIP-seq:H3K9ac
UBERON:0002686,ChIP-seq:H3K36me3,ChIP-seq:H3K9me3,0.1390238194988015,4.0,ChIP-seq:H3K36me3 x ChIP-seq:H3K9me3
UBERON:0002686,ChIP-seq:H3K4me1,ChIP-seq:H3K27ac,0.1803114141181389,4.0,ChIP-seq:H3K27ac x ChIP-seq:H3K4me1
UBERON:0002686,ChIP-seq:H3K4me1,ChIP-seq:H3K27me3,0.02621067212573413,2.0,ChIP-seq:H3K27me3 x ChIP-seq:H3K4me1
UBERON:0002686,ChIP-seq:H3K4me1,ChIP-seq:H3K36me3,0.08207159029676558,4.0,ChIP-seq:H3K36me3 x ChIP-seq:H3K4me1
UBERON:0002686,ChIP-seq:H3K4me1,ChIP-seq:H3K4me3,-0.012564281088726544,4.0,ChIP-seq:H3K4me1 x ChIP-seq:H3K4me3
UBERON:0002686,ChIP-seq:H3K4me1,ChIP-seq:H3K9ac,0.07894322276115417,2.0,ChIP-seq:H3K4me1 x ChIP-seq:H3K9ac
UBERON:0002686,ChIP-seq:H3K4me1,ChIP-seq:H3K9me3,0.07587242963608731,4.0,ChIP-seq:H3K4me1 x ChIP-seq:H3K9me3
UBERON:0002686,ChIP-seq:H3K4me3,ChIP-seq:H3K27ac,0.0860554353790994,4.0,ChIP-seq:H3K27ac x ChIP-seq:H3K4me3
UBERON:0002686,ChIP-seq:H3K4me3,ChIP-seq:H3K27me3,0.016606826078275155,2.0,ChIP-seq:H3K27me3 x ChIP-seq:H3K4me3
UBERON:0002686,ChIP-seq:H3K4me3,ChIP-seq:H3K36me3,0.06419694027368059,4.0,ChIP-seq:H3K36me3 x ChIP-seq:H3K4me3
UBERON:0002686,ChIP-seq:H3K4me3,ChIP-seq:H3K4me1,-0.023519299354383853,4.0,ChIP-seq:H3K4me1 x ChIP-seq:H3K4me3
UBERON:0002686,ChIP-seq:H3K4me3,ChIP-seq:H3K9ac,0.37333734512329103,2.0,ChIP-seq:H3K4me3 x ChIP-seq:H3K9ac
UBERON:0002686,ChIP-seq:H3K4me3,ChIP-seq:H3K9me3,0.10039587637011924,4.0,ChIP-seq:H3K4me3 x ChIP-seq:H3K9me3
UBERON:0002686,ChIP-seq:H3K9ac,ChIP-seq:H3K27ac,0.30649800478301437,2.0,ChIP-seq:H3K27ac x ChIP-seq:H3K9ac
UBERON:0002686,ChIP-seq:H3K9ac,ChIP-seq:H3K27me3,-0.04608256532543007,1.0,ChIP-seq:H3K27me3 x ChIP-seq:H3K9ac
UBERON:0002686,ChIP-seq:H3K9ac,ChIP-seq:H3K36me3,0.10093422709627355,2.0,ChIP-seq:H3K36me3 x ChIP-seq:H3K9ac
UBERON:0002686,ChIP-seq:H3K9ac,ChIP-seq:H3K4me1,0.07131626387762893,2.0,ChIP-seq:H3K4me1 x ChIP-seq:H3K9ac
UBERON:0002686,ChIP-seq:H3K9ac,ChIP-seq:H3K4me3,0.42718793744238737,2.0,ChIP-seq:H3K4me3 x ChIP-seq:H3K9ac
UBERON:0002686,ChIP-seq:H3K9ac,ChIP-seq:H3K9me3,0.06311318554570167,2.0,ChIP-seq:H3K9ac x ChIP-seq:H3K9me3
UBERON:0002686,ChIP-seq:H3K9me3,ChIP-seq:H3K27ac,0.028907473829592238,4.0,ChIP-seq:H3K27ac x ChIP-seq:H3K9me3
UBERON:0002686,ChIP-seq:H3K9me3,ChIP-seq:H3K27me3,0.16626995664903488,2.0,ChIP-seq:H3K27me3 x ChIP-seq:H3K9me3
UBERON:0002686,ChIP-seq:H3K9me3,ChIP-seq:H3K36me3,0.15201084696232003,4.0,ChIP-seq:H3K36me3 x ChIP-seq:H3K9me3
UBERON:0002686,ChIP-seq:H3K9me3,ChIP-seq:H3K4me1,0.0744156067162915,4.0,ChIP-seq:H3K4me1 x ChIP-seq:H3K9me3
UBERON:0002686,ChIP-seq:H3K9me3,ChIP-seq:H3K4me3,0.1158736320299523,4.0,ChIP-seq:H3K4me3 x ChIP-seq:H3K9me3
UBERON:0002686,ChIP-seq:H3K9me3,ChIP-seq:H3K9ac,0.06149860292673111,2.0,ChIP-seq:H3K9ac x ChIP-seq:H3K9me3
UBERON:0000947,ChIP-seq:H3K27ac,ChIP-seq:H3K27me3,0.019222595228280636,4.0,ChIP-seq:H3K27ac x ChIP-seq:H3K27me3
UBERON:0000947,ChIP-seq:H3K27ac,ChIP-seq:H3K36me3,0.023606664956884182,4.0,ChIP-seq:H3K27ac x ChIP-seq:H3K36me3
UBERON:0000947,ChIP-seq:H3K27ac,ChIP-seq:H3K4me1,0.34745005685123587,4.0,ChIP-seq:H3K27ac x ChIP-seq:H3K4me1
UBERON:0000947,ChIP-seq:H3K27ac,ChIP-seq:H3K4me3,0.23628896419132983,4.0,ChIP-seq:H3K27ac x ChIP-seq:H3K4me3
UBERON:0000947,ChIP-seq:H3K27ac,ChIP-seq:H3K9me3,0.09450112424749235,2.0,ChIP-seq:H3K27ac x ChIP-seq:H3K9me3
UBERON:0000947,ChIP-seq:H3K27ac,polyA plus RNA-seq,0.005390959510026817,8.0,ChIP-seq:H3K27ac x polyA plus RNA-seq
UBERON:0000947,ChIP-seq:H3K27ac,RNA-seq,0.03266156462185523,8.0,ChIP-seq:H3K27ac x RNA-seq
UBERON:0000947,ChIP-seq:H3K27me3,ChIP-seq:H3K27ac,0.036769413013265737,4.0,ChIP-seq:H3K27ac x ChIP-seq:H3K27me3
UBERON:0000947,ChIP-seq:H3K27me3,ChIP-seq:H3K36me3,0.15661549631585467,4.0,ChIP-seq:H3K27me3 x ChIP-seq:H3K36me3
UBERON:0000947,ChIP-seq:H3K27me3,ChIP-seq:H3K4me1,0.046477250225557,4.0,ChIP-seq:H3K27me3 x ChIP-seq:H3K4me1
UBERON:0000947,ChIP-seq:H3K27me3,ChIP-seq:H3K4me3,0.20209988283219738,4.0,ChIP-seq:H3K27me3 x ChIP-seq:H3K4me3
UBERON:0000947,ChIP-seq:H3K27me3,ChIP-seq:H3K9me3,0.26318004227883324,2.0,ChIP-seq:H3K27me3 x ChIP-seq:H3K9me3
UBERON:0000947,ChIP-seq:H3K27me3,polyA plus RNA-seq,-0.0010526536370732255,8.0,ChIP-seq:H3K27me3 x polyA plus RNA-seq
UBERON:0000947,ChIP-seq:H3K27me3,RNA-seq,-0.025397165557917427,8.0,ChIP-seq:H3K27me3 x RNA-seq
UBERON:0000947,ChIP-seq:H3K36me3,ChIP-seq:H3K27ac,0.044323716289508416,4.0,ChIP-seq:H3K27ac x ChIP-seq:H3K36me3
UBERON:0000947,ChIP-seq:H3K36me3,ChIP-seq:H3K27me3,0.15616730096712278,4.0,ChIP-seq:H3K27me3 x ChIP-seq:H3K36me3
UBERON:0000947,ChIP-seq:H3K36me3,ChIP-seq:H3K4me1,0.14589280101770913,4.0,ChIP-seq:H3K36me3 x ChIP-seq:H3K4me1
UBERON:0000947,ChIP-seq:H3K36me3,ChIP-seq:H3K4me3,0.07638276229116404,4.0,ChIP-seq:H3K36me3 x ChIP-seq:H3K4me3
UBERON:0000947,ChIP-seq:H3K36me3,ChIP-seq:H3K9me3,0.09241269853527985,2.0,ChIP-seq:H3K36me3 x ChIP-seq:H3K9me3
UBERON:0000947,ChIP-seq:H3K36me3,polyA plus RNA-seq,0.0017304730464728496,8.0,ChIP-seq:H3K36me3 x polyA plus RNA-seq
UBERON:0000947,ChIP-seq:H3K36me3,RNA-seq,0.02436028323629323,8.0,ChIP-seq:H3K36me3 x RNA-seq
UBERON:0000947,ChIP-seq:H3K4me1,ChIP-seq:H3K27ac,0.37271159498587897,4.0,ChIP-seq:H3K27ac x ChIP-seq:H3K4me1
UBERON:0000947,ChIP-seq:H3K4me1,ChIP-seq:H3K27me3,0.038101189915155396,4.0,ChIP-seq:H3K27me3 x ChIP-seq:H3K4me1
UBERON:0000947,ChIP-seq:H3K4me1,ChIP-seq:H3K36me3,0.14000203698239427,4.0,ChIP-seq:H3K36me3 x ChIP-seq:H3K4me1
UBERON:0000947,ChIP-seq:H3K4me1,ChIP-seq:H3K4me3,0.14029538826407673,4.0,ChIP-seq:H3K4me1 x ChIP-seq:H3K4me3
UBERON:0000947,ChIP-seq:H3K4me1,ChIP-seq:H3K9me3,-0.04942076314011765,2.0,ChIP-seq:H3K4me1 x ChIP-seq:H3K9me3
UBERON:0000947,ChIP-seq:H3K4me1,polyA plus RNA-seq,-0.008930335185015494,8.0,ChIP-seq:H3K4me1 x polyA plus RNA-seq
UBERON:0000947,ChIP-seq:H3K4me1,RNA-seq,0.037049052382216736,8.0,ChIP-seq:H3K4me1 x RNA-seq
UBERON:0000947,ChIP-seq:H3K4me3,ChIP-seq:H3K27ac,0.21342085459217522,4.0,ChIP-seq:H3K27ac x ChIP-seq:H3K4me3
UBERON:0000947,ChIP-seq:H3K4me3,ChIP-seq:H3K27me3,0.15429224185860915,4.0,ChIP-seq:H3K27me3 x ChIP-seq:H3K4me3
UBERON:0000947,ChIP-seq:H3K4me3,ChIP-seq:H3K36me3,0.06234793317444781,4.0,ChIP-seq:H3K36me3 x ChIP-seq:H3K4me3
UBERON:0000947,ChIP-seq:H3K4me3,ChIP-seq:H3K4me1,0.1243123072581213,4.0,ChIP-seq:H3K4me1 x ChIP-seq:H3K4me3
UBERON:0000947,ChIP-seq:H3K4me3,ChIP-seq:H3K9me3,0.03445493879431453,2.0,ChIP-seq:H3K4me3 x ChIP-seq:H3K9me3
UBERON:0000947,ChIP-seq:H3K4me3,polyA plus RNA-seq,0.009061709159088754,8.0,ChIP-seq:H3K4me3 x polyA plus RNA-seq
UBERON:0000947,ChIP-seq:H3K4me3,RNA-seq,0.006932979427716313,8.0,ChIP-seq:H3K4me3 x RNA-seq
UBERON:0000947,ChIP-seq:H3K9me3,ChIP-seq:H3K27ac,0.10255423410338645,2.0,ChIP-seq:H3K27ac x ChIP-seq:H3K9me3
UBERON:0000947,ChIP-seq:H3K9me3,ChIP-seq:H3K27me3,0.28166675343678865,2.0,ChIP-seq:H3K27me3 x ChIP-seq:H3K9me3
UBERON:0000947,ChIP-seq:H3K9me3,ChIP-seq:H3K36me3,0.11514355147138555,2.0,ChIP-seq:H3K36me3 x ChIP-seq:H3K9me3
UBERON:0000947,ChIP-seq:H3K9me3,ChIP-seq:H3K4me1,-0.02512003935344232,2.0,ChIP-seq:H3K4me1 x ChIP-seq:H3K9me3
UBERON:0000947,ChIP-seq:H3K9me3,ChIP-seq:H3K4me3,0.07589900723406087,2.0,ChIP-seq:H3K4me3 x ChIP-seq:H3K9me3
UBERON:0000947,ChIP-seq:H3K9me3,polyA plus RNA-seq,0.004247113797942482,4.0,ChIP-seq:H3K9me3 x polyA plus RNA-seq
UBERON:0000947,ChIP-seq:H3K9me3,RNA-seq,-0.011593049202552613,4.0,ChIP-seq:H3K9me3 x RNA-seq
UBERON:0000947,polyA plus RNA-seq,ChIP-seq:H3K27ac,-0.011276239517682828,8.0,ChIP-seq:H3K27ac x polyA plus RNA-seq
UBERON:0000947,polyA plus RNA-seq,ChIP-seq:H3K27me3,-0.0048989541828632355,8.0,ChIP-seq:H3K27me3 x polyA plus RNA-seq
UBERON:0000947,polyA plus RNA-seq,ChIP-seq:H3K36me3,-0.027168293463739945,8.0,ChIP-seq:H3K36me3 x polyA plus RNA-seq
UBERON:0000947,polyA plus RNA-seq,ChIP-seq:H3K4me1,-0.01872464136826129,8.0,ChIP-seq:H3K4me1 x polyA plus RNA-seq
UBERON:0000947,polyA plus RNA-seq,ChIP-seq:H3K4me3,-0.020818981664063776,8.0,ChIP-seq:H3K4me3 x polyA plus RNA-seq
UBERON:0000947,polyA plus RNA-seq,ChIP-seq:H3K9me3,0.005961668357648497,4.0,ChIP-seq:H3K9me3 x polyA plus RNA-seq
UBERON:0000947,polyA plus RNA-seq,RNA-seq,0.057257685941808356,16.0,RNA-seq x polyA plus RNA-seq
UBERON:0000947,RNA-seq,ChIP-seq:H3K27ac,0.03081584844437445,8.0,ChIP-seq:H3K27ac x RNA-seq
UBERON:0000947,RNA-seq,ChIP-seq:H3K27me3,-0.015845995159507485,8.0,ChIP-seq:H3K27me3 x RNA-seq
UBERON:0000947,RNA-seq,ChIP-seq:H3K36me3,0.0035472888737282868,8.0,ChIP-seq:H3K36me3 x RNA-seq
UBERON:0000947,RNA-seq,ChIP-seq:H3K4me1,0.030773115736213538,8.0,ChIP-seq:H3K4me1 x RNA-seq
UBERON:0000947,RNA-seq,ChIP-seq:H3K4me3,0.012757212236941418,8.0,ChIP-seq:H3K4me3 x RNA-seq
UBERON:0000947,RNA-seq,ChIP-seq:H3K9me3,-0.007541168015450239,4.0,ChIP-seq:H3K9me3 x RNA-seq
UBERON:0000947,RNA-seq,polyA plus RNA-seq,0.05668800090163173,16.0,RNA-seq x polyA plus RNA-seq
UBERON:0001496,DNase-seq,ChIP-seq:H3K27ac,0.07713452907082458,2.0,ChIP-seq:H3K27ac x DNase-seq
UBERON:0001496,DNase-seq,ChIP-seq:H3K27me3,-0.04381327853463162,1.0,ChIP-seq:H3K27me3 x DNase-seq
UBERON:0001496,DNase-seq,ChIP-seq:H3K36me3,-0.04788449982171336,1.0,ChIP-seq:H3K36me3 x DNase-seq
UBERON:0001496,DNase-seq,ChIP-seq:H3K4me1,0.02597348815430709,2.0,ChIP-seq:H3K4me1 x DNase-seq
UBERON:0001496,DNase-seq,ChIP-seq:H3K4me3,0.036677645467152103,2.0,ChIP-seq:H3K4me3 x DNase-seq
UBERON:0001496,DNase-seq,ChIP-seq:H3K9me3,-0.026501637412590928,2.0,ChIP-seq:H3K9me3 x DNase-seq
UBERON:0001496,DNase-seq,ChIP-seq:CTCF,-0.017516236282089384,1.0,ChIP-seq:CTCF x DNase-seq
UBERON:0001496,DNase-seq,RNA-seq,0.00408761641795832,2.0,DNase-seq x RNA-seq
UBERON:0001496,ChIP-seq:H3K27ac,DNase-seq,0.07878320895920682,2.0,ChIP-seq:H3K27ac x DNase-seq
UBERON:0001496,ChIP-seq:H3K27ac,ChIP-seq:H3K27me3,-0.0009033814308115808,2.0,ChIP-seq:H3K27ac x ChIP-seq:H3K27me3
UBERON:0001496,ChIP-seq:H3K27ac,ChIP-seq:H3K36me3,0.011507650157288898,2.0,ChIP-seq:H3K27ac x ChIP-seq:H3K36me3
UBERON:0001496,ChIP-seq:H3K27ac,ChIP-seq:H3K4me1,0.3418826314269519,4.0,ChIP-seq:H3K27ac x ChIP-seq:H3K4me1
UBERON:0001496,ChIP-seq:H3K27ac,ChIP-seq:H3K4me3,0.19562111864580173,4.0,ChIP-seq:H3K27ac x ChIP-seq:H3K4me3
UBERON:0001496,ChIP-seq:H3K27ac,ChIP-seq:H3K9me3,0.015070313859856532,4.0,ChIP-seq:H3K27ac x ChIP-seq:H3K9me3
UBERON:0001496,ChIP-seq:H3K27ac,ChIP-seq:CTCF,-0.02070675981999601,2.0,ChIP-seq:CTCF x ChIP-seq:H3K27ac
UBERON:0001496,ChIP-seq:H3K27ac,RNA-seq,0.03341779060469857,4.0,ChIP-seq:H3K27ac x RNA-seq
UBERON:0001496,ChIP-seq:H3K27me3,DNase-seq,-0.031001453323811677,1.0,ChIP-seq:H3K27me3 x DNase-seq
UBERON:0001496,ChIP-seq:H3K27me3,ChIP-seq:H3K27ac,-0.04158622850750729,2.0,ChIP-seq:H3K27ac x ChIP-seq:H3K27me3
UBERON:0001496,ChIP-seq:H3K27me3,ChIP-seq:H3K36me3,0.07422896297205062,1.0,ChIP-seq:H3K27me3 x ChIP-seq:H3K36me3
UBERON:0001496,ChIP-seq:H3K27me3,ChIP-seq:H3K4me1,0.1623012763880641,2.0,ChIP-seq:H3K27me3 x ChIP-seq:H3K4me1
UBERON:0001496,ChIP-seq:H3K27me3,ChIP-seq:H3K4me3,0.056657573399699734,2.0,ChIP-seq:H3K27me3 x ChIP-seq:H3K4me3
UBERON:0001496,ChIP-seq:H3K27me3,ChIP-seq:H3K9me3,0.09276443251063314,2.0,ChIP-seq:H3K27me3 x ChIP-seq:H3K9me3
UBERON:0001496,ChIP-seq:H3K27me3,ChIP-seq:CTCF,0.023703585405951563,1.0,ChIP-seq:CTCF x ChIP-seq:H3K27me3
UBERON:0001496,ChIP-seq:H3K27me3,RNA-seq,-0.026447322581670044,2.0,ChIP-seq:H3K27me3 x RNA-seq
UBERON:0001496,ChIP-seq:H3K36me3,DNase-seq,-0.051052043362877365,1.0,ChIP-seq:H3K36me3 x DNase-seq
UBERON:0001496,ChIP-seq:H3K36me3,ChIP-seq:H3K27ac,-0.0099012025903841,2.0,ChIP-seq:H3K27ac x ChIP-seq:H3K36me3
UBERON:0001496,ChIP-seq:H3K36me3,ChIP-seq:H3K27me3,0.12116677511012416,1.0,ChIP-seq:H3K27me3 x ChIP-seq:H3K36me3
UBERON:0001496,ChIP-seq:H3K36me3,ChIP-seq:H3K4me1,0.06089734970057597,2.0,ChIP-seq:H3K36me3 x ChIP-seq:H3K4me1
UBERON:0001496,ChIP-seq:H3K36me3,ChIP-seq:H3K4me3,0.032607478933913685,2.0,ChIP-seq:H3K36me3 x ChIP-seq:H3K4me3
UBERON:0001496,ChIP-seq:H3K36me3,ChIP-seq:H3K9me3,0.08106652237056347,2.0,ChIP-seq:H3K36me3 x ChIP-seq:H3K9me3
UBERON:0001496,ChIP-seq:H3K36me3,ChIP-seq:CTCF,-0.03138597396392267,1.0,ChIP-seq:CTCF x ChIP-seq:H3K36me3
UBERON:0001496,ChIP-seq:H3K36me3,RNA-seq,0.037402883032445884,2.0,ChIP-seq:H3K36me3 x RNA-seq
UBERON:0001496,ChIP-seq:H3K4me1,DNase-seq,0.031822368349391575,2.0,ChIP-seq:H3K4me1 x DNase-seq
UBERON:0001496,ChIP-seq:H3K4me1,ChIP-seq:H3K27ac,0.3276948529000608,4.0,ChIP-seq:H3K27ac x ChIP-seq:H3K4me1
UBERON:0001496,ChIP-seq:H3K4me1,ChIP-seq:H3K27me3,0.17367091500896148,2.0,ChIP-seq:H3K27me3 x ChIP-seq:H3K4me1
UBERON:0001496,ChIP-seq:H3K4me1,ChIP-seq:H3K36me3,0.016262659753756542,2.0,ChIP-seq:H3K36me3 x ChIP-seq:H3K4me1
UBERON:0001496,ChIP-seq:H3K4me1,ChIP-seq:H3K4me3,0.13183997836068412,4.0,ChIP-seq:H3K4me1 x ChIP-seq:H3K4me3
UBERON:0001496,ChIP-seq:H3K4me1,ChIP-seq:H3K9me3,0.12460069174177191,4.0,ChIP-seq:H3K4me1 x ChIP-seq:H3K9me3
UBERON:0001496,ChIP-seq:H3K4me1,ChIP-seq:CTCF,-0.008835571592004557,2.0,ChIP-seq:CTCF x ChIP-seq:H3K4me1
UBERON:0001496,ChIP-seq:H3K4me1,RNA-seq,0.006879930146719029,4.0,ChIP-seq:H3K4me1 x RNA-seq
UBERON:0001496,ChIP-seq:H3K4me3,DNase-seq,0.03289827168141049,2.0,ChIP-seq:H3K4me3 x DNase-seq
UBERON:0001496,ChIP-seq:H3K4me3,ChIP-seq:H3K27ac,0.1707514522608763,4.0,ChIP-seq:H3K27ac x ChIP-seq:H3K4me3
UBERON:0001496,ChIP-seq:H3K4me3,ChIP-seq:H3K27me3,0.08230503374475172,2.0,ChIP-seq:H3K27me3 x ChIP-seq:H3K4me3
UBERON:0001496,ChIP-seq:H3K4me3,ChIP-seq:H3K36me3,0.06464847535998733,2.0,ChIP-seq:H3K36me3 x ChIP-seq:H3K4me3
UBERON:0001496,ChIP-seq:H3K4me3,ChIP-seq:H3K4me1,0.15051148823701618,4.0,ChIP-seq:H3K4me1 x ChIP-seq:H3K4me3
UBERON:0001496,ChIP-seq:H3K4me3,ChIP-seq:H3K9me3,0.0731508152538471,4.0,ChIP-seq:H3K4me3 x ChIP-seq:H3K9me3
UBERON:0001496,ChIP-seq:H3K4me3,ChIP-seq:CTCF,-0.006864536119606891,2.0,ChIP-seq:CTCF x ChIP-seq:H3K4me3
UBERON:0001496,ChIP-seq:H3K4me3,RNA-seq,0.0156763314293475,4.0,ChIP-seq:H3K4me3 x RNA-seq
UBERON:0001496,ChIP-seq:H3K9me3,DNase-seq,-0.015785253963464328,2.0,ChIP-seq:H3K9me3 x DNase-seq
UBERON:0001496,ChIP-seq:H3K9me3,ChIP-seq:H3K27ac,0.007229223963081467,4.0,ChIP-seq:H3K27ac x ChIP-seq:H3K9me3
UBERON:0001496,ChIP-seq:H3K9me3,ChIP-seq:H3K27me3,0.1330744850224462,2.0,ChIP-seq:H3K27me3 x ChIP-seq:H3K9me3
UBERON:0001496,ChIP-seq:H3K9me3,ChIP-seq:H3K36me3,0.05542329426795717,2.0,ChIP-seq:H3K36me3 x ChIP-seq:H3K9me3
UBERON:0001496,ChIP-seq:H3K9me3,ChIP-seq:H3K4me1,0.14414759020987755,4.0,ChIP-seq:H3K4me1 x ChIP-seq:H3K9me3
UBERON:0001496,ChIP-seq:H3K9me3,ChIP-seq:H3K4me3,0.05893243723940626,4.0,ChIP-seq:H3K4me3 x ChIP-seq:H3K9me3
UBERON:0001496,ChIP-seq:H3K9me3,ChIP-seq:CTCF,-0.004960297462213966,2.0,ChIP-seq:CTCF x ChIP-seq:H3K9me3
UBERON:0001496,ChIP-seq:H3K9me3,RNA-seq,-0.012960894596032292,4.0,ChIP-seq:H3K9me3 x RNA-seq
UBERON:0001496,ChIP-seq:CTCF,DNase-seq,-0.001161142455887984,1.0,ChIP-seq:CTCF x DNase-seq
UBERON:0001496,ChIP-seq:CTCF,ChIP-seq:H3K27ac,-0.01783814783329549,2.0,ChIP-seq:CTCF x ChIP-seq:H3K27ac
UBERON:0001496,ChIP-seq:CTCF,ChIP-seq:H3K27me3,0.014727319622861928,1.0,ChIP-seq:CTCF x ChIP-seq:H3K27me3
UBERON:0001496,ChIP-seq:CTCF,ChIP-seq:H3K36me3,-0.030849752208543205,1.0,ChIP-seq:CTCF x ChIP-seq:H3K36me3
UBERON:0001496,ChIP-seq:CTCF,ChIP-seq:H3K4me1,0.008233088877845983,2.0,ChIP-seq:CTCF x ChIP-seq:H3K4me1
UBERON:0001496,ChIP-seq:CTCF,ChIP-seq:H3K4me3,0.009945059386647748,2.0,ChIP-seq:CTCF x ChIP-seq:H3K4me3
UBERON:0001496,ChIP-seq:CTCF,ChIP-seq:H3K9me3,-0.01196886238045572,2.0,ChIP-seq:CTCF x ChIP-seq:H3K9me3
UBERON:0001496,ChIP-seq:CTCF,RNA-seq,0.0017927410342758934,2.0,ChIP-seq:CTCF x RNA-seq
UBERON:0001496,RNA-seq,DNase-seq,0.015259149442438832,2.0,DNase-seq x RNA-seq
UBERON:0001496,RNA-seq,ChIP-seq:H3K27ac,0.029458347407186995,4.0,ChIP-seq:H3K27ac x RNA-seq
UBERON:0001496,RNA-seq,ChIP-seq:H3K27me3,-0.01937018593923114,2.0,ChIP-seq:H3K27me3 x RNA-seq
UBERON:0001496,RNA-seq,ChIP-seq:H3K36me3,0.04066410652859501,2.0,ChIP-seq:H3K36me3 x RNA-seq
UBERON:0001496,RNA-seq,ChIP-seq:H3K4me1,0.012980130618142953,4.0,ChIP-seq:H3K4me1 x RNA-seq
UBERON:0001496,RNA-seq,ChIP-seq:H3K4me3,0.02471529643669307,4.0,ChIP-seq:H3K4me3 x RNA-seq
UBERON:0001496,RNA-seq,ChIP-seq:H3K9me3,-0.007219365013114522,4.0,ChIP-seq:H3K9me3 x RNA-seq
UBERON:0001496,RNA-seq,ChIP-seq:CTCF,0.00987004979685383,2.0,ChIP-seq:CTCF x RNA-seq
UBERON:0001150,DNase-seq,ChIP-seq:H3K27ac,0.23152275880177814,12.0,ChIP-seq:H3K27ac x DNase-seq
UBERON:0001150,DNase-seq,ChIP-seq:H3K27me3,-0.036442005428774606,4.0,ChIP-seq:H3K27me3 x DNase-seq
UBERON:0001150,DNase-seq,ChIP-seq:H3K36me3,-0.07620303990676049,8.0,ChIP-seq:H3K36me3 x DNase-seq
UBERON:0001150,DNase-seq,ChIP-seq:H3K4me1,0.04290391919595418,12.0,ChIP-seq:H3K4me1 x DNase-seq
UBERON:0001150,DNase-seq,ChIP-seq:H3K4me3,0.019806455785983085,8.0,ChIP-seq:H3K4me3 x DNase-seq
UBERON:0001150,DNase-seq,ChIP-seq:H3K9me3,-0.0050853527035940906,8.0,ChIP-seq:H3K9me3 x DNase-seq
UBERON:0001150,DNase-seq,ChIP-seq:CTCF,0.0168060288284764,20.0,ChIP-seq:CTCF x DNase-seq
UBERON:0001150,DNase-seq,RNA-seq,0.018266263319288982,16.0,DNase-seq x RNA-seq
UBERON:0001150,DNase-seq,ChIP-seq:POLR2A,0.10056948882562142,16.0,ChIP-seq:POLR2A x DNase-seq
UBERON:0001150,ChIP-seq:H3K27ac,DNase-seq,0.260398156902333,12.0,ChIP-seq:H3K27ac x DNase-seq
UBERON:0001150,ChIP-seq:H3K27ac,ChIP-seq:H3K27me3,0.029093431787015834,3.0,ChIP-seq:H3K27ac x ChIP-seq:H3K27me3
UBERON:0001150,ChIP-seq:H3K27ac,ChIP-seq:H3K36me3,-0.00040349348428401696,6.0,ChIP-seq:H3K27ac x ChIP-seq:H3K36me3
UBERON:0001150,ChIP-seq:H3K27ac,ChIP-seq:H3K4me1,0.2590063532339057,9.0,ChIP-seq:H3K27ac x ChIP-seq:H3K4me1
UBERON:0001150,ChIP-seq:H3K27ac,ChIP-seq:H3K4me3,0.10323443126827014,6.0,ChIP-seq:H3K27ac x ChIP-seq:H3K4me3
UBERON:0001150,ChIP-seq:H3K27ac,ChIP-seq:H3K9me3,0.07641531398680326,6.0,ChIP-seq:H3K27ac x ChIP-seq:H3K9me3
UBERON:0001150,ChIP-seq:H3K27ac,ChIP-seq:CTCF,0.022592993617459176,15.0,ChIP-seq:CTCF x ChIP-seq:H3K27ac
UBERON:0001150,ChIP-seq:H3K27ac,RNA-seq,0.04047431633752935,12.0,ChIP-seq:H3K27ac x RNA-seq
UBERON:0001150,ChIP-seq:H3K27ac,ChIP-seq:POLR2A,0.12813227117797477,12.0,ChIP-seq:H3K27ac x ChIP-seq:POLR2A
UBERON:0001150,ChIP-seq:H3K27me3,DNase-seq,-0.03458525433441518,4.0,ChIP-seq:H3K27me3 x DNase-seq
UBERON:0001150,ChIP-seq:H3K27me3,ChIP-seq:H3K27ac,-0.003873476386070253,3.0,ChIP-seq:H3K27ac x ChIP-seq:H3K27me3
UBERON:0001150,ChIP-seq:H3K27me3,ChIP-seq:H3K36me3,0.15409551529174154,2.0,ChIP-seq:H3K27me3 x ChIP-seq:H3K36me3
UBERON:0001150,ChIP-seq:H3K27me3,ChIP-seq:H3K4me1,0.11987891236504356,3.0,ChIP-seq:H3K27me3 x ChIP-seq:H3K4me1
UBERON:0001150,ChIP-seq:H3K27me3,ChIP-seq:H3K4me3,0.177942369307313,2.0,ChIP-seq:H3K27me3 x ChIP-seq:H3K4me3
UBERON:0001150,ChIP-seq:H3K27me3,ChIP-seq:H3K9me3,0.2427801593635859,2.0,ChIP-seq:H3K27me3 x ChIP-seq:H3K9me3
UBERON:0001150,ChIP-seq:H3K27me3,ChIP-seq:CTCF,-0.0007940556966897216,5.0,ChIP-seq:CTCF x ChIP-seq:H3K27me3
UBERON:0001150,ChIP-seq:H3K27me3,RNA-seq,-0.021659023639033822,4.0,ChIP-seq:H3K27me3 x RNA-seq
UBERON:0001150,ChIP-seq:H3K27me3,ChIP-seq:POLR2A,-0.040923100896179676,4.0,ChIP-seq:H3K27me3 x ChIP-seq:POLR2A
UBERON:0001150,ChIP-seq:H3K36me3,DNase-seq,-0.051214840475450524,8.0,ChIP-seq:H3K36me3 x DNase-seq
UBERON:0001150,ChIP-seq:H3K36me3,ChIP-seq:H3K27ac,-0.0013556137681007378,6.0,ChIP-seq:H3K27ac x ChIP-seq:H3K36me3
UBERON:0001150,ChIP-seq:H3K36me3,ChIP-seq:H3K27me3,0.16996993004590616,2.0,ChIP-seq:H3K27me3 x ChIP-seq:H3K36me3
UBERON:0001150,ChIP-seq:H3K36me3,ChIP-seq:H3K4me1,0.04207913331933074,6.0,ChIP-seq:H3K36me3 x ChIP-seq:H3K4me1
UBERON:0001150,ChIP-seq:H3K36me3,ChIP-seq:H3K4me3,0.18429716446689356,4.0,ChIP-seq:H3K36me3 x ChIP-seq:H3K4me3
UBERON:0001150,ChIP-seq:H3K36me3,ChIP-seq:H3K9me3,0.1743943795059504,4.0,ChIP-seq:H3K36me3 x ChIP-seq:H3K9me3
UBERON:0001150,ChIP-seq:H3K36me3,ChIP-seq:CTCF,0.01603994526044287,10.0,ChIP-seq:CTCF x ChIP-seq:H3K36me3
UBERON:0001150,ChIP-seq:H3K36me3,RNA-seq,0.016781828175572788,8.0,ChIP-seq:H3K36me3 x RNA-seq
UBERON:0001150,ChIP-seq:H3K36me3,ChIP-seq:POLR2A,-0.018739221203658316,8.0,ChIP-seq:H3K36me3 x ChIP-seq:POLR2A
UBERON:0001150,ChIP-seq:H3K4me1,DNase-seq,0.04371344464121705,12.0,ChIP-seq:H3K4me1 x DNase-seq
UBERON:0001150,ChIP-seq:H3K4me1,ChIP-seq:H3K27ac,0.23682286871804134,9.0,ChIP-seq:H3K27ac x ChIP-seq:H3K4me1
UBERON:0001150,ChIP-seq:H3K4me1,ChIP-seq:H3K27me3,0.15807643726867734,3.0,ChIP-seq:H3K27me3 x ChIP-seq:H3K4me1
UBERON:0001150,ChIP-seq:H3K4me1,ChIP-seq:H3K36me3,0.045026507572079384,6.0,ChIP-seq:H3K36me3 x ChIP-seq:H3K4me1
UBERON:0001150,ChIP-seq:H3K4me1,ChIP-seq:H3K4me3,0.018248743357316726,6.0,ChIP-seq:H3K4me1 x ChIP-seq:H3K4me3
UBERON:0001150,ChIP-seq:H3K4me1,ChIP-seq:H3K9me3,0.18655557534221406,6.0,ChIP-seq:H3K4me1 x ChIP-seq:H3K9me3
UBERON:0001150,ChIP-seq:H3K4me1,ChIP-seq:CTCF,0.0237613229639201,15.0,ChIP-seq:CTCF x ChIP-seq:H3K4me1
UBERON:0001150,ChIP-seq:H3K4me1,RNA-seq,0.019742659973163233,12.0,ChIP-seq:H3K4me1 x RNA-seq
UBERON:0001150,ChIP-seq:H3K4me1,ChIP-seq:POLR2A,-0.06796367245691794,12.0,ChIP-seq:H3K4me1 x ChIP-seq:POLR2A
UBERON:0001150,ChIP-seq:H3K4me3,DNase-seq,0.05441155365711667,8.0,ChIP-seq:H3K4me3 x DNase-seq
UBERON:0001150,ChIP-seq:H3K4me3,ChIP-seq:H3K27ac,0.10769718488057456,6.0,ChIP-seq:H3K27ac x ChIP-seq:H3K4me3
UBERON:0001150,ChIP-seq:H3K4me3,ChIP-seq:H3K27me3,0.16710209675218868,2.0,ChIP-seq:H3K27me3 x ChIP-seq:H3K4me3
UBERON:0001150,ChIP-seq:H3K4me3,ChIP-seq:H3K36me3,0.1406694105330934,4.0,ChIP-seq:H3K36me3 x ChIP-seq:H3K4me3
UBERON:0001150,ChIP-seq:H3K4me3,ChIP-seq:H3K4me1,0.012833671692090154,6.0,ChIP-seq:H3K4me1 x ChIP-seq:H3K4me3
UBERON:0001150,ChIP-seq:H3K4me3,ChIP-seq:H3K9me3,0.18892007329490748,4.0,ChIP-seq:H3K4me3 x ChIP-seq:H3K9me3
UBERON:0001150,ChIP-seq:H3K4me3,ChIP-seq:CTCF,0.028976433084468643,10.0,ChIP-seq:CTCF x ChIP-seq:H3K4me3
UBERON:0001150,ChIP-seq:H3K4me3,RNA-seq,0.041174544797224155,8.0,ChIP-seq:H3K4me3 x RNA-seq
UBERON:0001150,ChIP-seq:H3K4me3,ChIP-seq:POLR2A,0.06584252803413956,8.0,ChIP-seq:H3K4me3 x ChIP-seq:POLR2A
UBERON:0001150,ChIP-seq:H3K9me3,DNase-seq,-0.01606740903862091,8.0,ChIP-seq:H3K9me3 x DNase-seq
UBERON:0001150,ChIP-seq:H3K9me3,ChIP-seq:H3K27ac,0.04846303164958954,6.0,ChIP-seq:H3K27ac x ChIP-seq:H3K9me3
UBERON:0001150,ChIP-seq:H3K9me3,ChIP-seq:H3K27me3,0.2732136232414465,2.0,ChIP-seq:H3K27me3 x ChIP-seq:H3K9me3
UBERON:0001150,ChIP-seq:H3K9me3,ChIP-seq:H3K36me3,0.19665134270140466,4.0,ChIP-seq:H3K36me3 x ChIP-seq:H3K9me3
UBERON:0001150,ChIP-seq:H3K9me3,ChIP-seq:H3K4me1,0.16063437226054433,6.0,ChIP-seq:H3K4me1 x ChIP-seq:H3K9me3
UBERON:0001150,ChIP-seq:H3K9me3,ChIP-seq:H3K4me3,0.20252682895303886,4.0,ChIP-seq:H3K4me3 x ChIP-seq:H3K9me3
UBERON:0001150,ChIP-seq:H3K9me3,ChIP-seq:CTCF,0.0027420627047317174,10.0,ChIP-seq:CTCF x ChIP-seq:H3K9me3
UBERON:0001150,ChIP-seq:H3K9me3,RNA-seq,0.004074555192800129,8.0,ChIP-seq:H3K9me3 x RNA-seq
UBERON:0001150,ChIP-seq:H3K9me3,ChIP-seq:POLR2A,-0.019921345894949302,8.0,ChIP-seq:H3K9me3 x ChIP-seq:POLR2A
UBERON:0001150,ChIP-seq:CTCF,DNase-seq,0.06960285537601134,20.0,ChIP-seq:CTCF x DNase-seq
UBERON:0001150,ChIP-seq:CTCF,ChIP-seq:H3K27ac,0.02425740321477254,15.0,ChIP-seq:CTCF x ChIP-seq:H3K27ac
UBERON:0001150,ChIP-seq:CTCF,ChIP-seq:H3K27me3,0.01706892913100363,5.0,ChIP-seq:CTCF x ChIP-seq:H3K27me3
UBERON:0001150,ChIP-seq:CTCF,ChIP-seq:H3K36me3,0.022478129255010727,10.0,ChIP-seq:CTCF x ChIP-seq:H3K36me3
UBERON:0001150,ChIP-seq:CTCF,ChIP-seq:H3K4me1,0.04116504947781126,15.0,ChIP-seq:CTCF x ChIP-seq:H3K4me1
UBERON:0001150,ChIP-seq:CTCF,ChIP-seq:H3K4me3,0.03422117890598618,10.0,ChIP-seq:CTCF x ChIP-seq:H3K4me3
UBERON:0001150,ChIP-seq:CTCF,ChIP-seq:H3K9me3,0.011464156026250859,10.0,ChIP-seq:CTCF x ChIP-seq:H3K9me3
UBERON:0001150,ChIP-seq:CTCF,RNA-seq,0.006267619129489451,20.0,ChIP-seq:CTCF x RNA-seq
UBERON:0001150,ChIP-seq:CTCF,ChIP-seq:POLR2A,-0.011731061891273223,20.0,ChIP-seq:CTCF x ChIP-seq:POLR2A
UBERON:0001150,RNA-seq,DNase-seq,0.034297079455898834,16.0,DNase-seq x RNA-seq
UBERON:0001150,RNA-seq,ChIP-seq:H3K27ac,0.04775635202725728,12.0,ChIP-seq:H3K27ac x RNA-seq
UBERON:0001150,RNA-seq,ChIP-seq:H3K27me3,-0.021915708379498845,4.0,ChIP-seq:H3K27me3 x RNA-seq
UBERON:0001150,RNA-seq,ChIP-seq:H3K36me3,0.016554131945396993,8.0,ChIP-seq:H3K36me3 x RNA-seq
UBERON:0001150,RNA-seq,ChIP-seq:H3K4me1,0.02824257729036031,12.0,ChIP-seq:H3K4me1 x RNA-seq
UBERON:0001150,RNA-seq,ChIP-seq:H3K4me3,0.05011969052742575,8.0,ChIP-seq:H3K4me3 x RNA-seq
UBERON:0001150,RNA-seq,ChIP-seq:H3K9me3,0.016422223739242285,8.0,ChIP-seq:H3K9me3 x RNA-seq
UBERON:0001150,RNA-seq,ChIP-seq:CTCF,0.008597307614605837,20.0,ChIP-seq:CTCF x RNA-seq
UBERON:0001150,RNA-seq,ChIP-seq:POLR2A,0.03073893818590376,16.0,ChIP-seq:POLR2A x RNA-seq
UBERON:0001150,ChIP-seq:POLR2A,DNase-seq,0.15298775162721545,16.0,ChIP-seq:POLR2A x DNase-seq
UBERON:0001150,ChIP-seq:POLR2A,ChIP-seq:H3K27ac,0.14147449334462486,12.0,ChIP-seq:H3K27ac x ChIP-seq:POLR2A
UBERON:0001150,ChIP-seq:POLR2A,ChIP-seq:H3K27me3,-0.009072195642210287,4.0,ChIP-seq:H3K27me3 x ChIP-seq:POLR2A
UBERON:0001150,ChIP-seq:POLR2A,ChIP-seq:H3K36me3,0.003646340716550959,8.0,ChIP-seq:H3K36me3 x ChIP-seq:POLR2A
UBERON:0001150,ChIP-seq:POLR2A,ChIP-seq:H3K4me1,-0.07832830243713253,12.0,ChIP-seq:H3K4me1 x ChIP-seq:POLR2A
UBERON:0001150,ChIP-seq:POLR2A,ChIP-seq:H3K4me3,0.044852360665241134,8.0,ChIP-seq:H3K4me3 x ChIP-seq:POLR2A
UBERON:0001150,ChIP-seq:POLR2A,ChIP-seq:H3K9me3,-0.009441765260704782,8.0,ChIP-seq:H3K9me3 x ChIP-seq:POLR2A
UBERON:0001150,ChIP-seq:POLR2A,ChIP-seq:CTCF,-0.014918204208817148,20.0,ChIP-seq:CTCF x ChIP-seq:POLR2A
UBERON:0001150,ChIP-seq:POLR2A,RNA-seq,0.033769803923719074,16.0,ChIP-seq:POLR2A x RNA-seq
UBERON:0000955,DNase-seq,ChIP-seq:H3K27me3,-0.017953074387669694,42.0,ChIP-seq:H3K27me3 x DNase-seq
UBERON:0000955,DNase-seq,ChIP-seq:H3K36me3,-0.04489795433351697,28.0,ChIP-seq:H3K36me3 x DNase-seq
UBERON:0000955,DNase-seq,ChIP-seq:H3K4me1,0.024120946108184247,14.0,ChIP-seq:H3K4me1 x DNase-seq
UBERON:0000955,DNase-seq,ChIP-seq:H3K4me3,0.010651850732210005,28.0,ChIP-seq:H3K4me3 x DNase-seq
UBERON:0000955,DNase-seq,ChIP-seq:H3K9me3,-0.004175985840850535,42.0,ChIP-seq:H3K9me3 x DNase-seq
UBERON:0000955,DNase-seq,polyA plus RNA-seq,-0.010542522379354623,28.0,DNase-seq x polyA plus RNA-seq
UBERON:0000955,ChIP-seq:H3K27me3,DNase-seq,-0.02220488307203082,42.0,ChIP-seq:H3K27me3 x DNase-seq
UBERON:0000955,ChIP-seq:H3K27me3,ChIP-seq:H3K36me3,0.05522861717440558,6.0,ChIP-seq:H3K27me3 x ChIP-seq:H3K36me3
UBERON:0000955,ChIP-seq:H3K27me3,ChIP-seq:H3K4me1,-0.03588375038858773,3.0,ChIP-seq:H3K27me3 x ChIP-seq:H3K4me1
UBERON:0000955,ChIP-seq:H3K27me3,ChIP-seq:H3K4me3,-0.053879005608157574,6.0,ChIP-seq:H3K27me3 x ChIP-seq:H3K4me3
UBERON:0000955,ChIP-seq:H3K27me3,ChIP-seq:H3K9me3,0.07823194364145426,9.0,ChIP-seq:H3K27me3 x ChIP-seq:H3K9me3
UBERON:0000955,ChIP-seq:H3K27me3,polyA plus RNA-seq,0.014659272078086677,6.0,ChIP-seq:H3K27me3 x polyA plus RNA-seq
UBERON:0000955,ChIP-seq:H3K36me3,DNase-seq,-0.028995269518855133,28.0,ChIP-seq:H3K36me3 x DNase-seq
UBERON:0000955,ChIP-seq:H3K36me3,ChIP-seq:H3K27me3,0.0346528827682022,6.0,ChIP-seq:H3K27me3 x ChIP-seq:H3K36me3
UBERON:0000955,ChIP-seq:H3K36me3,ChIP-seq:H3K4me1,-0.015171533369499703,2.0,ChIP-seq:H3K36me3 x ChIP-seq:H3K4me1
UBERON:0000955,ChIP-seq:H3K36me3,ChIP-seq:H3K4me3,0.02932432314781385,4.0,ChIP-seq:H3K36me3 x ChIP-seq:H3K4me3
UBERON:0000955,ChIP-seq:H3K36me3,ChIP-seq:H3K9me3,0.047786164755201616,6.0,ChIP-seq:H3K36me3 x ChIP-seq:H3K9me3
UBERON:0000955,ChIP-seq:H3K36me3,polyA plus RNA-seq,-0.015859621291430426,4.0,ChIP-seq:H3K36me3 x polyA plus RNA-seq
UBERON:0000955,ChIP-seq:H3K4me1,DNase-seq,0.015718190639214674,14.0,ChIP-seq:H3K4me1 x DNase-seq
UBERON:0000955,ChIP-seq:H3K4me1,ChIP-seq:H3K27me3,-0.04752524959486584,3.0,ChIP-seq:H3K27me3 x ChIP-seq:H3K4me1
UBERON:0000955,ChIP-seq:H3K4me1,ChIP-seq:H3K36me3,-0.0061036616246751,2.0,ChIP-seq:H3K36me3 x ChIP-seq:H3K4me1
UBERON:0000955,ChIP-seq:H3K4me1,ChIP-seq:H3K4me3,0.02750825102084151,2.0,ChIP-seq:H3K4me1 x ChIP-seq:H3K4me3
UBERON:0000955,ChIP-seq:H3K4me1,ChIP-seq:H3K9me3,-0.023072503738652515,3.0,ChIP-seq:H3K4me1 x ChIP-seq:H3K9me3
UBERON:0000955,ChIP-seq:H3K4me1,polyA plus RNA-seq,-0.008491771292998149,2.0,ChIP-seq:H3K4me1 x polyA plus RNA-seq
UBERON:0000955,ChIP-seq:H3K4me3,DNase-seq,0.012483480853512655,28.0,ChIP-seq:H3K4me3 x DNase-seq
UBERON:0000955,ChIP-seq:H3K4me3,ChIP-seq:H3K27me3,-0.044172921153002004,6.0,ChIP-seq:H3K27me3 x ChIP-seq:H3K4me3
UBERON:0000955,ChIP-seq:H3K4me3,ChIP-seq:H3K36me3,0.01867306153190897,4.0,ChIP-seq:H3K36me3 x ChIP-seq:H3K4me3
UBERON:0000955,ChIP-seq:H3K4me3,ChIP-seq:H3K4me1,0.0272183314613674,2.0,ChIP-seq:H3K4me1 x ChIP-seq:H3K4me3
UBERON:0000955,ChIP-seq:H3K4me3,ChIP-seq:H3K9me3,0.15791264226881124,6.0,ChIP-seq:H3K4me3 x ChIP-seq:H3K9me3
UBERON:0000955,ChIP-seq:H3K4me3,polyA plus RNA-seq,-0.017575447621053474,4.0,ChIP-seq:H3K4me3 x polyA plus RNA-seq
UBERON:0000955,ChIP-seq:H3K9me3,DNase-seq,-0.019908659288465313,42.0,ChIP-seq:H3K9me3 x DNase-seq
UBERON:0000955,ChIP-seq:H3K9me3,ChIP-seq:H3K27me3,0.07942154010136922,9.0,ChIP-seq:H3K27me3 x ChIP-seq:H3K9me3
UBERON:0000955,ChIP-seq:H3K9me3,ChIP-seq:H3K36me3,0.09436176896940733,6.0,ChIP-seq:H3K36me3 x ChIP-seq:H3K9me3
UBERON:0000955,ChIP-seq:H3K9me3,ChIP-seq:H3K4me1,-0.00850350469134856,3.0,ChIP-seq:H3K4me1 x ChIP-seq:H3K9me3
UBERON:0000955,ChIP-seq:H3K9me3,ChIP-seq:H3K4me3,0.13300639743745513,6.0,ChIP-seq:H3K4me3 x ChIP-seq:H3K9me3
UBERON:0000955,ChIP-seq:H3K9me3,polyA plus RNA-seq,0.007218862039596553,6.0,ChIP-seq:H3K9me3 x polyA plus RNA-seq
UBERON:0000955,polyA plus RNA-seq,DNase-seq,0.002526674295087716,28.0,DNase-seq x polyA plus RNA-seq
UBERON:0000955,polyA plus RNA-seq,ChIP-seq:H3K27me3,0.016479678827431777,6.0,ChIP-seq:H3K27me3 x polyA plus RNA-seq
UBERON:0000955,polyA plus RNA-seq,ChIP-seq:H3K36me3,-0.008032466899207301,4.0,ChIP-seq:H3K36me3 x polyA plus RNA-seq
UBERON:0000955,polyA plus RNA-seq,ChIP-seq:H3K4me1,-0.0029168839606901874,2.0,ChIP-seq:H3K4me1 x polyA plus RNA-seq
UBERON:0000955,polyA plus RNA-seq,ChIP-seq:H3K4me3,-0.0022259371128873287,4.0,ChIP-seq:H3K4me3 x polyA plus RNA-seq
UBERON:0000955,polyA plus RNA-seq,ChIP-seq:H3K9me3,0.010090541073494712,6.0,ChIP-seq:H3K9me3 x polyA plus RNA-seq
UBERON:0008367,DNase-seq,ChIP-seq:H3K27ac,0.08638701137201285,1.0,ChIP-seq:H3K27ac x DNase-seq
UBERON:0008367,DNase-seq,ChIP-seq:H3K36me3,0.0013822311752293478,1.0,ChIP-seq:H3K36me3 x DNase-seq
UBERON:0008367,DNase-seq,ChIP-seq:H3K4me1,0.06377414937900461,1.0,ChIP-seq:H3K4me1 x DNase-seq
UBERON:0008367,DNase-seq,ChIP-seq:H3K4me3,0.05904193478961324,1.0,ChIP-seq:H3K4me3 x DNase-seq
UBERON:0008367,DNase-seq,ChIP-seq:H3K9me3,-0.01748441153481686,1.0,ChIP-seq:H3K9me3 x DNase-seq
UBERON:0008367,DNase-seq,ChIP-seq:CTCF,0.05741454882196861,3.0,ChIP-seq:CTCF x DNase-seq
UBERON:0008367,DNase-seq,RNA-seq,0.008293198967621117,6.0,DNase-seq x RNA-seq
UBERON:0008367,DNase-seq,ChIP-seq:POLR2A,0.10691575918878829,2.0,ChIP-seq:POLR2A x DNase-seq
UBERON:0008367,DNase-seq,ChIP-seq:POLR2AphosphoS5,0.13147864518342195,3.0,ChIP-seq:POLR2AphosphoS5 x DNase-seq
UBERON:0008367,ChIP-seq:H3K27ac,DNase-seq,0.07287552048737102,1.0,ChIP-seq:H3K27ac x DNase-seq
UBERON:0008367,ChIP-seq:H3K27ac,ChIP-seq:H3K36me3,0.012876264553852183,1.0,ChIP-seq:H3K27ac x ChIP-seq:H3K36me3
UBERON:0008367,ChIP-seq:H3K27ac,ChIP-seq:H3K4me1,0.3069558454596478,1.0,ChIP-seq:H3K27ac x ChIP-seq:H3K4me1
UBERON:0008367,ChIP-seq:H3K27ac,ChIP-seq:H3K4me3,0.2850075128466584,1.0,ChIP-seq:H3K27ac x ChIP-seq:H3K4me3
UBERON:0008367,ChIP-seq:H3K27ac,ChIP-seq:H3K9me3,0.015987177884112524,1.0,ChIP-seq:H3K27ac x ChIP-seq:H3K9me3
UBERON:0008367,ChIP-seq:H3K27ac,ChIP-seq:CTCF,0.065159276176994,3.0,ChIP-seq:CTCF x ChIP-seq:H3K27ac
UBERON:0008367,ChIP-seq:H3K27ac,RNA-seq,0.028260842494085326,6.0,ChIP-seq:H3K27ac x RNA-seq
UBERON:0008367,ChIP-seq:H3K27ac,ChIP-seq:POLR2A,0.052758493593760905,2.0,ChIP-seq:H3K27ac x ChIP-seq:POLR2A
UBERON:0008367,ChIP-seq:H3K27ac,ChIP-seq:POLR2AphosphoS5,0.1142665699676231,3.0,ChIP-seq:H3K27ac x ChIP-seq:POLR2AphosphoS5
UBERON:0008367,ChIP-seq:H3K36me3,DNase-seq,-0.01931488679860812,1.0,ChIP-seq:H3K36me3 x DNase-seq
UBERON:0008367,ChIP-seq:H3K36me3,ChIP-seq:H3K27ac,-0.00596791818554019,1.0,ChIP-seq:H3K27ac x ChIP-seq:H3K36me3
UBERON:0008367,ChIP-seq:H3K36me3,ChIP-seq:H3K4me1,0.13787438040194305,1.0,ChIP-seq:H3K36me3 x ChIP-seq:H3K4me1
UBERON:0008367,ChIP-seq:H3K36me3,ChIP-seq:H3K4me3,0.0026897694482359777,1.0,ChIP-seq:H3K36me3 x ChIP-seq:H3K4me3
UBERON:0008367,ChIP-seq:H3K36me3,ChIP-seq:H3K9me3,0.18814432154820618,1.0,ChIP-seq:H3K36me3 x ChIP-seq:H3K9me3
UBERON:0008367,ChIP-seq:H3K36me3,ChIP-seq:CTCF,0.001099111665986946,3.0,ChIP-seq:CTCF x ChIP-seq:H3K36me3
UBERON:0008367,ChIP-seq:H3K36me3,RNA-seq,-0.002509279594917386,6.0,ChIP-seq:H3K36me3 x RNA-seq
UBERON:0008367,ChIP-seq:H3K36me3,ChIP-seq:POLR2A,-0.00627311026411397,2.0,ChIP-seq:H3K36me3 x ChIP-seq:POLR2A
UBERON:0008367,ChIP-seq:H3K36me3,ChIP-seq:POLR2AphosphoS5,-0.019842996641441627,3.0,ChIP-seq:H3K36me3 x ChIP-seq:POLR2AphosphoS5
UBERON:0008367,ChIP-seq:H3K4me1,DNase-seq,0.04146242224082236,1.0,ChIP-seq:H3K4me1 x DNase-seq
UBERON:0008367,ChIP-seq:H3K4me1,ChIP-seq:H3K27ac,0.2838825627609535,1.0,ChIP-seq:H3K27ac x ChIP-seq:H3K4me1
UBERON:0008367,ChIP-seq:H3K4me1,ChIP-seq:H3K36me3,0.12485550099579745,1.0,ChIP-seq:H3K36me3 x ChIP-seq:H3K4me1
UBERON:0008367,ChIP-seq:H3K4me1,ChIP-seq:H3K4me3,0.13161546601805577,1.0,ChIP-seq:H3K4me1 x ChIP-seq:H3K4me3
UBERON:0008367,ChIP-seq:H3K4me1,ChIP-seq:H3K9me3,0.05577008276345344,1.0,ChIP-seq:H3K4me1 x ChIP-seq:H3K9me3
UBERON:0008367,ChIP-seq:H3K4me1,ChIP-seq:CTCF,0.037522225440925504,3.0,ChIP-seq:CTCF x ChIP-seq:H3K4me1
UBERON:0008367,ChIP-seq:H3K4me1,RNA-seq,0.003670816831554926,6.0,ChIP-seq:H3K4me1 x RNA-seq
UBERON:0008367,ChIP-seq:H3K4me1,ChIP-seq:POLR2A,0.005339398714048522,2.0,ChIP-seq:H3K4me1 x ChIP-seq:POLR2A
UBERON:0008367,ChIP-seq:H3K4me1,ChIP-seq:POLR2AphosphoS5,0.05816251481020892,3.0,ChIP-seq:H3K4me1 x ChIP-seq:POLR2AphosphoS5
UBERON:0008367,ChIP-seq:H3K4me3,DNase-seq,0.006863605087397945,1.0,ChIP-seq:H3K4me3 x DNase-seq
UBERON:0008367,ChIP-seq:H3K4me3,ChIP-seq:H3K27ac,0.2501161584147701,1.0,ChIP-seq:H3K27ac x ChIP-seq:H3K4me3
UBERON:0008367,ChIP-seq:H3K4me3,ChIP-seq:H3K36me3,0.026717424708068687,1.0,ChIP-seq:H3K36me3 x ChIP-seq:H3K4me3
UBERON:0008367,ChIP-seq:H3K4me3,ChIP-seq:H3K4me1,0.14845944487530252,1.0,ChIP-seq:H3K4me1 x ChIP-seq:H3K4me3
UBERON:0008367,ChIP-seq:H3K4me3,ChIP-seq:H3K9me3,0.03379779579586157,1.0,ChIP-seq:H3K4me3 x ChIP-seq:H3K9me3
UBERON:0008367,ChIP-seq:H3K4me3,ChIP-seq:CTCF,0.03475304306930442,3.0,ChIP-seq:CTCF x ChIP-seq:H3K4me3
UBERON:0008367,ChIP-seq:H3K4me3,RNA-seq,0.027708473569112463,6.0,ChIP-seq:H3K4me3 x RNA-seq
UBERON:0008367,ChIP-seq:H3K4me3,ChIP-seq:POLR2A,0.028560557535716458,2.0,ChIP-seq:H3K4me3 x ChIP-seq:POLR2A
UBERON:0008367,ChIP-seq:H3K4me3,ChIP-seq:POLR2AphosphoS5,0.05305464620943423,3.0,ChIP-seq:H3K4me3 x ChIP-seq:POLR2AphosphoS5
UBERON:0008367,ChIP-seq:H3K9me3,DNase-seq,-0.015891451982345556,1.0,ChIP-seq:H3K9me3 x DNase-seq
UBERON:0008367,ChIP-seq:H3K9me3,ChIP-seq:H3K27ac,0.0035424385633733534,1.0,ChIP-seq:H3K27ac x ChIP-seq:H3K9me3
UBERON:0008367,ChIP-seq:H3K9me3,ChIP-seq:H3K36me3,0.17408541522959553,1.0,ChIP-seq:H3K36me3 x ChIP-seq:H3K9me3
UBERON:0008367,ChIP-seq:H3K9me3,ChIP-seq:H3K4me1,0.07532904394294905,1.0,ChIP-seq:H3K4me1 x ChIP-seq:H3K9me3
UBERON:0008367,ChIP-seq:H3K9me3,ChIP-seq:H3K4me3,0.013610501829967942,1.0,ChIP-seq:H3K4me3 x ChIP-seq:H3K9me3
UBERON:0008367,ChIP-seq:H3K9me3,ChIP-seq:CTCF,-0.010363915978190136,3.0,ChIP-seq:CTCF x ChIP-seq:H3K9me3
UBERON:0008367,ChIP-seq:H3K9me3,RNA-seq,-0.009223347789570513,6.0,ChIP-seq:H3K9me3 x RNA-seq
UBERON:0008367,ChIP-seq:H3K9me3,ChIP-seq:POLR2A,-0.005980219958083972,2.0,ChIP-seq:H3K9me3 x ChIP-seq:POLR2A
UBERON:0008367,ChIP-seq:H3K9me3,ChIP-seq:POLR2AphosphoS5,0.001200080469802578,3.0,ChIP-seq:H3K9me3 x ChIP-seq:POLR2AphosphoS5
UBERON:0008367,ChIP-seq:CTCF,DNase-seq,0.00694416640861073,3.0,ChIP-seq:CTCF x DNase-seq
UBERON:0008367,ChIP-seq:CTCF,ChIP-seq:H3K27ac,0.04496460613399867,3.0,ChIP-seq:CTCF x ChIP-seq:H3K27ac
UBERON:0008367,ChIP-seq:CTCF,ChIP-seq:H3K36me3,0.004911781855361171,3.0,ChIP-seq:CTCF x ChIP-seq:H3K36me3
UBERON:0008367,ChIP-seq:CTCF,ChIP-seq:H3K4me1,0.045364114901293884,3.0,ChIP-seq:CTCF x ChIP-seq:H3K4me1
UBERON:0008367,ChIP-seq:CTCF,ChIP-seq:H3K4me3,0.03142792688783749,3.0,ChIP-seq:CTCF x ChIP-seq:H3K4me3
UBERON:0008367,ChIP-seq:CTCF,ChIP-seq:H3K9me3,-0.010607122646530248,3.0,ChIP-seq:CTCF x ChIP-seq:H3K9me3
UBERON:0008367,ChIP-seq:CTCF,RNA-seq,0.0017885204090482137,18.0,ChIP-seq:CTCF x RNA-seq
UBERON:0008367,ChIP-seq:CTCF,ChIP-seq:POLR2A,0.046819204375857404,6.0,ChIP-seq:CTCF x ChIP-seq:POLR2A
UBERON:0008367,ChIP-seq:CTCF,ChIP-seq:POLR2AphosphoS5,0.08347916161572491,9.0,ChIP-seq:CTCF x ChIP-seq:POLR2AphosphoS5
UBERON:0008367,RNA-seq,DNase-seq,0.004846034370420217,6.0,DNase-seq x RNA-seq
UBERON:0008367,RNA-seq,ChIP-seq:H3K27ac,0.02594049317846573,6.0,ChIP-seq:H3K27ac x RNA-seq
UBERON:0008367,RNA-seq,ChIP-seq:H3K36me3,-0.008150546533931078,6.0,ChIP-seq:H3K36me3 x RNA-seq
UBERON:0008367,RNA-seq,ChIP-seq:H3K4me1,0.002720736291097557,6.0,ChIP-seq:H3K4me1 x RNA-seq
UBERON:0008367,RNA-seq,ChIP-seq:H3K4me3,0.021541517603304958,6.0,ChIP-seq:H3K4me3 x RNA-seq
UBERON:0008367,RNA-seq,ChIP-seq:H3K9me3,-0.01179865346718545,6.0,ChIP-seq:H3K9me3 x RNA-seq
UBERON:0008367,RNA-seq,ChIP-seq:CTCF,0.006729077715816015,18.0,ChIP-seq:CTCF x RNA-seq
UBERON:0008367,RNA-seq,ChIP-seq:POLR2A,0.00034239817233312764,12.0,ChIP-seq:POLR2A x RNA-seq
UBERON:0008367,RNA-seq,ChIP-seq:POLR2AphosphoS5,0.0024591816796196847,18.0,ChIP-seq:POLR2AphosphoS5 x RNA-seq
UBERON:0008367,ChIP-seq:POLR2A,DNase-seq,0.13231502163073092,2.0,ChIP-seq:POLR2A x DNase-seq
UBERON:0008367,ChIP-seq:POLR2A,ChIP-seq:H3K27ac,0.03842767116464216,2.0,ChIP-seq:H3K27ac x ChIP-seq:POLR2A
UBERON:0008367,ChIP-seq:POLR2A,ChIP-seq:H3K36me3,-0.008020050498464751,2.0,ChIP-seq:H3K36me3 x ChIP-seq:POLR2A
UBERON:0008367,ChIP-seq:POLR2A,ChIP-seq:H3K4me1,-0.009032020183361095,2.0,ChIP-seq:H3K4me1 x ChIP-seq:POLR2A
UBERON:0008367,ChIP-seq:POLR2A,ChIP-seq:H3K4me3,0.02787286361982655,2.0,ChIP-seq:H3K4me3 x ChIP-seq:POLR2A
UBERON:0008367,ChIP-seq:POLR2A,ChIP-seq:H3K9me3,-0.010052643830799523,2.0,ChIP-seq:H3K9me3 x ChIP-seq:POLR2A
UBERON:0008367,ChIP-seq:POLR2A,ChIP-seq:CTCF,0.11151936306024936,6.0,ChIP-seq:CTCF x ChIP-seq:POLR2A
UBERON:0008367,ChIP-seq:POLR2A,RNA-seq,0.01001820718565731,12.0,ChIP-seq:POLR2A x RNA-seq
UBERON:0008367,ChIP-seq:POLR2A,ChIP-seq:POLR2AphosphoS5,0.08166496841995802,6.0,ChIP-seq:POLR2A x ChIP-seq:POLR2AphosphoS5
UBERON:0008367,ChIP-seq:POLR2AphosphoS5,DNase-seq,0.1809880747791019,3.0,ChIP-seq:POLR2AphosphoS5 x DNase-seq
UBERON:0008367,ChIP-seq:POLR2AphosphoS5,ChIP-seq:H3K27ac,0.08381000148906628,3.0,ChIP-seq:H3K27ac x ChIP-seq:POLR2AphosphoS5
UBERON:0008367,ChIP-seq:POLR2AphosphoS5,ChIP-seq:H3K36me3,0.005675502923010098,3.0,ChIP-seq:H3K36me3 x ChIP-seq:POLR2AphosphoS5
UBERON:0008367,ChIP-seq:POLR2AphosphoS5,ChIP-seq:H3K4me1,0.07255137053088866,3.0,ChIP-seq:H3K4me1 x ChIP-seq:POLR2AphosphoS5
UBERON:0008367,ChIP-seq:POLR2AphosphoS5,ChIP-seq:H3K4me3,0.07219352592793546,3.0,ChIP-seq:H3K4me3 x ChIP-seq:POLR2AphosphoS5
UBERON:0008367,ChIP-seq:POLR2AphosphoS5,ChIP-seq:H3K9me3,0.02466694877467342,3.0,ChIP-seq:H3K9me3 x ChIP-seq:POLR2AphosphoS5
UBERON:0008367,ChIP-seq:POLR2AphosphoS5,ChIP-seq:CTCF,0.08479416186791179,9.0,ChIP-seq:CTCF x ChIP-seq:POLR2AphosphoS5
UBERON:0008367,ChIP-seq:POLR2AphosphoS5,RNA-seq,0.006348893058121533,18.0,ChIP-seq:POLR2AphosphoS5 x RNA-seq
UBERON:0008367,ChIP-seq:POLR2AphosphoS5,ChIP-seq:POLR2A,0.10670952569870723,6.0,ChIP-seq:POLR2A x ChIP-seq:POLR2AphosphoS5
UBERON:0001873,DNase-seq,ChIP-seq:H3K27ac,0.025931056889688005,2.0,ChIP-seq:H3K27ac x DNase-seq
UBERON:0001873,DNase-seq,ChIP-seq:H3K27me3,-0.041355161394687055,2.0,ChIP-seq:H3K27me3 x DNase-seq
UBERON:0001873,DNase-seq,ChIP-seq:H3K36me3,-0.031540746463740124,2.0,ChIP-seq:H3K36me3 x DNase-seq
UBERON:0001873,DNase-seq,ChIP-seq:H3K4me1,-0.036730606699250434,2.0,ChIP-seq:H3K4me1 x DNase-seq
UBERON:0001873,DNase-seq,ChIP-seq:H3K4me3,-0.010823876849401774,2.0,ChIP-seq:H3K4me3 x DNase-seq
UBERON:0001873,DNase-seq,ChIP-seq:H3K9ac,-0.06043863907456398,1.0,ChIP-seq:H3K9ac x DNase-seq
UBERON:0001873,DNase-seq,ChIP-seq:H3K9me3,-0.024493298692147385,2.0,ChIP-seq:H3K9me3 x DNase-seq
UBERON:0001873,ChIP-seq:H3K27ac,DNase-seq,-0.012488059833607512,2.0,ChIP-seq:H3K27ac x DNase-seq
UBERON:0001873,ChIP-seq:H3K27ac,ChIP-seq:H3K27me3,-0.001194444350424529,4.0,ChIP-seq:H3K27ac x ChIP-seq:H3K27me3
UBERON:0001873,ChIP-seq:H3K27ac,ChIP-seq:H3K36me3,0.008440458235588477,4.0,ChIP-seq:H3K27ac x ChIP-seq:H3K36me3
UBERON:0001873,ChIP-seq:H3K27ac,ChIP-seq:H3K4me1,0.15570820908728844,4.0,ChIP-seq:H3K27ac x ChIP-seq:H3K4me1
UBERON:0001873,ChIP-seq:H3K27ac,ChIP-seq:H3K4me3,0.11052973248134149,4.0,ChIP-seq:H3K27ac x ChIP-seq:H3K4me3
UBERON:0001873,ChIP-seq:H3K27ac,ChIP-seq:H3K9ac,0.24062761306762695,2.0,ChIP-seq:H3K27ac x ChIP-seq:H3K9ac
UBERON:0001873,ChIP-seq:H3K27ac,ChIP-seq:H3K9me3,-0.02004450974525528,4.0,ChIP-seq:H3K27ac x ChIP-seq:H3K9me3
UBERON:0001873,ChIP-seq:H3K27me3,DNase-seq,-0.03379452048506405,2.0,ChIP-seq:H3K27me3 x DNase-seq
UBERON:0001873,ChIP-seq:H3K27me3,ChIP-seq:H3K27ac,0.00680985176785392,4.0,ChIP-seq:H3K27ac x ChIP-seq:H3K27me3
UBERON:0001873,ChIP-seq:H3K27me3,ChIP-seq:H3K36me3,-0.04086909758204475,4.0,ChIP-seq:H3K27me3 x ChIP-seq:H3K36me3
UBERON:0001873,ChIP-seq:H3K27me3,ChIP-seq:H3K4me1,0.0236878281896883,4.0,ChIP-seq:H3K27me3 x ChIP-seq:H3K4me1
UBERON:0001873,ChIP-seq:H3K27me3,ChIP-seq:H3K4me3,0.009254453529682113,4.0,ChIP-seq:H3K27me3 x ChIP-seq:H3K4me3
UBERON:0001873,ChIP-seq:H3K27me3,ChIP-seq:H3K9ac,-0.011032044142484664,2.0,ChIP-seq:H3K27me3 x ChIP-seq:H3K9ac
UBERON:0001873,ChIP-seq:H3K27me3,ChIP-seq:H3K9me3,0.08155185118150175,4.0,ChIP-seq:H3K27me3 x ChIP-seq:H3K9me3
UBERON:0001873,ChIP-seq:H3K36me3,DNase-seq,-0.02018757224810767,2.0,ChIP-seq:H3K36me3 x DNase-seq
UBERON:0001873,ChIP-seq:H3K36me3,ChIP-seq:H3K27ac,0.01862756755226147,4.0,ChIP-seq:H3K27ac x ChIP-seq:H3K36me3
UBERON:0001873,ChIP-seq:H3K36me3,ChIP-seq:H3K27me3,-0.03141212018174415,4.0,ChIP-seq:H3K27me3 x ChIP-seq:H3K36me3
UBERON:0001873,ChIP-seq:H3K36me3,ChIP-seq:H3K4me1,0.00018058391542382507,4.0,ChIP-seq:H3K36me3 x ChIP-seq:H3K4me1
UBERON:0001873,ChIP-seq:H3K36me3,ChIP-seq:H3K4me3,0.0304222004923308,4.0,ChIP-seq:H3K36me3 x ChIP-seq:H3K4me3
UBERON:0001873,ChIP-seq:H3K36me3,ChIP-seq:H3K9ac,0.03225825786590576,2.0,ChIP-seq:H3K36me3 x ChIP-seq:H3K9ac
UBERON:0001873,ChIP-seq:H3K36me3,ChIP-seq:H3K9me3,0.08523067647821447,4.0,ChIP-seq:H3K36me3 x ChIP-seq:H3K9me3
UBERON:0001873,ChIP-seq:H3K4me1,DNase-seq,-0.041615044856132766,2.0,ChIP-seq:H3K4me1 x DNase-seq
UBERON:0001873,ChIP-seq:H3K4me1,ChIP-seq:H3K27ac,0.16054060703478984,4.0,ChIP-seq:H3K27ac x ChIP-seq:H3K4me1
UBERON:0001873,ChIP-seq:H3K4me1,ChIP-seq:H3K27me3,0.020315558148946374,4.0,ChIP-seq:H3K27me3 x ChIP-seq:H3K4me1
UBERON:0001873,ChIP-seq:H3K4me1,ChIP-seq:H3K36me3,0.008307015959252699,4.0,ChIP-seq:H3K36me3 x ChIP-seq:H3K4me1
UBERON:0001873,ChIP-seq:H3K4me1,ChIP-seq:H3K4me3,-0.056802028320103046,4.0,ChIP-seq:H3K4me1 x ChIP-seq:H3K4me3
UBERON:0001873,ChIP-seq:H3K4me1,ChIP-seq:H3K9ac,0.0022751173377037054,2.0,ChIP-seq:H3K4me1 x ChIP-seq:H3K9ac
UBERON:0001873,ChIP-seq:H3K4me1,ChIP-seq:H3K9me3,0.02708020856541194,4.0,ChIP-seq:H3K4me1 x ChIP-seq:H3K9me3
UBERON:0001873,ChIP-seq:H3K4me3,DNase-seq,-0.07357127077705143,2.0,ChIP-seq:H3K4me3 x DNase-seq
UBERON:0001873,ChIP-seq:H3K4me3,ChIP-seq:H3K27ac,0.09187416852631183,4.0,ChIP-seq:H3K27ac x ChIP-seq:H3K4me3
UBERON:0001873,ChIP-seq:H3K4me3,ChIP-seq:H3K27me3,0.0028906572782407616,4.0,ChIP-seq:H3K27me3 x ChIP-seq:H3K4me3
UBERON:0001873,ChIP-seq:H3K4me3,ChIP-seq:H3K36me3,0.02849069039555306,4.0,ChIP-seq:H3K36me3 x ChIP-seq:H3K4me3
UBERON:0001873,ChIP-seq:H3K4me3,ChIP-seq:H3K4me1,-0.0829384485310544,4.0,ChIP-seq:H3K4me1 x ChIP-seq:H3K4me3
UBERON:0001873,ChIP-seq:H3K4me3,ChIP-seq:H3K9ac,0.3017302560806274,2.0,ChIP-seq:H3K4me3 x ChIP-seq:H3K9ac
UBERON:0001873,ChIP-seq:H3K4me3,ChIP-seq:H3K9me3,0.06702151693654865,4.0,ChIP-seq:H3K4me3 x ChIP-seq:H3K9me3
UBERON:0001873,ChIP-seq:H3K9ac,DNase-seq,-0.08862884787981491,1.0,ChIP-seq:H3K9ac x DNase-seq
UBERON:0001873,ChIP-seq:H3K9ac,ChIP-seq:H3K27ac,0.2832580412396733,2.0,ChIP-seq:H3K27ac x ChIP-seq:H3K9ac
UBERON:0001873,ChIP-seq:H3K9ac,ChIP-seq:H3K27me3,-0.006330948150743639,2.0,ChIP-seq:H3K27me3 x ChIP-seq:H3K9ac
UBERON:0001873,ChIP-seq:H3K9ac,ChIP-seq:H3K36me3,0.04644315547131477,2.0,ChIP-seq:H3K36me3 x ChIP-seq:H3K9ac
UBERON:0001873,ChIP-seq:H3K9ac,ChIP-seq:H3K4me1,-0.008750472686004117,2.0,ChIP-seq:H3K4me1 x ChIP-seq:H3K9ac
UBERON:0001873,ChIP-seq:H3K9ac,ChIP-seq:H3K4me3,0.37327402663008075,2.0,ChIP-seq:H3K4me3 x ChIP-seq:H3K9ac
UBERON:0001873,ChIP-seq:H3K9ac,ChIP-seq:H3K9me3,0.010302878141905485,2.0,ChIP-seq:H3K9ac x ChIP-seq:H3K9me3
UBERON:0001873,ChIP-seq:H3K9me3,DNase-seq,-0.0038673886382870927,2.0,ChIP-seq:H3K9me3 x DNase-seq
UBERON:0001873,ChIP-seq:H3K9me3,ChIP-seq:H3K27ac,-0.015258015963532354,4.0,ChIP-seq:H3K27ac x ChIP-seq:H3K9me3
UBERON:0001873,ChIP-seq:H3K9me3,ChIP-seq:H3K27me3,0.09620238005081354,4.0,ChIP-seq:H3K27me3 x ChIP-seq:H3K9me3
UBERON:0001873,ChIP-seq:H3K9me3,ChIP-seq:H3K36me3,0.09469794117389842,4.0,ChIP-seq:H3K36me3 x ChIP-seq:H3K9me3
UBERON:0001873,ChIP-seq:H3K9me3,ChIP-seq:H3K4me1,0.030790664052051275,4.0,ChIP-seq:H3K4me1 x ChIP-seq:H3K9me3
UBERON:0001873,ChIP-seq:H3K9me3,ChIP-seq:H3K4me3,0.07692514986635368,4.0,ChIP-seq:H3K4me3 x ChIP-seq:H3K9me3
UBERON:0001873,ChIP-seq:H3K9me3,ChIP-seq:H3K9ac,0.002399476692080498,2.0,ChIP-seq:H3K9ac x ChIP-seq:H3K9me3
UBERON:0002037,DNase-seq,ChIP-seq:H3K4me3,0.007942389471586361,1.0,ChIP-seq:H3K4me3 x DNase-seq
UBERON:0002037,DNase-seq,polyA plus RNA-seq,-0.012255338068656559,2.0,DNase-seq x polyA plus RNA-seq
UBERON:0002037,DNase-seq,RNA-seq,0.008182935633716245,2.0,DNase-seq x RNA-seq
UBERON:0002037,ChIP-seq:H3K4me3,DNase-seq,0.00848729038912717,1.0,ChIP-seq:H3K4me3 x DNase-seq
UBERON:0002037,ChIP-seq:H3K4me3,polyA plus RNA-seq,0.0018984123979052005,2.0,ChIP-seq:H3K4me3 x polyA plus RNA-seq
UBERON:0002037,ChIP-seq:H3K4me3,RNA-seq,-0.0008690294632971701,2.0,ChIP-seq:H3K4me3 x RNA-seq
UBERON:0002037,polyA plus RNA-seq,DNase-seq,-0.007557137122325083,2.0,DNase-seq x polyA plus RNA-seq
UBERON:0002037,polyA plus RNA-seq,ChIP-seq:H3K4me3,-0.0037926506511000713,2.0,ChIP-seq:H3K4me3 x polyA plus RNA-seq
UBERON:0002037,polyA plus RNA-seq,RNA-seq,0.010194900408561663,4.0,RNA-seq x polyA plus RNA-seq
UBERON:0002037,RNA-seq,DNase-seq,0.002643056684305322,2.0,DNase-seq x RNA-seq
UBERON:0002037,RNA-seq,ChIP-seq:H3K4me3,-0.01817343674686759,2.0,ChIP-seq:H3K4me3 x RNA-seq
UBERON:0002037,RNA-seq,polyA plus RNA-seq,0.022638583294300088,4.0,RNA-seq x polyA plus RNA-seq
UBERON:0003124,DNase-seq,ChIP-seq:H3K27ac,0.001843083719289082,2.0,ChIP-seq:H3K27ac x DNase-seq
UBERON:0003124,DNase-seq,ChIP-seq:H3K27me3,0.0008505509111147395,2.0,ChIP-seq:H3K27me3 x DNase-seq
UBERON:0003124,DNase-seq,ChIP-seq:H3K36me3,-0.013486139159253303,2.0,ChIP-seq:H3K36me3 x DNase-seq
UBERON:0003124,DNase-seq,ChIP-seq:H3K4me1,-0.025283167876628904,2.0,ChIP-seq:H3K4me1 x DNase-seq
UBERON:0003124,DNase-seq,ChIP-seq:H3K4me3,0.023059268629996577,2.0,ChIP-seq:H3K4me3 x DNase-seq
UBERON:0003124,DNase-seq,polyA plus RNA-seq,-0.003411633361663137,8.0,DNase-seq x polyA plus RNA-seq
UBERON:0003124,ChIP-seq:H3K27ac,DNase-seq,-0.044022047121298036,2.0,ChIP-seq:H3K27ac x DNase-seq
UBERON:0003124,ChIP-seq:H3K27ac,ChIP-seq:H3K27me3,0.07427006649833194,4.0,ChIP-seq:H3K27ac x ChIP-seq:H3K27me3
UBERON:0003124,ChIP-seq:H3K27ac,ChIP-seq:H3K36me3,0.028230885875985975,4.0,ChIP-seq:H3K27ac x ChIP-seq:H3K36me3
UBERON:0003124,ChIP-seq:H3K27ac,ChIP-seq:H3K4me1,0.24977602365889837,4.0,ChIP-seq:H3K27ac x ChIP-seq:H3K4me1
UBERON:0003124,ChIP-seq:H3K27ac,ChIP-seq:H3K4me3,0.19831025043380596,4.0,ChIP-seq:H3K27ac x ChIP-seq:H3K4me3
UBERON:0003124,ChIP-seq:H3K27ac,polyA plus RNA-seq,0.003475155708523952,16.0,ChIP-seq:H3K27ac x polyA plus RNA-seq
UBERON:0003124,ChIP-seq:H3K27me3,DNase-seq,0.011738739579743623,2.0,ChIP-seq:H3K27me3 x DNase-seq
UBERON:0003124,ChIP-seq:H3K27me3,ChIP-seq:H3K27ac,0.07556740541635833,4.0,ChIP-seq:H3K27ac x ChIP-seq:H3K27me3
UBERON:0003124,ChIP-seq:H3K27me3,ChIP-seq:H3K36me3,0.013408775342271681,4.0,ChIP-seq:H3K27me3 x ChIP-seq:H3K36me3
UBERON:0003124,ChIP-seq:H3K27me3,ChIP-seq:H3K4me1,-0.08348380395623504,4.0,ChIP-seq:H3K27me3 x ChIP-seq:H3K4me1
UBERON:0003124,ChIP-seq:H3K27me3,ChIP-seq:H3K4me3,0.12179042928129713,4.0,ChIP-seq:H3K27me3 x ChIP-seq:H3K4me3
UBERON:0003124,ChIP-seq:H3K27me3,polyA plus RNA-seq,-0.0165835725409644,16.0,ChIP-seq:H3K27me3 x polyA plus RNA-seq
UBERON:0003124,ChIP-seq:H3K36me3,DNase-seq,-0.029314816649284953,2.0,ChIP-seq:H3K36me3 x DNase-seq
UBERON:0003124,ChIP-seq:H3K36me3,ChIP-seq:H3K27ac,0.03890714863812701,4.0,ChIP-seq:H3K27ac x ChIP-seq:H3K36me3
UBERON:0003124,ChIP-seq:H3K36me3,ChIP-seq:H3K27me3,0.01906051895866504,4.0,ChIP-seq:H3K27me3 x ChIP-seq:H3K36me3
UBERON:0003124,ChIP-seq:H3K36me3,ChIP-seq:H3K4me1,0.016431291450242524,4.0,ChIP-seq:H3K36me3 x ChIP-seq:H3K4me1
UBERON:0003124,ChIP-seq:H3K36me3,ChIP-seq:H3K4me3,0.02918388151398329,4.0,ChIP-seq:H3K36me3 x ChIP-seq:H3K4me3
UBERON:0003124,ChIP-seq:H3K36me3,polyA plus RNA-seq,-0.011928393437633016,16.0,ChIP-seq:H3K36me3 x polyA plus RNA-seq
UBERON:0003124,ChIP-seq:H3K4me1,DNase-seq,-0.023025989391216122,2.0,ChIP-seq:H3K4me1 x DNase-seq
UBERON:0003124,ChIP-seq:H3K4me1,ChIP-seq:H3K27ac,0.2599241937169377,4.0,ChIP-seq:H3K27ac x ChIP-seq:H3K4me1
UBERON:0003124,ChIP-seq:H3K4me1,ChIP-seq:H3K27me3,-0.07864022065449312,4.0,ChIP-seq:H3K27me3 x ChIP-seq:H3K4me1
UBERON:0003124,ChIP-seq:H3K4me1,ChIP-seq:H3K36me3,0.011729643224401676,4.0,ChIP-seq:H3K36me3 x ChIP-seq:H3K4me1
UBERON:0003124,ChIP-seq:H3K4me1,ChIP-seq:H3K4me3,-0.17023658125757057,4.0,ChIP-seq:H3K4me1 x ChIP-seq:H3K4me3
UBERON:0003124,ChIP-seq:H3K4me1,polyA plus RNA-seq,-0.02246102482167347,16.0,ChIP-seq:H3K4me1 x polyA plus RNA-seq
UBERON:0003124,ChIP-seq:H3K4me3,DNase-seq,0.02736806879083417,2.0,ChIP-seq:H3K4me3 x DNase-seq
UBERON:0003124,ChIP-seq:H3K4me3,ChIP-seq:H3K27ac,0.20197095634033962,4.0,ChIP-seq:H3K27ac x ChIP-seq:H3K4me3
UBERON:0003124,ChIP-seq:H3K4me3,ChIP-seq:H3K27me3,0.12255408507206536,4.0,ChIP-seq:H3K27me3 x ChIP-seq:H3K4me3
UBERON:0003124,ChIP-seq:H3K4me3,ChIP-seq:H3K36me3,0.032566497776102515,4.0,ChIP-seq:H3K36me3 x ChIP-seq:H3K4me3
UBERON:0003124,ChIP-seq:H3K4me3,ChIP-seq:H3K4me1,-0.16019469654299523,4.0,ChIP-seq:H3K4me1 x ChIP-seq:H3K4me3
UBERON:0003124,ChIP-seq:H3K4me3,polyA plus RNA-seq,0.009409788833067645,16.0,ChIP-seq:H3K4me3 x polyA plus RNA-seq
UBERON:0003124,polyA plus RNA-seq,DNase-seq,0.001709349831724228,8.0,DNase-seq x polyA plus RNA-seq
UBERON:0003124,polyA plus RNA-seq,ChIP-seq:H3K27ac,-0.0022002375158278846,16.0,ChIP-seq:H3K27ac x polyA plus RNA-seq
UBERON:0003124,polyA plus RNA-seq,ChIP-seq:H3K27me3,-0.018081579508119925,16.0,ChIP-seq:H3K27me3 x polyA plus RNA-seq
UBERON:0003124,polyA plus RNA-seq,ChIP-seq:H3K36me3,0.004813170179407647,16.0,ChIP-seq:H3K36me3 x polyA plus RNA-seq
UBERON:0003124,polyA plus RNA-seq,ChIP-seq:H3K4me1,-0.0193710205007772,16.0,ChIP-seq:H3K4me1 x polyA plus RNA-seq
UBERON:0003124,polyA plus RNA-seq,ChIP-seq:H3K4me3,0.006343507599607806,16.0,ChIP-seq:H3K4me3 x polyA plus RNA-seq
UBERON:0007106,ChIP-seq:H3K27ac,ChIP-seq:H3K27me3,-0.023020640832551738,16.0,ChIP-seq:H3K27ac x ChIP-seq:H3K27me3
UBERON:0007106,ChIP-seq:H3K27ac,ChIP-seq:H3K36me3,-0.020348681677733696,16.0,ChIP-seq:H3K27ac x ChIP-seq:H3K36me3
UBERON:0007106,ChIP-seq:H3K27ac,ChIP-seq:H3K4me1,0.3941700896505493,16.0,ChIP-seq:H3K27ac x ChIP-seq:H3K4me1
UBERON:0007106,ChIP-seq:H3K27ac,ChIP-seq:H3K4me3,0.13839148238020124,16.0,ChIP-seq:H3K27ac x ChIP-seq:H3K4me3
UBERON:0007106,ChIP-seq:H3K27ac,ChIP-seq:H3K9me3,0.03391233899376609,16.0,ChIP-seq:H3K27ac x ChIP-seq:H3K9me3
UBERON:0007106,ChIP-seq:H3K27ac,polyA plus RNA-seq,-0.0042027089258898885,24.0,ChIP-seq:H3K27ac x polyA plus RNA-seq
UBERON:0007106,ChIP-seq:H3K27me3,ChIP-seq:H3K27ac,-0.015487937701854314,16.0,ChIP-seq:H3K27ac x ChIP-seq:H3K27me3
UBERON:0007106,ChIP-seq:H3K27me3,ChIP-seq:H3K36me3,0.07268456666059392,16.0,ChIP-seq:H3K27me3 x ChIP-seq:H3K36me3
UBERON:0007106,ChIP-seq:H3K27me3,ChIP-seq:H3K4me1,0.012478226332704005,16.0,ChIP-seq:H3K27me3 x ChIP-seq:H3K4me1
UBERON:0007106,ChIP-seq:H3K27me3,ChIP-seq:H3K4me3,0.07875531518234397,16.0,ChIP-seq:H3K27me3 x ChIP-seq:H3K4me3
UBERON:0007106,ChIP-seq:H3K27me3,ChIP-seq:H3K9me3,0.17143600095402112,16.0,ChIP-seq:H3K27me3 x ChIP-seq:H3K9me3
UBERON:0007106,ChIP-seq:H3K27me3,polyA plus RNA-seq,-0.004079365433342215,24.0,ChIP-seq:H3K27me3 x polyA plus RNA-seq
UBERON:0007106,ChIP-seq:H3K36me3,ChIP-seq:H3K27ac,-0.020072628515508936,16.0,ChIP-seq:H3K27ac x ChIP-seq:H3K36me3
UBERON:0007106,ChIP-seq:H3K36me3,ChIP-seq:H3K27me3,0.07270821188276971,16.0,ChIP-seq:H3K27me3 x ChIP-seq:H3K36me3
UBERON:0007106,ChIP-seq:H3K36me3,ChIP-seq:H3K4me1,0.12560269664664295,16.0,ChIP-seq:H3K36me3 x ChIP-seq:H3K4me1
UBERON:0007106,ChIP-seq:H3K36me3,ChIP-seq:H3K4me3,0.013641758066303324,16.0,ChIP-seq:H3K36me3 x ChIP-seq:H3K4me3
UBERON:0007106,ChIP-seq:H3K36me3,ChIP-seq:H3K9me3,0.22256648269566623,16.0,ChIP-seq:H3K36me3 x ChIP-seq:H3K9me3
UBERON:0007106,ChIP-seq:H3K36me3,polyA plus RNA-seq,-0.012495687690334045,24.0,ChIP-seq:H3K36me3 x polyA plus RNA-seq
UBERON:0007106,ChIP-seq:H3K4me1,ChIP-seq:H3K27ac,0.3998210936222436,16.0,ChIP-seq:H3K27ac x ChIP-seq:H3K4me1
UBERON:0007106,ChIP-seq:H3K4me1,ChIP-seq:H3K27me3,-0.0054751472950678795,16.0,ChIP-seq:H3K27me3 x ChIP-seq:H3K4me1
UBERON:0007106,ChIP-seq:H3K4me1,ChIP-seq:H3K36me3,0.11889203806077281,16.0,ChIP-seq:H3K36me3 x ChIP-seq:H3K4me1
UBERON:0007106,ChIP-seq:H3K4me1,ChIP-seq:H3K4me3,-0.23872428429576587,16.0,ChIP-seq:H3K4me1 x ChIP-seq:H3K4me3
UBERON:0007106,ChIP-seq:H3K4me1,ChIP-seq:H3K9me3,0.09077747437086972,16.0,ChIP-seq:H3K4me1 x ChIP-seq:H3K9me3
UBERON:0007106,ChIP-seq:H3K4me1,polyA plus RNA-seq,-0.025896457841862803,24.0,ChIP-seq:H3K4me1 x polyA plus RNA-seq
UBERON:0007106,ChIP-seq:H3K4me3,ChIP-seq:H3K27ac,0.14056804907396905,16.0,ChIP-seq:H3K27ac x ChIP-seq:H3K4me3
UBERON:0007106,ChIP-seq:H3K4me3,ChIP-seq:H3K27me3,0.07780281720105667,16.0,ChIP-seq:H3K27me3 x ChIP-seq:H3K4me3
UBERON:0007106,ChIP-seq:H3K4me3,ChIP-seq:H3K36me3,0.02023095100797633,16.0,ChIP-seq:H3K36me3 x ChIP-seq:H3K4me3
UBERON:0007106,ChIP-seq:H3K4me3,ChIP-seq:H3K4me1,-0.2087097440470648,16.0,ChIP-seq:H3K4me1 x ChIP-seq:H3K4me3
UBERON:0007106,ChIP-seq:H3K4me3,ChIP-seq:H3K9me3,0.09725347567688335,16.0,ChIP-seq:H3K4me3 x ChIP-seq:H3K9me3
UBERON:0007106,ChIP-seq:H3K4me3,polyA plus RNA-seq,0.00963529208000155,24.0,ChIP-seq:H3K4me3 x polyA plus RNA-seq
UBERON:0007106,ChIP-seq:H3K9me3,ChIP-seq:H3K27ac,0.03353821087933186,16.0,ChIP-seq:H3K27ac x ChIP-seq:H3K9me3
UBERON:0007106,ChIP-seq:H3K9me3,ChIP-seq:H3K27me3,0.20281757109346446,16.0,ChIP-seq:H3K27me3 x ChIP-seq:H3K9me3
UBERON:0007106,ChIP-seq:H3K9me3,ChIP-seq:H3K36me3,0.224859389246151,16.0,ChIP-seq:H3K36me3 x ChIP-seq:H3K9me3
UBERON:0007106,ChIP-seq:H3K9me3,ChIP-seq:H3K4me1,0.09843415540555564,16.0,ChIP-seq:H3K4me1 x ChIP-seq:H3K9me3
UBERON:0007106,ChIP-seq:H3K9me3,ChIP-seq:H3K4me3,0.09000403785480643,16.0,ChIP-seq:H3K4me3 x ChIP-seq:H3K9me3
UBERON:0007106,ChIP-seq:H3K9me3,polyA plus RNA-seq,-0.021780524500038312,24.0,ChIP-seq:H3K9me3 x polyA plus RNA-seq
UBERON:0007106,polyA plus RNA-seq,ChIP-seq:H3K27ac,-0.0080067681722671,24.0,ChIP-seq:H3K27ac x polyA plus RNA-seq
UBERON:0007106,polyA plus RNA-seq,ChIP-seq:H3K27me3,-0.00016448180940997065,24.0,ChIP-seq:H3K27me3 x polyA plus RNA-seq
UBERON:0007106,polyA plus RNA-seq,ChIP-seq:H3K36me3,-0.00043549166998983063,24.0,ChIP-seq:H3K36me3 x polyA plus RNA-seq
UBERON:0007106,polyA plus RNA-seq,ChIP-seq:H3K4me1,-0.02289413093395435,24.0,ChIP-seq:H3K4me1 x polyA plus RNA-seq
UBERON:0007106,polyA plus RNA-seq,ChIP-seq:H3K4me3,0.0014255879528867338,24.0,ChIP-seq:H3K4me3 x polyA plus RNA-seq
UBERON:0007106,polyA plus RNA-seq,ChIP-seq:H3K9me3,-0.022804549246123344,24.0,ChIP-seq:H3K9me3 x polyA plus RNA-seq
UBERON:0002967,ChIP-seq:H3K27ac,ChIP-seq:H3K27me3,0.018359885133545976,2.0,ChIP-seq:H3K27ac x ChIP-seq:H3K27me3
UBERON:0002967,ChIP-seq:H3K27ac,ChIP-seq:H3K36me3,0.03008229665933771,4.0,ChIP-seq:H3K27ac x ChIP-seq:H3K36me3
UBERON:0002967,ChIP-seq:H3K27ac,ChIP-seq:H3K4me1,0.1799858100101596,4.0,ChIP-seq:H3K27ac x ChIP-seq:H3K4me1
UBERON:0002967,ChIP-seq:H3K27ac,ChIP-seq:H3K4me3,0.08780060443922738,4.0,ChIP-seq:H3K27ac x ChIP-seq:H3K4me3
UBERON:0002967,ChIP-seq:H3K27ac,ChIP-seq:H3K9ac,0.22966437816619872,2.0,ChIP-seq:H3K27ac x ChIP-seq:H3K9ac
UBERON:0002967,ChIP-seq:H3K27ac,ChIP-seq:H3K9me3,0.003329050695795692,4.0,ChIP-seq:H3K27ac x ChIP-seq:H3K9me3
UBERON:0002967,ChIP-seq:H3K27me3,ChIP-seq:H3K27ac,0.029158120940190664,2.0,ChIP-seq:H3K27ac x ChIP-seq:H3K27me3
UBERON:0002967,ChIP-seq:H3K27me3,ChIP-seq:H3K36me3,-0.021454944770703928,2.0,ChIP-seq:H3K27me3 x ChIP-seq:H3K36me3
UBERON:0002967,ChIP-seq:H3K27me3,ChIP-seq:H3K4me1,0.021767809457791956,2.0,ChIP-seq:H3K27me3 x ChIP-seq:H3K4me1
UBERON:0002967,ChIP-seq:H3K27me3,ChIP-seq:H3K4me3,0.003533800210908194,2.0,ChIP-seq:H3K27me3 x ChIP-seq:H3K4me3
UBERON:0002967,ChIP-seq:H3K27me3,ChIP-seq:H3K9ac,-0.038289525359869,1.0,ChIP-seq:H3K27me3 x ChIP-seq:H3K9ac
UBERON:0002967,ChIP-seq:H3K27me3,ChIP-seq:H3K9me3,0.13642040213172357,2.0,ChIP-seq:H3K27me3 x ChIP-seq:H3K9me3
UBERON:0002967,ChIP-seq:H3K36me3,ChIP-seq:H3K27ac,0.03857924261633654,4.0,ChIP-seq:H3K27ac x ChIP-seq:H3K36me3
UBERON:0002967,ChIP-seq:H3K36me3,ChIP-seq:H3K27me3,-0.011247937128632916,2.0,ChIP-seq:H3K27me3 x ChIP-seq:H3K36me3
UBERON:0002967,ChIP-seq:H3K36me3,ChIP-seq:H3K4me1,0.016233138821489822,4.0,ChIP-seq:H3K36me3 x ChIP-seq:H3K4me1
UBERON:0002967,ChIP-seq:H3K36me3,ChIP-seq:H3K4me3,0.03967799009563767,4.0,ChIP-seq:H3K36me3 x ChIP-seq:H3K4me3
UBERON:0002967,ChIP-seq:H3K36me3,ChIP-seq:H3K9ac,0.06904135763645172,2.0,ChIP-seq:H3K36me3 x ChIP-seq:H3K9ac
UBERON:0002967,ChIP-seq:H3K36me3,ChIP-seq:H3K9me3,0.10476129811801267,4.0,ChIP-seq:H3K36me3 x ChIP-seq:H3K9me3
UBERON:0002967,ChIP-seq:H3K4me1,ChIP-seq:H3K27ac,0.17969797394290474,4.0,ChIP-seq:H3K27ac x ChIP-seq:H3K4me1
UBERON:0002967,ChIP-seq:H3K4me1,ChIP-seq:H3K27me3,0.03216686545089743,2.0,ChIP-seq:H3K27me3 x ChIP-seq:H3K4me1
UBERON:0002967,ChIP-seq:H3K4me1,ChIP-seq:H3K36me3,0.03037365367437931,4.0,ChIP-seq:H3K36me3 x ChIP-seq:H3K4me1
UBERON:0002967,ChIP-seq:H3K4me1,ChIP-seq:H3K4me3,-0.06863810379649991,4.0,ChIP-seq:H3K4me1 x ChIP-seq:H3K4me3
UBERON:0002967,ChIP-seq:H3K4me1,ChIP-seq:H3K9ac,0.03099729672074318,2.0,ChIP-seq:H3K4me1 x ChIP-seq:H3K9ac
UBERON:0002967,ChIP-seq:H3K4me1,ChIP-seq:H3K9me3,0.045341959830080526,4.0,ChIP-seq:H3K4me1 x ChIP-seq:H3K9me3
UBERON:0002967,ChIP-seq:H3K4me3,ChIP-seq:H3K27ac,0.052838430456493224,4.0,ChIP-seq:H3K27ac x ChIP-seq:H3K4me3
UBERON:0002967,ChIP-seq:H3K4me3,ChIP-seq:H3K27me3,-0.007347717196091837,2.0,ChIP-seq:H3K27me3 x ChIP-seq:H3K4me3
UBERON:0002967,ChIP-seq:H3K4me3,ChIP-seq:H3K36me3,0.0388831616716182,4.0,ChIP-seq:H3K36me3 x ChIP-seq:H3K4me3
UBERON:0002967,ChIP-seq:H3K4me3,ChIP-seq:H3K4me1,-0.09034720221992398,4.0,ChIP-seq:H3K4me1 x ChIP-seq:H3K4me3
UBERON:0002967,ChIP-seq:H3K4me3,ChIP-seq:H3K9ac,0.3322660636901855,2.0,ChIP-seq:H3K4me3 x ChIP-seq:H3K9ac
UBERON:0002967,ChIP-seq:H3K4me3,ChIP-seq:H3K9me3,0.06434740536333469,4.0,ChIP-seq:H3K4me3 x ChIP-seq:H3K9me3
UBERON:0002967,ChIP-seq:H3K9ac,ChIP-seq:H3K27ac,0.24621092384646398,2.0,ChIP-seq:H3K27ac x ChIP-seq:H3K9ac
UBERON:0002967,ChIP-seq:H3K9ac,ChIP-seq:H3K27me3,-0.043903472822630546,1.0,ChIP-seq:H3K27me3 x ChIP-seq:H3K9ac
UBERON:0002967,ChIP-seq:H3K9ac,ChIP-seq:H3K36me3,0.08362201395186972,2.0,ChIP-seq:H3K36me3 x ChIP-seq:H3K9ac
UBERON:0002967,ChIP-seq:H3K9ac,ChIP-seq:H3K4me1,0.020985306428918424,2.0,ChIP-seq:H3K4me1 x ChIP-seq:H3K9ac
UBERON:0002967,ChIP-seq:H3K9ac,ChIP-seq:H3K4me3,0.3801091051547327,2.0,ChIP-seq:H3K4me3 x ChIP-seq:H3K9ac
UBERON:0002967,ChIP-seq:H3K9ac,ChIP-seq:H3K9me3,0.02349396828520164,2.0,ChIP-seq:H3K9ac x ChIP-seq:H3K9me3
UBERON:0002967,ChIP-seq:H3K9me3,ChIP-seq:H3K27ac,0.01297035509060999,4.0,ChIP-seq:H3K27ac x ChIP-seq:H3K9me3
UBERON:0002967,ChIP-seq:H3K9me3,ChIP-seq:H3K27me3,0.1379161050607418,2.0,ChIP-seq:H3K27me3 x ChIP-seq:H3K9me3
UBERON:0002967,ChIP-seq:H3K9me3,ChIP-seq:H3K36me3,0.1040725143665963,4.0,ChIP-seq:H3K36me3 x ChIP-seq:H3K9me3
UBERON:0002967,ChIP-seq:H3K9me3,ChIP-seq:H3K4me1,0.037746563960945674,4.0,ChIP-seq:H3K4me1 x ChIP-seq:H3K9me3
UBERON:0002967,ChIP-seq:H3K9me3,ChIP-seq:H3K4me3,0.07282187733973298,4.0,ChIP-seq:H3K4me3 x ChIP-seq:H3K9me3
UBERON:0002967,ChIP-seq:H3K9me3,ChIP-seq:H3K9ac,0.008938772380352018,2.0,ChIP-seq:H3K9ac x ChIP-seq:H3K9me3
UBERON:0000317,ChIP-seq:H3K27ac,ChIP-seq:H3K27me3,0.00747919198922339,4.0,ChIP-seq:H3K27ac x ChIP-seq:H3K27me3
UBERON:0000317,ChIP-seq:H3K27ac,ChIP-seq:H3K36me3,0.012318467007989579,4.0,ChIP-seq:H3K27ac x ChIP-seq:H3K36me3
UBERON:0000317,ChIP-seq:H3K27ac,ChIP-seq:H3K4me1,0.177496228387447,4.0,ChIP-seq:H3K27ac x ChIP-seq:H3K4me1
UBERON:0000317,ChIP-seq:H3K27ac,ChIP-seq:H3K4me3,0.164715024355416,4.0,ChIP-seq:H3K27ac x ChIP-seq:H3K4me3
UBERON:0000317,ChIP-seq:H3K27ac,ChIP-seq:H3K9ac,0.31087395244715166,4.0,ChIP-seq:H3K27ac x ChIP-seq:H3K9ac
UBERON:0000317,ChIP-seq:H3K27ac,ChIP-seq:H3K9me3,0.027690075003029255,4.0,ChIP-seq:H3K27ac x ChIP-seq:H3K9me3
UBERON:0000317,ChIP-seq:H3K27ac,RNA-seq,0.01913462323300979,8.0,ChIP-seq:H3K27ac x RNA-seq
UBERON:0000317,ChIP-seq:H3K27me3,ChIP-seq:H3K27ac,0.0012841168675363432,4.0,ChIP-seq:H3K27ac x ChIP-seq:H3K27me3
UBERON:0000317,ChIP-seq:H3K27me3,ChIP-seq:H3K36me3,0.05948446088648857,4.0,ChIP-seq:H3K27me3 x ChIP-seq:H3K36me3
UBERON:0000317,ChIP-seq:H3K27me3,ChIP-seq:H3K4me1,-6.810347727739113e-05,4.0,ChIP-seq:H3K27me3 x ChIP-seq:H3K4me1
UBERON:0000317,ChIP-seq:H3K27me3,ChIP-seq:H3K4me3,0.015876397490501404,4.0,ChIP-seq:H3K27me3 x ChIP-seq:H3K4me3
UBERON:0000317,ChIP-seq:H3K27me3,ChIP-seq:H3K9ac,-0.02468644896027993,4.0,ChIP-seq:H3K27me3 x ChIP-seq:H3K9ac
UBERON:0000317,ChIP-seq:H3K27me3,ChIP-seq:H3K9me3,0.15450989379641716,4.0,ChIP-seq:H3K27me3 x ChIP-seq:H3K9me3
UBERON:0000317,ChIP-seq:H3K27me3,RNA-seq,-0.021775538062348086,8.0,ChIP-seq:H3K27me3 x RNA-seq
UBERON:0000317,ChIP-seq:H3K36me3,ChIP-seq:H3K27ac,-0.011364052696905519,4.0,ChIP-seq:H3K27ac x ChIP-seq:H3K36me3
UBERON:0000317,ChIP-seq:H3K36me3,ChIP-seq:H3K27me3,0.05891643042509266,4.0,ChIP-seq:H3K27me3 x ChIP-seq:H3K36me3
UBERON:0000317,ChIP-seq:H3K36me3,ChIP-seq:H3K4me1,0.0013951573093406514,4.0,ChIP-seq:H3K36me3 x ChIP-seq:H3K4me1
UBERON:0000317,ChIP-seq:H3K36me3,ChIP-seq:H3K4me3,0.06479121925674866,4.0,ChIP-seq:H3K36me3 x ChIP-seq:H3K4me3
UBERON:0000317,ChIP-seq:H3K36me3,ChIP-seq:H3K9ac,0.01548805179036393,4.0,ChIP-seq:H3K36me3 x ChIP-seq:H3K9ac
UBERON:0000317,ChIP-seq:H3K36me3,ChIP-seq:H3K9me3,0.14297698220510163,4.0,ChIP-seq:H3K36me3 x ChIP-seq:H3K9me3
UBERON:0000317,ChIP-seq:H3K36me3,RNA-seq,0.05210382941891165,8.0,ChIP-seq:H3K36me3 x RNA-seq
UBERON:0000317,ChIP-seq:H3K4me1,ChIP-seq:H3K27ac,0.16269791237315775,4.0,ChIP-seq:H3K27ac x ChIP-seq:H3K4me1
UBERON:0000317,ChIP-seq:H3K4me1,ChIP-seq:H3K27me3,0.020692084867485687,4.0,ChIP-seq:H3K27me3 x ChIP-seq:H3K4me1
UBERON:0000317,ChIP-seq:H3K4me1,ChIP-seq:H3K36me3,0.009581333858535643,4.0,ChIP-seq:H3K36me3 x ChIP-seq:H3K4me1
UBERON:0000317,ChIP-seq:H3K4me1,ChIP-seq:H3K4me3,0.1284483998456848,4.0,ChIP-seq:H3K4me1 x ChIP-seq:H3K4me3
UBERON:0000317,ChIP-seq:H3K4me1,ChIP-seq:H3K9ac,0.1449205662522997,4.0,ChIP-seq:H3K4me1 x ChIP-seq:H3K9ac
UBERON:0000317,ChIP-seq:H3K4me1,ChIP-seq:H3K9me3,0.049534669920299826,4.0,ChIP-seq:H3K4me1 x ChIP-seq:H3K9me3
UBERON:0000317,ChIP-seq:H3K4me1,RNA-seq,-0.0005373961785260367,8.0,ChIP-seq:H3K4me1 x RNA-seq
UBERON:0000317,ChIP-seq:H3K4me3,ChIP-seq:H3K27ac,0.18373089584504596,4.0,ChIP-seq:H3K27ac x ChIP-seq:H3K4me3
UBERON:0000317,ChIP-seq:H3K4me3,ChIP-seq:H3K27me3,0.01994590357893464,4.0,ChIP-seq:H3K27me3 x ChIP-seq:H3K4me3
UBERON:0000317,ChIP-seq:H3K4me3,ChIP-seq:H3K36me3,0.08451200292465534,4.0,ChIP-seq:H3K36me3 x ChIP-seq:H3K4me3
UBERON:0000317,ChIP-seq:H3K4me3,ChIP-seq:H3K4me1,0.1339229155596488,4.0,ChIP-seq:H3K4me1 x ChIP-seq:H3K4me3
UBERON:0000317,ChIP-seq:H3K4me3,ChIP-seq:H3K9ac,0.28193655914189863,4.0,ChIP-seq:H3K4me3 x ChIP-seq:H3K9ac
UBERON:0000317,ChIP-seq:H3K4me3,ChIP-seq:H3K9me3,0.10649872663315763,4.0,ChIP-seq:H3K4me3 x ChIP-seq:H3K9me3
UBERON:0000317,ChIP-seq:H3K4me3,RNA-seq,0.009398915855323566,8.0,ChIP-seq:H3K4me3 x RNA-seq
UBERON:0000317,ChIP-seq:H3K9ac,ChIP-seq:H3K27ac,0.3276448949523594,4.0,ChIP-seq:H3K27ac x ChIP-seq:H3K9ac
UBERON:0000317,ChIP-seq:H3K9ac,ChIP-seq:H3K27me3,-0.0007491658490172692,4.0,ChIP-seq:H3K27me3 x ChIP-seq:H3K9ac
UBERON:0000317,ChIP-seq:H3K9ac,ChIP-seq:H3K36me3,0.06496806712226665,4.0,ChIP-seq:H3K36me3 x ChIP-seq:H3K9ac
UBERON:0000317,ChIP-seq:H3K9ac,ChIP-seq:H3K4me1,0.18046320119842155,4.0,ChIP-seq:H3K4me1 x ChIP-seq:H3K9ac
UBERON:0000317,ChIP-seq:H3K9ac,ChIP-seq:H3K4me3,0.3200755447984856,4.0,ChIP-seq:H3K4me3 x ChIP-seq:H3K9ac
UBERON:0000317,ChIP-seq:H3K9ac,ChIP-seq:H3K9me3,0.04697810783145133,4.0,ChIP-seq:H3K9ac x ChIP-seq:H3K9me3
UBERON:0000317,ChIP-seq:H3K9ac,RNA-seq,0.01688628019655452,8.0,ChIP-seq:H3K9ac x RNA-seq
UBERON:0000317,ChIP-seq:H3K9me3,ChIP-seq:H3K27ac,0.011718098374997606,4.0,ChIP-seq:H3K27ac x ChIP-seq:H3K9me3
UBERON:0000317,ChIP-seq:H3K9me3,ChIP-seq:H3K27me3,0.13776696649934517,4.0,ChIP-seq:H3K27me3 x ChIP-seq:H3K9me3
UBERON:0000317,ChIP-seq:H3K9me3,ChIP-seq:H3K36me3,0.14773649040688858,4.0,ChIP-seq:H3K36me3 x ChIP-seq:H3K9me3
UBERON:0000317,ChIP-seq:H3K9me3,ChIP-seq:H3K4me1,0.030101967883891745,4.0,ChIP-seq:H3K4me1 x ChIP-seq:H3K9me3
UBERON:0000317,ChIP-seq:H3K9me3,ChIP-seq:H3K4me3,0.10109606719462672,4.0,ChIP-seq:H3K4me3 x ChIP-seq:H3K9me3
UBERON:0000317,ChIP-seq:H3K9me3,ChIP-seq:H3K9ac,0.009501427716138412,4.0,ChIP-seq:H3K9ac x ChIP-seq:H3K9me3
UBERON:0000317,ChIP-seq:H3K9me3,RNA-seq,-0.022212229717303723,8.0,ChIP-seq:H3K9me3 x RNA-seq
UBERON:0000317,RNA-seq,ChIP-seq:H3K27ac,0.023582057738156054,8.0,ChIP-seq:H3K27ac x RNA-seq
UBERON:0000317,RNA-seq,ChIP-seq:H3K27me3,-0.024292086030361967,8.0,ChIP-seq:H3K27me3 x RNA-seq
UBERON:0000317,RNA-seq,ChIP-seq:H3K36me3,0.04599202408435497,8.0,ChIP-seq:H3K36me3 x RNA-seq
UBERON:0000317,RNA-seq,ChIP-seq:H3K4me1,-8.214725171282015e-05,8.0,ChIP-seq:H3K4me1 x RNA-seq
UBERON:0000317,RNA-seq,ChIP-seq:H3K4me3,0.01068817392409405,8.0,ChIP-seq:H3K4me3 x RNA-seq
UBERON:0000317,RNA-seq,ChIP-seq:H3K9ac,0.021819587112689505,8.0,ChIP-seq:H3K9ac x RNA-seq
UBERON:0000317,RNA-seq,ChIP-seq:H3K9me3,-0.0172540084825138,8.0,ChIP-seq:H3K9me3 x RNA-seq
UBERON:0001621,DNase-seq,ChIP-seq:H3K27ac,0.08204323163738957,2.0,ChIP-seq:H3K27ac x DNase-seq
UBERON:0001621,DNase-seq,ChIP-seq:H3K4me3,0.018449025410552364,2.0,ChIP-seq:H3K4me3 x DNase-seq
UBERON:0001621,DNase-seq,ChIP-seq:CTCF,-0.008700238233341748,2.0,ChIP-seq:CTCF x DNase-seq
UBERON:0001621,ChIP-seq:H3K27ac,DNase-seq,0.07461091814581881,2.0,ChIP-seq:H3K27ac x DNase-seq
UBERON:0001621,ChIP-seq:H3K27ac,ChIP-seq:H3K4me3,0.2732922390449879,1.0,ChIP-seq:H3K27ac x ChIP-seq:H3K4me3
UBERON:0001621,ChIP-seq:H3K27ac,ChIP-seq:CTCF,0.016393428360952915,1.0,ChIP-seq:CTCF x ChIP-seq:H3K27ac
UBERON:0001621,ChIP-seq:H3K4me3,DNase-seq,-0.0027676323793597996,2.0,ChIP-seq:H3K4me3 x DNase-seq
UBERON:0001621,ChIP-seq:H3K4me3,ChIP-seq:H3K27ac,0.26046194485676144,1.0,ChIP-seq:H3K27ac x ChIP-seq:H3K4me3
UBERON:0001621,ChIP-seq:H3K4me3,ChIP-seq:CTCF,0.01938055166341726,1.0,ChIP-seq:CTCF x ChIP-seq:H3K4me3
UBERON:0001621,ChIP-seq:CTCF,DNase-seq,-0.017230224094747268,2.0,ChIP-seq:CTCF x DNase-seq
UBERON:0001621,ChIP-seq:CTCF,ChIP-seq:H3K27ac,0.024217929277155135,1.0,ChIP-seq:CTCF x ChIP-seq:H3K27ac
UBERON:0001621,ChIP-seq:CTCF,ChIP-seq:H3K4me3,0.030869525324466615,1.0,ChIP-seq:CTCF x ChIP-seq:H3K4me3
UBERON:0009834,ChIP-seq:H3K27ac,ChIP-seq:H3K27me3,0.014730711092894106,2.0,ChIP-seq:H3K27ac x ChIP-seq:H3K27me3
UBERON:0009834,ChIP-seq:H3K27ac,ChIP-seq:H3K36me3,0.054805608822944316,4.0,ChIP-seq:H3K27ac x ChIP-seq:H3K36me3
UBERON:0009834,ChIP-seq:H3K27ac,ChIP-seq:H3K4me1,0.18355505616287066,4.0,ChIP-seq:H3K27ac x ChIP-seq:H3K4me1
UBERON:0009834,ChIP-seq:H3K27ac,ChIP-seq:H3K4me3,0.12908320532780942,4.0,ChIP-seq:H3K27ac x ChIP-seq:H3K4me3
UBERON:0009834,ChIP-seq:H3K27ac,ChIP-seq:H3K9ac,0.24715975522994996,2.0,ChIP-seq:H3K27ac x ChIP-seq:H3K9ac
UBERON:0009834,ChIP-seq:H3K27ac,ChIP-seq:H3K9me3,0.0008716467726096674,4.0,ChIP-seq:H3K27ac x ChIP-seq:H3K9me3
UBERON:0009834,ChIP-seq:H3K27ac,RNA-seq,0.009870625250139261,96.0,ChIP-seq:H3K27ac x RNA-seq
UBERON:0009834,ChIP-seq:H3K27me3,ChIP-seq:H3K27ac,0.02466683506225207,2.0,ChIP-seq:H3K27ac x ChIP-seq:H3K27me3
UBERON:0009834,ChIP-seq:H3K27me3,ChIP-seq:H3K36me3,0.01164541884939721,2.0,ChIP-seq:H3K27me3 x ChIP-seq:H3K36me3
UBERON:0009834,ChIP-seq:H3K27me3,ChIP-seq:H3K4me1,0.045261557799219435,2.0,ChIP-seq:H3K27me3 x ChIP-seq:H3K4me1
UBERON:0009834,ChIP-seq:H3K27me3,ChIP-seq:H3K4me3,0.029817082788621153,2.0,ChIP-seq:H3K27me3 x ChIP-seq:H3K4me3
UBERON:0009834,ChIP-seq:H3K27me3,ChIP-seq:H3K9ac,-0.040248306840658186,1.0,ChIP-seq:H3K27me3 x ChIP-seq:H3K9ac
UBERON:0009834,ChIP-seq:H3K27me3,ChIP-seq:H3K9me3,0.20176566249868844,2.0,ChIP-seq:H3K27me3 x ChIP-seq:H3K9me3
UBERON:0009834,ChIP-seq:H3K27me3,RNA-seq,-0.019835698088323035,48.0,ChIP-seq:H3K27me3 x RNA-seq
UBERON:0009834,ChIP-seq:H3K36me3,ChIP-seq:H3K27ac,0.06776873730354427,4.0,ChIP-seq:H3K27ac x ChIP-seq:H3K36me3
UBERON:0009834,ChIP-seq:H3K36me3,ChIP-seq:H3K27me3,0.022711423793058287,2.0,ChIP-seq:H3K27me3 x ChIP-seq:H3K36me3
UBERON:0009834,ChIP-seq:H3K36me3,ChIP-seq:H3K4me1,0.0836195142868438,4.0,ChIP-seq:H3K36me3 x ChIP-seq:H3K4me1
UBERON:0009834,ChIP-seq:H3K36me3,ChIP-seq:H3K4me3,0.03576630698604004,4.0,ChIP-seq:H3K36me3 x ChIP-seq:H3K4me3
UBERON:0009834,ChIP-seq:H3K36me3,ChIP-seq:H3K9ac,0.08201896786689758,2.0,ChIP-seq:H3K36me3 x ChIP-seq:H3K9ac
UBERON:0009834,ChIP-seq:H3K36me3,ChIP-seq:H3K9me3,0.08231051316422024,4.0,ChIP-seq:H3K36me3 x ChIP-seq:H3K9me3
UBERON:0009834,ChIP-seq:H3K36me3,RNA-seq,0.0077019777354292995,96.0,ChIP-seq:H3K36me3 x RNA-seq
UBERON:0009834,ChIP-seq:H3K4me1,ChIP-seq:H3K27ac,0.18287685902222342,4.0,ChIP-seq:H3K27ac x ChIP-seq:H3K4me1
UBERON:0009834,ChIP-seq:H3K4me1,ChIP-seq:H3K27me3,0.048814938328732016,2.0,ChIP-seq:H3K27me3 x ChIP-seq:H3K4me1
UBERON:0009834,ChIP-seq:H3K4me1,ChIP-seq:H3K36me3,0.08023569114664768,4.0,ChIP-seq:H3K36me3 x ChIP-seq:H3K4me1
UBERON:0009834,ChIP-seq:H3K4me1,ChIP-seq:H3K4me3,-0.02014543570438835,4.0,ChIP-seq:H3K4me1 x ChIP-seq:H3K4me3
UBERON:0009834,ChIP-seq:H3K4me1,ChIP-seq:H3K9ac,0.07414341807365418,2.0,ChIP-seq:H3K4me1 x ChIP-seq:H3K9ac
UBERON:0009834,ChIP-seq:H3K4me1,ChIP-seq:H3K9me3,0.046852923176261815,4.0,ChIP-seq:H3K4me1 x ChIP-seq:H3K9me3
UBERON:0009834,ChIP-seq:H3K4me1,RNA-seq,0.0013100461755681213,96.0,ChIP-seq:H3K4me1 x RNA-seq
UBERON:0009834,ChIP-seq:H3K4me3,ChIP-seq:H3K27ac,0.12832533147024072,4.0,ChIP-seq:H3K27ac x ChIP-seq:H3K4me3
UBERON:0009834,ChIP-seq:H3K4me3,ChIP-seq:H3K27me3,0.023488545255071814,2.0,ChIP-seq:H3K27me3 x ChIP-seq:H3K4me3
UBERON:0009834,ChIP-seq:H3K4me3,ChIP-seq:H3K36me3,0.030167048836642122,4.0,ChIP-seq:H3K36me3 x ChIP-seq:H3K4me3
UBERON:0009834,ChIP-seq:H3K4me3,ChIP-seq:H3K4me1,-0.03598233439598253,4.0,ChIP-seq:H3K4me1 x ChIP-seq:H3K4me3
UBERON:0009834,ChIP-seq:H3K4me3,ChIP-seq:H3K9ac,0.3468424654006958,2.0,ChIP-seq:H3K4me3 x ChIP-seq:H3K9ac
UBERON:0009834,ChIP-seq:H3K4me3,ChIP-seq:H3K9me3,0.07415883293312586,4.0,ChIP-seq:H3K4me3 x ChIP-seq:H3K9me3
UBERON:0009834,ChIP-seq:H3K4me3,RNA-seq,0.00048820289179409004,96.0,ChIP-seq:H3K4me3 x RNA-seq
UBERON:0009834,ChIP-seq:H3K9ac,ChIP-seq:H3K27ac,0.30773586775205153,2.0,ChIP-seq:H3K27ac x ChIP-seq:H3K9ac
UBERON:0009834,ChIP-seq:H3K9ac,ChIP-seq:H3K27me3,-0.04594982257005812,1.0,ChIP-seq:H3K27me3 x ChIP-seq:H3K9ac
UBERON:0009834,ChIP-seq:H3K9ac,ChIP-seq:H3K36me3,0.09213803867076306,2.0,ChIP-seq:H3K36me3 x ChIP-seq:H3K9ac
UBERON:0009834,ChIP-seq:H3K9ac,ChIP-seq:H3K4me1,0.07269810473984056,2.0,ChIP-seq:H3K4me1 x ChIP-seq:H3K9ac
UBERON:0009834,ChIP-seq:H3K9ac,ChIP-seq:H3K4me3,0.40598242639381193,2.0,ChIP-seq:H3K4me3 x ChIP-seq:H3K9ac
UBERON:0009834,ChIP-seq:H3K9ac,ChIP-seq:H3K9me3,0.01236346849564756,2.0,ChIP-seq:H3K9ac x ChIP-seq:H3K9me3
UBERON:0009834,ChIP-seq:H3K9ac,RNA-seq,0.006349467269078951,48.0,ChIP-seq:H3K9ac x RNA-seq
UBERON:0009834,ChIP-seq:H3K9me3,ChIP-seq:H3K27ac,0.010867085053313593,4.0,ChIP-seq:H3K27ac x ChIP-seq:H3K9me3
UBERON:0009834,ChIP-seq:H3K9me3,ChIP-seq:H3K27me3,0.21214766680509195,2.0,ChIP-seq:H3K27me3 x ChIP-seq:H3K9me3
UBERON:0009834,ChIP-seq:H3K9me3,ChIP-seq:H3K36me3,0.09361231073420098,4.0,ChIP-seq:H3K36me3 x ChIP-seq:H3K9me3
UBERON:0009834,ChIP-seq:H3K9me3,ChIP-seq:H3K4me1,0.05467929621863235,4.0,ChIP-seq:H3K4me1 x ChIP-seq:H3K9me3
UBERON:0009834,ChIP-seq:H3K9me3,ChIP-seq:H3K4me3,0.0809200057916552,4.0,ChIP-seq:H3K4me3 x ChIP-seq:H3K9me3
UBERON:0009834,ChIP-seq:H3K9me3,ChIP-seq:H3K9ac,0.010713943839073183,2.0,ChIP-seq:H3K9ac x ChIP-seq:H3K9me3
UBERON:0009834,ChIP-seq:H3K9me3,RNA-seq,-0.008417878808390124,96.0,ChIP-seq:H3K9me3 x RNA-seq
UBERON:0009834,RNA-seq,ChIP-seq:H3K27ac,0.01719930377744493,96.0,ChIP-seq:H3K27ac x RNA-seq
UBERON:0009834,RNA-seq,ChIP-seq:H3K27me3,-0.020687682989456644,48.0,ChIP-seq:H3K27me3 x RNA-seq
UBERON:0009834,RNA-seq,ChIP-seq:H3K36me3,0.010276544389995278,96.0,ChIP-seq:H3K36me3 x RNA-seq
UBERON:0009834,RNA-seq,ChIP-seq:H3K4me1,0.0035496334492725965,96.0,ChIP-seq:H3K4me1 x RNA-seq
UBERON:0009834,RNA-seq,ChIP-seq:H3K4me3,0.007821701327774011,96.0,ChIP-seq:H3K4me3 x RNA-seq
UBERON:0009834,RNA-seq,ChIP-seq:H3K9ac,0.008826509912808735,48.0,ChIP-seq:H3K9ac x RNA-seq
UBERON:0009834,RNA-seq,ChIP-seq:H3K9me3,-0.013120277530133501,96.0,ChIP-seq:H3K9me3 x RNA-seq
UBERON:0000320,ChIP-seq:H3K27ac,ChIP-seq:H3K27me3,0.04997914646229992,2.0,ChIP-seq:H3K27ac x ChIP-seq:H3K27me3
UBERON:0000320,ChIP-seq:H3K27ac,ChIP-seq:H3K36me3,0.028955026351391,2.0,ChIP-seq:H3K27ac x ChIP-seq:H3K36me3
UBERON:0000320,ChIP-seq:H3K27ac,ChIP-seq:H3K4me1,-0.07983508771234522,2.0,ChIP-seq:H3K27ac x ChIP-seq:H3K4me1
UBERON:0000320,ChIP-seq:H3K27ac,ChIP-seq:H3K4me3,0.07621567299432844,2.0,ChIP-seq:H3K27ac x ChIP-seq:H3K4me3
UBERON:0000320,ChIP-seq:H3K27ac,ChIP-seq:H3K9ac,0.19821247275994747,2.0,ChIP-seq:H3K27ac x ChIP-seq:H3K9ac
UBERON:0000320,ChIP-seq:H3K27ac,ChIP-seq:H3K9me3,0.06291479893614738,2.0,ChIP-seq:H3K27ac x ChIP-seq:H3K9me3
UBERON:0000320,ChIP-seq:H3K27me3,ChIP-seq:H3K27ac,0.05491022075767871,2.0,ChIP-seq:H3K27ac x ChIP-seq:H3K27me3
UBERON:0000320,ChIP-seq:H3K27me3,ChIP-seq:H3K36me3,-0.014959059259358871,4.0,ChIP-seq:H3K27me3 x ChIP-seq:H3K36me3
UBERON:0000320,ChIP-seq:H3K27me3,ChIP-seq:H3K4me1,-0.026010874384006517,4.0,ChIP-seq:H3K27me3 x ChIP-seq:H3K4me1
UBERON:0000320,ChIP-seq:H3K27me3,ChIP-seq:H3K4me3,-0.016956784183629482,4.0,ChIP-seq:H3K27me3 x ChIP-seq:H3K4me3
UBERON:0000320,ChIP-seq:H3K27me3,ChIP-seq:H3K9ac,-0.011169209620174099,4.0,ChIP-seq:H3K27me3 x ChIP-seq:H3K9ac
UBERON:0000320,ChIP-seq:H3K27me3,ChIP-seq:H3K9me3,-0.0034121577157063404,4.0,ChIP-seq:H3K27me3 x ChIP-seq:H3K9me3
UBERON:0000320,ChIP-seq:H3K36me3,ChIP-seq:H3K27ac,0.020746405201929587,2.0,ChIP-seq:H3K27ac x ChIP-seq:H3K36me3
UBERON:0000320,ChIP-seq:H3K36me3,ChIP-seq:H3K27me3,-0.017471333782624644,4.0,ChIP-seq:H3K27me3 x ChIP-seq:H3K36me3
UBERON:0000320,ChIP-seq:H3K36me3,ChIP-seq:H3K4me1,-0.010320768442228845,4.0,ChIP-seq:H3K36me3 x ChIP-seq:H3K4me1
UBERON:0000320,ChIP-seq:H3K36me3,ChIP-seq:H3K4me3,0.02896623348242769,4.0,ChIP-seq:H3K36me3 x ChIP-seq:H3K4me3
UBERON:0000320,ChIP-seq:H3K36me3,ChIP-seq:H3K9ac,0.027839699570013546,4.0,ChIP-seq:H3K36me3 x ChIP-seq:H3K9ac
UBERON:0000320,ChIP-seq:H3K36me3,ChIP-seq:H3K9me3,0.08971658148122637,4.0,ChIP-seq:H3K36me3 x ChIP-seq:H3K9me3
UBERON:0000320,ChIP-seq:H3K4me1,ChIP-seq:H3K27ac,-0.0816966078163665,2.0,ChIP-seq:H3K27ac x ChIP-seq:H3K4me1
UBERON:0000320,ChIP-seq:H3K4me1,ChIP-seq:H3K27me3,-0.011526450611694009,4.0,ChIP-seq:H3K27me3 x ChIP-seq:H3K4me1
UBERON:0000320,ChIP-seq:H3K4me1,ChIP-seq:H3K36me3,-0.010675530603274384,4.0,ChIP-seq:H3K36me3 x ChIP-seq:H3K4me1
UBERON:0000320,ChIP-seq:H3K4me1,ChIP-seq:H3K4me3,0.09544851136541813,4.0,ChIP-seq:H3K4me1 x ChIP-seq:H3K4me3
UBERON:0000320,ChIP-seq:H3K4me1,ChIP-seq:H3K9ac,0.0305254054921014,4.0,ChIP-seq:H3K4me1 x ChIP-seq:H3K9ac
UBERON:0000320,ChIP-seq:H3K4me1,ChIP-seq:H3K9me3,0.01909054677640454,4.0,ChIP-seq:H3K4me1 x ChIP-seq:H3K9me3
UBERON:0000320,ChIP-seq:H3K4me3,ChIP-seq:H3K27ac,0.12015020810527566,2.0,ChIP-seq:H3K27ac x ChIP-seq:H3K4me3
UBERON:0000320,ChIP-seq:H3K4me3,ChIP-seq:H3K27me3,-0.016564524261485462,4.0,ChIP-seq:H3K27me3 x ChIP-seq:H3K4me3
UBERON:0000320,ChIP-seq:H3K4me3,ChIP-seq:H3K36me3,0.04560376022090303,4.0,ChIP-seq:H3K36me3 x ChIP-seq:H3K4me3
UBERON:0000320,ChIP-seq:H3K4me3,ChIP-seq:H3K4me1,0.07535106244960119,4.0,ChIP-seq:H3K4me1 x ChIP-seq:H3K4me3
UBERON:0000320,ChIP-seq:H3K4me3,ChIP-seq:H3K9ac,0.34023256204566177,4.0,ChIP-seq:H3K4me3 x ChIP-seq:H3K9ac
UBERON:0000320,ChIP-seq:H3K4me3,ChIP-seq:H3K9me3,0.09295756997687094,4.0,ChIP-seq:H3K4me3 x ChIP-seq:H3K9me3
UBERON:0000320,ChIP-seq:H3K9ac,ChIP-seq:H3K27ac,0.2439009024773115,2.0,ChIP-seq:H3K27ac x ChIP-seq:H3K9ac
UBERON:0000320,ChIP-seq:H3K9ac,ChIP-seq:H3K27me3,-0.002986389906764718,4.0,ChIP-seq:H3K27me3 x ChIP-seq:H3K9ac
UBERON:0000320,ChIP-seq:H3K9ac,ChIP-seq:H3K36me3,0.04922234251144084,4.0,ChIP-seq:H3K36me3 x ChIP-seq:H3K9ac
UBERON:0000320,ChIP-seq:H3K9ac,ChIP-seq:H3K4me1,0.03417355416576719,4.0,ChIP-seq:H3K4me1 x ChIP-seq:H3K9ac
UBERON:0000320,ChIP-seq:H3K9ac,ChIP-seq:H3K4me3,0.3642344586203031,4.0,ChIP-seq:H3K4me3 x ChIP-seq:H3K9ac
UBERON:0000320,ChIP-seq:H3K9ac,ChIP-seq:H3K9me3,0.06800447454613247,4.0,ChIP-seq:H3K9ac x ChIP-seq:H3K9me3
UBERON:0000320,ChIP-seq:H3K9me3,ChIP-seq:H3K27ac,0.05986123633237533,2.0,ChIP-seq:H3K27ac x ChIP-seq:H3K9me3
UBERON:0000320,ChIP-seq:H3K9me3,ChIP-seq:H3K27me3,0.01918944126436476,4.0,ChIP-seq:H3K27me3 x ChIP-seq:H3K9me3
UBERON:0000320,ChIP-seq:H3K9me3,ChIP-seq:H3K36me3,0.09636058262053956,4.0,ChIP-seq:H3K36me3 x ChIP-seq:H3K9me3
UBERON:0000320,ChIP-seq:H3K9me3,ChIP-seq:H3K4me1,0.014377110907451703,4.0,ChIP-seq:H3K4me1 x ChIP-seq:H3K9me3
UBERON:0000320,ChIP-seq:H3K9me3,ChIP-seq:H3K4me3,0.09356950181666936,4.0,ChIP-seq:H3K4me3 x ChIP-seq:H3K9me3
UBERON:0000320,ChIP-seq:H3K9me3,ChIP-seq:H3K9ac,0.03335736783183351,4.0,ChIP-seq:H3K9ac x ChIP-seq:H3K9me3
UBERON:0000016,ChIP-seq:H3K27ac,ChIP-seq:H3K27me3,-0.1268586691232086,4.0,ChIP-seq:H3K27ac x ChIP-seq:H3K27me3
UBERON:0000016,ChIP-seq:H3K27ac,ChIP-seq:H3K36me3,-0.016166086893211654,4.0,ChIP-seq:H3K27ac x ChIP-seq:H3K36me3
UBERON:0000016,ChIP-seq:H3K27ac,ChIP-seq:H3K4me1,0.2251788727084144,4.0,ChIP-seq:H3K27ac x ChIP-seq:H3K4me1
UBERON:0000016,ChIP-seq:H3K27ac,ChIP-seq:H3K4me3,0.23428521562959548,4.0,ChIP-seq:H3K27ac x ChIP-seq:H3K4me3
UBERON:0000016,ChIP-seq:H3K27ac,ChIP-seq:H3K9ac,0.2323649489879608,2.0,ChIP-seq:H3K27ac x ChIP-seq:H3K9ac
UBERON:0000016,ChIP-seq:H3K27ac,ChIP-seq:H3K9me3,0.0051862684842408375,4.0,ChIP-seq:H3K27ac x ChIP-seq:H3K9me3
UBERON:0000016,ChIP-seq:H3K27ac,polyA plus RNA-seq,0.04194210366659962,8.0,ChIP-seq:H3K27ac x polyA plus RNA-seq
UBERON:0000016,ChIP-seq:H3K27me3,ChIP-seq:H3K27ac,-0.1283776253832053,4.0,ChIP-seq:H3K27ac x ChIP-seq:H3K27me3
UBERON:0000016,ChIP-seq:H3K27me3,ChIP-seq:H3K36me3,0.02791760473492298,4.0,ChIP-seq:H3K27me3 x ChIP-seq:H3K36me3
UBERON:0000016,ChIP-seq:H3K27me3,ChIP-seq:H3K4me1,-0.056572454548924345,4.0,ChIP-seq:H3K27me3 x ChIP-seq:H3K4me1
UBERON:0000016,ChIP-seq:H3K27me3,ChIP-seq:H3K4me3,-0.027103400676049917,4.0,ChIP-seq:H3K27me3 x ChIP-seq:H3K4me3
UBERON:0000016,ChIP-seq:H3K27me3,ChIP-seq:H3K9ac,-0.052213317453861235,2.0,ChIP-seq:H3K27me3 x ChIP-seq:H3K9ac
UBERON:0000016,ChIP-seq:H3K27me3,ChIP-seq:H3K9me3,0.0991760366753246,4.0,ChIP-seq:H3K27me3 x ChIP-seq:H3K9me3
UBERON:0000016,ChIP-seq:H3K27me3,polyA plus RNA-seq,-0.0528931216328735,8.0,ChIP-seq:H3K27me3 x polyA plus RNA-seq
UBERON:0000016,ChIP-seq:H3K36me3,ChIP-seq:H3K27ac,-0.003232799363409325,4.0,ChIP-seq:H3K27ac x ChIP-seq:H3K36me3
UBERON:0000016,ChIP-seq:H3K36me3,ChIP-seq:H3K27me3,-0.00656549884490884,4.0,ChIP-seq:H3K27me3 x ChIP-seq:H3K36me3
UBERON:0000016,ChIP-seq:H3K36me3,ChIP-seq:H3K4me1,-0.0699670310513895,4.0,ChIP-seq:H3K36me3 x ChIP-seq:H3K4me1
UBERON:0000016,ChIP-seq:H3K36me3,ChIP-seq:H3K4me3,-0.003638804829287752,4.0,ChIP-seq:H3K36me3 x ChIP-seq:H3K4me3
UBERON:0000016,ChIP-seq:H3K36me3,ChIP-seq:H3K9ac,0.007019015252590178,2.0,ChIP-seq:H3K36me3 x ChIP-seq:H3K9ac
UBERON:0000016,ChIP-seq:H3K36me3,ChIP-seq:H3K9me3,0.06778787243902014,4.0,ChIP-seq:H3K36me3 x ChIP-seq:H3K9me3
UBERON:0000016,ChIP-seq:H3K36me3,polyA plus RNA-seq,0.03730101471160262,8.0,ChIP-seq:H3K36me3 x polyA plus RNA-seq
UBERON:0000016,ChIP-seq:H3K4me1,ChIP-seq:H3K27ac,0.24593369144460428,4.0,ChIP-seq:H3K27ac x ChIP-seq:H3K4me1
UBERON:0000016,ChIP-seq:H3K4me1,ChIP-seq:H3K27me3,-0.05851267631343335,4.0,ChIP-seq:H3K27me3 x ChIP-seq:H3K4me1
UBERON:0000016,ChIP-seq:H3K4me1,ChIP-seq:H3K36me3,-0.061278841834753114,4.0,ChIP-seq:H3K36me3 x ChIP-seq:H3K4me1
UBERON:0000016,ChIP-seq:H3K4me1,ChIP-seq:H3K4me3,-0.07418472786373068,4.0,ChIP-seq:H3K4me1 x ChIP-seq:H3K4me3
UBERON:0000016,ChIP-seq:H3K4me1,ChIP-seq:H3K9ac,0.09581345111131669,2.0,ChIP-seq:H3K4me1 x ChIP-seq:H3K9ac
UBERON:0000016,ChIP-seq:H3K4me1,ChIP-seq:H3K9me3,-0.022726171126777536,4.0,ChIP-seq:H3K4me1 x ChIP-seq:H3K9me3
UBERON:0000016,ChIP-seq:H3K4me1,polyA plus RNA-seq,0.018366011315876195,8.0,ChIP-seq:H3K4me1 x polyA plus RNA-seq
UBERON:0000016,ChIP-seq:H3K4me3,ChIP-seq:H3K27ac,0.19510795888693436,4.0,ChIP-seq:H3K27ac x ChIP-seq:H3K4me3
UBERON:0000016,ChIP-seq:H3K4me3,ChIP-seq:H3K27me3,-0.03041955105142097,4.0,ChIP-seq:H3K27me3 x ChIP-seq:H3K4me3
UBERON:0000016,ChIP-seq:H3K4me3,ChIP-seq:H3K36me3,0.013764546827432958,4.0,ChIP-seq:H3K36me3 x ChIP-seq:H3K4me3
UBERON:0000016,ChIP-seq:H3K4me3,ChIP-seq:H3K4me1,-0.08698617247610144,4.0,ChIP-seq:H3K4me1 x ChIP-seq:H3K4me3
UBERON:0000016,ChIP-seq:H3K4me3,ChIP-seq:H3K9ac,0.2496275591850281,2.0,ChIP-seq:H3K4me3 x ChIP-seq:H3K9ac
UBERON:0000016,ChIP-seq:H3K4me3,ChIP-seq:H3K9me3,0.022824756822056987,4.0,ChIP-seq:H3K4me3 x ChIP-seq:H3K9me3
UBERON:0000016,ChIP-seq:H3K4me3,polyA plus RNA-seq,0.022853354255129348,8.0,ChIP-seq:H3K4me3 x polyA plus RNA-seq
UBERON:0000016,ChIP-seq:H3K9ac,ChIP-seq:H3K27ac,0.23879537208480126,2.0,ChIP-seq:H3K27ac x ChIP-seq:H3K9ac
UBERON:0000016,ChIP-seq:H3K9ac,ChIP-seq:H3K27me3,-0.06701955345669233,2.0,ChIP-seq:H3K27me3 x ChIP-seq:H3K9ac
UBERON:0000016,ChIP-seq:H3K9ac,ChIP-seq:H3K36me3,-0.01133924199545637,2.0,ChIP-seq:H3K36me3 x ChIP-seq:H3K9ac
UBERON:0000016,ChIP-seq:H3K9ac,ChIP-seq:H3K4me1,0.06463046628432195,2.0,ChIP-seq:H3K4me1 x ChIP-seq:H3K9ac
UBERON:0000016,ChIP-seq:H3K9ac,ChIP-seq:H3K4me3,0.2909248571529567,2.0,ChIP-seq:H3K4me3 x ChIP-seq:H3K9ac
UBERON:0000016,ChIP-seq:H3K9ac,ChIP-seq:H3K9me3,0.0003322703408056432,2.0,ChIP-seq:H3K9ac x ChIP-seq:H3K9me3
UBERON:0000016,ChIP-seq:H3K9ac,polyA plus RNA-seq,0.021047022827076982,4.0,ChIP-seq:H3K9ac x polyA plus RNA-seq
UBERON:0000016,ChIP-seq:H3K9me3,ChIP-seq:H3K27ac,0.0018964684886499223,4.0,ChIP-seq:H3K27ac x ChIP-seq:H3K9me3
UBERON:0000016,ChIP-seq:H3K9me3,ChIP-seq:H3K27me3,0.11253693208873616,4.0,ChIP-seq:H3K27me3 x ChIP-seq:H3K9me3
UBERON:0000016,ChIP-seq:H3K9me3,ChIP-seq:H3K36me3,0.09996420240148585,4.0,ChIP-seq:H3K36me3 x ChIP-seq:H3K9me3
UBERON:0000016,ChIP-seq:H3K9me3,ChIP-seq:H3K4me1,-0.029208017589493852,4.0,ChIP-seq:H3K4me1 x ChIP-seq:H3K9me3
UBERON:0000016,ChIP-seq:H3K9me3,ChIP-seq:H3K4me3,0.0009921776461545555,4.0,ChIP-seq:H3K4me3 x ChIP-seq:H3K9me3
UBERON:0000016,ChIP-seq:H3K9me3,ChIP-seq:H3K9ac,0.025795223340392113,2.0,ChIP-seq:H3K9ac x ChIP-seq:H3K9me3
UBERON:0000016,ChIP-seq:H3K9me3,polyA plus RNA-seq,-0.0037490980074303465,8.0,ChIP-seq:H3K9me3 x polyA plus RNA-seq
UBERON:0000016,polyA plus RNA-seq,ChIP-seq:H3K27ac,0.04855352816004191,8.0,ChIP-seq:H3K27ac x polyA plus RNA-seq
UBERON:0000016,polyA plus RNA-seq,ChIP-seq:H3K27me3,-0.05639809721036453,8.0,ChIP-seq:H3K27me3 x polyA plus RNA-seq
UBERON:0000016,polyA plus RNA-seq,ChIP-seq:H3K36me3,0.044249548239910855,8.0,ChIP-seq:H3K36me3 x polyA plus RNA-seq
UBERON:0000016,polyA plus RNA-seq,ChIP-seq:H3K4me1,0.013907666089104823,8.0,ChIP-seq:H3K4me1 x polyA plus RNA-seq
UBERON:0000016,polyA plus RNA-seq,ChIP-seq:H3K4me3,0.02473193810921963,8.0,ChIP-seq:H3K4me3 x polyA plus RNA-seq
UBERON:0000016,polyA plus RNA-seq,ChIP-seq:H3K9ac,0.024596115350723265,4.0,ChIP-seq:H3K9ac x polyA plus RNA-seq
UBERON:0000016,polyA plus RNA-seq,ChIP-seq:H3K9me3,-0.005679335167861722,8.0,ChIP-seq:H3K9me3 x polyA plus RNA-seq
UBERON:0001043,ChIP-seq:H3K27ac,ChIP-seq:H3K27me3,-0.021229822624668566,4.0,ChIP-seq:H3K27ac x ChIP-seq:H3K27me3
UBERON:0001043,ChIP-seq:H3K27ac,ChIP-seq:H3K36me3,-0.005311428509811138,4.0,ChIP-seq:H3K27ac x ChIP-seq:H3K36me3
UBERON:0001043,ChIP-seq:H3K27ac,ChIP-seq:H3K4me1,0.15694073518442977,4.0,ChIP-seq:H3K27ac x ChIP-seq:H3K4me1
UBERON:0001043,ChIP-seq:H3K27ac,ChIP-seq:H3K4me3,0.1327303291481232,4.0,ChIP-seq:H3K27ac x ChIP-seq:H3K4me3
UBERON:0001043,ChIP-seq:H3K27ac,ChIP-seq:H3K9me3,0.04390765814466423,4.0,ChIP-seq:H3K27ac x ChIP-seq:H3K9me3
UBERON:0001043,ChIP-seq:H3K27ac,polyA plus RNA-seq,0.013198654658512696,8.0,ChIP-seq:H3K27ac x polyA plus RNA-seq
UBERON:0001043,ChIP-seq:H3K27me3,ChIP-seq:H3K27ac,-0.016972532420656328,4.0,ChIP-seq:H3K27ac x ChIP-seq:H3K27me3
UBERON:0001043,ChIP-seq:H3K27me3,ChIP-seq:H3K36me3,0.108467180678185,4.0,ChIP-seq:H3K27me3 x ChIP-seq:H3K36me3
UBERON:0001043,ChIP-seq:H3K27me3,ChIP-seq:H3K4me1,0.09845026203843414,4.0,ChIP-seq:H3K27me3 x ChIP-seq:H3K4me1
UBERON:0001043,ChIP-seq:H3K27me3,ChIP-seq:H3K4me3,0.04096017750067132,4.0,ChIP-seq:H3K27me3 x ChIP-seq:H3K4me3
UBERON:0001043,ChIP-seq:H3K27me3,ChIP-seq:H3K9me3,0.0757865858881661,4.0,ChIP-seq:H3K27me3 x ChIP-seq:H3K9me3
UBERON:0001043,ChIP-seq:H3K27me3,polyA plus RNA-seq,-0.010345037403900272,8.0,ChIP-seq:H3K27me3 x polyA plus RNA-seq
UBERON:0001043,ChIP-seq:H3K36me3,ChIP-seq:H3K27ac,-0.012902994437710098,4.0,ChIP-seq:H3K27ac x ChIP-seq:H3K36me3
UBERON:0001043,ChIP-seq:H3K36me3,ChIP-seq:H3K27me3,0.1095859715015213,4.0,ChIP-seq:H3K27me3 x ChIP-seq:H3K36me3
UBERON:0001043,ChIP-seq:H3K36me3,ChIP-seq:H3K4me1,0.127874990222884,4.0,ChIP-seq:H3K36me3 x ChIP-seq:H3K4me1
UBERON:0001043,ChIP-seq:H3K36me3,ChIP-seq:H3K4me3,0.03304396030083995,4.0,ChIP-seq:H3K36me3 x ChIP-seq:H3K4me3
UBERON:0001043,ChIP-seq:H3K36me3,ChIP-seq:H3K9me3,0.08907685956258451,4.0,ChIP-seq:H3K36me3 x ChIP-seq:H3K9me3
UBERON:0001043,ChIP-seq:H3K36me3,polyA plus RNA-seq,0.024385858048021965,8.0,ChIP-seq:H3K36me3 x polyA plus RNA-seq
UBERON:0001043,ChIP-seq:H3K4me1,ChIP-seq:H3K27ac,0.16497550460492602,4.0,ChIP-seq:H3K27ac x ChIP-seq:H3K4me1
UBERON:0001043,ChIP-seq:H3K4me1,ChIP-seq:H3K27me3,0.08489297580167737,4.0,ChIP-seq:H3K27me3 x ChIP-seq:H3K4me1
UBERON:0001043,ChIP-seq:H3K4me1,ChIP-seq:H3K36me3,0.12478946466395195,4.0,ChIP-seq:H3K36me3 x ChIP-seq:H3K4me1
UBERON:0001043,ChIP-seq:H3K4me1,ChIP-seq:H3K4me3,0.012625302492736657,4.0,ChIP-seq:H3K4me1 x ChIP-seq:H3K4me3
UBERON:0001043,ChIP-seq:H3K4me1,ChIP-seq:H3K9me3,0.208544360787681,4.0,ChIP-seq:H3K4me1 x ChIP-seq:H3K9me3
UBERON:0001043,ChIP-seq:H3K4me1,polyA plus RNA-seq,0.006178495047415369,8.0,ChIP-seq:H3K4me1 x polyA plus RNA-seq
UBERON:0001043,ChIP-seq:H3K4me3,ChIP-seq:H3K27ac,0.08838941962082195,4.0,ChIP-seq:H3K27ac x ChIP-seq:H3K4me3
UBERON:0001043,ChIP-seq:H3K4me3,ChIP-seq:H3K27me3,0.0251854352351558,4.0,ChIP-seq:H3K27me3 x ChIP-seq:H3K4me3
UBERON:0001043,ChIP-seq:H3K4me3,ChIP-seq:H3K36me3,0.03552029527565266,4.0,ChIP-seq:H3K36me3 x ChIP-seq:H3K4me3
UBERON:0001043,ChIP-seq:H3K4me3,ChIP-seq:H3K4me1,0.019415197293452226,4.0,ChIP-seq:H3K4me1 x ChIP-seq:H3K4me3
UBERON:0001043,ChIP-seq:H3K4me3,ChIP-seq:H3K9me3,0.04324003191811315,4.0,ChIP-seq:H3K4me3 x ChIP-seq:H3K9me3
UBERON:0001043,ChIP-seq:H3K4me3,polyA plus RNA-seq,0.008897997159779243,8.0,ChIP-seq:H3K4me3 x polyA plus RNA-seq
UBERON:0001043,ChIP-seq:H3K9me3,ChIP-seq:H3K27ac,0.03282307359094945,4.0,ChIP-seq:H3K27ac x ChIP-seq:H3K9me3
UBERON:0001043,ChIP-seq:H3K9me3,ChIP-seq:H3K27me3,0.09018323497276086,4.0,ChIP-seq:H3K27me3 x ChIP-seq:H3K9me3
UBERON:0001043,ChIP-seq:H3K9me3,ChIP-seq:H3K36me3,0.08961194563419261,4.0,ChIP-seq:H3K36me3 x ChIP-seq:H3K9me3
UBERON:0001043,ChIP-seq:H3K9me3,ChIP-seq:H3K4me1,0.21937802613107232,4.0,ChIP-seq:H3K4me1 x ChIP-seq:H3K9me3
UBERON:0001043,ChIP-seq:H3K9me3,ChIP-seq:H3K4me3,0.0346819674160993,4.0,ChIP-seq:H3K4me3 x ChIP-seq:H3K9me3
UBERON:0001043,ChIP-seq:H3K9me3,polyA plus RNA-seq,0.005648155111594055,8.0,ChIP-seq:H3K9me3 x polyA plus RNA-seq
UBERON:0001043,polyA plus RNA-seq,ChIP-seq:H3K27ac,0.015258676517083777,8.0,ChIP-seq:H3K27ac x polyA plus RNA-seq
UBERON:0001043,polyA plus RNA-seq,ChIP-seq:H3K27me3,-0.012870831576558207,8.0,ChIP-seq:H3K27me3 x polyA plus RNA-seq
UBERON:0001043,polyA plus RNA-seq,ChIP-seq:H3K36me3,0.004474605730873472,8.0,ChIP-seq:H3K36me3 x polyA plus RNA-seq
UBERON:0001043,polyA plus RNA-seq,ChIP-seq:H3K4me1,0.0029530460880102354,8.0,ChIP-seq:H3K4me1 x polyA plus RNA-seq
UBERON:0001043,polyA plus RNA-seq,ChIP-seq:H3K4me3,0.011923685391372611,8.0,ChIP-seq:H3K4me3 x polyA plus RNA-seq
UBERON:0001043,polyA plus RNA-seq,ChIP-seq:H3K9me3,0.010157537751234649,8.0,ChIP-seq:H3K9me3 x polyA plus RNA-seq
UBERON:0004648,DNase-seq,ChIP-seq:H3K27ac,0.014715595285833619,1.0,ChIP-seq:H3K27ac x DNase-seq
UBERON:0004648,DNase-seq,ChIP-seq:H3K36me3,-0.03328616041000243,1.0,ChIP-seq:H3K36me3 x DNase-seq
UBERON:0004648,DNase-seq,ChIP-seq:H3K4me1,-0.02382129859989104,1.0,ChIP-seq:H3K4me1 x DNase-seq
UBERON:0004648,DNase-seq,ChIP-seq:H3K4me3,0.003138723241728411,1.0,ChIP-seq:H3K4me3 x DNase-seq
UBERON:0004648,DNase-seq,ChIP-seq:CTCF,0.01198687382263712,3.0,ChIP-seq:CTCF x DNase-seq
UBERON:0004648,DNase-seq,RNA-seq,0.010363529982695671,8.0,DNase-seq x RNA-seq
UBERON:0004648,DNase-seq,ChIP-seq:POLR2A,0.01615665957593082,1.0,ChIP-seq:POLR2A x DNase-seq
UBERON:0004648,DNase-seq,ChIP-seq:POLR2AphosphoS5,0.04734438437002675,3.0,ChIP-seq:POLR2AphosphoS5 x DNase-seq
UBERON:0004648,DNase-seq,ChIP-seq:EP300,0.012456685304641724,1.0,ChIP-seq:EP300 x DNase-seq
UBERON:0004648,ChIP-seq:H3K27ac,DNase-seq,-0.02735754703877824,1.0,ChIP-seq:H3K27ac x DNase-seq
UBERON:0004648,ChIP-seq:H3K27ac,ChIP-seq:H3K36me3,0.07020680046586132,1.0,ChIP-seq:H3K27ac x ChIP-seq:H3K36me3
UBERON:0004648,ChIP-seq:H3K27ac,ChIP-seq:H3K4me1,0.10095734570337378,1.0,ChIP-seq:H3K27ac x ChIP-seq:H3K4me1
UBERON:0004648,ChIP-seq:H3K27ac,ChIP-seq:H3K4me3,0.17224891573883766,1.0,ChIP-seq:H3K27ac x ChIP-seq:H3K4me3
UBERON:0004648,ChIP-seq:H3K27ac,ChIP-seq:CTCF,0.020011580619874965,3.0,ChIP-seq:CTCF x ChIP-seq:H3K27ac
UBERON:0004648,ChIP-seq:H3K27ac,RNA-seq,0.0417319783263988,8.0,ChIP-seq:H3K27ac x RNA-seq
UBERON:0004648,ChIP-seq:H3K27ac,ChIP-seq:POLR2A,0.05490651047020628,1.0,ChIP-seq:H3K27ac x ChIP-seq:POLR2A
UBERON:0004648,ChIP-seq:H3K27ac,ChIP-seq:POLR2AphosphoS5,0.0410209585119177,3.0,ChIP-seq:H3K27ac x ChIP-seq:POLR2AphosphoS5
UBERON:0004648,ChIP-seq:H3K27ac,ChIP-seq:EP300,-0.027022728696465492,1.0,ChIP-seq:EP300 x ChIP-seq:H3K27ac
UBERON:0004648,ChIP-seq:H3K36me3,DNase-seq,-0.01993285663004553,1.0,ChIP-seq:H3K36me3 x DNase-seq
UBERON:0004648,ChIP-seq:H3K36me3,ChIP-seq:H3K27ac,0.05579386375568531,1.0,ChIP-seq:H3K27ac x ChIP-seq:H3K36me3
UBERON:0004648,ChIP-seq:H3K36me3,ChIP-seq:H3K4me1,0.10095405060312022,1.0,ChIP-seq:H3K36me3 x ChIP-seq:H3K4me1
UBERON:0004648,ChIP-seq:H3K36me3,ChIP-seq:H3K4me3,0.0018718191011007426,1.0,ChIP-seq:H3K36me3 x ChIP-seq:H3K4me3
UBERON:0004648,ChIP-seq:H3K36me3,ChIP-seq:CTCF,-0.007475019829107983,3.0,ChIP-seq:CTCF x ChIP-seq:H3K36me3
UBERON:0004648,ChIP-seq:H3K36me3,RNA-seq,-0.007682763942630164,8.0,ChIP-seq:H3K36me3 x RNA-seq
UBERON:0004648,ChIP-seq:H3K36me3,ChIP-seq:POLR2A,-0.00254399893119147,1.0,ChIP-seq:H3K36me3 x ChIP-seq:POLR2A
UBERON:0004648,ChIP-seq:H3K36me3,ChIP-seq:POLR2AphosphoS5,0.03164700059979051,3.0,ChIP-seq:H3K36me3 x ChIP-seq:POLR2AphosphoS5
UBERON:0004648,ChIP-seq:H3K36me3,ChIP-seq:EP300,0.006469745188951492,1.0,ChIP-seq:EP300 x ChIP-seq:H3K36me3
UBERON:0004648,ChIP-seq:H3K4me1,DNase-seq,-0.008447474098565645,1.0,ChIP-seq:H3K4me1 x DNase-seq
UBERON:0004648,ChIP-seq:H3K4me1,ChIP-seq:H3K27ac,0.08307266566488478,1.0,ChIP-seq:H3K27ac x ChIP-seq:H3K4me1
UBERON:0004648,ChIP-seq:H3K4me1,ChIP-seq:H3K36me3,0.08705770370190737,1.0,ChIP-seq:H3K36me3 x ChIP-seq:H3K4me1
UBERON:0004648,ChIP-seq:H3K4me1,ChIP-seq:H3K4me3,-0.05542836849426114,1.0,ChIP-seq:H3K4me1 x ChIP-seq:H3K4me3
UBERON:0004648,ChIP-seq:H3K4me1,ChIP-seq:CTCF,0.002468027420366555,3.0,ChIP-seq:CTCF x ChIP-seq:H3K4me1
UBERON:0004648,ChIP-seq:H3K4me1,RNA-seq,0.001651932753073914,8.0,ChIP-seq:H3K4me1 x RNA-seq
UBERON:0004648,ChIP-seq:H3K4me1,ChIP-seq:POLR2A,0.006195761982286184,1.0,ChIP-seq:H3K4me1 x ChIP-seq:POLR2A
UBERON:0004648,ChIP-seq:H3K4me1,ChIP-seq:POLR2AphosphoS5,0.003829132351610396,3.0,ChIP-seq:H3K4me1 x ChIP-seq:POLR2AphosphoS5
UBERON:0004648,ChIP-seq:H3K4me1,ChIP-seq:EP300,-0.0207752026617527,1.0,ChIP-seq:EP300 x ChIP-seq:H3K4me1
UBERON:0004648,ChIP-seq:H3K4me3,DNase-seq,-0.07331500884269992,1.0,ChIP-seq:H3K4me3 x DNase-seq
UBERON:0004648,ChIP-seq:H3K4me3,ChIP-seq:H3K27ac,0.18285787841420115,1.0,ChIP-seq:H3K27ac x ChIP-seq:H3K4me3
UBERON:0004648,ChIP-seq:H3K4me3,ChIP-seq:H3K36me3,0.03683416777975345,1.0,ChIP-seq:H3K36me3 x ChIP-seq:H3K4me3
UBERON:0004648,ChIP-seq:H3K4me3,ChIP-seq:H3K4me1,-0.02515947640590046,1.0,ChIP-seq:H3K4me1 x ChIP-seq:H3K4me3
UBERON:0004648,ChIP-seq:H3K4me3,ChIP-seq:CTCF,0.022155036627262738,3.0,ChIP-seq:CTCF x ChIP-seq:H3K4me3
UBERON:0004648,ChIP-seq:H3K4me3,RNA-seq,0.030906247183008037,8.0,ChIP-seq:H3K4me3 x RNA-seq
UBERON:0004648,ChIP-seq:H3K4me3,ChIP-seq:POLR2A,0.027494132780192193,1.0,ChIP-seq:H3K4me3 x ChIP-seq:POLR2A
UBERON:0004648,ChIP-seq:H3K4me3,ChIP-seq:POLR2AphosphoS5,0.009802858034769713,3.0,ChIP-seq:H3K4me3 x ChIP-seq:POLR2AphosphoS5
UBERON:0004648,ChIP-seq:H3K4me3,ChIP-seq:EP300,-0.03446241095662117,1.0,ChIP-seq:EP300 x ChIP-seq:H3K4me3
UBERON:0004648,ChIP-seq:CTCF,DNase-seq,-0.020810264216188493,3.0,ChIP-seq:CTCF x DNase-seq
UBERON:0004648,ChIP-seq:CTCF,ChIP-seq:H3K27ac,0.024605421127115258,3.0,ChIP-seq:CTCF x ChIP-seq:H3K27ac
UBERON:0004648,ChIP-seq:CTCF,ChIP-seq:H3K36me3,-0.013863450609397216,3.0,ChIP-seq:CTCF x ChIP-seq:H3K36me3
UBERON:0004648,ChIP-seq:CTCF,ChIP-seq:H3K4me1,0.013318231896213862,3.0,ChIP-seq:CTCF x ChIP-seq:H3K4me1
UBERON:0004648,ChIP-seq:CTCF,ChIP-seq:H3K4me3,0.032435801417328596,3.0,ChIP-seq:CTCF x ChIP-seq:H3K4me3
UBERON:0004648,ChIP-seq:CTCF,RNA-seq,0.007064367561163831,24.0,ChIP-seq:CTCF x RNA-seq
UBERON:0004648,ChIP-seq:CTCF,ChIP-seq:POLR2A,0.057366859843159285,3.0,ChIP-seq:CTCF x ChIP-seq:POLR2A
UBERON:0004648,ChIP-seq:CTCF,ChIP-seq:POLR2AphosphoS5,-0.009673766883802996,9.0,ChIP-seq:CTCF x ChIP-seq:POLR2AphosphoS5
UBERON:0004648,ChIP-seq:CTCF,ChIP-seq:EP300,-0.01828081409136454,3.0,ChIP-seq:CTCF x ChIP-seq:EP300
UBERON:0004648,RNA-seq,DNase-seq,0.010589025814114928,8.0,DNase-seq x RNA-seq
UBERON:0004648,RNA-seq,ChIP-seq:H3K27ac,0.041598260034749535,8.0,ChIP-seq:H3K27ac x RNA-seq
UBERON:0004648,RNA-seq,ChIP-seq:H3K36me3,-0.00047850143657159755,8.0,ChIP-seq:H3K36me3 x RNA-seq
UBERON:0004648,RNA-seq,ChIP-seq:H3K4me1,0.006744708298988964,8.0,ChIP-seq:H3K4me1 x RNA-seq
UBERON:0004648,RNA-seq,ChIP-seq:H3K4me3,0.023398315663947615,8.0,ChIP-seq:H3K4me3 x RNA-seq
UBERON:0004648,RNA-seq,ChIP-seq:CTCF,0.006444787440618666,24.0,ChIP-seq:CTCF x RNA-seq
UBERON:0004648,RNA-seq,ChIP-seq:POLR2A,0.004450475960447078,8.0,ChIP-seq:POLR2A x RNA-seq
UBERON:0004648,RNA-seq,ChIP-seq:POLR2AphosphoS5,0.023317376772562664,24.0,ChIP-seq:POLR2AphosphoS5 x RNA-seq
UBERON:0004648,RNA-seq,ChIP-seq:EP300,0.0001256139948964119,8.0,ChIP-seq:EP300 x RNA-seq
UBERON:0004648,ChIP-seq:POLR2A,DNase-seq,0.024906817277783294,1.0,ChIP-seq:POLR2A x DNase-seq
UBERON:0004648,ChIP-seq:POLR2A,ChIP-seq:H3K27ac,0.04623281808547032,1.0,ChIP-seq:H3K27ac x ChIP-seq:POLR2A
UBERON:0004648,ChIP-seq:POLR2A,ChIP-seq:H3K36me3,-0.029726308198872384,1.0,ChIP-seq:H3K36me3 x ChIP-seq:POLR2A
UBERON:0004648,ChIP-seq:POLR2A,ChIP-seq:H3K4me1,-0.03387783224815907,1.0,ChIP-seq:H3K4me1 x ChIP-seq:POLR2A
UBERON:0004648,ChIP-seq:POLR2A,ChIP-seq:H3K4me3,0.05146585973196252,1.0,ChIP-seq:H3K4me3 x ChIP-seq:POLR2A
UBERON:0004648,ChIP-seq:POLR2A,ChIP-seq:CTCF,0.006095820527659002,3.0,ChIP-seq:CTCF x ChIP-seq:POLR2A
UBERON:0004648,ChIP-seq:POLR2A,RNA-seq,0.012558382367294927,8.0,ChIP-seq:POLR2A x RNA-seq
UBERON:0004648,ChIP-seq:POLR2A,ChIP-seq:POLR2AphosphoS5,0.10698364840613472,3.0,ChIP-seq:POLR2A x ChIP-seq:POLR2AphosphoS5
UBERON:0004648,ChIP-seq:POLR2A,ChIP-seq:EP300,-0.03611306846141815,1.0,ChIP-seq:EP300 x ChIP-seq:POLR2A
UBERON:0004648,ChIP-seq:POLR2AphosphoS5,DNase-seq,0.058112835822804104,3.0,ChIP-seq:POLR2AphosphoS5 x DNase-seq
UBERON:0004648,ChIP-seq:POLR2AphosphoS5,ChIP-seq:H3K27ac,0.07677927527408052,3.0,ChIP-seq:H3K27ac x ChIP-seq:POLR2AphosphoS5
UBERON:0004648,ChIP-seq:POLR2AphosphoS5,ChIP-seq:H3K36me3,0.051718840759897994,3.0,ChIP-seq:H3K36me3 x ChIP-seq:POLR2AphosphoS5
UBERON:0004648,ChIP-seq:POLR2AphosphoS5,ChIP-seq:H3K4me1,0.012323970488016155,3.0,ChIP-seq:H3K4me1 x ChIP-seq:POLR2AphosphoS5
UBERON:0004648,ChIP-seq:POLR2AphosphoS5,ChIP-seq:H3K4me3,0.06768214776534444,3.0,ChIP-seq:H3K4me3 x ChIP-seq:POLR2AphosphoS5
UBERON:0004648,ChIP-seq:POLR2AphosphoS5,ChIP-seq:CTCF,0.007605030919590146,9.0,ChIP-seq:CTCF x ChIP-seq:POLR2AphosphoS5
UBERON:0004648,ChIP-seq:POLR2AphosphoS5,RNA-seq,0.030190941226548463,24.0,ChIP-seq:POLR2AphosphoS5 x RNA-seq
UBERON:0004648,ChIP-seq:POLR2AphosphoS5,ChIP-seq:POLR2A,0.0663377869198894,3.0,ChIP-seq:POLR2A x ChIP-seq:POLR2AphosphoS5
UBERON:0004648,ChIP-seq:POLR2AphosphoS5,ChIP-seq:EP300,-0.012985249360402462,3.0,ChIP-seq:EP300 x ChIP-seq:POLR2AphosphoS5
UBERON:0004648,ChIP-seq:EP300,DNase-seq,0.07512002783063751,1.0,ChIP-seq:EP300 x DNase-seq
UBERON:0004648,ChIP-seq:EP300,ChIP-seq:H3K27ac,-0.009335050543333279,1.0,ChIP-seq:EP300 x ChIP-seq:H3K27ac
UBERON:0004648,ChIP-seq:EP300,ChIP-seq:H3K36me3,0.0025466393738512033,1.0,ChIP-seq:EP300 x ChIP-seq:H3K36me3
UBERON:0004648,ChIP-seq:EP300,ChIP-seq:H3K4me1,-0.025917675508105236,1.0,ChIP-seq:EP300 x ChIP-seq:H3K4me1
UBERON:0004648,ChIP-seq:EP300,ChIP-seq:H3K4me3,-0.02450025644759799,1.0,ChIP-seq:EP300 x ChIP-seq:H3K4me3
UBERON:0004648,ChIP-seq:EP300,ChIP-seq:CTCF,-0.008192990356349314,3.0,ChIP-seq:CTCF x ChIP-seq:EP300
UBERON:0004648,ChIP-seq:EP300,RNA-seq,-0.008939323426974215,8.0,ChIP-seq:EP300 x RNA-seq
UBERON:0004648,ChIP-seq:EP300,ChIP-seq:POLR2A,-0.028269020088931965,1.0,ChIP-seq:EP300 x ChIP-seq:POLR2A
UBERON:0004648,ChIP-seq:EP300,ChIP-seq:POLR2AphosphoS5,0.010737445619371178,3.0,ChIP-seq:EP300 x ChIP-seq:POLR2AphosphoS5
UBERON:0006920,DNase-seq,ChIP-seq:H3K27ac,0.04179815589277833,1.0,ChIP-seq:H3K27ac x DNase-seq
UBERON:0006920,DNase-seq,ChIP-seq:H3K4me1,0.005575123040572456,1.0,ChIP-seq:H3K4me1 x DNase-seq
UBERON:0006920,DNase-seq,ChIP-seq:H3K4me3,0.016136903437071068,1.0,ChIP-seq:H3K4me3 x DNase-seq
UBERON:0006920,DNase-seq,ChIP-seq:CTCF,0.023489672243595126,4.0,ChIP-seq:CTCF x DNase-seq
UBERON:0006920,DNase-seq,RNA-seq,0.011028292046908528,8.0,DNase-seq x RNA-seq
UBERON:0006920,DNase-seq,ChIP-seq:POLR2A,0.03499386870499813,3.0,ChIP-seq:POLR2A x DNase-seq
UBERON:0006920,ChIP-seq:H3K27ac,DNase-seq,-0.015032405201297797,1.0,ChIP-seq:H3K27ac x DNase-seq
UBERON:0006920,ChIP-seq:H3K27ac,ChIP-seq:H3K4me1,0.12144006788730621,1.0,ChIP-seq:H3K27ac x ChIP-seq:H3K4me1
UBERON:0006920,ChIP-seq:H3K27ac,ChIP-seq:H3K4me3,0.22523570074591526,1.0,ChIP-seq:H3K27ac x ChIP-seq:H3K4me3
UBERON:0006920,ChIP-seq:H3K27ac,ChIP-seq:CTCF,0.01578183710575104,4.0,ChIP-seq:CTCF x ChIP-seq:H3K27ac
UBERON:0006920,ChIP-seq:H3K27ac,RNA-seq,0.00841827853416887,8.0,ChIP-seq:H3K27ac x RNA-seq
UBERON:0006920,ChIP-seq:H3K27ac,ChIP-seq:POLR2A,0.03254004464004978,3.0,ChIP-seq:H3K27ac x ChIP-seq:POLR2A
UBERON:0006920,ChIP-seq:H3K4me1,DNase-seq,0.039019826598522905,1.0,ChIP-seq:H3K4me1 x DNase-seq
UBERON:0006920,ChIP-seq:H3K4me1,ChIP-seq:H3K27ac,0.11694415943858064,1.0,ChIP-seq:H3K27ac x ChIP-seq:H3K4me1
UBERON:0006920,ChIP-seq:H3K4me1,ChIP-seq:H3K4me3,-0.03788821471984996,1.0,ChIP-seq:H3K4me1 x ChIP-seq:H3K4me3
UBERON:0006920,ChIP-seq:H3K4me1,ChIP-seq:CTCF,0.023584170341491698,4.0,ChIP-seq:CTCF x ChIP-seq:H3K4me1
UBERON:0006920,ChIP-seq:H3K4me1,RNA-seq,0.00012625282024190422,8.0,ChIP-seq:H3K4me1 x RNA-seq
UBERON:0006920,ChIP-seq:H3K4me1,ChIP-seq:POLR2A,-0.01644572385332801,3.0,ChIP-seq:H3K4me1 x ChIP-seq:POLR2A
UBERON:0006920,ChIP-seq:H3K4me3,DNase-seq,-0.08569977662327358,1.0,ChIP-seq:H3K4me3 x DNase-seq
UBERON:0006920,ChIP-seq:H3K4me3,ChIP-seq:H3K27ac,0.20712015915800025,1.0,ChIP-seq:H3K27ac x ChIP-seq:H3K4me3
UBERON:0006920,ChIP-seq:H3K4me3,ChIP-seq:H3K4me1,-0.03278873569291571,1.0,ChIP-seq:H3K4me1 x ChIP-seq:H3K4me3
UBERON:0006920,ChIP-seq:H3K4me3,ChIP-seq:CTCF,0.03057426035404205,4.0,ChIP-seq:CTCF x ChIP-seq:H3K4me3
UBERON:0006920,ChIP-seq:H3K4me3,RNA-seq,0.02708991222313634,8.0,ChIP-seq:H3K4me3 x RNA-seq
UBERON:0006920,ChIP-seq:H3K4me3,ChIP-seq:POLR2A,0.05064436666893238,3.0,ChIP-seq:H3K4me3 x ChIP-seq:POLR2A
UBERON:0006920,ChIP-seq:CTCF,DNase-seq,-0.029047237857601632,4.0,ChIP-seq:CTCF x DNase-seq
UBERON:0006920,ChIP-seq:CTCF,ChIP-seq:H3K27ac,0.02200825806753135,4.0,ChIP-seq:CTCF x ChIP-seq:H3K27ac
UBERON:0006920,ChIP-seq:CTCF,ChIP-seq:H3K4me1,0.036623607511105744,4.0,ChIP-seq:CTCF x ChIP-seq:H3K4me1
UBERON:0006920,ChIP-seq:CTCF,ChIP-seq:H3K4me3,0.0374156829229621,4.0,ChIP-seq:CTCF x ChIP-seq:H3K4me3
UBERON:0006920,ChIP-seq:CTCF,RNA-seq,0.0029112169123088807,32.0,ChIP-seq:CTCF x RNA-seq
UBERON:0006920,ChIP-seq:CTCF,ChIP-seq:POLR2A,0.02998131116231284,12.0,ChIP-seq:CTCF x ChIP-seq:POLR2A
UBERON:0006920,RNA-seq,DNase-seq,0.019098235686862683,8.0,DNase-seq x RNA-seq
UBERON:0006920,RNA-seq,ChIP-seq:H3K27ac,0.00878538375283465,8.0,ChIP-seq:H3K27ac x RNA-seq
UBERON:0006920,RNA-seq,ChIP-seq:H3K4me1,-0.0029381445163617972,8.0,ChIP-seq:H3K4me1 x RNA-seq
UBERON:0006920,RNA-seq,ChIP-seq:H3K4me3,0.019367074134737948,8.0,ChIP-seq:H3K4me3 x RNA-seq
UBERON:0006920,RNA-seq,ChIP-seq:CTCF,0.0055146817676723,32.0,ChIP-seq:CTCF x RNA-seq
UBERON:0006920,RNA-seq,ChIP-seq:POLR2A,0.014007136767560786,24.0,ChIP-seq:POLR2A x RNA-seq
UBERON:0006920,ChIP-seq:POLR2A,DNase-seq,0.006513527574555533,3.0,ChIP-seq:POLR2A x DNase-seq
UBERON:0006920,ChIP-seq:POLR2A,ChIP-seq:H3K27ac,0.07438946113664917,3.0,ChIP-seq:H3K27ac x ChIP-seq:POLR2A
UBERON:0006920,ChIP-seq:POLR2A,ChIP-seq:H3K4me1,-0.05692903125199719,3.0,ChIP-seq:H3K4me1 x ChIP-seq:POLR2A
UBERON:0006920,ChIP-seq:POLR2A,ChIP-seq:H3K4me3,0.07844434800998186,3.0,ChIP-seq:H3K4me3 x ChIP-seq:POLR2A
UBERON:0006920,ChIP-seq:POLR2A,ChIP-seq:CTCF,0.021562757492065446,12.0,ChIP-seq:CTCF x ChIP-seq:POLR2A
UBERON:0006920,ChIP-seq:POLR2A,RNA-seq,0.01640265032070927,24.0,ChIP-seq:POLR2A x RNA-seq
UBERON:0003662,DNase-seq,polyA plus RNA-seq,0.007933637547705855,1.0,DNase-seq x polyA plus RNA-seq
UBERON:0003662,polyA plus RNA-seq,DNase-seq,-0.009849827164415376,1.0,DNase-seq x polyA plus RNA-seq
UBERON:0001870,DNase-seq,RNA-seq,-0.017569354549922762,4.0,DNase-seq x RNA-seq
UBERON:0001870,RNA-seq,DNase-seq,-0.016228483432961495,4.0,DNase-seq x RNA-seq
UBERON:0011907,DNase-seq,ChIP-seq:H3K27ac,0.12981594668494328,9.0,ChIP-seq:H3K27ac x DNase-seq
UBERON:0011907,DNase-seq,ChIP-seq:H3K27me3,-0.08488672717597134,9.0,ChIP-seq:H3K27me3 x DNase-seq
UBERON:0011907,DNase-seq,ChIP-seq:H3K36me3,-0.06040306738082398,6.0,ChIP-seq:H3K36me3 x DNase-seq
UBERON:0011907,DNase-seq,ChIP-seq:H3K4me1,-0.08000700355886103,9.0,ChIP-seq:H3K4me1 x DNase-seq
UBERON:0011907,DNase-seq,ChIP-seq:H3K4me3,0.018039510470227643,9.0,ChIP-seq:H3K4me3 x DNase-seq
UBERON:0011907,DNase-seq,ChIP-seq:H3K9me3,-0.07651050405555897,6.0,ChIP-seq:H3K9me3 x DNase-seq
UBERON:0011907,DNase-seq,ChIP-seq:CTCF,0.01934383483347457,9.0,ChIP-seq:CTCF x DNase-seq
UBERON:0011907,DNase-seq,RNA-seq,0.02801861490107489,24.0,DNase-seq x RNA-seq
UBERON:0011907,DNase-seq,ChIP-seq:POLR2A,0.1341049217042469,6.0,ChIP-seq:POLR2A x DNase-seq
UBERON:0011907,ChIP-seq:H3K27ac,DNase-seq,0.15566264566525007,9.0,ChIP-seq:H3K27ac x DNase-seq
UBERON:0011907,ChIP-seq:H3K27ac,ChIP-seq:H3K27me3,-0.06450136440976953,9.0,ChIP-seq:H3K27ac x ChIP-seq:H3K27me3
UBERON:0011907,ChIP-seq:H3K27ac,ChIP-seq:H3K36me3,-0.0006349883867916468,6.0,ChIP-seq:H3K27ac x ChIP-seq:H3K36me3
UBERON:0011907,ChIP-seq:H3K27ac,ChIP-seq:H3K4me1,0.3636200043744657,9.0,ChIP-seq:H3K27ac x ChIP-seq:H3K4me1
UBERON:0011907,ChIP-seq:H3K27ac,ChIP-seq:H3K4me3,0.24126395597144473,9.0,ChIP-seq:H3K27ac x ChIP-seq:H3K4me3
UBERON:0011907,ChIP-seq:H3K27ac,ChIP-seq:H3K9me3,-0.00939147463870629,6.0,ChIP-seq:H3K27ac x ChIP-seq:H3K9me3
UBERON:0011907,ChIP-seq:H3K27ac,ChIP-seq:CTCF,-0.01073246200879415,9.0,ChIP-seq:CTCF x ChIP-seq:H3K27ac
UBERON:0011907,ChIP-seq:H3K27ac,RNA-seq,0.03841139455211606,24.0,ChIP-seq:H3K27ac x RNA-seq
UBERON:0011907,ChIP-seq:H3K27ac,ChIP-seq:POLR2A,0.02985396129744393,6.0,ChIP-seq:H3K27ac x ChIP-seq:POLR2A
UBERON:0011907,ChIP-seq:H3K27me3,DNase-seq,-0.059707716864619564,9.0,ChIP-seq:H3K27me3 x DNase-seq
UBERON:0011907,ChIP-seq:H3K27me3,ChIP-seq:H3K27ac,-0.07004811101489597,9.0,ChIP-seq:H3K27ac x ChIP-seq:H3K27me3
UBERON:0011907,ChIP-seq:H3K27me3,ChIP-seq:H3K36me3,0.05108818411827087,6.0,ChIP-seq:H3K27me3 x ChIP-seq:H3K36me3
UBERON:0011907,ChIP-seq:H3K27me3,ChIP-seq:H3K4me1,-0.0048954263420477595,9.0,ChIP-seq:H3K27me3 x ChIP-seq:H3K4me1
UBERON:0011907,ChIP-seq:H3K27me3,ChIP-seq:H3K4me3,0.03165563143474955,9.0,ChIP-seq:H3K27me3 x ChIP-seq:H3K4me3
UBERON:0011907,ChIP-seq:H3K27me3,ChIP-seq:H3K9me3,0.19788045383124764,6.0,ChIP-seq:H3K27me3 x ChIP-seq:H3K9me3
UBERON:0011907,ChIP-seq:H3K27me3,ChIP-seq:CTCF,-0.01733224383658833,9.0,ChIP-seq:CTCF x ChIP-seq:H3K27me3
UBERON:0011907,ChIP-seq:H3K27me3,RNA-seq,-0.03791199144350567,24.0,ChIP-seq:H3K27me3 x RNA-seq
UBERON:0011907,ChIP-seq:H3K27me3,ChIP-seq:POLR2A,-0.04602969544274466,6.0,ChIP-seq:H3K27me3 x ChIP-seq:POLR2A
UBERON:0011907,ChIP-seq:H3K36me3,DNase-seq,-0.036771660396294994,6.0,ChIP-seq:H3K36me3 x DNase-seq
UBERON:0011907,ChIP-seq:H3K36me3,ChIP-seq:H3K27ac,-0.011150657882293063,6.0,ChIP-seq:H3K27ac x ChIP-seq:H3K36me3
UBERON:0011907,ChIP-seq:H3K36me3,ChIP-seq:H3K27me3,0.047159266795298846,6.0,ChIP-seq:H3K27me3 x ChIP-seq:H3K36me3
UBERON:0011907,ChIP-seq:H3K36me3,ChIP-seq:H3K4me1,-0.012101030557146876,6.0,ChIP-seq:H3K36me3 x ChIP-seq:H3K4me1
UBERON:0011907,ChIP-seq:H3K36me3,ChIP-seq:H3K4me3,0.0924303048933056,6.0,ChIP-seq:H3K36me3 x ChIP-seq:H3K4me3
UBERON:0011907,ChIP-seq:H3K36me3,ChIP-seq:H3K9me3,0.28842426016089623,4.0,ChIP-seq:H3K36me3 x ChIP-seq:H3K9me3
UBERON:0011907,ChIP-seq:H3K36me3,ChIP-seq:CTCF,-0.025524842758776724,6.0,ChIP-seq:CTCF x ChIP-seq:H3K36me3
UBERON:0011907,ChIP-seq:H3K36me3,RNA-seq,-0.011381560405649936,16.0,ChIP-seq:H3K36me3 x RNA-seq
UBERON:0011907,ChIP-seq:H3K36me3,ChIP-seq:POLR2A,-0.034096699208021164,4.0,ChIP-seq:H3K36me3 x ChIP-seq:POLR2A
UBERON:0011907,ChIP-seq:H3K4me1,DNase-seq,-0.06062227415689408,9.0,ChIP-seq:H3K4me1 x DNase-seq
UBERON:0011907,ChIP-seq:H3K4me1,ChIP-seq:H3K27ac,0.37239276071389515,9.0,ChIP-seq:H3K27ac x ChIP-seq:H3K4me1
UBERON:0011907,ChIP-seq:H3K4me1,ChIP-seq:H3K27me3,0.02598282271269372,9.0,ChIP-seq:H3K27me3 x ChIP-seq:H3K4me1
UBERON:0011907,ChIP-seq:H3K4me1,ChIP-seq:H3K36me3,0.005296831118299608,6.0,ChIP-seq:H3K36me3 x ChIP-seq:H3K4me1
UBERON:0011907,ChIP-seq:H3K4me1,ChIP-seq:H3K4me3,0.030010612264671985,9.0,ChIP-seq:H3K4me1 x ChIP-seq:H3K4me3
UBERON:0011907,ChIP-seq:H3K4me1,ChIP-seq:H3K9me3,0.04433097285724311,6.0,ChIP-seq:H3K4me1 x ChIP-seq:H3K9me3
UBERON:0011907,ChIP-seq:H3K4me1,ChIP-seq:CTCF,-0.0027304943507522918,9.0,ChIP-seq:CTCF x ChIP-seq:H3K4me1
UBERON:0011907,ChIP-seq:H3K4me1,RNA-seq,-0.0065124872821196635,24.0,ChIP-seq:H3K4me1 x RNA-seq
UBERON:0011907,ChIP-seq:H3K4me1,ChIP-seq:POLR2A,-0.1366767237583796,6.0,ChIP-seq:H3K4me1 x ChIP-seq:POLR2A
UBERON:0011907,ChIP-seq:H3K4me3,DNase-seq,0.0197444387184557,9.0,ChIP-seq:H3K4me3 x DNase-seq
UBERON:0011907,ChIP-seq:H3K4me3,ChIP-seq:H3K27ac,0.21968551211886939,9.0,ChIP-seq:H3K27ac x ChIP-seq:H3K4me3
UBERON:0011907,ChIP-seq:H3K4me3,ChIP-seq:H3K27me3,0.025199237874003962,9.0,ChIP-seq:H3K27me3 x ChIP-seq:H3K4me3
UBERON:0011907,ChIP-seq:H3K4me3,ChIP-seq:H3K36me3,0.09211696610383108,6.0,ChIP-seq:H3K36me3 x ChIP-seq:H3K4me3
UBERON:0011907,ChIP-seq:H3K4me3,ChIP-seq:H3K4me1,0.006092194745246603,9.0,ChIP-seq:H3K4me1 x ChIP-seq:H3K4me3
UBERON:0011907,ChIP-seq:H3K4me3,ChIP-seq:H3K9me3,0.10977981476748035,6.0,ChIP-seq:H3K4me3 x ChIP-seq:H3K9me3
UBERON:0011907,ChIP-seq:H3K4me3,ChIP-seq:CTCF,-0.004242414393440724,9.0,ChIP-seq:CTCF x ChIP-seq:H3K4me3
UBERON:0011907,ChIP-seq:H3K4me3,RNA-seq,0.006526534608546835,24.0,ChIP-seq:H3K4me3 x RNA-seq
UBERON:0011907,ChIP-seq:H3K4me3,ChIP-seq:POLR2A,0.011876011178607024,6.0,ChIP-seq:H3K4me3 x ChIP-seq:POLR2A
UBERON:0011907,ChIP-seq:H3K9me3,DNase-seq,-0.03238874358108186,6.0,ChIP-seq:H3K9me3 x DNase-seq
UBERON:0011907,ChIP-seq:H3K9me3,ChIP-seq:H3K27ac,-0.0014653222014506656,6.0,ChIP-seq:H3K27ac x ChIP-seq:H3K9me3
UBERON:0011907,ChIP-seq:H3K9me3,ChIP-seq:H3K27me3,0.20053169708843382,6.0,ChIP-seq:H3K27me3 x ChIP-seq:H3K9me3
UBERON:0011907,ChIP-seq:H3K9me3,ChIP-seq:H3K36me3,0.2955162246176537,4.0,ChIP-seq:H3K36me3 x ChIP-seq:H3K9me3
UBERON:0011907,ChIP-seq:H3K9me3,ChIP-seq:H3K4me1,0.017288855143955777,6.0,ChIP-seq:H3K4me1 x ChIP-seq:H3K9me3
UBERON:0011907,ChIP-seq:H3K9me3,ChIP-seq:H3K4me3,0.12954619610813303,6.0,ChIP-seq:H3K4me3 x ChIP-seq:H3K9me3
UBERON:0011907,ChIP-seq:H3K9me3,ChIP-seq:CTCF,-0.014073271501083971,6.0,ChIP-seq:CTCF x ChIP-seq:H3K9me3
UBERON:0011907,ChIP-seq:H3K9me3,RNA-seq,-0.023492129156786303,16.0,ChIP-seq:H3K9me3 x RNA-seq
UBERON:0011907,ChIP-seq:H3K9me3,ChIP-seq:POLR2A,-0.05610900092869997,4.0,ChIP-seq:H3K9me3 x ChIP-seq:POLR2A
UBERON:0011907,ChIP-seq:CTCF,DNase-seq,0.03714978782192167,9.0,ChIP-seq:CTCF x DNase-seq
UBERON:0011907,ChIP-seq:CTCF,ChIP-seq:H3K27ac,-0.008962343136469523,9.0,ChIP-seq:CTCF x ChIP-seq:H3K27ac
UBERON:0011907,ChIP-seq:CTCF,ChIP-seq:H3K27me3,-0.011018040577955641,9.0,ChIP-seq:CTCF x ChIP-seq:H3K27me3
UBERON:0011907,ChIP-seq:CTCF,ChIP-seq:H3K36me3,-0.02201124053474859,6.0,ChIP-seq:CTCF x ChIP-seq:H3K36me3
UBERON:0011907,ChIP-seq:CTCF,ChIP-seq:H3K4me1,-8.029851866874632e-05,9.0,ChIP-seq:CTCF x ChIP-seq:H3K4me1
UBERON:0011907,ChIP-seq:CTCF,ChIP-seq:H3K4me3,0.013592101925042503,9.0,ChIP-seq:CTCF x ChIP-seq:H3K4me3
UBERON:0011907,ChIP-seq:CTCF,ChIP-seq:H3K9me3,-0.018482730057690473,6.0,ChIP-seq:CTCF x ChIP-seq:H3K9me3
UBERON:0011907,ChIP-seq:CTCF,RNA-seq,-0.00541483880789775,24.0,ChIP-seq:CTCF x RNA-seq
UBERON:0011907,ChIP-seq:CTCF,ChIP-seq:POLR2A,-0.027751501827012914,6.0,ChIP-seq:CTCF x ChIP-seq:POLR2A
UBERON:0011907,RNA-seq,DNase-seq,0.03337793847310143,24.0,DNase-seq x RNA-seq
UBERON:0011907,RNA-seq,ChIP-seq:H3K27ac,0.036053200562795006,24.0,ChIP-seq:H3K27ac x RNA-seq
UBERON:0011907,RNA-seq,ChIP-seq:H3K27me3,-0.048078181207642075,24.0,ChIP-seq:H3K27me3 x RNA-seq
UBERON:0011907,RNA-seq,ChIP-seq:H3K36me3,-0.0053138039768376236,16.0,ChIP-seq:H3K36me3 x RNA-seq
UBERON:0011907,RNA-seq,ChIP-seq:H3K4me1,0.0021558003465989573,24.0,ChIP-seq:H3K4me1 x RNA-seq
UBERON:0011907,RNA-seq,ChIP-seq:H3K4me3,0.010012254573649643,24.0,ChIP-seq:H3K4me3 x RNA-seq
UBERON:0011907,RNA-seq,ChIP-seq:H3K9me3,-0.026644475988290284,16.0,ChIP-seq:H3K9me3 x RNA-seq
UBERON:0011907,RNA-seq,ChIP-seq:CTCF,-0.001422356299306005,24.0,ChIP-seq:CTCF x RNA-seq
UBERON:0011907,RNA-seq,ChIP-seq:POLR2A,0.01744691814695086,16.0,ChIP-seq:POLR2A x RNA-seq
UBERON:0011907,ChIP-seq:POLR2A,DNase-seq,0.1569101157422522,6.0,ChIP-seq:POLR2A x DNase-seq
UBERON:0011907,ChIP-seq:POLR2A,ChIP-seq:H3K27ac,0.0021142184734344455,6.0,ChIP-seq:H3K27ac x ChIP-seq:POLR2A
UBERON:0011907,ChIP-seq:POLR2A,ChIP-seq:H3K27me3,-0.03237004352863445,6.0,ChIP-seq:H3K27me3 x ChIP-seq:POLR2A
UBERON:0011907,ChIP-seq:POLR2A,ChIP-seq:H3K36me3,-0.011624728666341051,4.0,ChIP-seq:H3K36me3 x ChIP-seq:POLR2A
UBERON:0011907,ChIP-seq:POLR2A,ChIP-seq:H3K4me1,-0.14633312493890197,6.0,ChIP-seq:H3K4me1 x ChIP-seq:POLR2A
UBERON:0011907,ChIP-seq:POLR2A,ChIP-seq:H3K4me3,-0.01363082097169939,6.0,ChIP-seq:H3K4me3 x ChIP-seq:POLR2A
UBERON:0011907,ChIP-seq:POLR2A,ChIP-seq:H3K9me3,-0.05077607172091356,4.0,ChIP-seq:H3K9me3 x ChIP-seq:POLR2A
UBERON:0011907,ChIP-seq:POLR2A,ChIP-seq:CTCF,0.010366114993693415,6.0,ChIP-seq:CTCF x ChIP-seq:POLR2A
UBERON:0011907,ChIP-seq:POLR2A,RNA-seq,0.03909292841892061,16.0,ChIP-seq:POLR2A x RNA-seq
UBERON:0004550,ChIP-seq:H3K27ac,ChIP-seq:H3K4me1,0.11134982368220453,1.0,ChIP-seq:H3K27ac x ChIP-seq:H3K4me1
UBERON:0004550,ChIP-seq:H3K27ac,ChIP-seq:H3K4me3,0.2381038746168447,1.0,ChIP-seq:H3K27ac x ChIP-seq:H3K4me3
UBERON:0004550,ChIP-seq:H3K27ac,ChIP-seq:H3K9me3,0.0159950568002529,1.0,ChIP-seq:H3K27ac x ChIP-seq:H3K9me3
UBERON:0004550,ChIP-seq:H3K27ac,ChIP-seq:CTCF,0.013898168802261354,4.0,ChIP-seq:CTCF x ChIP-seq:H3K27ac
UBERON:0004550,ChIP-seq:H3K27ac,RNA-seq,0.03280477379747355,8.0,ChIP-seq:H3K27ac x RNA-seq
UBERON:0004550,ChIP-seq:H3K27ac,ChIP-seq:POLR2A,0.038882390768439676,4.0,ChIP-seq:H3K27ac x ChIP-seq:POLR2A
UBERON:0004550,ChIP-seq:H3K27ac,ChIP-seq:POLR2AphosphoS5,0.002572636665969047,1.0,ChIP-seq:H3K27ac x ChIP-seq:POLR2AphosphoS5
UBERON:0004550,ChIP-seq:H3K27ac,ChIP-seq:EP300,-0.018374582504232725,2.0,ChIP-seq:EP300 x ChIP-seq:H3K27ac
UBERON:0004550,ChIP-seq:H3K4me1,ChIP-seq:H3K27ac,0.09638782563032927,1.0,ChIP-seq:H3K27ac x ChIP-seq:H3K4me1
UBERON:0004550,ChIP-seq:H3K4me1,ChIP-seq:H3K4me3,-0.06595044799668845,1.0,ChIP-seq:H3K4me1 x ChIP-seq:H3K4me3
UBERON:0004550,ChIP-seq:H3K4me1,ChIP-seq:H3K9me3,0.12731856199283173,1.0,ChIP-seq:H3K4me1 x ChIP-seq:H3K9me3
UBERON:0004550,ChIP-seq:H3K4me1,ChIP-seq:CTCF,0.017690472304821014,4.0,ChIP-seq:CTCF x ChIP-seq:H3K4me1
UBERON:0004550,ChIP-seq:H3K4me1,RNA-seq,-0.00266437287798545,8.0,ChIP-seq:H3K4me1 x RNA-seq
UBERON:0004550,ChIP-seq:H3K4me1,ChIP-seq:POLR2A,-0.04146167208199148,4.0,ChIP-seq:H3K4me1 x ChIP-seq:POLR2A
UBERON:0004550,ChIP-seq:H3K4me1,ChIP-seq:POLR2AphosphoS5,-0.009179510176181793,1.0,ChIP-seq:H3K4me1 x ChIP-seq:POLR2AphosphoS5
UBERON:0004550,ChIP-seq:H3K4me1,ChIP-seq:EP300,-0.0020274152358372988,2.0,ChIP-seq:EP300 x ChIP-seq:H3K4me1
UBERON:0004550,ChIP-seq:H3K4me3,ChIP-seq:H3K27ac,0.22110966914965782,1.0,ChIP-seq:H3K27ac x ChIP-seq:H3K4me3
UBERON:0004550,ChIP-seq:H3K4me3,ChIP-seq:H3K4me1,-0.04787038477218669,1.0,ChIP-seq:H3K4me1 x ChIP-seq:H3K4me3
UBERON:0004550,ChIP-seq:H3K4me3,ChIP-seq:H3K9me3,0.038820913238398855,1.0,ChIP-seq:H3K4me3 x ChIP-seq:H3K9me3
UBERON:0004550,ChIP-seq:H3K4me3,ChIP-seq:CTCF,0.015698472261428835,4.0,ChIP-seq:CTCF x ChIP-seq:H3K4me3
UBERON:0004550,ChIP-seq:H3K4me3,RNA-seq,0.02948197338402696,8.0,ChIP-seq:H3K4me3 x RNA-seq
UBERON:0004550,ChIP-seq:H3K4me3,ChIP-seq:POLR2A,0.030062293564831782,4.0,ChIP-seq:H3K4me3 x ChIP-seq:POLR2A
UBERON:0004550,ChIP-seq:H3K4me3,ChIP-seq:POLR2AphosphoS5,-0.010011939653034874,1.0,ChIP-seq:H3K4me3 x ChIP-seq:POLR2AphosphoS5
UBERON:0004550,ChIP-seq:H3K4me3,ChIP-seq:EP300,-0.023773011689384775,2.0,ChIP-seq:EP300 x ChIP-seq:H3K4me3
UBERON:0004550,ChIP-seq:H3K9me3,ChIP-seq:H3K27ac,-0.010278969428237573,1.0,ChIP-seq:H3K27ac x ChIP-seq:H3K9me3
UBERON:0004550,ChIP-seq:H3K9me3,ChIP-seq:H3K4me1,0.12183270441449207,1.0,ChIP-seq:H3K4me1 x ChIP-seq:H3K9me3
UBERON:0004550,ChIP-seq:H3K9me3,ChIP-seq:H3K4me3,0.0024641869546369044,1.0,ChIP-seq:H3K4me3 x ChIP-seq:H3K9me3
UBERON:0004550,ChIP-seq:H3K9me3,ChIP-seq:CTCF,-0.0036592319607734666,4.0,ChIP-seq:CTCF x ChIP-seq:H3K9me3
UBERON:0004550,ChIP-seq:H3K9me3,RNA-seq,-0.008755838575899035,8.0,ChIP-seq:H3K9me3 x RNA-seq
UBERON:0004550,ChIP-seq:H3K9me3,ChIP-seq:POLR2A,-0.01867630650047903,4.0,ChIP-seq:H3K9me3 x ChIP-seq:POLR2A
UBERON:0004550,ChIP-seq:H3K9me3,ChIP-seq:POLR2AphosphoS5,-0.012073261984463401,1.0,ChIP-seq:H3K9me3 x ChIP-seq:POLR2AphosphoS5
UBERON:0004550,ChIP-seq:H3K9me3,ChIP-seq:EP300,0.020030764738718676,2.0,ChIP-seq:EP300 x ChIP-seq:H3K9me3
UBERON:0004550,ChIP-seq:CTCF,ChIP-seq:H3K27ac,0.01136172737604306,4.0,ChIP-seq:CTCF x ChIP-seq:H3K27ac
UBERON:0004550,ChIP-seq:CTCF,ChIP-seq:H3K4me1,0.028468510702900265,4.0,ChIP-seq:CTCF x ChIP-seq:H3K4me1
UBERON:0004550,ChIP-seq:CTCF,ChIP-seq:H3K4me3,0.024797217651855115,4.0,ChIP-seq:CTCF x ChIP-seq:H3K4me3
UBERON:0004550,ChIP-seq:CTCF,ChIP-seq:H3K9me3,0.03136815359639056,4.0,ChIP-seq:CTCF x ChIP-seq:H3K9me3
UBERON:0004550,ChIP-seq:CTCF,RNA-seq,0.006073974926829905,32.0,ChIP-seq:CTCF x RNA-seq
UBERON:0004550,ChIP-seq:CTCF,ChIP-seq:POLR2A,0.006959148027278761,16.0,ChIP-seq:CTCF x ChIP-seq:POLR2A
UBERON:0004550,ChIP-seq:CTCF,ChIP-seq:POLR2AphosphoS5,0.008986895968174119,4.0,ChIP-seq:CTCF x ChIP-seq:POLR2AphosphoS5
UBERON:0004550,ChIP-seq:CTCF,ChIP-seq:EP300,-0.011985785514116287,8.0,ChIP-seq:CTCF x ChIP-seq:EP300
UBERON:0004550,RNA-seq,ChIP-seq:H3K27ac,0.03308338009648853,8.0,ChIP-seq:H3K27ac x RNA-seq
UBERON:0004550,RNA-seq,ChIP-seq:H3K4me1,0.003496507668624752,8.0,ChIP-seq:H3K4me1 x RNA-seq
UBERON:0004550,RNA-seq,ChIP-seq:H3K4me3,0.02269503352947013,8.0,ChIP-seq:H3K4me3 x RNA-seq
UBERON:0004550,RNA-seq,ChIP-seq:H3K9me3,-0.004175354768235924,8.0,ChIP-seq:H3K9me3 x RNA-seq
UBERON:0004550,RNA-seq,ChIP-seq:CTCF,0.0026836950331926342,32.0,ChIP-seq:CTCF x RNA-seq
UBERON:0004550,RNA-seq,ChIP-seq:POLR2A,0.011204717611825024,32.0,ChIP-seq:POLR2A x RNA-seq
UBERON:0004550,RNA-seq,ChIP-seq:POLR2AphosphoS5,0.020408903216493537,8.0,ChIP-seq:POLR2AphosphoS5 x RNA-seq
UBERON:0004550,RNA-seq,ChIP-seq:EP300,-0.0076682030844191715,16.0,ChIP-seq:EP300 x RNA-seq
UBERON:0004550,ChIP-seq:POLR2A,ChIP-seq:H3K27ac,0.045921184214544886,4.0,ChIP-seq:H3K27ac x ChIP-seq:POLR2A
UBERON:0004550,ChIP-seq:POLR2A,ChIP-seq:H3K4me1,-0.058146244967761246,4.0,ChIP-seq:H3K4me1 x ChIP-seq:POLR2A
UBERON:0004550,ChIP-seq:POLR2A,ChIP-seq:H3K4me3,0.06277606625889623,4.0,ChIP-seq:H3K4me3 x ChIP-seq:POLR2A
UBERON:0004550,ChIP-seq:POLR2A,ChIP-seq:H3K9me3,0.028314156884421182,4.0,ChIP-seq:H3K9me3 x ChIP-seq:POLR2A
UBERON:0004550,ChIP-seq:POLR2A,ChIP-seq:CTCF,-0.012901722192764281,16.0,ChIP-seq:CTCF x ChIP-seq:POLR2A
UBERON:0004550,ChIP-seq:POLR2A,RNA-seq,0.019469453415649804,32.0,ChIP-seq:POLR2A x RNA-seq
UBERON:0004550,ChIP-seq:POLR2A,ChIP-seq:POLR2AphosphoS5,-0.04042200178935612,4.0,ChIP-seq:POLR2A x ChIP-seq:POLR2AphosphoS5
UBERON:0004550,ChIP-seq:POLR2A,ChIP-seq:EP300,-0.025485933820406592,8.0,ChIP-seq:EP300 x ChIP-seq:POLR2A
UBERON:0004550,ChIP-seq:POLR2AphosphoS5,ChIP-seq:H3K27ac,0.06474579098048033,1.0,ChIP-seq:H3K27ac x ChIP-seq:POLR2AphosphoS5
UBERON:0004550,ChIP-seq:POLR2AphosphoS5,ChIP-seq:H3K4me1,0.004422304746897324,1.0,ChIP-seq:H3K4me1 x ChIP-seq:POLR2AphosphoS5
UBERON:0004550,ChIP-seq:POLR2AphosphoS5,ChIP-seq:H3K4me3,0.06836917421152425,1.0,ChIP-seq:H3K4me3 x ChIP-seq:POLR2AphosphoS5
UBERON:0004550,ChIP-seq:POLR2AphosphoS5,ChIP-seq:H3K9me3,0.06404925558154144,1.0,ChIP-seq:H3K9me3 x ChIP-seq:POLR2AphosphoS5
UBERON:0004550,ChIP-seq:POLR2AphosphoS5,ChIP-seq:CTCF,0.02719732463359833,4.0,ChIP-seq:CTCF x ChIP-seq:POLR2AphosphoS5
UBERON:0004550,ChIP-seq:POLR2AphosphoS5,RNA-seq,0.0333689245574548,8.0,ChIP-seq:POLR2AphosphoS5 x RNA-seq
UBERON:0004550,ChIP-seq:POLR2AphosphoS5,ChIP-seq:POLR2A,0.09665171967612374,4.0,ChIP-seq:POLR2A x ChIP-seq:POLR2AphosphoS5
UBERON:0004550,ChIP-seq:POLR2AphosphoS5,ChIP-seq:EP300,0.029428259531656897,2.0,ChIP-seq:EP300 x ChIP-seq:POLR2AphosphoS5
UBERON:0004550,ChIP-seq:EP300,ChIP-seq:H3K27ac,-0.010064137501665106,2.0,ChIP-seq:EP300 x ChIP-seq:H3K27ac
UBERON:0004550,ChIP-seq:EP300,ChIP-seq:H3K4me1,0.00823221064132193,2.0,ChIP-seq:EP300 x ChIP-seq:H3K4me1
UBERON:0004550,ChIP-seq:EP300,ChIP-seq:H3K4me3,-0.013100875264336898,2.0,ChIP-seq:EP300 x ChIP-seq:H3K4me3
UBERON:0004550,ChIP-seq:EP300,ChIP-seq:H3K9me3,0.15162405055328454,2.0,ChIP-seq:EP300 x ChIP-seq:H3K9me3
UBERON:0004550,ChIP-seq:EP300,ChIP-seq:CTCF,-0.019327550679445266,8.0,ChIP-seq:CTCF x ChIP-seq:EP300
UBERON:0004550,ChIP-seq:EP300,RNA-seq,-0.009688579914272893,16.0,ChIP-seq:EP300 x RNA-seq
UBERON:0004550,ChIP-seq:EP300,ChIP-seq:POLR2A,-0.00485393349771146,8.0,ChIP-seq:EP300 x ChIP-seq:POLR2A
UBERON:0004550,ChIP-seq:EP300,ChIP-seq:POLR2AphosphoS5,0.12141658519876414,2.0,ChIP-seq:EP300 x ChIP-seq:POLR2AphosphoS5
NTR:0001407,ChIP-seq:H3K27me3,ChIP-seq:H3K36me3,0.07163662257346701,4.0,ChIP-seq:H3K27me3 x ChIP-seq:H3K36me3
NTR:0001407,ChIP-seq:H3K27me3,ChIP-seq:H3K4me1,0.004301890018370634,4.0,ChIP-seq:H3K27me3 x ChIP-seq:H3K4me1
NTR:0001407,ChIP-seq:H3K27me3,ChIP-seq:H3K4me3,0.01935373267559247,4.0,ChIP-seq:H3K27me3 x ChIP-seq:H3K4me3
NTR:0001407,ChIP-seq:H3K27me3,ChIP-seq:H3K9me3,0.10023410635048084,4.0,ChIP-seq:H3K27me3 x ChIP-seq:H3K9me3
NTR:0001407,ChIP-seq:H3K36me3,ChIP-seq:H3K27me3,0.061583137494980254,4.0,ChIP-seq:H3K27me3 x ChIP-seq:H3K36me3
NTR:0001407,ChIP-seq:H3K36me3,ChIP-seq:H3K4me1,0.03605750830121379,4.0,ChIP-seq:H3K36me3 x ChIP-seq:H3K4me1
NTR:0001407,ChIP-seq:H3K36me3,ChIP-seq:H3K4me3,0.01463489868094988,4.0,ChIP-seq:H3K36me3 x ChIP-seq:H3K4me3
NTR:0001407,ChIP-seq:H3K36me3,ChIP-seq:H3K9me3,0.13833582016189447,4.0,ChIP-seq:H3K36me3 x ChIP-seq:H3K9me3
NTR:0001407,ChIP-seq:H3K4me1,ChIP-seq:H3K27me3,-0.004787152320835632,4.0,ChIP-seq:H3K27me3 x ChIP-seq:H3K4me1
NTR:0001407,ChIP-seq:H3K4me1,ChIP-seq:H3K36me3,0.03845386397331319,4.0,ChIP-seq:H3K36me3 x ChIP-seq:H3K4me1
NTR:0001407,ChIP-seq:H3K4me1,ChIP-seq:H3K4me3,-0.014102975272129628,4.0,ChIP-seq:H3K4me1 x ChIP-seq:H3K4me3
NTR:0001407,ChIP-seq:H3K4me1,ChIP-seq:H3K9me3,-0.04660998573631383,4.0,ChIP-seq:H3K4me1 x ChIP-seq:H3K9me3
NTR:0001407,ChIP-seq:H3K4me3,ChIP-seq:H3K27me3,0.09647571536674665,4.0,ChIP-seq:H3K27me3 x ChIP-seq:H3K4me3
NTR:0001407,ChIP-seq:H3K4me3,ChIP-seq:H3K36me3,0.023529064306553375,4.0,ChIP-seq:H3K36me3 x ChIP-seq:H3K4me3
NTR:0001407,ChIP-seq:H3K4me3,ChIP-seq:H3K4me1,-0.013204530410753573,4.0,ChIP-seq:H3K4me1 x ChIP-seq:H3K4me3
NTR:0001407,ChIP-seq:H3K4me3,ChIP-seq:H3K9me3,0.044427432705847064,4.0,ChIP-seq:H3K4me3 x ChIP-seq:H3K9me3
NTR:0001407,ChIP-seq:H3K9me3,ChIP-seq:H3K27me3,0.10455632605993678,4.0,ChIP-seq:H3K27me3 x ChIP-seq:H3K9me3
NTR:0001407,ChIP-seq:H3K9me3,ChIP-seq:H3K36me3,0.16368998079857927,4.0,ChIP-seq:H3K36me3 x ChIP-seq:H3K9me3
NTR:0001407,ChIP-seq:H3K9me3,ChIP-seq:H3K4me1,-0.03314380207266964,4.0,ChIP-seq:H3K4me1 x ChIP-seq:H3K9me3
NTR:0001407,ChIP-seq:H3K9me3,ChIP-seq:H3K4me3,0.02557821460416384,4.0,ChIP-seq:H3K4me3 x ChIP-seq:H3K9me3
UBERON:0000948,DNase-seq,ChIP-seq:H3K27me3,-0.053240334241630785,18.0,ChIP-seq:H3K27me3 x DNase-seq
UBERON:0000948,DNase-seq,ChIP-seq:H3K36me3,-0.08050113513426245,18.0,ChIP-seq:H3K36me3 x DNase-seq
UBERON:0000948,DNase-seq,ChIP-seq:H3K4me1,0.05761082692079712,36.0,ChIP-seq:H3K4me1 x DNase-seq
UBERON:0000948,DNase-seq,ChIP-seq:H3K4me3,0.05217772312558591,18.0,ChIP-seq:H3K4me3 x DNase-seq
UBERON:0000948,DNase-seq,ChIP-seq:H3K9ac,0.08612144470214843,18.0,ChIP-seq:H3K9ac x DNase-seq
UBERON:0000948,DNase-seq,ChIP-seq:H3K9me3,0.04065091364099549,18.0,ChIP-seq:H3K9me3 x DNase-seq
UBERON:0000948,DNase-seq,polyA plus RNA-seq,-0.007907929190583921,72.0,DNase-seq x polyA plus RNA-seq
UBERON:0000948,DNase-seq,RNA-seq,0.006734536786874136,72.0,DNase-seq x RNA-seq
UBERON:0000948,ChIP-seq:H3K27me3,DNase-seq,-0.028538971391630003,18.0,ChIP-seq:H3K27me3 x DNase-seq
UBERON:0000948,ChIP-seq:H3K27me3,ChIP-seq:H3K36me3,0.2769610935418063,1.0,ChIP-seq:H3K27me3 x ChIP-seq:H3K36me3
UBERON:0000948,ChIP-seq:H3K27me3,ChIP-seq:H3K4me1,-0.023623991472636417,2.0,ChIP-seq:H3K27me3 x ChIP-seq:H3K4me1
UBERON:0000948,ChIP-seq:H3K27me3,ChIP-seq:H3K4me3,-0.02917622030647688,1.0,ChIP-seq:H3K27me3 x ChIP-seq:H3K4me3
UBERON:0000948,ChIP-seq:H3K27me3,ChIP-seq:H3K9ac,-0.047572351917624475,1.0,ChIP-seq:H3K27me3 x ChIP-seq:H3K9ac
UBERON:0000948,ChIP-seq:H3K27me3,ChIP-seq:H3K9me3,0.309432186227937,1.0,ChIP-seq:H3K27me3 x ChIP-seq:H3K9me3
UBERON:0000948,ChIP-seq:H3K27me3,polyA plus RNA-seq,-0.015390185526537276,4.0,ChIP-seq:H3K27me3 x polyA plus RNA-seq
UBERON:0000948,ChIP-seq:H3K27me3,RNA-seq,-0.016782462211216195,4.0,ChIP-seq:H3K27me3 x RNA-seq
UBERON:0000948,ChIP-seq:H3K36me3,DNase-seq,-0.04645903093413213,18.0,ChIP-seq:H3K36me3 x DNase-seq
UBERON:0000948,ChIP-seq:H3K36me3,ChIP-seq:H3K27me3,0.2521204886765316,1.0,ChIP-seq:H3K27me3 x ChIP-seq:H3K36me3
UBERON:0000948,ChIP-seq:H3K36me3,ChIP-seq:H3K4me1,0.04390895871516785,2.0,ChIP-seq:H3K36me3 x ChIP-seq:H3K4me1
UBERON:0000948,ChIP-seq:H3K36me3,ChIP-seq:H3K4me3,0.1016346747098967,1.0,ChIP-seq:H3K36me3 x ChIP-seq:H3K4me3
UBERON:0000948,ChIP-seq:H3K36me3,ChIP-seq:H3K9ac,-0.03090712793171406,1.0,ChIP-seq:H3K36me3 x ChIP-seq:H3K9ac
UBERON:0000948,ChIP-seq:H3K36me3,ChIP-seq:H3K9me3,0.4281984088141159,1.0,ChIP-seq:H3K36me3 x ChIP-seq:H3K9me3
UBERON:0000948,ChIP-seq:H3K36me3,polyA plus RNA-seq,0.05641609337986031,4.0,ChIP-seq:H3K36me3 x polyA plus RNA-seq
UBERON:0000948,ChIP-seq:H3K36me3,RNA-seq,0.07671837817220127,4.0,ChIP-seq:H3K36me3 x RNA-seq
UBERON:0000948,ChIP-seq:H3K4me1,DNase-seq,0.0752858538781443,36.0,ChIP-seq:H3K4me1 x DNase-seq
UBERON:0000948,ChIP-seq:H3K4me1,ChIP-seq:H3K27me3,-0.020317261117970806,2.0,ChIP-seq:H3K27me3 x ChIP-seq:H3K4me1
UBERON:0000948,ChIP-seq:H3K4me1,ChIP-seq:H3K36me3,0.05439887996073123,2.0,ChIP-seq:H3K36me3 x ChIP-seq:H3K4me1
UBERON:0000948,ChIP-seq:H3K4me1,ChIP-seq:H3K4me3,0.47799939319144846,2.0,ChIP-seq:H3K4me1 x ChIP-seq:H3K4me3
UBERON:0000948,ChIP-seq:H3K4me1,ChIP-seq:H3K9ac,0.26214331030845645,2.0,ChIP-seq:H3K4me1 x ChIP-seq:H3K9ac
UBERON:0000948,ChIP-seq:H3K4me1,ChIP-seq:H3K9me3,0.09055729976246477,2.0,ChIP-seq:H3K4me1 x ChIP-seq:H3K9me3
UBERON:0000948,ChIP-seq:H3K4me1,polyA plus RNA-seq,0.013042030700345549,8.0,ChIP-seq:H3K4me1 x polyA plus RNA-seq
UBERON:0000948,ChIP-seq:H3K4me1,RNA-seq,0.006348251270897248,8.0,ChIP-seq:H3K4me1 x RNA-seq
UBERON:0000948,ChIP-seq:H3K4me3,DNase-seq,0.11794335312313503,18.0,ChIP-seq:H3K4me3 x DNase-seq
UBERON:0000948,ChIP-seq:H3K4me3,ChIP-seq:H3K27me3,-0.0561526989157515,1.0,ChIP-seq:H3K27me3 x ChIP-seq:H3K4me3
UBERON:0000948,ChIP-seq:H3K4me3,ChIP-seq:H3K36me3,0.05210726491357914,1.0,ChIP-seq:H3K36me3 x ChIP-seq:H3K4me3
UBERON:0000948,ChIP-seq:H3K4me3,ChIP-seq:H3K4me1,0.4244640888086434,2.0,ChIP-seq:H3K4me1 x ChIP-seq:H3K4me3
UBERON:0000948,ChIP-seq:H3K4me3,ChIP-seq:H3K9ac,0.366734071969986,1.0,ChIP-seq:H3K4me3 x ChIP-seq:H3K9ac
UBERON:0000948,ChIP-seq:H3K4me3,ChIP-seq:H3K9me3,0.451518991140014,1.0,ChIP-seq:H3K4me3 x ChIP-seq:H3K9me3
UBERON:0000948,ChIP-seq:H3K4me3,polyA plus RNA-seq,0.016824375462291565,4.0,ChIP-seq:H3K4me3 x polyA plus RNA-seq
UBERON:0000948,ChIP-seq:H3K4me3,RNA-seq,0.02743550989557715,4.0,ChIP-seq:H3K4me3 x RNA-seq
UBERON:0000948,ChIP-seq:H3K9ac,DNase-seq,0.09480450401169424,18.0,ChIP-seq:H3K9ac x DNase-seq
UBERON:0000948,ChIP-seq:H3K9ac,ChIP-seq:H3K27me3,-0.046539591582513404,1.0,ChIP-seq:H3K27me3 x ChIP-seq:H3K9ac
UBERON:0000948,ChIP-seq:H3K9ac,ChIP-seq:H3K36me3,-0.0501750723197662,1.0,ChIP-seq:H3K36me3 x ChIP-seq:H3K9ac
UBERON:0000948,ChIP-seq:H3K9ac,ChIP-seq:H3K4me1,0.2586561633589489,2.0,ChIP-seq:H3K4me1 x ChIP-seq:H3K9ac
UBERON:0000948,ChIP-seq:H3K9ac,ChIP-seq:H3K4me3,0.2893182603425758,1.0,ChIP-seq:H3K4me3 x ChIP-seq:H3K9ac
UBERON:0000948,ChIP-seq:H3K9ac,ChIP-seq:H3K9me3,0.1697949240161054,1.0,ChIP-seq:H3K9ac x ChIP-seq:H3K9me3
UBERON:0000948,ChIP-seq:H3K9ac,polyA plus RNA-seq,0.01732917456358929,4.0,ChIP-seq:H3K9ac x polyA plus RNA-seq
UBERON:0000948,ChIP-seq:H3K9ac,RNA-seq,0.024259654730558397,4.0,ChIP-seq:H3K9ac x RNA-seq
UBERON:0000948,ChIP-seq:H3K9me3,DNase-seq,0.02607557546066981,18.0,ChIP-seq:H3K9me3 x DNase-seq
UBERON:0000948,ChIP-seq:H3K9me3,ChIP-seq:H3K27me3,0.2885556426541559,1.0,ChIP-seq:H3K27me3 x ChIP-seq:H3K9me3
UBERON:0000948,ChIP-seq:H3K9me3,ChIP-seq:H3K36me3,0.40685741548184995,1.0,ChIP-seq:H3K36me3 x ChIP-seq:H3K9me3
UBERON:0000948,ChIP-seq:H3K9me3,ChIP-seq:H3K4me1,0.06975407084154953,2.0,ChIP-seq:H3K4me1 x ChIP-seq:H3K9me3
UBERON:0000948,ChIP-seq:H3K9me3,ChIP-seq:H3K4me3,0.4479582631310751,1.0,ChIP-seq:H3K4me3 x ChIP-seq:H3K9me3
UBERON:0000948,ChIP-seq:H3K9me3,ChIP-seq:H3K9ac,0.11233483850955964,1.0,ChIP-seq:H3K9ac x ChIP-seq:H3K9me3
UBERON:0000948,ChIP-seq:H3K9me3,polyA plus RNA-seq,0.021093765107286767,4.0,ChIP-seq:H3K9me3 x polyA plus RNA-seq
UBERON:0000948,ChIP-seq:H3K9me3,RNA-seq,0.027812975285684362,4.0,ChIP-seq:H3K9me3 x RNA-seq
UBERON:0000948,polyA plus RNA-seq,DNase-seq,0.006492313438205309,72.0,DNase-seq x polyA plus RNA-seq
UBERON:0000948,polyA plus RNA-seq,ChIP-seq:H3K27me3,-0.014937326825898269,4.0,ChIP-seq:H3K27me3 x polyA plus RNA-seq
UBERON:0000948,polyA plus RNA-seq,ChIP-seq:H3K36me3,0.028602710910259732,4.0,ChIP-seq:H3K36me3 x polyA plus RNA-seq
UBERON:0000948,polyA plus RNA-seq,ChIP-seq:H3K4me1,0.009444768392974562,8.0,ChIP-seq:H3K4me1 x polyA plus RNA-seq
UBERON:0000948,polyA plus RNA-seq,ChIP-seq:H3K4me3,0.022269246294054874,4.0,ChIP-seq:H3K4me3 x polyA plus RNA-seq
UBERON:0000948,polyA plus RNA-seq,ChIP-seq:H3K9ac,0.02690414249897003,4.0,ChIP-seq:H3K9ac x polyA plus RNA-seq
UBERON:0000948,polyA plus RNA-seq,ChIP-seq:H3K9me3,0.02908923664239532,4.0,ChIP-seq:H3K9me3 x polyA plus RNA-seq
UBERON:0000948,polyA plus RNA-seq,RNA-seq,0.12301035067614388,16.0,RNA-seq x polyA plus RNA-seq
UBERON:0000948,RNA-seq,DNase-seq,0.007317729721573518,72.0,DNase-seq x RNA-seq
UBERON:0000948,RNA-seq,ChIP-seq:H3K27me3,-0.017252971214809638,4.0,ChIP-seq:H3K27me3 x RNA-seq
UBERON:0000948,RNA-seq,ChIP-seq:H3K36me3,0.07260228330811495,4.0,ChIP-seq:H3K36me3 x RNA-seq
UBERON:0000948,RNA-seq,ChIP-seq:H3K4me1,0.0055121786973841205,8.0,ChIP-seq:H3K4me1 x RNA-seq
UBERON:0000948,RNA-seq,ChIP-seq:H3K4me3,0.027645508875680524,4.0,ChIP-seq:H3K4me3 x RNA-seq
UBERON:0000948,RNA-seq,ChIP-seq:H3K9ac,0.03351169034838676,4.0,ChIP-seq:H3K9ac x RNA-seq
UBERON:0000948,RNA-seq,ChIP-seq:H3K9me3,0.03591348749049549,4.0,ChIP-seq:H3K9me3 x RNA-seq
UBERON:0000948,RNA-seq,polyA plus RNA-seq,0.15802907084869033,16.0,RNA-seq x polyA plus RNA-seq
UBERON:0002084,DNase-seq,ChIP-seq:H3K27ac,0.002116300000084767,9.0,ChIP-seq:H3K27ac x DNase-seq
UBERON:0002084,DNase-seq,ChIP-seq:H3K27me3,0.010125792130481365,9.0,ChIP-seq:H3K27me3 x DNase-seq
UBERON:0002084,DNase-seq,ChIP-seq:H3K36me3,-0.020501774776144815,9.0,ChIP-seq:H3K36me3 x DNase-seq
UBERON:0002084,DNase-seq,ChIP-seq:H3K4me1,-0.003673890380413977,9.0,ChIP-seq:H3K4me1 x DNase-seq
UBERON:0002084,DNase-seq,ChIP-seq:H3K4me3,-0.012467809126410684,9.0,ChIP-seq:H3K4me3 x DNase-seq
UBERON:0002084,DNase-seq,ChIP-seq:H3K9me3,-0.0010273210465795816,9.0,ChIP-seq:H3K9me3 x DNase-seq
UBERON:0002084,DNase-seq,ChIP-seq:CTCF,0.07387742555998508,6.0,ChIP-seq:CTCF x DNase-seq
UBERON:0002084,DNase-seq,polyA plus RNA-seq,-0.007332265477244609,12.0,DNase-seq x polyA plus RNA-seq
UBERON:0002084,DNase-seq,RNA-seq,0.004414654492905147,30.0,DNase-seq x RNA-seq
UBERON:0002084,DNase-seq,ChIP-seq:POLR2A,-0.009309933299110049,6.0,ChIP-seq:POLR2A x DNase-seq
UBERON:0002084,ChIP-seq:H3K27ac,DNase-seq,-0.0005933083818453755,9.0,ChIP-seq:H3K27ac x DNase-seq
UBERON:0002084,ChIP-seq:H3K27ac,ChIP-seq:H3K27me3,0.037362471107364625,9.0,ChIP-seq:H3K27ac x ChIP-seq:H3K27me3
UBERON:0002084,ChIP-seq:H3K27ac,ChIP-seq:H3K36me3,0.013735776385309015,9.0,ChIP-seq:H3K27ac x ChIP-seq:H3K36me3
UBERON:0002084,ChIP-seq:H3K27ac,ChIP-seq:H3K4me1,0.05635925701686314,9.0,ChIP-seq:H3K27ac x ChIP-seq:H3K4me1
UBERON:0002084,ChIP-seq:H3K27ac,ChIP-seq:H3K4me3,0.08890264881235521,9.0,ChIP-seq:H3K27ac x ChIP-seq:H3K4me3
UBERON:0002084,ChIP-seq:H3K27ac,ChIP-seq:H3K9me3,0.037656647112858946,9.0,ChIP-seq:H3K27ac x ChIP-seq:H3K9me3
UBERON:0002084,ChIP-seq:H3K27ac,ChIP-seq:CTCF,0.02086142036649916,6.0,ChIP-seq:CTCF x ChIP-seq:H3K27ac
UBERON:0002084,ChIP-seq:H3K27ac,polyA plus RNA-seq,0.0063188807407213304,12.0,ChIP-seq:H3K27ac x polyA plus RNA-seq
UBERON:0002084,ChIP-seq:H3K27ac,RNA-seq,0.009658786656843256,30.0,ChIP-seq:H3K27ac x RNA-seq
UBERON:0002084,ChIP-seq:H3K27ac,ChIP-seq:POLR2A,0.003391901652018234,6.0,ChIP-seq:H3K27ac x ChIP-seq:POLR2A
UBERON:0002084,ChIP-seq:H3K27me3,DNase-seq,0.0014307757488208838,9.0,ChIP-seq:H3K27me3 x DNase-seq
UBERON:0002084,ChIP-seq:H3K27me3,ChIP-seq:H3K27ac,0.024208988746007284,9.0,ChIP-seq:H3K27ac x ChIP-seq:H3K27me3
UBERON:0002084,ChIP-seq:H3K27me3,ChIP-seq:H3K36me3,0.033995063547144606,9.0,ChIP-seq:H3K27me3 x ChIP-seq:H3K36me3
UBERON:0002084,ChIP-seq:H3K27me3,ChIP-seq:H3K4me1,0.035871437617710666,9.0,ChIP-seq:H3K27me3 x ChIP-seq:H3K4me1
UBERON:0002084,ChIP-seq:H3K27me3,ChIP-seq:H3K4me3,0.04939212653558579,9.0,ChIP-seq:H3K27me3 x ChIP-seq:H3K4me3
UBERON:0002084,ChIP-seq:H3K27me3,ChIP-seq:H3K9me3,0.15919900120090405,9.0,ChIP-seq:H3K27me3 x ChIP-seq:H3K9me3
UBERON:0002084,ChIP-seq:H3K27me3,ChIP-seq:CTCF,-0.021130007746465066,6.0,ChIP-seq:CTCF x ChIP-seq:H3K27me3
UBERON:0002084,ChIP-seq:H3K27me3,polyA plus RNA-seq,-0.008891598828759593,12.0,ChIP-seq:H3K27me3 x polyA plus RNA-seq
UBERON:0002084,ChIP-seq:H3K27me3,RNA-seq,-0.012389792941729986,30.0,ChIP-seq:H3K27me3 x RNA-seq
UBERON:0002084,ChIP-seq:H3K27me3,ChIP-seq:POLR2A,0.01741338769594828,6.0,ChIP-seq:H3K27me3 x ChIP-seq:POLR2A
UBERON:0002084,ChIP-seq:H3K36me3,DNase-seq,-0.00421614258274962,9.0,ChIP-seq:H3K36me3 x DNase-seq
UBERON:0002084,ChIP-seq:H3K36me3,ChIP-seq:H3K27ac,0.0157344122727712,9.0,ChIP-seq:H3K27ac x ChIP-seq:H3K36me3
UBERON:0002084,ChIP-seq:H3K36me3,ChIP-seq:H3K27me3,0.057958547459092256,9.0,ChIP-seq:H3K27me3 x ChIP-seq:H3K36me3
UBERON:0002084,ChIP-seq:H3K36me3,ChIP-seq:H3K4me1,0.028469992862952938,9.0,ChIP-seq:H3K36me3 x ChIP-seq:H3K4me1
UBERON:0002084,ChIP-seq:H3K36me3,ChIP-seq:H3K4me3,0.05048467668942257,9.0,ChIP-seq:H3K36me3 x ChIP-seq:H3K4me3
UBERON:0002084,ChIP-seq:H3K36me3,ChIP-seq:H3K9me3,0.04406892467577803,9.0,ChIP-seq:H3K36me3 x ChIP-seq:H3K9me3
UBERON:0002084,ChIP-seq:H3K36me3,ChIP-seq:CTCF,-0.021398963978867126,6.0,ChIP-seq:CTCF x ChIP-seq:H3K36me3
UBERON:0002084,ChIP-seq:H3K36me3,polyA plus RNA-seq,0.011308966778884363,12.0,ChIP-seq:H3K36me3 x polyA plus RNA-seq
UBERON:0002084,ChIP-seq:H3K36me3,RNA-seq,0.010398969265232979,30.0,ChIP-seq:H3K36me3 x RNA-seq
UBERON:0002084,ChIP-seq:H3K36me3,ChIP-seq:POLR2A,0.02495845052457991,6.0,ChIP-seq:H3K36me3 x ChIP-seq:POLR2A
UBERON:0002084,ChIP-seq:H3K4me1,DNase-seq,0.006971287782545443,9.0,ChIP-seq:H3K4me1 x DNase-seq
UBERON:0002084,ChIP-seq:H3K4me1,ChIP-seq:H3K27ac,0.051088549693425495,9.0,ChIP-seq:H3K27ac x ChIP-seq:H3K4me1
UBERON:0002084,ChIP-seq:H3K4me1,ChIP-seq:H3K27me3,0.0495864143667295,9.0,ChIP-seq:H3K27me3 x ChIP-seq:H3K4me1
UBERON:0002084,ChIP-seq:H3K4me1,ChIP-seq:H3K36me3,0.026972338371310862,9.0,ChIP-seq:H3K36me3 x ChIP-seq:H3K4me1
UBERON:0002084,ChIP-seq:H3K4me1,ChIP-seq:H3K4me3,-0.049721902711477264,9.0,ChIP-seq:H3K4me1 x ChIP-seq:H3K4me3
UBERON:0002084,ChIP-seq:H3K4me1,ChIP-seq:H3K9me3,-0.010308551866904943,9.0,ChIP-seq:H3K4me1 x ChIP-seq:H3K9me3
UBERON:0002084,ChIP-seq:H3K4me1,ChIP-seq:CTCF,0.035141076916962666,6.0,ChIP-seq:CTCF x ChIP-seq:H3K4me1
UBERON:0002084,ChIP-seq:H3K4me1,polyA plus RNA-seq,0.005238786117888552,12.0,ChIP-seq:H3K4me1 x polyA plus RNA-seq
UBERON:0002084,ChIP-seq:H3K4me1,RNA-seq,-0.005623788452376044,30.0,ChIP-seq:H3K4me1 x RNA-seq
UBERON:0002084,ChIP-seq:H3K4me1,ChIP-seq:POLR2A,-0.037607092942510335,6.0,ChIP-seq:H3K4me1 x ChIP-seq:POLR2A
UBERON:0002084,ChIP-seq:H3K4me3,DNase-seq,-0.0015733107526583745,9.0,ChIP-seq:H3K4me3 x DNase-seq
UBERON:0002084,ChIP-seq:H3K4me3,ChIP-seq:H3K27ac,0.0670394367641873,9.0,ChIP-seq:H3K27ac x ChIP-seq:H3K4me3
UBERON:0002084,ChIP-seq:H3K4me3,ChIP-seq:H3K27me3,0.05719567300121298,9.0,ChIP-seq:H3K27me3 x ChIP-seq:H3K4me3
UBERON:0002084,ChIP-seq:H3K4me3,ChIP-seq:H3K36me3,0.04489750332302518,9.0,ChIP-seq:H3K36me3 x ChIP-seq:H3K4me3
UBERON:0002084,ChIP-seq:H3K4me3,ChIP-seq:H3K4me1,-0.036474939085479476,9.0,ChIP-seq:H3K4me1 x ChIP-seq:H3K4me3
UBERON:0002084,ChIP-seq:H3K4me3,ChIP-seq:H3K9me3,0.07144438479579775,9.0,ChIP-seq:H3K4me3 x ChIP-seq:H3K9me3
UBERON:0002084,ChIP-seq:H3K4me3,ChIP-seq:CTCF,0.028374498478727403,6.0,ChIP-seq:CTCF x ChIP-seq:H3K4me3
UBERON:0002084,ChIP-seq:H3K4me3,polyA plus RNA-seq,-0.008458032130507984,12.0,ChIP-seq:H3K4me3 x polyA plus RNA-seq
UBERON:0002084,ChIP-seq:H3K4me3,RNA-seq,-0.004109019031577767,30.0,ChIP-seq:H3K4me3 x RNA-seq
UBERON:0002084,ChIP-seq:H3K4me3,ChIP-seq:POLR2A,0.009624256974174863,6.0,ChIP-seq:H3K4me3 x ChIP-seq:POLR2A
UBERON:0002084,ChIP-seq:H3K9me3,DNase-seq,-0.004971065069969928,9.0,ChIP-seq:H3K9me3 x DNase-seq
UBERON:0002084,ChIP-seq:H3K9me3,ChIP-seq:H3K27ac,0.036054891347885136,9.0,ChIP-seq:H3K27ac x ChIP-seq:H3K9me3
UBERON:0002084,ChIP-seq:H3K9me3,ChIP-seq:H3K27me3,0.18120726812101456,9.0,ChIP-seq:H3K27me3 x ChIP-seq:H3K9me3
UBERON:0002084,ChIP-seq:H3K9me3,ChIP-seq:H3K36me3,0.054819153804405066,9.0,ChIP-seq:H3K36me3 x ChIP-seq:H3K9me3
UBERON:0002084,ChIP-seq:H3K9me3,ChIP-seq:H3K4me1,0.0009258450242043692,9.0,ChIP-seq:H3K4me1 x ChIP-seq:H3K9me3
UBERON:0002084,ChIP-seq:H3K9me3,ChIP-seq:H3K4me3,0.07197665198121644,9.0,ChIP-seq:H3K4me3 x ChIP-seq:H3K9me3
UBERON:0002084,ChIP-seq:H3K9me3,ChIP-seq:CTCF,-0.01586578082707193,6.0,ChIP-seq:CTCF x ChIP-seq:H3K9me3
UBERON:0002084,ChIP-seq:H3K9me3,polyA plus RNA-seq,-0.006791761694306027,12.0,ChIP-seq:H3K9me3 x polyA plus RNA-seq
UBERON:0002084,ChIP-seq:H3K9me3,RNA-seq,-0.010626777553710087,30.0,ChIP-seq:H3K9me3 x RNA-seq
UBERON:0002084,ChIP-seq:H3K9me3,ChIP-seq:POLR2A,0.014727736158030373,6.0,ChIP-seq:H3K9me3 x ChIP-seq:POLR2A
UBERON:0002084,ChIP-seq:CTCF,DNase-seq,0.05173746013210108,6.0,ChIP-seq:CTCF x DNase-seq
UBERON:0002084,ChIP-seq:CTCF,ChIP-seq:H3K27ac,0.020181000232696533,6.0,ChIP-seq:CTCF x ChIP-seq:H3K27ac
UBERON:0002084,ChIP-seq:CTCF,ChIP-seq:H3K27me3,0.00176776484983374,6.0,ChIP-seq:CTCF x ChIP-seq:H3K27me3
UBERON:0002084,ChIP-seq:CTCF,ChIP-seq:H3K36me3,-0.01881277999457191,6.0,ChIP-seq:CTCF x ChIP-seq:H3K36me3
UBERON:0002084,ChIP-seq:CTCF,ChIP-seq:H3K4me1,0.03149480741102617,6.0,ChIP-seq:CTCF x ChIP-seq:H3K4me1
UBERON:0002084,ChIP-seq:CTCF,ChIP-seq:H3K4me3,0.016626223641941808,6.0,ChIP-seq:CTCF x ChIP-seq:H3K4me3
UBERON:0002084,ChIP-seq:CTCF,ChIP-seq:H3K9me3,-0.00886781157999389,6.0,ChIP-seq:CTCF x ChIP-seq:H3K9me3
UBERON:0002084,ChIP-seq:CTCF,polyA plus RNA-seq,-0.006176820797818882,8.0,ChIP-seq:CTCF x polyA plus RNA-seq
UBERON:0002084,ChIP-seq:CTCF,RNA-seq,-0.008473849790904289,20.0,ChIP-seq:CTCF x RNA-seq
UBERON:0002084,ChIP-seq:CTCF,ChIP-seq:POLR2A,-0.005389576511723657,4.0,ChIP-seq:CTCF x ChIP-seq:POLR2A
UBERON:0002084,polyA plus RNA-seq,DNase-seq,0.0037868290523533983,12.0,DNase-seq x polyA plus RNA-seq
UBERON:0002084,polyA plus RNA-seq,ChIP-seq:H3K27ac,0.014596254626909888,12.0,ChIP-seq:H3K27ac x polyA plus RNA-seq
UBERON:0002084,polyA plus RNA-seq,ChIP-seq:H3K27me3,-0.011235343855480815,12.0,ChIP-seq:H3K27me3 x polyA plus RNA-seq
UBERON:0002084,polyA plus RNA-seq,ChIP-seq:H3K36me3,-0.002800962026106482,12.0,ChIP-seq:H3K36me3 x polyA plus RNA-seq
UBERON:0002084,polyA plus RNA-seq,ChIP-seq:H3K4me1,-0.0011131946038413845,12.0,ChIP-seq:H3K4me1 x polyA plus RNA-seq
UBERON:0002084,polyA plus RNA-seq,ChIP-seq:H3K4me3,0.0023184478842596494,12.0,ChIP-seq:H3K4me3 x polyA plus RNA-seq
UBERON:0002084,polyA plus RNA-seq,ChIP-seq:H3K9me3,-0.013366138846692393,12.0,ChIP-seq:H3K9me3 x polyA plus RNA-seq
UBERON:0002084,polyA plus RNA-seq,ChIP-seq:CTCF,-0.008112450586814507,8.0,ChIP-seq:CTCF x polyA plus RNA-seq
UBERON:0002084,polyA plus RNA-seq,RNA-seq,0.16370063135333734,40.0,RNA-seq x polyA plus RNA-seq
UBERON:0002084,polyA plus RNA-seq,ChIP-seq:POLR2A,0.006341189944318362,8.0,ChIP-seq:POLR2A x polyA plus RNA-seq
UBERON:0002084,RNA-seq,DNase-seq,0.005865870986027927,30.0,DNase-seq x RNA-seq
UBERON:0002084,RNA-seq,ChIP-seq:H3K27ac,0.018640825748443602,30.0,ChIP-seq:H3K27ac x RNA-seq
UBERON:0002084,RNA-seq,ChIP-seq:H3K27me3,-0.01730374167131823,30.0,ChIP-seq:H3K27me3 x RNA-seq
UBERON:0002084,RNA-seq,ChIP-seq:H3K36me3,0.0042178867334988004,30.0,ChIP-seq:H3K36me3 x RNA-seq
UBERON:0002084,RNA-seq,ChIP-seq:H3K4me1,-0.0018339708611205385,30.0,ChIP-seq:H3K4me1 x RNA-seq
UBERON:0002084,RNA-seq,ChIP-seq:H3K4me3,0.009752018211033421,30.0,ChIP-seq:H3K4me3 x RNA-seq
UBERON:0002084,RNA-seq,ChIP-seq:H3K9me3,-0.013194866166949945,30.0,ChIP-seq:H3K9me3 x RNA-seq
UBERON:0002084,RNA-seq,ChIP-seq:CTCF,-0.006477834050561867,20.0,ChIP-seq:CTCF x RNA-seq
UBERON:0002084,RNA-seq,polyA plus RNA-seq,0.17898956375781674,40.0,RNA-seq x polyA plus RNA-seq
UBERON:0002084,RNA-seq,ChIP-seq:POLR2A,0.009420265895979746,20.0,ChIP-seq:POLR2A x RNA-seq
UBERON:0002084,ChIP-seq:POLR2A,DNase-seq,0.009631940252713148,6.0,ChIP-seq:POLR2A x DNase-seq
UBERON:0002084,ChIP-seq:POLR2A,ChIP-seq:H3K27ac,0.022574363152186083,6.0,ChIP-seq:H3K27ac x ChIP-seq:POLR2A
UBERON:0002084,ChIP-seq:POLR2A,ChIP-seq:H3K27me3,0.030066906712776006,6.0,ChIP-seq:H3K27me3 x ChIP-seq:POLR2A
UBERON:0002084,ChIP-seq:POLR2A,ChIP-seq:H3K36me3,0.008163200727864806,6.0,ChIP-seq:H3K36me3 x ChIP-seq:POLR2A
UBERON:0002084,ChIP-seq:POLR2A,ChIP-seq:H3K4me1,-0.04576816581762754,6.0,ChIP-seq:H3K4me1 x ChIP-seq:POLR2A
UBERON:0002084,ChIP-seq:POLR2A,ChIP-seq:H3K4me3,0.02598840837747278,6.0,ChIP-seq:H3K4me3 x ChIP-seq:POLR2A
UBERON:0002084,ChIP-seq:POLR2A,ChIP-seq:H3K9me3,-0.004799800909171672,6.0,ChIP-seq:H3K9me3 x ChIP-seq:POLR2A
UBERON:0002084,ChIP-seq:POLR2A,ChIP-seq:CTCF,-0.01563433470094905,4.0,ChIP-seq:CTCF x ChIP-seq:POLR2A
UBERON:0002084,ChIP-seq:POLR2A,polyA plus RNA-seq,0.002081698826608122,8.0,ChIP-seq:POLR2A x polyA plus RNA-seq
UBERON:0002084,ChIP-seq:POLR2A,RNA-seq,0.01092536484284731,20.0,ChIP-seq:POLR2A x RNA-seq
UBERON:0002080,DNase-seq,ChIP-seq:H3K27ac,-0.03642513188793793,2.0,ChIP-seq:H3K27ac x DNase-seq
UBERON:0002080,DNase-seq,ChIP-seq:H3K27me3,-0.04893269951891348,2.0,ChIP-seq:H3K27me3 x DNase-seq
UBERON:0002080,DNase-seq,ChIP-seq:H3K36me3,-0.0192364605658866,2.0,ChIP-seq:H3K36me3 x DNase-seq
UBERON:0002080,DNase-seq,ChIP-seq:H3K4me1,0.008651152273507717,2.0,ChIP-seq:H3K4me1 x DNase-seq
UBERON:0002080,DNase-seq,ChIP-seq:H3K4me3,0.0017723388203950696,2.0,ChIP-seq:H3K4me3 x DNase-seq
UBERON:0002080,DNase-seq,ChIP-seq:H3K9me3,-0.029124937119097683,1.0,ChIP-seq:H3K9me3 x DNase-seq
UBERON:0002080,DNase-seq,polyA plus RNA-seq,-0.0209475787791292,4.0,DNase-seq x polyA plus RNA-seq
UBERON:0002080,DNase-seq,RNA-seq,-0.010707416644333102,6.0,DNase-seq x RNA-seq
UBERON:0002080,ChIP-seq:H3K27ac,DNase-seq,-0.03996694607990567,2.0,ChIP-seq:H3K27ac x DNase-seq
UBERON:0002080,ChIP-seq:H3K27ac,ChIP-seq:H3K27me3,-0.00654128734345381,4.0,ChIP-seq:H3K27ac x ChIP-seq:H3K27me3
UBERON:0002080,ChIP-seq:H3K27ac,ChIP-seq:H3K36me3,0.017954337628597907,4.0,ChIP-seq:H3K27ac x ChIP-seq:H3K36me3
UBERON:0002080,ChIP-seq:H3K27ac,ChIP-seq:H3K4me1,0.08544299405454939,4.0,ChIP-seq:H3K27ac x ChIP-seq:H3K4me1
UBERON:0002080,ChIP-seq:H3K27ac,ChIP-seq:H3K4me3,0.0650842255242517,4.0,ChIP-seq:H3K27ac x ChIP-seq:H3K4me3
UBERON:0002080,ChIP-seq:H3K27ac,ChIP-seq:H3K9me3,0.007263611252913927,2.0,ChIP-seq:H3K27ac x ChIP-seq:H3K9me3
UBERON:0002080,ChIP-seq:H3K27ac,polyA plus RNA-seq,0.010060441403808098,8.0,ChIP-seq:H3K27ac x polyA plus RNA-seq
UBERON:0002080,ChIP-seq:H3K27ac,RNA-seq,0.017406129667944945,12.0,ChIP-seq:H3K27ac x RNA-seq
UBERON:0002080,ChIP-seq:H3K27me3,DNase-seq,-0.013934937370390386,2.0,ChIP-seq:H3K27me3 x DNase-seq
UBERON:0002080,ChIP-seq:H3K27me3,ChIP-seq:H3K27ac,0.021061385293369705,4.0,ChIP-seq:H3K27ac x ChIP-seq:H3K27me3
UBERON:0002080,ChIP-seq:H3K27me3,ChIP-seq:H3K36me3,0.042516787318473165,4.0,ChIP-seq:H3K27me3 x ChIP-seq:H3K36me3
UBERON:0002080,ChIP-seq:H3K27me3,ChIP-seq:H3K4me1,0.04137497696557332,4.0,ChIP-seq:H3K27me3 x ChIP-seq:H3K4me1
UBERON:0002080,ChIP-seq:H3K27me3,ChIP-seq:H3K4me3,0.09956045796938032,4.0,ChIP-seq:H3K27me3 x ChIP-seq:H3K4me3
UBERON:0002080,ChIP-seq:H3K27me3,ChIP-seq:H3K9me3,0.28077861416939254,2.0,ChIP-seq:H3K27me3 x ChIP-seq:H3K9me3
UBERON:0002080,ChIP-seq:H3K27me3,polyA plus RNA-seq,-0.01697108418994747,8.0,ChIP-seq:H3K27me3 x polyA plus RNA-seq
UBERON:0002080,ChIP-seq:H3K27me3,RNA-seq,-0.019842374057070865,12.0,ChIP-seq:H3K27me3 x RNA-seq
UBERON:0002080,ChIP-seq:H3K36me3,DNase-seq,-0.01245018852285677,2.0,ChIP-seq:H3K36me3 x DNase-seq
UBERON:0002080,ChIP-seq:H3K36me3,ChIP-seq:H3K27ac,0.022132794447937365,4.0,ChIP-seq:H3K27ac x ChIP-seq:H3K36me3
UBERON:0002080,ChIP-seq:H3K36me3,ChIP-seq:H3K27me3,0.040303524777379335,4.0,ChIP-seq:H3K27me3 x ChIP-seq:H3K36me3
UBERON:0002080,ChIP-seq:H3K36me3,ChIP-seq:H3K4me1,0.1444832430185516,4.0,ChIP-seq:H3K36me3 x ChIP-seq:H3K4me1
UBERON:0002080,ChIP-seq:H3K36me3,ChIP-seq:H3K4me3,0.011828755785789445,4.0,ChIP-seq:H3K36me3 x ChIP-seq:H3K4me3
UBERON:0002080,ChIP-seq:H3K36me3,ChIP-seq:H3K9me3,0.12283293361770374,2.0,ChIP-seq:H3K36me3 x ChIP-seq:H3K9me3
UBERON:0002080,ChIP-seq:H3K36me3,polyA plus RNA-seq,0.016284293524641814,8.0,ChIP-seq:H3K36me3 x polyA plus RNA-seq
UBERON:0002080,ChIP-seq:H3K36me3,RNA-seq,0.021458554070610248,12.0,ChIP-seq:H3K36me3 x RNA-seq
UBERON:0002080,ChIP-seq:H3K4me1,DNase-seq,0.038948947396177255,2.0,ChIP-seq:H3K4me1 x DNase-seq
UBERON:0002080,ChIP-seq:H3K4me1,ChIP-seq:H3K27ac,0.08447958121758811,4.0,ChIP-seq:H3K27ac x ChIP-seq:H3K4me1
UBERON:0002080,ChIP-seq:H3K4me1,ChIP-seq:H3K27me3,0.021927915255113832,4.0,ChIP-seq:H3K27me3 x ChIP-seq:H3K4me1
UBERON:0002080,ChIP-seq:H3K4me1,ChIP-seq:H3K36me3,0.14105606776602725,4.0,ChIP-seq:H3K36me3 x ChIP-seq:H3K4me1
UBERON:0002080,ChIP-seq:H3K4me1,ChIP-seq:H3K4me3,-0.0265758490346581,4.0,ChIP-seq:H3K4me1 x ChIP-seq:H3K4me3
UBERON:0002080,ChIP-seq:H3K4me1,ChIP-seq:H3K9me3,0.0663716830937556,2.0,ChIP-seq:H3K4me1 x ChIP-seq:H3K9me3
UBERON:0002080,ChIP-seq:H3K4me1,polyA plus RNA-seq,0.006610340613238407,8.0,ChIP-seq:H3K4me1 x polyA plus RNA-seq
UBERON:0002080,ChIP-seq:H3K4me1,RNA-seq,-0.00898264102796291,12.0,ChIP-seq:H3K4me1 x RNA-seq
UBERON:0002080,ChIP-seq:H3K4me3,DNase-seq,0.013747998022481528,2.0,ChIP-seq:H3K4me3 x DNase-seq
UBERON:0002080,ChIP-seq:H3K4me3,ChIP-seq:H3K27ac,0.0838113361448975,4.0,ChIP-seq:H3K27ac x ChIP-seq:H3K4me3
UBERON:0002080,ChIP-seq:H3K4me3,ChIP-seq:H3K27me3,0.07143123990538493,4.0,ChIP-seq:H3K27me3 x ChIP-seq:H3K4me3
UBERON:0002080,ChIP-seq:H3K4me3,ChIP-seq:H3K36me3,0.02367004748196044,4.0,ChIP-seq:H3K36me3 x ChIP-seq:H3K4me3
UBERON:0002080,ChIP-seq:H3K4me3,ChIP-seq:H3K4me1,-0.024075321293349473,4.0,ChIP-seq:H3K4me1 x ChIP-seq:H3K4me3
UBERON:0002080,ChIP-seq:H3K4me3,ChIP-seq:H3K9me3,0.08163061138637905,2.0,ChIP-seq:H3K4me3 x ChIP-seq:H3K9me3
UBERON:0002080,ChIP-seq:H3K4me3,polyA plus RNA-seq,-0.017772479739673542,8.0,ChIP-seq:H3K4me3 x polyA plus RNA-seq
UBERON:0002080,ChIP-seq:H3K4me3,RNA-seq,-0.0025787950002414406,12.0,ChIP-seq:H3K4me3 x RNA-seq
UBERON:0002080,ChIP-seq:H3K9me3,DNase-seq,-0.007431915207050145,1.0,ChIP-seq:H3K9me3 x DNase-seq
UBERON:0002080,ChIP-seq:H3K9me3,ChIP-seq:H3K27ac,0.02153521010316677,2.0,ChIP-seq:H3K27ac x ChIP-seq:H3K9me3
UBERON:0002080,ChIP-seq:H3K9me3,ChIP-seq:H3K27me3,0.2750145565567678,2.0,ChIP-seq:H3K27me3 x ChIP-seq:H3K9me3
UBERON:0002080,ChIP-seq:H3K9me3,ChIP-seq:H3K36me3,0.13232529924270955,2.0,ChIP-seq:H3K36me3 x ChIP-seq:H3K9me3
UBERON:0002080,ChIP-seq:H3K9me3,ChIP-seq:H3K4me1,0.07770078555970895,2.0,ChIP-seq:H3K4me1 x ChIP-seq:H3K9me3
UBERON:0002080,ChIP-seq:H3K9me3,ChIP-seq:H3K4me3,0.07874831167336936,2.0,ChIP-seq:H3K4me3 x ChIP-seq:H3K9me3
UBERON:0002080,ChIP-seq:H3K9me3,polyA plus RNA-seq,-0.003713664059293716,4.0,ChIP-seq:H3K9me3 x polyA plus RNA-seq
UBERON:0002080,ChIP-seq:H3K9me3,RNA-seq,-0.015457174157279038,6.0,ChIP-seq:H3K9me3 x RNA-seq
UBERON:0002080,polyA plus RNA-seq,DNase-seq,-0.01042356977004625,4.0,DNase-seq x polyA plus RNA-seq
UBERON:0002080,polyA plus RNA-seq,ChIP-seq:H3K27ac,0.017681056159253448,8.0,ChIP-seq:H3K27ac x polyA plus RNA-seq
UBERON:0002080,polyA plus RNA-seq,ChIP-seq:H3K27me3,-0.027216101635915008,8.0,ChIP-seq:H3K27me3 x polyA plus RNA-seq
UBERON:0002080,polyA plus RNA-seq,ChIP-seq:H3K36me3,0.00028692487072437545,8.0,ChIP-seq:H3K36me3 x polyA plus RNA-seq
UBERON:0002080,polyA plus RNA-seq,ChIP-seq:H3K4me1,0.0016024104049785527,8.0,ChIP-seq:H3K4me1 x polyA plus RNA-seq
UBERON:0002080,polyA plus RNA-seq,ChIP-seq:H3K4me3,-0.010545561699388185,8.0,ChIP-seq:H3K4me3 x polyA plus RNA-seq
UBERON:0002080,polyA plus RNA-seq,ChIP-seq:H3K9me3,-0.020444452877067986,4.0,ChIP-seq:H3K9me3 x polyA plus RNA-seq
UBERON:0002080,polyA plus RNA-seq,RNA-seq,0.12403101588535534,24.0,RNA-seq x polyA plus RNA-seq
UBERON:0002080,RNA-seq,DNase-seq,-0.009451599103728215,6.0,DNase-seq x RNA-seq
UBERON:0002080,RNA-seq,ChIP-seq:H3K27ac,0.02542898595703315,12.0,ChIP-seq:H3K27ac x RNA-seq
UBERON:0002080,RNA-seq,ChIP-seq:H3K27me3,-0.01905253139075057,12.0,ChIP-seq:H3K27me3 x RNA-seq
UBERON:0002080,RNA-seq,ChIP-seq:H3K36me3,0.011724949305784618,12.0,ChIP-seq:H3K36me3 x RNA-seq
UBERON:0002080,RNA-seq,ChIP-seq:H3K4me1,-0.0022228271624103926,12.0,ChIP-seq:H3K4me1 x RNA-seq
UBERON:0002080,RNA-seq,ChIP-seq:H3K4me3,0.008950253478556035,12.0,ChIP-seq:H3K4me3 x RNA-seq
UBERON:0002080,RNA-seq,ChIP-seq:H3K9me3,-0.021612643987439863,6.0,ChIP-seq:H3K9me3 x RNA-seq
UBERON:0002080,RNA-seq,polyA plus RNA-seq,0.11847256709473505,24.0,RNA-seq x polyA plus RNA-seq
UBERON:0003663,DNase-seq,polyA plus RNA-seq,0.0226935356429645,1.0,DNase-seq x polyA plus RNA-seq
UBERON:0003663,polyA plus RNA-seq,DNase-seq,0.009071326864868938,1.0,DNase-seq x polyA plus RNA-seq
UBERON:0002113,DNase-seq,ChIP-seq:H3K27ac,0.02545239620099385,26.0,ChIP-seq:H3K27ac x DNase-seq
UBERON:0002113,DNase-seq,ChIP-seq:H3K27me3,0.04998188641722702,13.0,ChIP-seq:H3K27me3 x DNase-seq
UBERON:0002113,DNase-seq,ChIP-seq:H3K36me3,0.0034369164417591925,39.0,ChIP-seq:H3K36me3 x DNase-seq
UBERON:0002113,DNase-seq,ChIP-seq:H3K4me1,-0.0014250512927913373,39.0,ChIP-seq:H3K4me1 x DNase-seq
UBERON:0002113,DNase-seq,ChIP-seq:H3K4me3,-0.005914286527017171,39.0,ChIP-seq:H3K4me3 x DNase-seq
UBERON:0002113,DNase-seq,ChIP-seq:H3K9ac,0.0061453611422807725,39.0,ChIP-seq:H3K9ac x DNase-seq
UBERON:0002113,DNase-seq,ChIP-seq:H3K9me3,-0.008183156236883146,39.0,ChIP-seq:H3K9me3 x DNase-seq
UBERON:0002113,DNase-seq,polyA plus RNA-seq,0.0011412627288994847,78.0,DNase-seq x polyA plus RNA-seq
UBERON:0002113,DNase-seq,RNA-seq,-0.0013048115871421191,26.0,DNase-seq x RNA-seq
UBERON:0002113,ChIP-seq:H3K27ac,DNase-seq,0.009956991957100383,26.0,ChIP-seq:H3K27ac x DNase-seq
UBERON:0002113,ChIP-seq:H3K27ac,ChIP-seq:H3K27me3,0.010147051136384068,2.0,ChIP-seq:H3K27ac x ChIP-seq:H3K27me3
UBERON:0002113,ChIP-seq:H3K27ac,ChIP-seq:H3K36me3,0.020414394650229796,6.0,ChIP-seq:H3K27ac x ChIP-seq:H3K36me3
UBERON:0002113,ChIP-seq:H3K27ac,ChIP-seq:H3K4me1,0.2543510958388612,6.0,ChIP-seq:H3K27ac x ChIP-seq:H3K4me1
UBERON:0002113,ChIP-seq:H3K27ac,ChIP-seq:H3K4me3,0.15594787105148386,6.0,ChIP-seq:H3K27ac x ChIP-seq:H3K4me3
UBERON:0002113,ChIP-seq:H3K27ac,ChIP-seq:H3K9ac,0.20713448524475098,6.0,ChIP-seq:H3K27ac x ChIP-seq:H3K9ac
UBERON:0002113,ChIP-seq:H3K27ac,ChIP-seq:H3K9me3,0.029700674411267215,6.0,ChIP-seq:H3K27ac x ChIP-seq:H3K9me3
UBERON:0002113,ChIP-seq:H3K27ac,polyA plus RNA-seq,0.04198224082373191,12.0,ChIP-seq:H3K27ac x polyA plus RNA-seq
UBERON:0002113,ChIP-seq:H3K27ac,RNA-seq,0.04355342351161903,4.0,ChIP-seq:H3K27ac x RNA-seq
UBERON:0002113,ChIP-seq:H3K27me3,DNase-seq,0.023698559016068356,13.0,ChIP-seq:H3K27me3 x DNase-seq
UBERON:0002113,ChIP-seq:H3K27me3,ChIP-seq:H3K27ac,0.03346148063862546,2.0,ChIP-seq:H3K27ac x ChIP-seq:H3K27me3
UBERON:0002113,ChIP-seq:H3K27me3,ChIP-seq:H3K36me3,0.13701991197684657,3.0,ChIP-seq:H3K27me3 x ChIP-seq:H3K36me3
UBERON:0002113,ChIP-seq:H3K27me3,ChIP-seq:H3K4me1,0.13235621661930294,3.0,ChIP-seq:H3K27me3 x ChIP-seq:H3K4me1
UBERON:0002113,ChIP-seq:H3K27me3,ChIP-seq:H3K4me3,0.046684712171554565,3.0,ChIP-seq:H3K27me3 x ChIP-seq:H3K4me3
UBERON:0002113,ChIP-seq:H3K27me3,ChIP-seq:H3K9ac,0.054944979647795364,3.0,ChIP-seq:H3K27me3 x ChIP-seq:H3K9ac
UBERON:0002113,ChIP-seq:H3K27me3,ChIP-seq:H3K9me3,0.16493684491195248,3.0,ChIP-seq:H3K27me3 x ChIP-seq:H3K9me3
UBERON:0002113,ChIP-seq:H3K27me3,polyA plus RNA-seq,-0.018051944133164223,6.0,ChIP-seq:H3K27me3 x polyA plus RNA-seq
UBERON:0002113,ChIP-seq:H3K27me3,RNA-seq,-0.005163171939307549,2.0,ChIP-seq:H3K27me3 x RNA-seq
UBERON:0002113,ChIP-seq:H3K36me3,DNase-seq,-0.0035707222398248637,39.0,ChIP-seq:H3K36me3 x DNase-seq
UBERON:0002113,ChIP-seq:H3K36me3,ChIP-seq:H3K27ac,0.020304825056660498,6.0,ChIP-seq:H3K27ac x ChIP-seq:H3K36me3
UBERON:0002113,ChIP-seq:H3K36me3,ChIP-seq:H3K27me3,0.12787954058226955,3.0,ChIP-seq:H3K27me3 x ChIP-seq:H3K36me3
UBERON:0002113,ChIP-seq:H3K36me3,ChIP-seq:H3K4me1,0.07960491579239767,9.0,ChIP-seq:H3K36me3 x ChIP-seq:H3K4me1
UBERON:0002113,ChIP-seq:H3K36me3,ChIP-seq:H3K4me3,0.051830806735908855,9.0,ChIP-seq:H3K36me3 x ChIP-seq:H3K4me3
UBERON:0002113,ChIP-seq:H3K36me3,ChIP-seq:H3K9ac,0.0720738901032342,9.0,ChIP-seq:H3K36me3 x ChIP-seq:H3K9ac
UBERON:0002113,ChIP-seq:H3K36me3,ChIP-seq:H3K9me3,0.1635024273687388,9.0,ChIP-seq:H3K36me3 x ChIP-seq:H3K9me3
UBERON:0002113,ChIP-seq:H3K36me3,polyA plus RNA-seq,0.03765333458997201,18.0,ChIP-seq:H3K36me3 x polyA plus RNA-seq
UBERON:0002113,ChIP-seq:H3K36me3,RNA-seq,0.0618785867739431,6.0,ChIP-seq:H3K36me3 x RNA-seq
UBERON:0002113,ChIP-seq:H3K4me1,DNase-seq,-0.010360487997795395,39.0,ChIP-seq:H3K4me1 x DNase-seq
UBERON:0002113,ChIP-seq:H3K4me1,ChIP-seq:H3K27ac,0.24721024051216078,6.0,ChIP-seq:H3K27ac x ChIP-seq:H3K4me1
UBERON:0002113,ChIP-seq:H3K4me1,ChIP-seq:H3K27me3,0.10532467392669327,3.0,ChIP-seq:H3K27me3 x ChIP-seq:H3K4me1
UBERON:0002113,ChIP-seq:H3K4me1,ChIP-seq:H3K36me3,0.08101145688508568,9.0,ChIP-seq:H3K36me3 x ChIP-seq:H3K4me1
UBERON:0002113,ChIP-seq:H3K4me1,ChIP-seq:H3K4me3,0.1009712168868159,9.0,ChIP-seq:H3K4me1 x ChIP-seq:H3K4me3
UBERON:0002113,ChIP-seq:H3K4me1,ChIP-seq:H3K9ac,0.1757534212536282,9.0,ChIP-seq:H3K4me1 x ChIP-seq:H3K9ac
UBERON:0002113,ChIP-seq:H3K4me1,ChIP-seq:H3K9me3,0.08884583332219814,9.0,ChIP-seq:H3K4me1 x ChIP-seq:H3K9me3
UBERON:0002113,ChIP-seq:H3K4me1,polyA plus RNA-seq,0.02226377118036943,18.0,ChIP-seq:H3K4me1 x polyA plus RNA-seq
UBERON:0002113,ChIP-seq:H3K4me1,RNA-seq,0.022708244749710584,6.0,ChIP-seq:H3K4me1 x RNA-seq
UBERON:0002113,ChIP-seq:H3K4me3,DNase-seq,0.018003370991646978,39.0,ChIP-seq:H3K4me3 x DNase-seq
UBERON:0002113,ChIP-seq:H3K4me3,ChIP-seq:H3K27ac,0.2003382244465514,6.0,ChIP-seq:H3K27ac x ChIP-seq:H3K4me3
UBERON:0002113,ChIP-seq:H3K4me3,ChIP-seq:H3K27me3,0.038109098243530676,3.0,ChIP-seq:H3K27me3 x ChIP-seq:H3K4me3
UBERON:0002113,ChIP-seq:H3K4me3,ChIP-seq:H3K36me3,0.05174413229550766,9.0,ChIP-seq:H3K36me3 x ChIP-seq:H3K4me3
UBERON:0002113,ChIP-seq:H3K4me3,ChIP-seq:H3K4me1,0.09486030178628999,9.0,ChIP-seq:H3K4me1 x ChIP-seq:H3K4me3
UBERON:0002113,ChIP-seq:H3K4me3,ChIP-seq:H3K9ac,0.33736745516459143,9.0,ChIP-seq:H3K4me3 x ChIP-seq:H3K9ac
UBERON:0002113,ChIP-seq:H3K4me3,ChIP-seq:H3K9me3,0.061060111289194974,9.0,ChIP-seq:H3K4me3 x ChIP-seq:H3K9me3
UBERON:0002113,ChIP-seq:H3K4me3,polyA plus RNA-seq,0.03182690886483676,18.0,ChIP-seq:H3K4me3 x polyA plus RNA-seq
UBERON:0002113,ChIP-seq:H3K4me3,RNA-seq,0.03776802833335275,6.0,ChIP-seq:H3K4me3 x RNA-seq
UBERON:0002113,ChIP-seq:H3K9ac,DNase-seq,0.011897552761749072,39.0,ChIP-seq:H3K9ac x DNase-seq
UBERON:0002113,ChIP-seq:H3K9ac,ChIP-seq:H3K27ac,0.2866718260644633,6.0,ChIP-seq:H3K27ac x ChIP-seq:H3K9ac
UBERON:0002113,ChIP-seq:H3K9ac,ChIP-seq:H3K27me3,0.03691087566116304,3.0,ChIP-seq:H3K27me3 x ChIP-seq:H3K9ac
UBERON:0002113,ChIP-seq:H3K9ac,ChIP-seq:H3K36me3,0.08295277010735769,9.0,ChIP-seq:H3K36me3 x ChIP-seq:H3K9ac
UBERON:0002113,ChIP-seq:H3K9ac,ChIP-seq:H3K4me1,0.1735390845381442,9.0,ChIP-seq:H3K4me1 x ChIP-seq:H3K9ac
UBERON:0002113,ChIP-seq:H3K9ac,ChIP-seq:H3K4me3,0.36438031711488816,9.0,ChIP-seq:H3K4me3 x ChIP-seq:H3K9ac
UBERON:0002113,ChIP-seq:H3K9ac,ChIP-seq:H3K9me3,0.06609505785387115,9.0,ChIP-seq:H3K9ac x ChIP-seq:H3K9me3
UBERON:0002113,ChIP-seq:H3K9ac,polyA plus RNA-seq,0.03452498457857952,18.0,ChIP-seq:H3K9ac x polyA plus RNA-seq
UBERON:0002113,ChIP-seq:H3K9ac,RNA-seq,0.04857908117175567,6.0,ChIP-seq:H3K9ac x RNA-seq
UBERON:0002113,ChIP-seq:H3K9me3,DNase-seq,-0.004246532548116858,39.0,ChIP-seq:H3K9me3 x DNase-seq
UBERON:0002113,ChIP-seq:H3K9me3,ChIP-seq:H3K27ac,0.03977653951871963,6.0,ChIP-seq:H3K27ac x ChIP-seq:H3K9me3
UBERON:0002113,ChIP-seq:H3K9me3,ChIP-seq:H3K27me3,0.13487183042869716,3.0,ChIP-seq:H3K27me3 x ChIP-seq:H3K9me3
UBERON:0002113,ChIP-seq:H3K9me3,ChIP-seq:H3K36me3,0.16500506511559038,9.0,ChIP-seq:H3K36me3 x ChIP-seq:H3K9me3
UBERON:0002113,ChIP-seq:H3K9me3,ChIP-seq:H3K4me1,0.1004731490644052,9.0,ChIP-seq:H3K4me1 x ChIP-seq:H3K9me3
UBERON:0002113,ChIP-seq:H3K9me3,ChIP-seq:H3K4me3,0.07236359236945569,9.0,ChIP-seq:H3K4me3 x ChIP-seq:H3K9me3
UBERON:0002113,ChIP-seq:H3K9me3,ChIP-seq:H3K9ac,0.07885068323877123,9.0,ChIP-seq:H3K9ac x ChIP-seq:H3K9me3
UBERON:0002113,ChIP-seq:H3K9me3,polyA plus RNA-seq,-0.007752895808738211,18.0,ChIP-seq:H3K9me3 x polyA plus RNA-seq
UBERON:0002113,ChIP-seq:H3K9me3,RNA-seq,-0.0006228622134882523,6.0,ChIP-seq:H3K9me3 x RNA-seq
UBERON:0002113,polyA plus RNA-seq,DNase-seq,-0.0025598424578218942,78.0,DNase-seq x polyA plus RNA-seq
UBERON:0002113,polyA plus RNA-seq,ChIP-seq:H3K27ac,0.04589017624070186,12.0,ChIP-seq:H3K27ac x polyA plus RNA-seq
UBERON:0002113,polyA plus RNA-seq,ChIP-seq:H3K27me3,-0.018904712065426325,6.0,ChIP-seq:H3K27me3 x polyA plus RNA-seq
UBERON:0002113,polyA plus RNA-seq,ChIP-seq:H3K36me3,0.03974799258469544,18.0,ChIP-seq:H3K36me3 x polyA plus RNA-seq
UBERON:0002113,polyA plus RNA-seq,ChIP-seq:H3K4me1,0.01772651898700821,18.0,ChIP-seq:H3K4me1 x polyA plus RNA-seq
UBERON:0002113,polyA plus RNA-seq,ChIP-seq:H3K4me3,0.03556769657209632,18.0,ChIP-seq:H3K4me3 x polyA plus RNA-seq
UBERON:0002113,polyA plus RNA-seq,ChIP-seq:H3K9ac,0.03639080458217197,18.0,ChIP-seq:H3K9ac x polyA plus RNA-seq
UBERON:0002113,polyA plus RNA-seq,ChIP-seq:H3K9me3,-0.002918103109982054,18.0,ChIP-seq:H3K9me3 x polyA plus RNA-seq
UBERON:0002113,polyA plus RNA-seq,RNA-seq,0.14990425188963905,12.0,RNA-seq x polyA plus RNA-seq
UBERON:0002113,RNA-seq,DNase-seq,-0.004349991165358445,26.0,DNase-seq x RNA-seq
UBERON:0002113,RNA-seq,ChIP-seq:H3K27ac,0.042172002958955235,4.0,ChIP-seq:H3K27ac x RNA-seq
UBERON:0002113,RNA-seq,ChIP-seq:H3K27me3,-0.0054070028829677355,2.0,ChIP-seq:H3K27me3 x RNA-seq
UBERON:0002113,RNA-seq,ChIP-seq:H3K36me3,0.05390614101168519,6.0,ChIP-seq:H3K36me3 x RNA-seq
UBERON:0002113,RNA-seq,ChIP-seq:H3K4me1,0.018402970726891753,6.0,ChIP-seq:H3K4me1 x RNA-seq
UBERON:0002113,RNA-seq,ChIP-seq:H3K4me3,0.03473695315105814,6.0,ChIP-seq:H3K4me3 x RNA-seq
UBERON:0002113,RNA-seq,ChIP-seq:H3K9ac,0.04468928029139836,6.0,ChIP-seq:H3K9ac x RNA-seq
UBERON:0002113,RNA-seq,ChIP-seq:H3K9me3,0.005691095234268466,6.0,ChIP-seq:H3K9me3 x RNA-seq
UBERON:0002113,RNA-seq,polyA plus RNA-seq,0.1065291710521864,12.0,RNA-seq x polyA plus RNA-seq
UBERON:0000059,DNase-seq,ChIP-seq:H3K27ac,-0.059615487985089546,14.0,ChIP-seq:H3K27ac x DNase-seq
UBERON:0000059,DNase-seq,ChIP-seq:H3K27me3,-0.013027335059858113,14.0,ChIP-seq:H3K27me3 x DNase-seq
UBERON:0000059,DNase-seq,ChIP-seq:H3K36me3,-0.0320679823152062,14.0,ChIP-seq:H3K36me3 x DNase-seq
UBERON:0000059,DNase-seq,ChIP-seq:H3K4me1,-0.1917400552619318,14.0,ChIP-seq:H3K4me1 x DNase-seq
UBERON:0000059,DNase-seq,ChIP-seq:H3K4me3,-0.02876111280878517,14.0,ChIP-seq:H3K4me3 x DNase-seq
UBERON:0000059,DNase-seq,ChIP-seq:H3K9me3,-0.024087774758327515,14.0,ChIP-seq:H3K9me3 x DNase-seq
UBERON:0000059,DNase-seq,polyA plus RNA-seq,0.007857103340988991,98.0,DNase-seq x polyA plus RNA-seq
UBERON:0000059,ChIP-seq:H3K27ac,DNase-seq,-0.028031247727414395,14.0,ChIP-seq:H3K27ac x DNase-seq
UBERON:0000059,ChIP-seq:H3K27ac,ChIP-seq:H3K27me3,0.010995629896548972,1.0,ChIP-seq:H3K27ac x ChIP-seq:H3K27me3
UBERON:0000059,ChIP-seq:H3K27ac,ChIP-seq:H3K36me3,-0.05673214627636804,1.0,ChIP-seq:H3K27ac x ChIP-seq:H3K36me3
UBERON:0000059,ChIP-seq:H3K27ac,ChIP-seq:H3K4me1,0.3680394764827645,1.0,ChIP-seq:H3K27ac x ChIP-seq:H3K4me1
UBERON:0000059,ChIP-seq:H3K27ac,ChIP-seq:H3K4me3,0.2477387126102004,1.0,ChIP-seq:H3K27ac x ChIP-seq:H3K4me3
UBERON:0000059,ChIP-seq:H3K27ac,ChIP-seq:H3K9me3,0.04632981854111123,1.0,ChIP-seq:H3K27ac x ChIP-seq:H3K9me3
UBERON:0000059,ChIP-seq:H3K27ac,polyA plus RNA-seq,0.04267839547803632,7.0,ChIP-seq:H3K27ac x polyA plus RNA-seq
UBERON:0000059,ChIP-seq:H3K27me3,DNase-seq,-0.03026554255681197,14.0,ChIP-seq:H3K27me3 x DNase-seq
UBERON:0000059,ChIP-seq:H3K27me3,ChIP-seq:H3K27ac,0.006255971589758073,1.0,ChIP-seq:H3K27ac x ChIP-seq:H3K27me3
UBERON:0000059,ChIP-seq:H3K27me3,ChIP-seq:H3K36me3,-0.022972477769981774,1.0,ChIP-seq:H3K27me3 x ChIP-seq:H3K36me3
UBERON:0000059,ChIP-seq:H3K27me3,ChIP-seq:H3K4me1,-0.0348291918432907,1.0,ChIP-seq:H3K27me3 x ChIP-seq:H3K4me1
UBERON:0000059,ChIP-seq:H3K27me3,ChIP-seq:H3K4me3,0.008648792801554814,1.0,ChIP-seq:H3K27me3 x ChIP-seq:H3K4me3
UBERON:0000059,ChIP-seq:H3K27me3,ChIP-seq:H3K9me3,0.14747355736833712,1.0,ChIP-seq:H3K27me3 x ChIP-seq:H3K9me3
UBERON:0000059,ChIP-seq:H3K27me3,polyA plus RNA-seq,-0.008346175088042834,7.0,ChIP-seq:H3K27me3 x polyA plus RNA-seq
UBERON:0000059,ChIP-seq:H3K36me3,DNase-seq,-0.031004053571666267,14.0,ChIP-seq:H3K36me3 x DNase-seq
UBERON:0000059,ChIP-seq:H3K36me3,ChIP-seq:H3K27ac,-0.04985994928412967,1.0,ChIP-seq:H3K27ac x ChIP-seq:H3K36me3
UBERON:0000059,ChIP-seq:H3K36me3,ChIP-seq:H3K27me3,-0.017638685304842805,1.0,ChIP-seq:H3K27me3 x ChIP-seq:H3K36me3
UBERON:0000059,ChIP-seq:H3K36me3,ChIP-seq:H3K4me1,0.0069994830890842095,1.0,ChIP-seq:H3K36me3 x ChIP-seq:H3K4me1
UBERON:0000059,ChIP-seq:H3K36me3,ChIP-seq:H3K4me3,0.016196678799771984,1.0,ChIP-seq:H3K36me3 x ChIP-seq:H3K4me3
UBERON:0000059,ChIP-seq:H3K36me3,ChIP-seq:H3K9me3,0.08385663908287133,1.0,ChIP-seq:H3K36me3 x ChIP-seq:H3K9me3
UBERON:0000059,ChIP-seq:H3K36me3,polyA plus RNA-seq,0.05006803705842788,7.0,ChIP-seq:H3K36me3 x polyA plus RNA-seq
UBERON:0000059,ChIP-seq:H3K4me1,DNase-seq,-0.18135935720339372,14.0,ChIP-seq:H3K4me1 x DNase-seq
UBERON:0000059,ChIP-seq:H3K4me1,ChIP-seq:H3K27ac,0.3766398849310698,1.0,ChIP-seq:H3K27ac x ChIP-seq:H3K4me1
UBERON:0000059,ChIP-seq:H3K4me1,ChIP-seq:H3K27me3,-0.03213178605676211,1.0,ChIP-seq:H3K27me3 x ChIP-seq:H3K4me1
UBERON:0000059,ChIP-seq:H3K4me1,ChIP-seq:H3K36me3,0.004865640508277074,1.0,ChIP-seq:H3K36me3 x ChIP-seq:H3K4me1
UBERON:0000059,ChIP-seq:H3K4me1,ChIP-seq:H3K4me3,-0.045737292530924775,1.0,ChIP-seq:H3K4me1 x ChIP-seq:H3K4me3
UBERON:0000059,ChIP-seq:H3K4me1,ChIP-seq:H3K9me3,0.10193811444430378,1.0,ChIP-seq:H3K4me1 x ChIP-seq:H3K9me3
UBERON:0000059,ChIP-seq:H3K4me1,polyA plus RNA-seq,0.009719980961064563,7.0,ChIP-seq:H3K4me1 x polyA plus RNA-seq
UBERON:0000059,ChIP-seq:H3K4me3,DNase-seq,-0.013576169869095364,14.0,ChIP-seq:H3K4me3 x DNase-seq
UBERON:0000059,ChIP-seq:H3K4me3,ChIP-seq:H3K27ac,0.20943235247223466,1.0,ChIP-seq:H3K27ac x ChIP-seq:H3K4me3
UBERON:0000059,ChIP-seq:H3K4me3,ChIP-seq:H3K27me3,0.00743817116251622,1.0,ChIP-seq:H3K27me3 x ChIP-seq:H3K4me3
UBERON:0000059,ChIP-seq:H3K4me3,ChIP-seq:H3K36me3,0.0011215634575044674,1.0,ChIP-seq:H3K36me3 x ChIP-seq:H3K4me3
UBERON:0000059,ChIP-seq:H3K4me3,ChIP-seq:H3K4me1,-0.03784329379382341,1.0,ChIP-seq:H3K4me1 x ChIP-seq:H3K4me3
UBERON:0000059,ChIP-seq:H3K4me3,ChIP-seq:H3K9me3,0.10387117153439442,1.0,ChIP-seq:H3K4me3 x ChIP-seq:H3K9me3
UBERON:0000059,ChIP-seq:H3K4me3,polyA plus RNA-seq,0.03317118304908474,7.0,ChIP-seq:H3K4me3 x polyA plus RNA-seq
UBERON:0000059,ChIP-seq:H3K9me3,DNase-seq,-0.03767098246374392,14.0,ChIP-seq:H3K9me3 x DNase-seq
UBERON:0000059,ChIP-seq:H3K9me3,ChIP-seq:H3K27ac,0.04144867647577215,1.0,ChIP-seq:H3K27ac x ChIP-seq:H3K9me3
UBERON:0000059,ChIP-seq:H3K9me3,ChIP-seq:H3K27me3,0.15184355535726438,1.0,ChIP-seq:H3K27me3 x ChIP-seq:H3K9me3
UBERON:0000059,ChIP-seq:H3K9me3,ChIP-seq:H3K36me3,0.07538408403674131,1.0,ChIP-seq:H3K36me3 x ChIP-seq:H3K9me3
UBERON:0000059,ChIP-seq:H3K9me3,ChIP-seq:H3K4me1,0.0998549069399419,1.0,ChIP-seq:H3K4me1 x ChIP-seq:H3K9me3
UBERON:0000059,ChIP-seq:H3K9me3,ChIP-seq:H3K4me3,0.09276052339132443,1.0,ChIP-seq:H3K4me3 x ChIP-seq:H3K9me3
UBERON:0000059,ChIP-seq:H3K9me3,polyA plus RNA-seq,-0.002799500807179169,7.0,ChIP-seq:H3K9me3 x polyA plus RNA-seq
UBERON:0000059,polyA plus RNA-seq,DNase-seq,0.00014019871710488525,98.0,DNase-seq x polyA plus RNA-seq
UBERON:0000059,polyA plus RNA-seq,ChIP-seq:H3K27ac,0.01622778813254476,7.0,ChIP-seq:H3K27ac x polyA plus RNA-seq
UBERON:0000059,polyA plus RNA-seq,ChIP-seq:H3K27me3,-0.012610574489939587,7.0,ChIP-seq:H3K27me3 x polyA plus RNA-seq
UBERON:0000059,polyA plus RNA-seq,ChIP-seq:H3K36me3,0.05097416054544716,7.0,ChIP-seq:H3K36me3 x polyA plus RNA-seq
UBERON:0000059,polyA plus RNA-seq,ChIP-seq:H3K4me1,-0.0010540551095275415,7.0,ChIP-seq:H3K4me1 x polyA plus RNA-seq
UBERON:0000059,polyA plus RNA-seq,ChIP-seq:H3K4me3,0.011023136666446831,7.0,ChIP-seq:H3K4me3 x polyA plus RNA-seq
UBERON:0000059,polyA plus RNA-seq,ChIP-seq:H3K9me3,0.018319996244795113,7.0,ChIP-seq:H3K9me3 x polyA plus RNA-seq
UBERON:0002305,ChIP-seq:H3K27ac,ChIP-seq:H3K27me3,0.0337729789027872,9.0,ChIP-seq:H3K27ac x ChIP-seq:H3K27me3
UBERON:0002305,ChIP-seq:H3K27ac,ChIP-seq:H3K36me3,0.008442481040104612,9.0,ChIP-seq:H3K27ac x ChIP-seq:H3K36me3
UBERON:0002305,ChIP-seq:H3K27ac,ChIP-seq:H3K4me1,0.11141505389859825,9.0,ChIP-seq:H3K27ac x ChIP-seq:H3K4me1
UBERON:0002305,ChIP-seq:H3K27ac,ChIP-seq:H3K4me3,0.12458132951285728,9.0,ChIP-seq:H3K27ac x ChIP-seq:H3K4me3
UBERON:0002305,ChIP-seq:H3K27ac,ChIP-seq:H3K9ac,0.26719247341156005,3.0,ChIP-seq:H3K27ac x ChIP-seq:H3K9ac
UBERON:0002305,ChIP-seq:H3K27ac,ChIP-seq:H3K9me3,0.012900423672464157,9.0,ChIP-seq:H3K27ac x ChIP-seq:H3K9me3
UBERON:0002305,ChIP-seq:H3K27me3,ChIP-seq:H3K27ac,0.012735948959986372,9.0,ChIP-seq:H3K27ac x ChIP-seq:H3K27me3
UBERON:0002305,ChIP-seq:H3K27me3,ChIP-seq:H3K36me3,-0.023061005260288467,9.0,ChIP-seq:H3K27me3 x ChIP-seq:H3K36me3
UBERON:0002305,ChIP-seq:H3K27me3,ChIP-seq:H3K4me1,0.021026096501193206,9.0,ChIP-seq:H3K27me3 x ChIP-seq:H3K4me1
UBERON:0002305,ChIP-seq:H3K27me3,ChIP-seq:H3K4me3,0.023592163885889667,9.0,ChIP-seq:H3K27me3 x ChIP-seq:H3K4me3
UBERON:0002305,ChIP-seq:H3K27me3,ChIP-seq:H3K9ac,0.006106998324394229,3.0,ChIP-seq:H3K27me3 x ChIP-seq:H3K9ac
UBERON:0002305,ChIP-seq:H3K27me3,ChIP-seq:H3K9me3,0.1039675642541573,9.0,ChIP-seq:H3K27me3 x ChIP-seq:H3K9me3
UBERON:0002305,ChIP-seq:H3K36me3,ChIP-seq:H3K27ac,0.0010035951932271317,9.0,ChIP-seq:H3K27ac x ChIP-seq:H3K36me3
UBERON:0002305,ChIP-seq:H3K36me3,ChIP-seq:H3K27me3,-0.009814493723926003,9.0,ChIP-seq:H3K27me3 x ChIP-seq:H3K36me3
UBERON:0002305,ChIP-seq:H3K36me3,ChIP-seq:H3K4me1,0.020486115827083,9.0,ChIP-seq:H3K36me3 x ChIP-seq:H3K4me1
UBERON:0002305,ChIP-seq:H3K36me3,ChIP-seq:H3K4me3,0.046327940175231064,9.0,ChIP-seq:H3K36me3 x ChIP-seq:H3K4me3
UBERON:0002305,ChIP-seq:H3K36me3,ChIP-seq:H3K9ac,0.02351798395315806,3.0,ChIP-seq:H3K36me3 x ChIP-seq:H3K9ac
UBERON:0002305,ChIP-seq:H3K36me3,ChIP-seq:H3K9me3,0.10040693565950556,9.0,ChIP-seq:H3K36me3 x ChIP-seq:H3K9me3
UBERON:0002305,ChIP-seq:H3K4me1,ChIP-seq:H3K27ac,0.09847466349601747,9.0,ChIP-seq:H3K27ac x ChIP-seq:H3K4me1
UBERON:0002305,ChIP-seq:H3K4me1,ChIP-seq:H3K27me3,0.0302644598391629,9.0,ChIP-seq:H3K27me3 x ChIP-seq:H3K4me1
UBERON:0002305,ChIP-seq:H3K4me1,ChIP-seq:H3K36me3,0.029584099406368726,9.0,ChIP-seq:H3K36me3 x ChIP-seq:H3K4me1
UBERON:0002305,ChIP-seq:H3K4me1,ChIP-seq:H3K4me3,-0.03160123473415166,9.0,ChIP-seq:H3K4me1 x ChIP-seq:H3K4me3
UBERON:0002305,ChIP-seq:H3K4me1,ChIP-seq:H3K9ac,-0.012712128659089408,3.0,ChIP-seq:H3K4me1 x ChIP-seq:H3K9ac
UBERON:0002305,ChIP-seq:H3K4me1,ChIP-seq:H3K9me3,0.0438452529143928,9.0,ChIP-seq:H3K4me1 x ChIP-seq:H3K9me3
UBERON:0002305,ChIP-seq:H3K4me3,ChIP-seq:H3K27ac,0.12979921764797633,9.0,ChIP-seq:H3K27ac x ChIP-seq:H3K4me3
UBERON:0002305,ChIP-seq:H3K4me3,ChIP-seq:H3K27me3,0.02906289457966807,9.0,ChIP-seq:H3K27me3 x ChIP-seq:H3K4me3
UBERON:0002305,ChIP-seq:H3K4me3,ChIP-seq:H3K36me3,0.04858665556972818,9.0,ChIP-seq:H3K36me3 x ChIP-seq:H3K4me3
UBERON:0002305,ChIP-seq:H3K4me3,ChIP-seq:H3K4me1,-0.055515335847752145,9.0,ChIP-seq:H3K4me1 x ChIP-seq:H3K4me3
UBERON:0002305,ChIP-seq:H3K4me3,ChIP-seq:H3K9ac,0.2724947627385458,3.0,ChIP-seq:H3K4me3 x ChIP-seq:H3K9ac
UBERON:0002305,ChIP-seq:H3K4me3,ChIP-seq:H3K9me3,0.07772182475375591,9.0,ChIP-seq:H3K4me3 x ChIP-seq:H3K9me3
UBERON:0002305,ChIP-seq:H3K9ac,ChIP-seq:H3K27ac,0.2814159075419108,3.0,ChIP-seq:H3K27ac x ChIP-seq:H3K9ac
UBERON:0002305,ChIP-seq:H3K9ac,ChIP-seq:H3K27me3,0.02907995879650116,3.0,ChIP-seq:H3K27me3 x ChIP-seq:H3K9ac
UBERON:0002305,ChIP-seq:H3K9ac,ChIP-seq:H3K36me3,0.03681366591848791,3.0,ChIP-seq:H3K36me3 x ChIP-seq:H3K9ac
UBERON:0002305,ChIP-seq:H3K9ac,ChIP-seq:H3K4me1,-0.018179741288934435,3.0,ChIP-seq:H3K4me1 x ChIP-seq:H3K9ac
UBERON:0002305,ChIP-seq:H3K9ac,ChIP-seq:H3K4me3,0.30580267156233815,3.0,ChIP-seq:H3K4me3 x ChIP-seq:H3K9ac
UBERON:0002305,ChIP-seq:H3K9ac,ChIP-seq:H3K9me3,0.0015529398780084608,3.0,ChIP-seq:H3K9ac x ChIP-seq:H3K9me3
UBERON:0002305,ChIP-seq:H3K9me3,ChIP-seq:H3K27ac,0.004959036575423344,9.0,ChIP-seq:H3K27ac x ChIP-seq:H3K9me3
UBERON:0002305,ChIP-seq:H3K9me3,ChIP-seq:H3K27me3,0.10159387021717792,9.0,ChIP-seq:H3K27me3 x ChIP-seq:H3K9me3
UBERON:0002305,ChIP-seq:H3K9me3,ChIP-seq:H3K36me3,0.103817718693421,9.0,ChIP-seq:H3K36me3 x ChIP-seq:H3K9me3
UBERON:0002305,ChIP-seq:H3K9me3,ChIP-seq:H3K4me1,0.03855073139053271,9.0,ChIP-seq:H3K4me1 x ChIP-seq:H3K9me3
UBERON:0002305,ChIP-seq:H3K9me3,ChIP-seq:H3K4me3,0.08847366550905231,9.0,ChIP-seq:H3K4me3 x ChIP-seq:H3K9me3
UBERON:0002305,ChIP-seq:H3K9me3,ChIP-seq:H3K9ac,-0.005186253289381663,3.0,ChIP-seq:H3K9ac x ChIP-seq:H3K9me3
UBERON:0002079,DNase-seq,RNA-seq,-0.0016026210171334876,4.0,DNase-seq x RNA-seq
UBERON:0002079,RNA-seq,DNase-seq,-0.007502974659817384,4.0,DNase-seq x RNA-seq
UBERON:0004538,DNase-seq,polyA plus RNA-seq,0.010844451392453816,9.0,DNase-seq x polyA plus RNA-seq
UBERON:0004538,polyA plus RNA-seq,DNase-seq,0.006677987531466331,9.0,DNase-seq x polyA plus RNA-seq
UBERON:0002168,DNase-seq,polyA plus RNA-seq,0.008163705695916228,66.0,DNase-seq x polyA plus RNA-seq
UBERON:0002168,DNase-seq,RNA-seq,0.0006312539902600389,44.0,DNase-seq x RNA-seq
UBERON:0002168,polyA plus RNA-seq,DNase-seq,-0.0051052291203891,66.0,DNase-seq x polyA plus RNA-seq
UBERON:0002168,polyA plus RNA-seq,RNA-seq,0.11739364563250074,24.0,RNA-seq x polyA plus RNA-seq
UBERON:0002168,RNA-seq,DNase-seq,-0.003501000883168067,44.0,DNase-seq x RNA-seq
UBERON:0002168,RNA-seq,polyA plus RNA-seq,0.10072137601133707,24.0,RNA-seq x polyA plus RNA-seq
UBERON:0018117,DNase-seq,polyA plus RNA-seq,0.0160147962764292,16.0,DNase-seq x polyA plus RNA-seq
UBERON:0018117,polyA plus RNA-seq,DNase-seq,0.0022674809388546126,16.0,DNase-seq x polyA plus RNA-seq
UBERON:0018115,DNase-seq,polyA plus RNA-seq,0.011129728271505159,16.0,DNase-seq x polyA plus RNA-seq
UBERON:0018115,polyA plus RNA-seq,DNase-seq,0.000275847762630085,16.0,DNase-seq x polyA plus RNA-seq
UBERON:0002107,DNase-seq,ChIP-seq:H3K27ac,0.03006526966642889,4.0,ChIP-seq:H3K27ac x DNase-seq
UBERON:0002107,DNase-seq,ChIP-seq:H3K27me3,-0.03051604417680997,8.0,ChIP-seq:H3K27me3 x DNase-seq
UBERON:0002107,DNase-seq,ChIP-seq:H3K36me3,-0.025980056113293095,8.0,ChIP-seq:H3K36me3 x DNase-seq
UBERON:0002107,DNase-seq,ChIP-seq:H3K4me1,-0.007209981385186233,8.0,ChIP-seq:H3K4me1 x DNase-seq
UBERON:0002107,DNase-seq,ChIP-seq:H3K4me3,-0.028590500917074824,8.0,ChIP-seq:H3K4me3 x DNase-seq
UBERON:0002107,DNase-seq,ChIP-seq:H3K9ac,-0.03326739446849239,4.0,ChIP-seq:H3K9ac x DNase-seq
UBERON:0002107,DNase-seq,ChIP-seq:H3K9me3,-0.009352392601695927,8.0,ChIP-seq:H3K9me3 x DNase-seq
UBERON:0002107,DNase-seq,ChIP-seq:CTCF,-0.020964731290502456,2.0,ChIP-seq:CTCF x DNase-seq
UBERON:0002107,DNase-seq,polyA plus RNA-seq,-0.024207911369083936,10.0,DNase-seq x polyA plus RNA-seq
UBERON:0002107,DNase-seq,RNA-seq,0.009711851075510768,8.0,DNase-seq x RNA-seq
UBERON:0002107,ChIP-seq:H3K27ac,DNase-seq,0.03136043895765678,4.0,ChIP-seq:H3K27ac x DNase-seq
UBERON:0002107,ChIP-seq:H3K27ac,ChIP-seq:H3K27me3,-0.018716078600165442,8.0,ChIP-seq:H3K27ac x ChIP-seq:H3K27me3
UBERON:0002107,ChIP-seq:H3K27ac,ChIP-seq:H3K36me3,-0.08500934736703032,8.0,ChIP-seq:H3K27ac x ChIP-seq:H3K36me3
UBERON:0002107,ChIP-seq:H3K27ac,ChIP-seq:H3K4me1,0.14593959472126725,8.0,ChIP-seq:H3K27ac x ChIP-seq:H3K4me1
UBERON:0002107,ChIP-seq:H3K27ac,ChIP-seq:H3K4me3,0.21524039754327737,8.0,ChIP-seq:H3K27ac x ChIP-seq:H3K4me3
UBERON:0002107,ChIP-seq:H3K27ac,ChIP-seq:H3K9ac,0.2850430838915766,4.0,ChIP-seq:H3K27ac x ChIP-seq:H3K9ac
UBERON:0002107,ChIP-seq:H3K27ac,ChIP-seq:H3K9me3,-0.042490637776526535,8.0,ChIP-seq:H3K27ac x ChIP-seq:H3K9me3
UBERON:0002107,ChIP-seq:H3K27ac,ChIP-seq:CTCF,0.004664826523331764,2.0,ChIP-seq:CTCF x ChIP-seq:H3K27ac
UBERON:0002107,ChIP-seq:H3K27ac,polyA plus RNA-seq,0.017295905654830045,10.0,ChIP-seq:H3K27ac x polyA plus RNA-seq
UBERON:0002107,ChIP-seq:H3K27ac,RNA-seq,0.02715564464821535,8.0,ChIP-seq:H3K27ac x RNA-seq
UBERON:0002107,ChIP-seq:H3K27me3,DNase-seq,-0.009308207127236828,8.0,ChIP-seq:H3K27me3 x DNase-seq
UBERON:0002107,ChIP-seq:H3K27me3,ChIP-seq:H3K27ac,-0.01156245836097261,8.0,ChIP-seq:H3K27ac x ChIP-seq:H3K27me3
UBERON:0002107,ChIP-seq:H3K27me3,ChIP-seq:H3K36me3,-0.04214508799455499,16.0,ChIP-seq:H3K27me3 x ChIP-seq:H3K36me3
UBERON:0002107,ChIP-seq:H3K27me3,ChIP-seq:H3K4me1,-0.09420643394905559,16.0,ChIP-seq:H3K27me3 x ChIP-seq:H3K4me1
UBERON:0002107,ChIP-seq:H3K27me3,ChIP-seq:H3K4me3,0.0020274130961383287,16.0,ChIP-seq:H3K27me3 x ChIP-seq:H3K4me3
UBERON:0002107,ChIP-seq:H3K27me3,ChIP-seq:H3K9ac,-0.0006334449411654966,8.0,ChIP-seq:H3K27me3 x ChIP-seq:H3K9ac
UBERON:0002107,ChIP-seq:H3K27me3,ChIP-seq:H3K9me3,0.2045093449679288,16.0,ChIP-seq:H3K27me3 x ChIP-seq:H3K9me3
UBERON:0002107,ChIP-seq:H3K27me3,ChIP-seq:CTCF,0.012652198395248756,4.0,ChIP-seq:CTCF x ChIP-seq:H3K27me3
UBERON:0002107,ChIP-seq:H3K27me3,polyA plus RNA-seq,-0.017809112792070203,20.0,ChIP-seq:H3K27me3 x polyA plus RNA-seq
UBERON:0002107,ChIP-seq:H3K27me3,RNA-seq,-0.05109306686941315,16.0,ChIP-seq:H3K27me3 x RNA-seq
UBERON:0002107,ChIP-seq:H3K36me3,DNase-seq,-0.00899077435360127,8.0,ChIP-seq:H3K36me3 x DNase-seq
UBERON:0002107,ChIP-seq:H3K36me3,ChIP-seq:H3K27ac,-0.07500859928427275,8.0,ChIP-seq:H3K27ac x ChIP-seq:H3K36me3
UBERON:0002107,ChIP-seq:H3K36me3,ChIP-seq:H3K27me3,-0.04265826565828937,16.0,ChIP-seq:H3K27me3 x ChIP-seq:H3K36me3
UBERON:0002107,ChIP-seq:H3K36me3,ChIP-seq:H3K4me1,-0.04134963444583324,16.0,ChIP-seq:H3K36me3 x ChIP-seq:H3K4me1
UBERON:0002107,ChIP-seq:H3K36me3,ChIP-seq:H3K4me3,-0.014263616435510933,16.0,ChIP-seq:H3K36me3 x ChIP-seq:H3K4me3
UBERON:0002107,ChIP-seq:H3K36me3,ChIP-seq:H3K9ac,-0.0145493836085103,8.0,ChIP-seq:H3K36me3 x ChIP-seq:H3K9ac
UBERON:0002107,ChIP-seq:H3K36me3,ChIP-seq:H3K9me3,0.05999330228025263,16.0,ChIP-seq:H3K36me3 x ChIP-seq:H3K9me3
UBERON:0002107,ChIP-seq:H3K36me3,ChIP-seq:CTCF,0.005211552044430983,4.0,ChIP-seq:CTCF x ChIP-seq:H3K36me3
UBERON:0002107,ChIP-seq:H3K36me3,polyA plus RNA-seq,0.035811485031436635,20.0,ChIP-seq:H3K36me3 x polyA plus RNA-seq
UBERON:0002107,ChIP-seq:H3K36me3,RNA-seq,0.059130468684084274,16.0,ChIP-seq:H3K36me3 x RNA-seq
UBERON:0002107,ChIP-seq:H3K4me1,DNase-seq,-0.010482481844031933,8.0,ChIP-seq:H3K4me1 x DNase-seq
UBERON:0002107,ChIP-seq:H3K4me1,ChIP-seq:H3K27ac,0.1473425105676888,8.0,ChIP-seq:H3K27ac x ChIP-seq:H3K4me1
UBERON:0002107,ChIP-seq:H3K4me1,ChIP-seq:H3K27me3,-0.09407553893693707,16.0,ChIP-seq:H3K27me3 x ChIP-seq:H3K4me1
UBERON:0002107,ChIP-seq:H3K4me1,ChIP-seq:H3K36me3,-0.038369223956138857,16.0,ChIP-seq:H3K36me3 x ChIP-seq:H3K4me1
UBERON:0002107,ChIP-seq:H3K4me1,ChIP-seq:H3K4me3,-0.03403445684684897,16.0,ChIP-seq:H3K4me1 x ChIP-seq:H3K4me3
UBERON:0002107,ChIP-seq:H3K4me1,ChIP-seq:H3K9ac,0.008932080804085245,8.0,ChIP-seq:H3K4me1 x ChIP-seq:H3K9ac
UBERON:0002107,ChIP-seq:H3K4me1,ChIP-seq:H3K9me3,-0.021036828275431286,16.0,ChIP-seq:H3K4me1 x ChIP-seq:H3K9me3
UBERON:0002107,ChIP-seq:H3K4me1,ChIP-seq:CTCF,0.01169631769428554,4.0,ChIP-seq:CTCF x ChIP-seq:H3K4me1
UBERON:0002107,ChIP-seq:H3K4me1,polyA plus RNA-seq,-0.008446077232092963,20.0,ChIP-seq:H3K4me1 x polyA plus RNA-seq
UBERON:0002107,ChIP-seq:H3K4me1,RNA-seq,0.004473530422238742,16.0,ChIP-seq:H3K4me1 x RNA-seq
UBERON:0002107,ChIP-seq:H3K4me3,DNase-seq,0.02331949294227914,8.0,ChIP-seq:H3K4me3 x DNase-seq
UBERON:0002107,ChIP-seq:H3K4me3,ChIP-seq:H3K27ac,0.2801526555363436,8.0,ChIP-seq:H3K27ac x ChIP-seq:H3K4me3
UBERON:0002107,ChIP-seq:H3K4me3,ChIP-seq:H3K27me3,-0.007533963195086396,16.0,ChIP-seq:H3K27me3 x ChIP-seq:H3K4me3
UBERON:0002107,ChIP-seq:H3K4me3,ChIP-seq:H3K36me3,-0.028472498950538456,16.0,ChIP-seq:H3K36me3 x ChIP-seq:H3K4me3
UBERON:0002107,ChIP-seq:H3K4me3,ChIP-seq:H3K4me1,-0.0356014393969794,16.0,ChIP-seq:H3K4me1 x ChIP-seq:H3K4me3
UBERON:0002107,ChIP-seq:H3K4me3,ChIP-seq:H3K9ac,0.38401125036940287,8.0,ChIP-seq:H3K4me3 x ChIP-seq:H3K9ac
UBERON:0002107,ChIP-seq:H3K4me3,ChIP-seq:H3K9me3,0.04533302377570759,16.0,ChIP-seq:H3K4me3 x ChIP-seq:H3K9me3
UBERON:0002107,ChIP-seq:H3K4me3,ChIP-seq:CTCF,0.002956756327337433,4.0,ChIP-seq:CTCF x ChIP-seq:H3K4me3
UBERON:0002107,ChIP-seq:H3K4me3,polyA plus RNA-seq,0.01613765503629784,20.0,ChIP-seq:H3K4me3 x polyA plus RNA-seq
UBERON:0002107,ChIP-seq:H3K4me3,RNA-seq,0.02918283001464956,16.0,ChIP-seq:H3K4me3 x RNA-seq
UBERON:0002107,ChIP-seq:H3K9ac,DNase-seq,0.014636262867254078,4.0,ChIP-seq:H3K9ac x DNase-seq
UBERON:0002107,ChIP-seq:H3K9ac,ChIP-seq:H3K27ac,0.3377110291712032,4.0,ChIP-seq:H3K27ac x ChIP-seq:H3K9ac
UBERON:0002107,ChIP-seq:H3K9ac,ChIP-seq:H3K27me3,-0.019652066022506236,8.0,ChIP-seq:H3K27me3 x ChIP-seq:H3K9ac
UBERON:0002107,ChIP-seq:H3K9ac,ChIP-seq:H3K36me3,-0.0378624553221368,8.0,ChIP-seq:H3K36me3 x ChIP-seq:H3K9ac
UBERON:0002107,ChIP-seq:H3K9ac,ChIP-seq:H3K4me1,-0.00693758778809184,8.0,ChIP-seq:H3K4me1 x ChIP-seq:H3K9ac
UBERON:0002107,ChIP-seq:H3K9ac,ChIP-seq:H3K4me3,0.4054598054795895,8.0,ChIP-seq:H3K4me3 x ChIP-seq:H3K9ac
UBERON:0002107,ChIP-seq:H3K9ac,ChIP-seq:H3K9me3,-0.0748127976601774,8.0,ChIP-seq:H3K9ac x ChIP-seq:H3K9me3
UBERON:0002107,ChIP-seq:H3K9ac,ChIP-seq:CTCF,-0.0020773492536498503,2.0,ChIP-seq:CTCF x ChIP-seq:H3K9ac
UBERON:0002107,ChIP-seq:H3K9ac,polyA plus RNA-seq,0.021834014261389055,10.0,ChIP-seq:H3K9ac x polyA plus RNA-seq
UBERON:0002107,ChIP-seq:H3K9ac,RNA-seq,0.027269033877288594,8.0,ChIP-seq:H3K9ac x RNA-seq
UBERON:0002107,ChIP-seq:H3K9me3,DNase-seq,0.004258418570935112,8.0,ChIP-seq:H3K9me3 x DNase-seq
UBERON:0002107,ChIP-seq:H3K9me3,ChIP-seq:H3K27ac,-0.026135247894880934,8.0,ChIP-seq:H3K27ac x ChIP-seq:H3K9me3
UBERON:0002107,ChIP-seq:H3K9me3,ChIP-seq:H3K27me3,0.21166613994286074,16.0,ChIP-seq:H3K27me3 x ChIP-seq:H3K9me3
UBERON:0002107,ChIP-seq:H3K9me3,ChIP-seq:H3K36me3,0.06070105138645377,16.0,ChIP-seq:H3K36me3 x ChIP-seq:H3K9me3
UBERON:0002107,ChIP-seq:H3K9me3,ChIP-seq:H3K4me1,-0.021304973076967243,16.0,ChIP-seq:H3K4me1 x ChIP-seq:H3K9me3
UBERON:0002107,ChIP-seq:H3K9me3,ChIP-seq:H3K4me3,0.091067281252933,16.0,ChIP-seq:H3K4me3 x ChIP-seq:H3K9me3
UBERON:0002107,ChIP-seq:H3K9me3,ChIP-seq:H3K9ac,-0.026696046852335637,8.0,ChIP-seq:H3K9ac x ChIP-seq:H3K9me3
UBERON:0002107,ChIP-seq:H3K9me3,ChIP-seq:CTCF,0.009911699726888277,4.0,ChIP-seq:CTCF x ChIP-seq:H3K9me3
UBERON:0002107,ChIP-seq:H3K9me3,polyA plus RNA-seq,-0.004112468780465209,20.0,ChIP-seq:H3K9me3 x polyA plus RNA-seq
UBERON:0002107,ChIP-seq:H3K9me3,RNA-seq,-0.024926930341650458,16.0,ChIP-seq:H3K9me3 x RNA-seq
UBERON:0002107,ChIP-seq:CTCF,DNase-seq,0.01613128553960741,2.0,ChIP-seq:CTCF x DNase-seq
UBERON:0002107,ChIP-seq:CTCF,ChIP-seq:H3K27ac,0.013300815122838348,2.0,ChIP-seq:CTCF x ChIP-seq:H3K27ac
UBERON:0002107,ChIP-seq:CTCF,ChIP-seq:H3K27me3,-0.0029412478709604298,4.0,ChIP-seq:CTCF x ChIP-seq:H3K27me3
UBERON:0002107,ChIP-seq:CTCF,ChIP-seq:H3K36me3,-0.008444352295770442,4.0,ChIP-seq:CTCF x ChIP-seq:H3K36me3
UBERON:0002107,ChIP-seq:CTCF,ChIP-seq:H3K4me1,0.010600802432025335,4.0,ChIP-seq:CTCF x ChIP-seq:H3K4me1
UBERON:0002107,ChIP-seq:CTCF,ChIP-seq:H3K4me3,0.0007224837845226512,4.0,ChIP-seq:CTCF x ChIP-seq:H3K4me3
UBERON:0002107,ChIP-seq:CTCF,ChIP-seq:H3K9ac,0.004981543488648474,2.0,ChIP-seq:CTCF x ChIP-seq:H3K9ac
UBERON:0002107,ChIP-seq:CTCF,ChIP-seq:H3K9me3,-0.01904023083096201,4.0,ChIP-seq:CTCF x ChIP-seq:H3K9me3
UBERON:0002107,ChIP-seq:CTCF,polyA plus RNA-seq,-0.00898701620928814,5.0,ChIP-seq:CTCF x polyA plus RNA-seq
UBERON:0002107,ChIP-seq:CTCF,RNA-seq,0.0009246427845209837,4.0,ChIP-seq:CTCF x RNA-seq
UBERON:0002107,polyA plus RNA-seq,DNase-seq,0.008413747767197716,10.0,DNase-seq x polyA plus RNA-seq
UBERON:0002107,polyA plus RNA-seq,ChIP-seq:H3K27ac,0.03244232098508325,10.0,ChIP-seq:H3K27ac x polyA plus RNA-seq
UBERON:0002107,polyA plus RNA-seq,ChIP-seq:H3K27me3,-0.026471165589421815,20.0,ChIP-seq:H3K27me3 x polyA plus RNA-seq
UBERON:0002107,polyA plus RNA-seq,ChIP-seq:H3K36me3,0.04004962803215109,20.0,ChIP-seq:H3K36me3 x polyA plus RNA-seq
UBERON:0002107,polyA plus RNA-seq,ChIP-seq:H3K4me1,-0.008018375200975831,20.0,ChIP-seq:H3K4me1 x polyA plus RNA-seq
UBERON:0002107,polyA plus RNA-seq,ChIP-seq:H3K4me3,0.02704139644244932,20.0,ChIP-seq:H3K4me3 x polyA plus RNA-seq
UBERON:0002107,polyA plus RNA-seq,ChIP-seq:H3K9ac,0.03364000879988378,10.0,ChIP-seq:H3K9ac x polyA plus RNA-seq
UBERON:0002107,polyA plus RNA-seq,ChIP-seq:H3K9me3,-0.014328853244131263,20.0,ChIP-seq:H3K9me3 x polyA plus RNA-seq
UBERON:0002107,polyA plus RNA-seq,ChIP-seq:CTCF,-0.0011920813217903801,5.0,ChIP-seq:CTCF x polyA plus RNA-seq
UBERON:0002107,polyA plus RNA-seq,RNA-seq,0.14348700545815862,20.0,RNA-seq x polyA plus RNA-seq
UBERON:0002107,RNA-seq,DNase-seq,0.015415238240522515,8.0,DNase-seq x RNA-seq
UBERON:0002107,RNA-seq,ChIP-seq:H3K27ac,0.03005585731556697,8.0,ChIP-seq:H3K27ac x RNA-seq
UBERON:0002107,RNA-seq,ChIP-seq:H3K27me3,-0.05731233638542437,16.0,ChIP-seq:H3K27me3 x RNA-seq
UBERON:0002107,RNA-seq,ChIP-seq:H3K36me3,0.06248542522230456,16.0,ChIP-seq:H3K36me3 x RNA-seq
UBERON:0002107,RNA-seq,ChIP-seq:H3K4me1,0.0034959008762849627,16.0,ChIP-seq:H3K4me1 x RNA-seq
UBERON:0002107,RNA-seq,ChIP-seq:H3K4me3,0.020733219975570462,16.0,ChIP-seq:H3K4me3 x RNA-seq
UBERON:0002107,RNA-seq,ChIP-seq:H3K9ac,0.03263999415295465,8.0,ChIP-seq:H3K9ac x RNA-seq
UBERON:0002107,RNA-seq,ChIP-seq:H3K9me3,-0.036830259317701515,16.0,ChIP-seq:H3K9me3 x RNA-seq
UBERON:0002107,RNA-seq,ChIP-seq:CTCF,0.00041547429621291974,4.0,ChIP-seq:CTCF x RNA-seq
UBERON:0002107,RNA-seq,polyA plus RNA-seq,0.15580320881970358,20.0,RNA-seq x polyA plus RNA-seq
UBERON:0004264,DNase-seq,ChIP-seq:CTCF,0.04383559195515346,3.0,ChIP-seq:CTCF x DNase-seq
UBERON:0004264,DNase-seq,RNA-seq,0.016714226058518376,8.0,DNase-seq x RNA-seq
UBERON:0004264,DNase-seq,ChIP-seq:POLR2A,-0.04141508925844123,4.0,ChIP-seq:POLR2A x DNase-seq
UBERON:0004264,ChIP-seq:CTCF,DNase-seq,0.03850399559138673,3.0,ChIP-seq:CTCF x DNase-seq
UBERON:0004264,ChIP-seq:CTCF,RNA-seq,0.008068979565151513,24.0,ChIP-seq:CTCF x RNA-seq
UBERON:0004264,ChIP-seq:CTCF,ChIP-seq:POLR2A,0.1018307356186855,12.0,ChIP-seq:CTCF x ChIP-seq:POLR2A
UBERON:0004264,RNA-seq,DNase-seq,0.019018691677150045,8.0,DNase-seq x RNA-seq
UBERON:0004264,RNA-seq,ChIP-seq:CTCF,0.013754048658282843,24.0,ChIP-seq:CTCF x RNA-seq
UBERON:0004264,RNA-seq,ChIP-seq:POLR2A,-0.0021566797599748312,32.0,ChIP-seq:POLR2A x RNA-seq
UBERON:0004264,ChIP-seq:POLR2A,DNase-seq,0.05025318889354373,4.0,ChIP-seq:POLR2A x DNase-seq
UBERON:0004264,ChIP-seq:POLR2A,ChIP-seq:CTCF,0.3411669699665737,12.0,ChIP-seq:CTCF x ChIP-seq:POLR2A
UBERON:0004264,ChIP-seq:POLR2A,RNA-seq,0.009692335244701762,32.0,ChIP-seq:POLR2A x RNA-seq
UBERON:0002048,DNase-seq,ChIP-seq:H3K27ac,-0.024874518262787526,26.0,ChIP-seq:H3K27ac x DNase-seq
UBERON:0002048,DNase-seq,ChIP-seq:H3K27me3,-0.016869529628583062,39.0,ChIP-seq:H3K27me3 x DNase-seq
UBERON:0002048,DNase-seq,ChIP-seq:H3K36me3,-0.012957163592623323,52.0,ChIP-seq:H3K36me3 x DNase-seq
UBERON:0002048,DNase-seq,ChIP-seq:H3K4me1,-0.0685537431994055,65.0,ChIP-seq:H3K4me1 x DNase-seq
UBERON:0002048,DNase-seq,ChIP-seq:H3K4me3,-0.04600427908544443,52.0,ChIP-seq:H3K4me3 x DNase-seq
UBERON:0002048,DNase-seq,ChIP-seq:H3K9ac,-0.062271238309060756,26.0,ChIP-seq:H3K9ac x DNase-seq
UBERON:0002048,DNase-seq,ChIP-seq:H3K9me3,-0.014305172683475732,52.0,ChIP-seq:H3K9me3 x DNase-seq
UBERON:0002048,DNase-seq,polyA plus RNA-seq,-0.009060215464935389,78.0,DNase-seq x polyA plus RNA-seq
UBERON:0002048,DNase-seq,RNA-seq,0.005744103970031392,52.0,DNase-seq x RNA-seq
UBERON:0002048,ChIP-seq:H3K27ac,DNase-seq,-0.025219872396251564,26.0,ChIP-seq:H3K27ac x DNase-seq
UBERON:0002048,ChIP-seq:H3K27ac,ChIP-seq:H3K27me3,-0.014451104764963767,6.0,ChIP-seq:H3K27ac x ChIP-seq:H3K27me3
UBERON:0002048,ChIP-seq:H3K27ac,ChIP-seq:H3K36me3,0.009202847437512492,8.0,ChIP-seq:H3K27ac x ChIP-seq:H3K36me3
UBERON:0002048,ChIP-seq:H3K27ac,ChIP-seq:H3K4me1,0.020057966974046493,10.0,ChIP-seq:H3K27ac x ChIP-seq:H3K4me1
UBERON:0002048,ChIP-seq:H3K27ac,ChIP-seq:H3K4me3,0.0026062715728328023,8.0,ChIP-seq:H3K27ac x ChIP-seq:H3K4me3
UBERON:0002048,ChIP-seq:H3K27ac,ChIP-seq:H3K9ac,-0.02234042663963473,4.0,ChIP-seq:H3K27ac x ChIP-seq:H3K9ac
UBERON:0002048,ChIP-seq:H3K27ac,ChIP-seq:H3K9me3,0.019462053071368824,8.0,ChIP-seq:H3K27ac x ChIP-seq:H3K9me3
UBERON:0002048,ChIP-seq:H3K27ac,polyA plus RNA-seq,-0.006903298199176788,12.0,ChIP-seq:H3K27ac x polyA plus RNA-seq
UBERON:0002048,ChIP-seq:H3K27ac,RNA-seq,0.01247145018156837,8.0,ChIP-seq:H3K27ac x RNA-seq
UBERON:0002048,ChIP-seq:H3K27me3,DNase-seq,-0.005309000360976271,39.0,ChIP-seq:H3K27me3 x DNase-seq
UBERON:0002048,ChIP-seq:H3K27me3,ChIP-seq:H3K27ac,0.003241557039814089,6.0,ChIP-seq:H3K27ac x ChIP-seq:H3K27me3
UBERON:0002048,ChIP-seq:H3K27me3,ChIP-seq:H3K36me3,-0.015543471688010789,12.0,ChIP-seq:H3K27me3 x ChIP-seq:H3K36me3
UBERON:0002048,ChIP-seq:H3K27me3,ChIP-seq:H3K4me1,-0.030733171546900712,15.0,ChIP-seq:H3K27me3 x ChIP-seq:H3K4me1
UBERON:0002048,ChIP-seq:H3K27me3,ChIP-seq:H3K4me3,-0.013518857131214262,12.0,ChIP-seq:H3K27me3 x ChIP-seq:H3K4me3
UBERON:0002048,ChIP-seq:H3K27me3,ChIP-seq:H3K9ac,-0.028407505377620258,6.0,ChIP-seq:H3K27me3 x ChIP-seq:H3K9ac
UBERON:0002048,ChIP-seq:H3K27me3,ChIP-seq:H3K9me3,0.011206323901812233,12.0,ChIP-seq:H3K27me3 x ChIP-seq:H3K9me3
UBERON:0002048,ChIP-seq:H3K27me3,polyA plus RNA-seq,-0.017622167275147736,18.0,ChIP-seq:H3K27me3 x polyA plus RNA-seq
UBERON:0002048,ChIP-seq:H3K27me3,RNA-seq,-0.02259490474766376,12.0,ChIP-seq:H3K27me3 x RNA-seq
UBERON:0002048,ChIP-seq:H3K36me3,DNase-seq,-0.011819419082975513,52.0,ChIP-seq:H3K36me3 x DNase-seq
UBERON:0002048,ChIP-seq:H3K36me3,ChIP-seq:H3K27ac,0.005463188132329017,8.0,ChIP-seq:H3K27ac x ChIP-seq:H3K36me3
UBERON:0002048,ChIP-seq:H3K36me3,ChIP-seq:H3K27me3,-0.004803818441176598,12.0,ChIP-seq:H3K27me3 x ChIP-seq:H3K36me3
UBERON:0002048,ChIP-seq:H3K36me3,ChIP-seq:H3K4me1,-0.011587100558810765,20.0,ChIP-seq:H3K36me3 x ChIP-seq:H3K4me1
UBERON:0002048,ChIP-seq:H3K36me3,ChIP-seq:H3K4me3,0.022647684826603474,16.0,ChIP-seq:H3K36me3 x ChIP-seq:H3K4me3
UBERON:0002048,ChIP-seq:H3K36me3,ChIP-seq:H3K9ac,-0.0006223060950940953,8.0,ChIP-seq:H3K36me3 x ChIP-seq:H3K9ac
UBERON:0002048,ChIP-seq:H3K36me3,ChIP-seq:H3K9me3,0.05442159081047231,16.0,ChIP-seq:H3K36me3 x ChIP-seq:H3K9me3
UBERON:0002048,ChIP-seq:H3K36me3,polyA plus RNA-seq,-0.0038767870353615813,24.0,ChIP-seq:H3K36me3 x polyA plus RNA-seq
UBERON:0002048,ChIP-seq:H3K36me3,RNA-seq,0.02166185414966415,16.0,ChIP-seq:H3K36me3 x RNA-seq
UBERON:0002048,ChIP-seq:H3K4me1,DNase-seq,-0.05123292470168055,65.0,ChIP-seq:H3K4me1 x DNase-seq
UBERON:0002048,ChIP-seq:H3K4me1,ChIP-seq:H3K27ac,0.029933752184328824,10.0,ChIP-seq:H3K27ac x ChIP-seq:H3K4me1
UBERON:0002048,ChIP-seq:H3K4me1,ChIP-seq:H3K27me3,-0.03124588332897009,15.0,ChIP-seq:H3K27me3 x ChIP-seq:H3K4me1
UBERON:0002048,ChIP-seq:H3K4me1,ChIP-seq:H3K36me3,0.0014866577681674764,20.0,ChIP-seq:H3K36me3 x ChIP-seq:H3K4me1
UBERON:0002048,ChIP-seq:H3K4me1,ChIP-seq:H3K4me3,0.04205068822176951,20.0,ChIP-seq:H3K4me1 x ChIP-seq:H3K4me3
UBERON:0002048,ChIP-seq:H3K4me1,ChIP-seq:H3K9ac,0.1166804571540988,10.0,ChIP-seq:H3K4me1 x ChIP-seq:H3K9ac
UBERON:0002048,ChIP-seq:H3K4me1,ChIP-seq:H3K9me3,0.01939879601651972,20.0,ChIP-seq:H3K4me1 x ChIP-seq:H3K9me3
UBERON:0002048,ChIP-seq:H3K4me1,polyA plus RNA-seq,0.007245471684829049,30.0,ChIP-seq:H3K4me1 x polyA plus RNA-seq
UBERON:0002048,ChIP-seq:H3K4me1,RNA-seq,0.009803875786416671,20.0,ChIP-seq:H3K4me1 x RNA-seq
UBERON:0002048,ChIP-seq:H3K4me3,DNase-seq,-0.024277829365009336,52.0,ChIP-seq:H3K4me3 x DNase-seq
UBERON:0002048,ChIP-seq:H3K4me3,ChIP-seq:H3K27ac,0.03882611649377006,8.0,ChIP-seq:H3K27ac x ChIP-seq:H3K4me3
UBERON:0002048,ChIP-seq:H3K4me3,ChIP-seq:H3K27me3,-0.031006652255390964,12.0,ChIP-seq:H3K27me3 x ChIP-seq:H3K4me3
UBERON:0002048,ChIP-seq:H3K4me3,ChIP-seq:H3K36me3,0.0302093982776647,16.0,ChIP-seq:H3K36me3 x ChIP-seq:H3K4me3
UBERON:0002048,ChIP-seq:H3K4me3,ChIP-seq:H3K4me1,0.03609311580657959,20.0,ChIP-seq:H3K4me1 x ChIP-seq:H3K4me3
UBERON:0002048,ChIP-seq:H3K4me3,ChIP-seq:H3K9ac,0.13723024117703342,8.0,ChIP-seq:H3K4me3 x ChIP-seq:H3K9ac
UBERON:0002048,ChIP-seq:H3K4me3,ChIP-seq:H3K9me3,0.01127395270900293,16.0,ChIP-seq:H3K4me3 x ChIP-seq:H3K9me3
UBERON:0002048,ChIP-seq:H3K4me3,polyA plus RNA-seq,-0.0029832115207893244,24.0,ChIP-seq:H3K4me3 x polyA plus RNA-seq
UBERON:0002048,ChIP-seq:H3K4me3,RNA-seq,0.0185009625378777,16.0,ChIP-seq:H3K4me3 x RNA-seq
UBERON:0002048,ChIP-seq:H3K9ac,DNase-seq,-0.04941889525092248,26.0,ChIP-seq:H3K9ac x DNase-seq
UBERON:0002048,ChIP-seq:H3K9ac,ChIP-seq:H3K27ac,0.010897529051170585,4.0,ChIP-seq:H3K27ac x ChIP-seq:H3K9ac
UBERON:0002048,ChIP-seq:H3K9ac,ChIP-seq:H3K27me3,-0.047492390686227376,6.0,ChIP-seq:H3K27me3 x ChIP-seq:H3K9ac
UBERON:0002048,ChIP-seq:H3K9ac,ChIP-seq:H3K36me3,0.016474262921399967,8.0,ChIP-seq:H3K36me3 x ChIP-seq:H3K9ac
UBERON:0002048,ChIP-seq:H3K9ac,ChIP-seq:H3K4me1,0.09193153116438123,10.0,ChIP-seq:H3K4me1 x ChIP-seq:H3K9ac
UBERON:0002048,ChIP-seq:H3K9ac,ChIP-seq:H3K4me3,0.14540934393990715,8.0,ChIP-seq:H3K4me3 x ChIP-seq:H3K9ac
UBERON:0002048,ChIP-seq:H3K9ac,ChIP-seq:H3K9me3,-0.026632989502765915,8.0,ChIP-seq:H3K9ac x ChIP-seq:H3K9me3
UBERON:0002048,ChIP-seq:H3K9ac,polyA plus RNA-seq,0.0008744273712669587,12.0,ChIP-seq:H3K9ac x polyA plus RNA-seq
UBERON:0002048,ChIP-seq:H3K9ac,RNA-seq,0.0189658266656539,8.0,ChIP-seq:H3K9ac x RNA-seq
UBERON:0002048,ChIP-seq:H3K9me3,DNase-seq,-0.007179796063299201,52.0,ChIP-seq:H3K9me3 x DNase-seq
UBERON:0002048,ChIP-seq:H3K9me3,ChIP-seq:H3K27ac,0.03275802611194042,8.0,ChIP-seq:H3K27ac x ChIP-seq:H3K9me3
UBERON:0002048,ChIP-seq:H3K9me3,ChIP-seq:H3K27me3,0.009045505824015122,12.0,ChIP-seq:H3K27me3 x ChIP-seq:H3K9me3
UBERON:0002048,ChIP-seq:H3K9me3,ChIP-seq:H3K36me3,0.05430281378569141,16.0,ChIP-seq:H3K36me3 x ChIP-seq:H3K9me3
UBERON:0002048,ChIP-seq:H3K9me3,ChIP-seq:H3K4me1,0.01733543276786804,20.0,ChIP-seq:H3K4me1 x ChIP-seq:H3K9me3
UBERON:0002048,ChIP-seq:H3K9me3,ChIP-seq:H3K4me3,0.04051994694010267,16.0,ChIP-seq:H3K4me3 x ChIP-seq:H3K9me3
UBERON:0002048,ChIP-seq:H3K9me3,ChIP-seq:H3K9ac,-0.005371854051339383,8.0,ChIP-seq:H3K9ac x ChIP-seq:H3K9me3
UBERON:0002048,ChIP-seq:H3K9me3,polyA plus RNA-seq,-0.0018536256410289502,24.0,ChIP-seq:H3K9me3 x polyA plus RNA-seq
UBERON:0002048,ChIP-seq:H3K9me3,RNA-seq,-0.0033350367931758657,16.0,ChIP-seq:H3K9me3 x RNA-seq
UBERON:0002048,polyA plus RNA-seq,DNase-seq,-0.005548601678575065,78.0,DNase-seq x polyA plus RNA-seq
UBERON:0002048,polyA plus RNA-seq,ChIP-seq:H3K27ac,-0.002133447730886761,12.0,ChIP-seq:H3K27ac x polyA plus RNA-seq
UBERON:0002048,polyA plus RNA-seq,ChIP-seq:H3K27me3,-0.017909459596456484,18.0,ChIP-seq:H3K27me3 x polyA plus RNA-seq
UBERON:0002048,polyA plus RNA-seq,ChIP-seq:H3K36me3,0.0007446103305372292,24.0,ChIP-seq:H3K36me3 x polyA plus RNA-seq
UBERON:0002048,polyA plus RNA-seq,ChIP-seq:H3K4me1,0.0029091954231262214,30.0,ChIP-seq:H3K4me1 x polyA plus RNA-seq
UBERON:0002048,polyA plus RNA-seq,ChIP-seq:H3K4me3,-0.001135484040158348,24.0,ChIP-seq:H3K4me3 x polyA plus RNA-seq
UBERON:0002048,polyA plus RNA-seq,ChIP-seq:H3K9ac,0.007577464643384324,12.0,ChIP-seq:H3K9ac x polyA plus RNA-seq
UBERON:0002048,polyA plus RNA-seq,ChIP-seq:H3K9me3,0.0009179175408049066,24.0,ChIP-seq:H3K9me3 x polyA plus RNA-seq
UBERON:0002048,polyA plus RNA-seq,RNA-seq,0.08541030729518218,24.0,RNA-seq x polyA plus RNA-seq
UBERON:0002048,RNA-seq,DNase-seq,-0.0074964610746115524,52.0,DNase-seq x RNA-seq
UBERON:0002048,RNA-seq,ChIP-seq:H3K27ac,0.007321680832353437,8.0,ChIP-seq:H3K27ac x RNA-seq
UBERON:0002048,RNA-seq,ChIP-seq:H3K27me3,-0.01859562792057215,12.0,ChIP-seq:H3K27me3 x RNA-seq
UBERON:0002048,RNA-seq,ChIP-seq:H3K36me3,0.018594412273296744,16.0,ChIP-seq:H3K36me3 x RNA-seq
UBERON:0002048,RNA-seq,ChIP-seq:H3K4me1,0.005201167696052129,20.0,ChIP-seq:H3K4me1 x RNA-seq
UBERON:0002048,RNA-seq,ChIP-seq:H3K4me3,0.004576694290592986,16.0,ChIP-seq:H3K4me3 x RNA-seq
UBERON:0002048,RNA-seq,ChIP-seq:H3K9ac,0.00953061300881055,8.0,ChIP-seq:H3K9ac x RNA-seq
UBERON:0002048,RNA-seq,ChIP-seq:H3K9me3,0.0005546918308193034,16.0,ChIP-seq:H3K9me3 x RNA-seq
UBERON:0002048,RNA-seq,polyA plus RNA-seq,0.0593672664269157,24.0,RNA-seq x polyA plus RNA-seq
UBERON:0003346,ChIP-seq:H3K27ac,ChIP-seq:H3K27me3,0.037297695379898035,4.0,ChIP-seq:H3K27ac x ChIP-seq:H3K27me3
UBERON:0003346,ChIP-seq:H3K27ac,ChIP-seq:H3K36me3,-8.602564203295283e-05,4.0,ChIP-seq:H3K27ac x ChIP-seq:H3K36me3
UBERON:0003346,ChIP-seq:H3K27ac,ChIP-seq:H3K4me1,0.20529587167859728,4.0,ChIP-seq:H3K27ac x ChIP-seq:H3K4me1
UBERON:0003346,ChIP-seq:H3K27ac,ChIP-seq:H3K4me3,0.24976218693724303,4.0,ChIP-seq:H3K27ac x ChIP-seq:H3K4me3
UBERON:0003346,ChIP-seq:H3K27ac,ChIP-seq:H3K9ac,0.3876504642622811,4.0,ChIP-seq:H3K27ac x ChIP-seq:H3K9ac
UBERON:0003346,ChIP-seq:H3K27ac,ChIP-seq:H3K9me3,0.01864561135095827,4.0,ChIP-seq:H3K27ac x ChIP-seq:H3K9me3
UBERON:0003346,ChIP-seq:H3K27me3,ChIP-seq:H3K27ac,0.017032213948713328,4.0,ChIP-seq:H3K27ac x ChIP-seq:H3K27me3
UBERON:0003346,ChIP-seq:H3K27me3,ChIP-seq:H3K36me3,0.0008943196623883362,4.0,ChIP-seq:H3K27me3 x ChIP-seq:H3K36me3
UBERON:0003346,ChIP-seq:H3K27me3,ChIP-seq:H3K4me1,0.006914188505196178,4.0,ChIP-seq:H3K27me3 x ChIP-seq:H3K4me1
UBERON:0003346,ChIP-seq:H3K27me3,ChIP-seq:H3K4me3,0.0113404701664069,4.0,ChIP-seq:H3K27me3 x ChIP-seq:H3K4me3
UBERON:0003346,ChIP-seq:H3K27me3,ChIP-seq:H3K9ac,0.003182230707334012,4.0,ChIP-seq:H3K27me3 x ChIP-seq:H3K9ac
UBERON:0003346,ChIP-seq:H3K27me3,ChIP-seq:H3K9me3,0.17422849442181962,4.0,ChIP-seq:H3K27me3 x ChIP-seq:H3K9me3
UBERON:0003346,ChIP-seq:H3K36me3,ChIP-seq:H3K27ac,-0.029061171448911016,4.0,ChIP-seq:H3K27ac x ChIP-seq:H3K36me3
UBERON:0003346,ChIP-seq:H3K36me3,ChIP-seq:H3K27me3,0.005889151611424594,4.0,ChIP-seq:H3K27me3 x ChIP-seq:H3K36me3
UBERON:0003346,ChIP-seq:H3K36me3,ChIP-seq:H3K4me1,-0.019248115326293176,4.0,ChIP-seq:H3K36me3 x ChIP-seq:H3K4me1
UBERON:0003346,ChIP-seq:H3K36me3,ChIP-seq:H3K4me3,0.03460798530935127,4.0,ChIP-seq:H3K36me3 x ChIP-seq:H3K4me3
UBERON:0003346,ChIP-seq:H3K36me3,ChIP-seq:H3K9ac,0.01739443595312079,4.0,ChIP-seq:H3K36me3 x ChIP-seq:H3K9ac
UBERON:0003346,ChIP-seq:H3K36me3,ChIP-seq:H3K9me3,0.11547529479760803,4.0,ChIP-seq:H3K36me3 x ChIP-seq:H3K9me3
UBERON:0003346,ChIP-seq:H3K4me1,ChIP-seq:H3K27ac,0.1771685116409515,4.0,ChIP-seq:H3K27ac x ChIP-seq:H3K4me1
UBERON:0003346,ChIP-seq:H3K4me1,ChIP-seq:H3K27me3,0.024531294457140685,4.0,ChIP-seq:H3K27me3 x ChIP-seq:H3K4me1
UBERON:0003346,ChIP-seq:H3K4me1,ChIP-seq:H3K36me3,-0.011849113640950083,4.0,ChIP-seq:H3K36me3 x ChIP-seq:H3K4me1
UBERON:0003346,ChIP-seq:H3K4me1,ChIP-seq:H3K4me3,0.07630755696619781,4.0,ChIP-seq:H3K4me1 x ChIP-seq:H3K4me3
UBERON:0003346,ChIP-seq:H3K4me1,ChIP-seq:H3K9ac,0.05960728927534453,4.0,ChIP-seq:H3K4me1 x ChIP-seq:H3K9ac
UBERON:0003346,ChIP-seq:H3K4me1,ChIP-seq:H3K9me3,0.06647251211525348,4.0,ChIP-seq:H3K4me1 x ChIP-seq:H3K9me3
UBERON:0003346,ChIP-seq:H3K4me3,ChIP-seq:H3K27ac,0.23355892615288681,4.0,ChIP-seq:H3K27ac x ChIP-seq:H3K4me3
UBERON:0003346,ChIP-seq:H3K4me3,ChIP-seq:H3K27me3,0.025858183342941925,4.0,ChIP-seq:H3K27me3 x ChIP-seq:H3K4me3
UBERON:0003346,ChIP-seq:H3K4me3,ChIP-seq:H3K36me3,0.05327730483197152,4.0,ChIP-seq:H3K36me3 x ChIP-seq:H3K4me3
UBERON:0003346,ChIP-seq:H3K4me3,ChIP-seq:H3K4me1,0.09851848741209572,4.0,ChIP-seq:H3K4me1 x ChIP-seq:H3K4me3
UBERON:0003346,ChIP-seq:H3K4me3,ChIP-seq:H3K9ac,0.33738563133745775,4.0,ChIP-seq:H3K4me3 x ChIP-seq:H3K9ac
UBERON:0003346,ChIP-seq:H3K4me3,ChIP-seq:H3K9me3,0.08268217817786035,4.0,ChIP-seq:H3K4me3 x ChIP-seq:H3K9me3
UBERON:0003346,ChIP-seq:H3K9ac,ChIP-seq:H3K27ac,0.341138375842053,4.0,ChIP-seq:H3K27ac x ChIP-seq:H3K9ac
UBERON:0003346,ChIP-seq:H3K9ac,ChIP-seq:H3K27me3,0.036167397362992945,4.0,ChIP-seq:H3K27me3 x ChIP-seq:H3K9ac
UBERON:0003346,ChIP-seq:H3K9ac,ChIP-seq:H3K36me3,0.06049209420985364,4.0,ChIP-seq:H3K36me3 x ChIP-seq:H3K9ac
UBERON:0003346,ChIP-seq:H3K9ac,ChIP-seq:H3K4me1,0.11440467639047591,4.0,ChIP-seq:H3K4me1 x ChIP-seq:H3K9ac
UBERON:0003346,ChIP-seq:H3K9ac,ChIP-seq:H3K4me3,0.37318684620277903,4.0,ChIP-seq:H3K4me3 x ChIP-seq:H3K9ac
UBERON:0003346,ChIP-seq:H3K9ac,ChIP-seq:H3K9me3,0.0548311219121633,4.0,ChIP-seq:H3K9ac x ChIP-seq:H3K9me3
UBERON:0003346,ChIP-seq:H3K9me3,ChIP-seq:H3K27ac,0.0003040605889899385,4.0,ChIP-seq:H3K27ac x ChIP-seq:H3K9me3
UBERON:0003346,ChIP-seq:H3K9me3,ChIP-seq:H3K27me3,0.13696125563169492,4.0,ChIP-seq:H3K27me3 x ChIP-seq:H3K9me3
UBERON:0003346,ChIP-seq:H3K9me3,ChIP-seq:H3K36me3,0.08414593053624984,4.0,ChIP-seq:H3K36me3 x ChIP-seq:H3K9me3
UBERON:0003346,ChIP-seq:H3K9me3,ChIP-seq:H3K4me1,0.04705857815312558,4.0,ChIP-seq:H3K4me1 x ChIP-seq:H3K9me3
UBERON:0003346,ChIP-seq:H3K9me3,ChIP-seq:H3K4me3,0.0692574864375257,4.0,ChIP-seq:H3K4me3 x ChIP-seq:H3K9me3
UBERON:0003346,ChIP-seq:H3K9me3,ChIP-seq:H3K9ac,0.01614604464599064,4.0,ChIP-seq:H3K9ac x ChIP-seq:H3K9me3
UBERON:0001199,ChIP-seq:H3K27me3,ChIP-seq:H3K36me3,0.16482351956859467,1.0,ChIP-seq:H3K27me3 x ChIP-seq:H3K36me3
UBERON:0001199,ChIP-seq:H3K27me3,ChIP-seq:H3K4me1,0.07132606143536775,1.0,ChIP-seq:H3K27me3 x ChIP-seq:H3K4me1
UBERON:0001199,ChIP-seq:H3K27me3,ChIP-seq:H3K4me3,0.142406892845797,1.0,ChIP-seq:H3K27me3 x ChIP-seq:H3K4me3
UBERON:0001199,ChIP-seq:H3K27me3,ChIP-seq:H3K9ac,0.03865454494953156,1.0,ChIP-seq:H3K27me3 x ChIP-seq:H3K9ac
UBERON:0001199,ChIP-seq:H3K27me3,ChIP-seq:H3K9me3,0.35470303277063636,1.0,ChIP-seq:H3K27me3 x ChIP-seq:H3K9me3
UBERON:0001199,ChIP-seq:H3K36me3,ChIP-seq:H3K27me3,0.1369274023963117,1.0,ChIP-seq:H3K27me3 x ChIP-seq:H3K36me3
UBERON:0001199,ChIP-seq:H3K36me3,ChIP-seq:H3K4me1,0.1390792559022489,1.0,ChIP-seq:H3K36me3 x ChIP-seq:H3K4me1
UBERON:0001199,ChIP-seq:H3K36me3,ChIP-seq:H3K4me3,0.38941357385280523,1.0,ChIP-seq:H3K36me3 x ChIP-seq:H3K4me3
UBERON:0001199,ChIP-seq:H3K36me3,ChIP-seq:H3K9ac,0.1362368655204773,1.0,ChIP-seq:H3K36me3 x ChIP-seq:H3K9ac
UBERON:0001199,ChIP-seq:H3K36me3,ChIP-seq:H3K9me3,0.4314097249308112,1.0,ChIP-seq:H3K36me3 x ChIP-seq:H3K9me3
UBERON:0001199,ChIP-seq:H3K4me1,ChIP-seq:H3K27me3,0.09469129915895133,1.0,ChIP-seq:H3K27me3 x ChIP-seq:H3K4me1
UBERON:0001199,ChIP-seq:H3K4me1,ChIP-seq:H3K36me3,0.16841902098958456,1.0,ChIP-seq:H3K36me3 x ChIP-seq:H3K4me1
UBERON:0001199,ChIP-seq:H3K4me1,ChIP-seq:H3K4me3,0.29701824798140414,1.0,ChIP-seq:H3K4me1 x ChIP-seq:H3K4me3
UBERON:0001199,ChIP-seq:H3K4me1,ChIP-seq:H3K9ac,0.13418820083141328,1.0,ChIP-seq:H3K4me1 x ChIP-seq:H3K9ac
UBERON:0001199,ChIP-seq:H3K4me1,ChIP-seq:H3K9me3,0.2182767627625492,1.0,ChIP-seq:H3K4me1 x ChIP-seq:H3K9me3
UBERON:0001199,ChIP-seq:H3K4me3,ChIP-seq:H3K27me3,0.11364899301665954,1.0,ChIP-seq:H3K27me3 x ChIP-seq:H3K4me3
UBERON:0001199,ChIP-seq:H3K4me3,ChIP-seq:H3K36me3,0.37824121007212885,1.0,ChIP-seq:H3K36me3 x ChIP-seq:H3K4me3
UBERON:0001199,ChIP-seq:H3K4me3,ChIP-seq:H3K4me1,0.25352402873661206,1.0,ChIP-seq:H3K4me1 x ChIP-seq:H3K4me3
UBERON:0001199,ChIP-seq:H3K4me3,ChIP-seq:H3K9ac,0.3809706974029541,1.0,ChIP-seq:H3K4me3 x ChIP-seq:H3K9ac
UBERON:0001199,ChIP-seq:H3K4me3,ChIP-seq:H3K9me3,0.3607625360262461,1.0,ChIP-seq:H3K4me3 x ChIP-seq:H3K9me3
UBERON:0001199,ChIP-seq:H3K9ac,ChIP-seq:H3K27me3,0.05730604491699701,1.0,ChIP-seq:H3K27me3 x ChIP-seq:H3K9ac
UBERON:0001199,ChIP-seq:H3K9ac,ChIP-seq:H3K36me3,0.1994175491509614,1.0,ChIP-seq:H3K36me3 x ChIP-seq:H3K9ac
UBERON:0001199,ChIP-seq:H3K9ac,ChIP-seq:H3K4me1,0.16345116690449094,1.0,ChIP-seq:H3K4me1 x ChIP-seq:H3K9ac
UBERON:0001199,ChIP-seq:H3K9ac,ChIP-seq:H3K4me3,0.4196601479552513,1.0,ChIP-seq:H3K4me3 x ChIP-seq:H3K9ac
UBERON:0001199,ChIP-seq:H3K9ac,ChIP-seq:H3K9me3,0.20779641596964618,1.0,ChIP-seq:H3K9ac x ChIP-seq:H3K9me3
UBERON:0001199,ChIP-seq:H3K9me3,ChIP-seq:H3K27me3,0.29521573960095987,1.0,ChIP-seq:H3K27me3 x ChIP-seq:H3K9me3
UBERON:0001199,ChIP-seq:H3K9me3,ChIP-seq:H3K36me3,0.43147597647217845,1.0,ChIP-seq:H3K36me3 x ChIP-seq:H3K9me3
UBERON:0001199,ChIP-seq:H3K9me3,ChIP-seq:H3K4me1,0.17630716251290363,1.0,ChIP-seq:H3K4me1 x ChIP-seq:H3K9me3
UBERON:0001199,ChIP-seq:H3K9me3,ChIP-seq:H3K4me3,0.37527932164280914,1.0,ChIP-seq:H3K4me3 x ChIP-seq:H3K9me3
UBERON:0001199,ChIP-seq:H3K9me3,ChIP-seq:H3K9ac,0.1192168128490448,1.0,ChIP-seq:H3K9ac x ChIP-seq:H3K9me3
UBERON:0012489,ChIP-seq:H3K27ac,ChIP-seq:H3K27me3,-0.0441729548586414,2.0,ChIP-seq:H3K27ac x ChIP-seq:H3K27me3
UBERON:0012489,ChIP-seq:H3K27ac,ChIP-seq:H3K36me3,0.05997803965781597,2.0,ChIP-seq:H3K27ac x ChIP-seq:H3K36me3
UBERON:0012489,ChIP-seq:H3K27ac,ChIP-seq:H3K4me1,0.28882150805514795,1.0,ChIP-seq:H3K27ac x ChIP-seq:H3K4me1
UBERON:0012489,ChIP-seq:H3K27ac,ChIP-seq:H3K4me3,0.2867214913680175,2.0,ChIP-seq:H3K27ac x ChIP-seq:H3K4me3
UBERON:0012489,ChIP-seq:H3K27ac,ChIP-seq:H3K9ac,0.27142141819000243,1.0,ChIP-seq:H3K27ac x ChIP-seq:H3K9ac
UBERON:0012489,ChIP-seq:H3K27ac,ChIP-seq:H3K9me3,0.02508328440651465,2.0,ChIP-seq:H3K27ac x ChIP-seq:H3K9me3
UBERON:0012489,ChIP-seq:H3K27me3,ChIP-seq:H3K27ac,-0.05090884282541128,2.0,ChIP-seq:H3K27ac x ChIP-seq:H3K27me3
UBERON:0012489,ChIP-seq:H3K27me3,ChIP-seq:H3K36me3,0.11949964977325278,4.0,ChIP-seq:H3K27me3 x ChIP-seq:H3K36me3
UBERON:0012489,ChIP-seq:H3K27me3,ChIP-seq:H3K4me1,0.03567392605802287,2.0,ChIP-seq:H3K27me3 x ChIP-seq:H3K4me1
UBERON:0012489,ChIP-seq:H3K27me3,ChIP-seq:H3K4me3,0.03300993214143771,4.0,ChIP-seq:H3K27me3 x ChIP-seq:H3K4me3
UBERON:0012489,ChIP-seq:H3K27me3,ChIP-seq:H3K9ac,0.063048837184906,2.0,ChIP-seq:H3K27me3 x ChIP-seq:H3K9ac
UBERON:0012489,ChIP-seq:H3K27me3,ChIP-seq:H3K9me3,0.30792785092686,4.0,ChIP-seq:H3K27me3 x ChIP-seq:H3K9me3
UBERON:0012489,ChIP-seq:H3K36me3,ChIP-seq:H3K27ac,0.044739819787166735,2.0,ChIP-seq:H3K27ac x ChIP-seq:H3K36me3
UBERON:0012489,ChIP-seq:H3K36me3,ChIP-seq:H3K27me3,0.12203612785807924,4.0,ChIP-seq:H3K27me3 x ChIP-seq:H3K36me3
UBERON:0012489,ChIP-seq:H3K36me3,ChIP-seq:H3K4me1,0.0522551034455714,2.0,ChIP-seq:H3K36me3 x ChIP-seq:H3K4me1
UBERON:0012489,ChIP-seq:H3K36me3,ChIP-seq:H3K4me3,0.098315922456367,4.0,ChIP-seq:H3K36me3 x ChIP-seq:H3K4me3
UBERON:0012489,ChIP-seq:H3K36me3,ChIP-seq:H3K9ac,0.11034810543060303,2.0,ChIP-seq:H3K36me3 x ChIP-seq:H3K9ac
UBERON:0012489,ChIP-seq:H3K36me3,ChIP-seq:H3K9me3,0.24396944615278351,4.0,ChIP-seq:H3K36me3 x ChIP-seq:H3K9me3
UBERON:0012489,ChIP-seq:H3K4me1,ChIP-seq:H3K27ac,0.30391591051478445,1.0,ChIP-seq:H3K27ac x ChIP-seq:H3K4me1
UBERON:0012489,ChIP-seq:H3K4me1,ChIP-seq:H3K27me3,0.055548131207510225,2.0,ChIP-seq:H3K27me3 x ChIP-seq:H3K4me1
UBERON:0012489,ChIP-seq:H3K4me1,ChIP-seq:H3K36me3,0.062373160840348996,2.0,ChIP-seq:H3K36me3 x ChIP-seq:H3K4me1
UBERON:0012489,ChIP-seq:H3K4me1,ChIP-seq:H3K4me3,0.14684921015645855,2.0,ChIP-seq:H3K4me1 x ChIP-seq:H3K4me3
UBERON:0012489,ChIP-seq:H3K4me1,ChIP-seq:H3K9ac,0.14548413038253785,1.0,ChIP-seq:H3K4me1 x ChIP-seq:H3K9ac
UBERON:0012489,ChIP-seq:H3K4me1,ChIP-seq:H3K9me3,0.09293995546490959,2.0,ChIP-seq:H3K4me1 x ChIP-seq:H3K9me3
UBERON:0012489,ChIP-seq:H3K4me3,ChIP-seq:H3K27ac,0.34759485132900286,2.0,ChIP-seq:H3K27ac x ChIP-seq:H3K4me3
UBERON:0012489,ChIP-seq:H3K4me3,ChIP-seq:H3K27me3,0.02050097088593279,4.0,ChIP-seq:H3K27me3 x ChIP-seq:H3K4me3
UBERON:0012489,ChIP-seq:H3K4me3,ChIP-seq:H3K36me3,0.10841866883825749,4.0,ChIP-seq:H3K36me3 x ChIP-seq:H3K4me3
UBERON:0012489,ChIP-seq:H3K4me3,ChIP-seq:H3K4me1,0.09517902200636656,2.0,ChIP-seq:H3K4me1 x ChIP-seq:H3K4me3
UBERON:0012489,ChIP-seq:H3K4me3,ChIP-seq:H3K9ac,0.24947811603546144,2.0,ChIP-seq:H3K4me3 x ChIP-seq:H3K9ac
UBERON:0012489,ChIP-seq:H3K4me3,ChIP-seq:H3K9me3,0.1478061547105232,4.0,ChIP-seq:H3K4me3 x ChIP-seq:H3K9me3
UBERON:0012489,ChIP-seq:H3K9ac,ChIP-seq:H3K27ac,0.37435525876504405,1.0,ChIP-seq:H3K27ac x ChIP-seq:H3K9ac
UBERON:0012489,ChIP-seq:H3K9ac,ChIP-seq:H3K27me3,0.06888356890981598,2.0,ChIP-seq:H3K27me3 x ChIP-seq:H3K9ac
UBERON:0012489,ChIP-seq:H3K9ac,ChIP-seq:H3K36me3,0.13486857363518248,2.0,ChIP-seq:H3K36me3 x ChIP-seq:H3K9ac
UBERON:0012489,ChIP-seq:H3K9ac,ChIP-seq:H3K4me1,0.1274182926053586,1.0,ChIP-seq:H3K4me1 x ChIP-seq:H3K9ac
UBERON:0012489,ChIP-seq:H3K9ac,ChIP-seq:H3K4me3,0.3357727093117259,2.0,ChIP-seq:H3K4me3 x ChIP-seq:H3K9ac
UBERON:0012489,ChIP-seq:H3K9ac,ChIP-seq:H3K9me3,0.08248430758379818,2.0,ChIP-seq:H3K9ac x ChIP-seq:H3K9me3
UBERON:0012489,ChIP-seq:H3K9me3,ChIP-seq:H3K27ac,0.01593036788665218,2.0,ChIP-seq:H3K27ac x ChIP-seq:H3K9me3
UBERON:0012489,ChIP-seq:H3K9me3,ChIP-seq:H3K27me3,0.29380759820772734,4.0,ChIP-seq:H3K27me3 x ChIP-seq:H3K9me3
UBERON:0012489,ChIP-seq:H3K9me3,ChIP-seq:H3K36me3,0.23498310370648162,4.0,ChIP-seq:H3K36me3 x ChIP-seq:H3K9me3
UBERON:0012489,ChIP-seq:H3K9me3,ChIP-seq:H3K4me1,0.08003265961356784,2.0,ChIP-seq:H3K4me1 x ChIP-seq:H3K9me3
UBERON:0012489,ChIP-seq:H3K9me3,ChIP-seq:H3K4me3,0.16100208684105738,4.0,ChIP-seq:H3K4me3 x ChIP-seq:H3K9me3
UBERON:0012489,ChIP-seq:H3K9me3,ChIP-seq:H3K9ac,0.10239081621170043,2.0,ChIP-seq:H3K9ac x ChIP-seq:H3K9me3
UBERON:0012488,ChIP-seq:H3K27ac,ChIP-seq:H3K27me3,0.09389032130641055,2.0,ChIP-seq:H3K27ac x ChIP-seq:H3K27me3
UBERON:0012488,ChIP-seq:H3K27ac,ChIP-seq:H3K36me3,0.09460010078359157,2.0,ChIP-seq:H3K27ac x ChIP-seq:H3K36me3
UBERON:0012488,ChIP-seq:H3K27ac,ChIP-seq:H3K4me1,0.11622974756962615,2.0,ChIP-seq:H3K27ac x ChIP-seq:H3K4me1
UBERON:0012488,ChIP-seq:H3K27ac,ChIP-seq:H3K4me3,0.20574641172016891,2.0,ChIP-seq:H3K27ac x ChIP-seq:H3K4me3
UBERON:0012488,ChIP-seq:H3K27ac,ChIP-seq:H3K9me3,0.0529563267914097,2.0,ChIP-seq:H3K27ac x ChIP-seq:H3K9me3
UBERON:0012488,ChIP-seq:H3K27me3,ChIP-seq:H3K27ac,0.09817042744454042,2.0,ChIP-seq:H3K27ac x ChIP-seq:H3K27me3
UBERON:0012488,ChIP-seq:H3K27me3,ChIP-seq:H3K36me3,0.0643349568894569,4.0,ChIP-seq:H3K27me3 x ChIP-seq:H3K36me3
UBERON:0012488,ChIP-seq:H3K27me3,ChIP-seq:H3K4me1,0.10152601120901888,4.0,ChIP-seq:H3K27me3 x ChIP-seq:H3K4me1
UBERON:0012488,ChIP-seq:H3K27me3,ChIP-seq:H3K4me3,0.06239081738151123,4.0,ChIP-seq:H3K27me3 x ChIP-seq:H3K4me3
UBERON:0012488,ChIP-seq:H3K27me3,ChIP-seq:H3K9me3,0.17460351027129742,4.0,ChIP-seq:H3K27me3 x ChIP-seq:H3K9me3
UBERON:0012488,ChIP-seq:H3K36me3,ChIP-seq:H3K27ac,0.07798285892716161,2.0,ChIP-seq:H3K27ac x ChIP-seq:H3K36me3
UBERON:0012488,ChIP-seq:H3K36me3,ChIP-seq:H3K27me3,0.07710222942980728,4.0,ChIP-seq:H3K27me3 x ChIP-seq:H3K36me3
UBERON:0012488,ChIP-seq:H3K36me3,ChIP-seq:H3K4me1,0.061168751714985224,4.0,ChIP-seq:H3K36me3 x ChIP-seq:H3K4me1
UBERON:0012488,ChIP-seq:H3K36me3,ChIP-seq:H3K4me3,0.060283460767469675,4.0,ChIP-seq:H3K36me3 x ChIP-seq:H3K4me3
UBERON:0012488,ChIP-seq:H3K36me3,ChIP-seq:H3K9me3,0.14615547690498695,4.0,ChIP-seq:H3K36me3 x ChIP-seq:H3K9me3
UBERON:0012488,ChIP-seq:H3K4me1,ChIP-seq:H3K27ac,0.12252139511667652,2.0,ChIP-seq:H3K27ac x ChIP-seq:H3K4me1
UBERON:0012488,ChIP-seq:H3K4me1,ChIP-seq:H3K27me3,0.10647739599205855,4.0,ChIP-seq:H3K27me3 x ChIP-seq:H3K4me1
UBERON:0012488,ChIP-seq:H3K4me1,ChIP-seq:H3K36me3,0.04406155915336406,4.0,ChIP-seq:H3K36me3 x ChIP-seq:H3K4me1
UBERON:0012488,ChIP-seq:H3K4me1,ChIP-seq:H3K4me3,0.11503937715124861,4.0,ChIP-seq:H3K4me1 x ChIP-seq:H3K4me3
UBERON:0012488,ChIP-seq:H3K4me1,ChIP-seq:H3K9me3,0.07210334850830978,4.0,ChIP-seq:H3K4me1 x ChIP-seq:H3K9me3
UBERON:0012488,ChIP-seq:H3K4me3,ChIP-seq:H3K27ac,0.23667529262142417,2.0,ChIP-seq:H3K27ac x ChIP-seq:H3K4me3
UBERON:0012488,ChIP-seq:H3K4me3,ChIP-seq:H3K27me3,0.06968525120977721,4.0,ChIP-seq:H3K27me3 x ChIP-seq:H3K4me3
UBERON:0012488,ChIP-seq:H3K4me3,ChIP-seq:H3K36me3,0.07003473189282924,4.0,ChIP-seq:H3K36me3 x ChIP-seq:H3K4me3
UBERON:0012488,ChIP-seq:H3K4me3,ChIP-seq:H3K4me1,0.08781599224916573,4.0,ChIP-seq:H3K4me1 x ChIP-seq:H3K4me3
UBERON:0012488,ChIP-seq:H3K4me3,ChIP-seq:H3K9me3,0.09611391954207688,4.0,ChIP-seq:H3K4me3 x ChIP-seq:H3K9me3
UBERON:0012488,ChIP-seq:H3K9me3,ChIP-seq:H3K27ac,0.0650843604479307,2.0,ChIP-seq:H3K27ac x ChIP-seq:H3K9me3
UBERON:0012488,ChIP-seq:H3K9me3,ChIP-seq:H3K27me3,0.1565247997210894,4.0,ChIP-seq:H3K27me3 x ChIP-seq:H3K9me3
UBERON:0012488,ChIP-seq:H3K9me3,ChIP-seq:H3K36me3,0.14180815156469956,4.0,ChIP-seq:H3K36me3 x ChIP-seq:H3K9me3
UBERON:0012488,ChIP-seq:H3K9me3,ChIP-seq:H3K4me1,0.08926096859851171,4.0,ChIP-seq:H3K4me1 x ChIP-seq:H3K9me3
UBERON:0012488,ChIP-seq:H3K9me3,ChIP-seq:H3K4me3,0.1229556459132756,4.0,ChIP-seq:H3K4me3 x ChIP-seq:H3K9me3
UBERON:0001499,DNase-seq,polyA plus RNA-seq,0.0117156634376464,192.0,DNase-seq x polyA plus RNA-seq
UBERON:0001499,polyA plus RNA-seq,DNase-seq,-4.579891814267614e-05,192.0,DNase-seq x polyA plus RNA-seq
UBERON:0002324,DNase-seq,polyA plus RNA-seq,0.011596090292534403,150.0,DNase-seq x polyA plus RNA-seq
UBERON:0002324,polyA plus RNA-seq,DNase-seq,-0.0007149113972981774,150.0,DNase-seq x polyA plus RNA-seq
UBERON:0001383,DNase-seq,ChIP-seq:H3K27me3,0.011941856911338398,13.0,ChIP-seq:H3K27me3 x DNase-seq
UBERON:0001383,DNase-seq,ChIP-seq:H3K36me3,-0.027794800689660008,13.0,ChIP-seq:H3K36me3 x DNase-seq
UBERON:0001383,DNase-seq,ChIP-seq:H3K4me1,-0.04322089090395133,13.0,ChIP-seq:H3K4me1 x DNase-seq
UBERON:0001383,DNase-seq,ChIP-seq:H3K4me3,0.02004739278544254,13.0,ChIP-seq:H3K4me3 x DNase-seq
UBERON:0001383,DNase-seq,ChIP-seq:H3K9me3,-0.04066258579249232,13.0,ChIP-seq:H3K9me3 x DNase-seq
UBERON:0001383,DNase-seq,polyA plus RNA-seq,0.0158378110254899,104.0,DNase-seq x polyA plus RNA-seq
UBERON:0001383,ChIP-seq:H3K27me3,DNase-seq,-0.009416053580510522,13.0,ChIP-seq:H3K27me3 x DNase-seq
UBERON:0001383,ChIP-seq:H3K27me3,ChIP-seq:H3K36me3,0.034067213752124674,1.0,ChIP-seq:H3K27me3 x ChIP-seq:H3K36me3
UBERON:0001383,ChIP-seq:H3K27me3,ChIP-seq:H3K4me1,0.05929173140422157,1.0,ChIP-seq:H3K27me3 x ChIP-seq:H3K4me1
UBERON:0001383,ChIP-seq:H3K27me3,ChIP-seq:H3K4me3,-0.0018189891999544107,1.0,ChIP-seq:H3K27me3 x ChIP-seq:H3K4me3
UBERON:0001383,ChIP-seq:H3K27me3,ChIP-seq:H3K9me3,0.06853234901108556,1.0,ChIP-seq:H3K27me3 x ChIP-seq:H3K9me3
UBERON:0001383,ChIP-seq:H3K27me3,polyA plus RNA-seq,0.01035546162233582,8.0,ChIP-seq:H3K27me3 x polyA plus RNA-seq
UBERON:0001383,ChIP-seq:H3K36me3,DNase-seq,-0.024033031033584236,13.0,ChIP-seq:H3K36me3 x DNase-seq
UBERON:0001383,ChIP-seq:H3K36me3,ChIP-seq:H3K27me3,0.0350863488669368,1.0,ChIP-seq:H3K27me3 x ChIP-seq:H3K36me3
UBERON:0001383,ChIP-seq:H3K36me3,ChIP-seq:H3K4me1,0.06274077879345935,1.0,ChIP-seq:H3K36me3 x ChIP-seq:H3K4me1
UBERON:0001383,ChIP-seq:H3K36me3,ChIP-seq:H3K4me3,0.01840020951836608,1.0,ChIP-seq:H3K36me3 x ChIP-seq:H3K4me3
UBERON:0001383,ChIP-seq:H3K36me3,ChIP-seq:H3K9me3,0.12154642979525987,1.0,ChIP-seq:H3K36me3 x ChIP-seq:H3K9me3
UBERON:0001383,ChIP-seq:H3K36me3,polyA plus RNA-seq,0.03511869898690426,8.0,ChIP-seq:H3K36me3 x polyA plus RNA-seq
UBERON:0001383,ChIP-seq:H3K4me1,DNase-seq,-0.04503980737466078,13.0,ChIP-seq:H3K4me1 x DNase-seq
UBERON:0001383,ChIP-seq:H3K4me1,ChIP-seq:H3K27me3,0.055011625433790276,1.0,ChIP-seq:H3K27me3 x ChIP-seq:H3K4me1
UBERON:0001383,ChIP-seq:H3K4me1,ChIP-seq:H3K36me3,0.08109533163920912,1.0,ChIP-seq:H3K36me3 x ChIP-seq:H3K4me1
UBERON:0001383,ChIP-seq:H3K4me1,ChIP-seq:H3K4me3,-0.05506101087775341,1.0,ChIP-seq:H3K4me1 x ChIP-seq:H3K4me3
UBERON:0001383,ChIP-seq:H3K4me1,ChIP-seq:H3K9me3,0.040343633181722474,1.0,ChIP-seq:H3K4me1 x ChIP-seq:H3K9me3
UBERON:0001383,ChIP-seq:H3K4me1,polyA plus RNA-seq,-1.0449656505286814e-06,8.0,ChIP-seq:H3K4me1 x polyA plus RNA-seq
UBERON:0001383,ChIP-seq:H3K4me3,DNase-seq,0.00892057659139052,13.0,ChIP-seq:H3K4me3 x DNase-seq
UBERON:0001383,ChIP-seq:H3K4me3,ChIP-seq:H3K27me3,-0.002944669889650125,1.0,ChIP-seq:H3K27me3 x ChIP-seq:H3K4me3
UBERON:0001383,ChIP-seq:H3K4me3,ChIP-seq:H3K36me3,0.008083266477105479,1.0,ChIP-seq:H3K36me3 x ChIP-seq:H3K4me3
UBERON:0001383,ChIP-seq:H3K4me3,ChIP-seq:H3K4me1,-0.04598262367527122,1.0,ChIP-seq:H3K4me1 x ChIP-seq:H3K4me3
UBERON:0001383,ChIP-seq:H3K4me3,ChIP-seq:H3K9me3,0.003894486261646175,1.0,ChIP-seq:H3K4me3 x ChIP-seq:H3K9me3
UBERON:0001383,ChIP-seq:H3K4me3,polyA plus RNA-seq,0.0382768896899835,8.0,ChIP-seq:H3K4me3 x polyA plus RNA-seq
UBERON:0001383,ChIP-seq:H3K9me3,DNase-seq,-0.021551907536838034,13.0,ChIP-seq:H3K9me3 x DNase-seq
UBERON:0001383,ChIP-seq:H3K9me3,ChIP-seq:H3K27me3,0.05126737863167949,1.0,ChIP-seq:H3K27me3 x ChIP-seq:H3K9me3
UBERON:0001383,ChIP-seq:H3K9me3,ChIP-seq:H3K36me3,0.10871529563394172,1.0,ChIP-seq:H3K36me3 x ChIP-seq:H3K9me3
UBERON:0001383,ChIP-seq:H3K9me3,ChIP-seq:H3K4me1,0.039802568276291306,1.0,ChIP-seq:H3K4me1 x ChIP-seq:H3K9me3
UBERON:0001383,ChIP-seq:H3K9me3,ChIP-seq:H3K4me3,0.009312669222438058,1.0,ChIP-seq:H3K4me3 x ChIP-seq:H3K9me3
UBERON:0001383,ChIP-seq:H3K9me3,polyA plus RNA-seq,-0.020991289722067968,8.0,ChIP-seq:H3K9me3 x polyA plus RNA-seq
UBERON:0001383,polyA plus RNA-seq,DNase-seq,-0.0037433666322844728,104.0,DNase-seq x polyA plus RNA-seq
UBERON:0001383,polyA plus RNA-seq,ChIP-seq:H3K27me3,1.2103275492273541e-05,8.0,ChIP-seq:H3K27me3 x polyA plus RNA-seq
UBERON:0001383,polyA plus RNA-seq,ChIP-seq:H3K36me3,0.046481928655079434,8.0,ChIP-seq:H3K36me3 x polyA plus RNA-seq
UBERON:0001383,polyA plus RNA-seq,ChIP-seq:H3K4me1,-0.0038474120361649475,8.0,ChIP-seq:H3K4me1 x polyA plus RNA-seq
UBERON:0001383,polyA plus RNA-seq,ChIP-seq:H3K4me3,0.03299526021231052,8.0,ChIP-seq:H3K4me3 x polyA plus RNA-seq
UBERON:0001383,polyA plus RNA-seq,ChIP-seq:H3K9me3,-0.01959063414505074,8.0,ChIP-seq:H3K9me3 x polyA plus RNA-seq
UBERON:0001774,DNase-seq,ChIP-seq:H3K27ac,-0.006516475307107472,3.0,ChIP-seq:H3K27ac x DNase-seq
UBERON:0001774,DNase-seq,ChIP-seq:H3K27me3,0.02025361218172129,3.0,ChIP-seq:H3K27me3 x DNase-seq
UBERON:0001774,DNase-seq,ChIP-seq:H3K36me3,-0.025461702632210242,3.0,ChIP-seq:H3K36me3 x DNase-seq
UBERON:0001774,DNase-seq,ChIP-seq:H3K4me1,-0.029157454336898914,3.0,ChIP-seq:H3K4me1 x DNase-seq
UBERON:0001774,DNase-seq,ChIP-seq:H3K4me3,0.022799835879673325,3.0,ChIP-seq:H3K4me3 x DNase-seq
UBERON:0001774,DNase-seq,ChIP-seq:H3K9me3,-0.030152964858369456,3.0,ChIP-seq:H3K9me3 x DNase-seq
UBERON:0001774,DNase-seq,polyA plus RNA-seq,0.010588798487470264,3.0,DNase-seq x polyA plus RNA-seq
UBERON:0001774,DNase-seq,RNA-seq,0.03723629948181155,3.0,DNase-seq x RNA-seq
UBERON:0001774,ChIP-seq:H3K27ac,DNase-seq,-0.0130363989631027,3.0,ChIP-seq:H3K27ac x DNase-seq
UBERON:0001774,ChIP-seq:H3K27ac,ChIP-seq:H3K27me3,0.011228810952997756,1.0,ChIP-seq:H3K27ac x ChIP-seq:H3K27me3
UBERON:0001774,ChIP-seq:H3K27ac,ChIP-seq:H3K36me3,0.003918159506702549,1.0,ChIP-seq:H3K27ac x ChIP-seq:H3K36me3
UBERON:0001774,ChIP-seq:H3K27ac,ChIP-seq:H3K4me1,0.19934325179328088,1.0,ChIP-seq:H3K27ac x ChIP-seq:H3K4me1
UBERON:0001774,ChIP-seq:H3K27ac,ChIP-seq:H3K4me3,0.21912271366562955,1.0,ChIP-seq:H3K27ac x ChIP-seq:H3K4me3
UBERON:0001774,ChIP-seq:H3K27ac,ChIP-seq:H3K9me3,0.03134290116459298,1.0,ChIP-seq:H3K27ac x ChIP-seq:H3K9me3
UBERON:0001774,ChIP-seq:H3K27ac,polyA plus RNA-seq,0.0025904023434434632,1.0,ChIP-seq:H3K27ac x polyA plus RNA-seq
UBERON:0001774,ChIP-seq:H3K27ac,RNA-seq,0.02041047881139773,1.0,ChIP-seq:H3K27ac x RNA-seq
UBERON:0001774,ChIP-seq:H3K27me3,DNase-seq,-0.0034850820326258357,3.0,ChIP-seq:H3K27me3 x DNase-seq
UBERON:0001774,ChIP-seq:H3K27me3,ChIP-seq:H3K27ac,0.018372584088349048,1.0,ChIP-seq:H3K27ac x ChIP-seq:H3K27me3
UBERON:0001774,ChIP-seq:H3K27me3,ChIP-seq:H3K36me3,0.03331846568398375,1.0,ChIP-seq:H3K27me3 x ChIP-seq:H3K36me3
UBERON:0001774,ChIP-seq:H3K27me3,ChIP-seq:H3K4me1,0.22850721426632092,1.0,ChIP-seq:H3K27me3 x ChIP-seq:H3K4me1
UBERON:0001774,ChIP-seq:H3K27me3,ChIP-seq:H3K4me3,0.028358397944722065,1.0,ChIP-seq:H3K27me3 x ChIP-seq:H3K4me3
UBERON:0001774,ChIP-seq:H3K27me3,ChIP-seq:H3K9me3,0.11969893771176898,1.0,ChIP-seq:H3K27me3 x ChIP-seq:H3K9me3
UBERON:0001774,ChIP-seq:H3K27me3,polyA plus RNA-seq,-0.008050531814140933,1.0,ChIP-seq:H3K27me3 x polyA plus RNA-seq
UBERON:0001774,ChIP-seq:H3K27me3,RNA-seq,0.022593644874118197,1.0,ChIP-seq:H3K27me3 x RNA-seq
UBERON:0001774,ChIP-seq:H3K36me3,DNase-seq,-0.025571267483924402,3.0,ChIP-seq:H3K36me3 x DNase-seq
UBERON:0001774,ChIP-seq:H3K36me3,ChIP-seq:H3K27ac,0.003776791586000243,1.0,ChIP-seq:H3K27ac x ChIP-seq:H3K36me3
UBERON:0001774,ChIP-seq:H3K36me3,ChIP-seq:H3K27me3,0.038407959600632216,1.0,ChIP-seq:H3K27me3 x ChIP-seq:H3K36me3
UBERON:0001774,ChIP-seq:H3K36me3,ChIP-seq:H3K4me1,0.014926548561324242,1.0,ChIP-seq:H3K36me3 x ChIP-seq:H3K4me1
UBERON:0001774,ChIP-seq:H3K36me3,ChIP-seq:H3K4me3,0.0774227143720139,1.0,ChIP-seq:H3K36me3 x ChIP-seq:H3K4me3
UBERON:0001774,ChIP-seq:H3K36me3,ChIP-seq:H3K9me3,0.21667864069592352,1.0,ChIP-seq:H3K36me3 x ChIP-seq:H3K9me3
UBERON:0001774,ChIP-seq:H3K36me3,polyA plus RNA-seq,0.036391541957855225,1.0,ChIP-seq:H3K36me3 x polyA plus RNA-seq
UBERON:0001774,ChIP-seq:H3K36me3,RNA-seq,0.11662521457003655,1.0,ChIP-seq:H3K36me3 x RNA-seq
UBERON:0001774,ChIP-seq:H3K4me1,DNase-seq,-0.030073260806635676,3.0,ChIP-seq:H3K4me1 x DNase-seq
UBERON:0001774,ChIP-seq:H3K4me1,ChIP-seq:H3K27ac,0.19195340187461288,1.0,ChIP-seq:H3K27ac x ChIP-seq:H3K4me1
UBERON:0001774,ChIP-seq:H3K4me1,ChIP-seq:H3K27me3,0.2210172113330885,1.0,ChIP-seq:H3K27me3 x ChIP-seq:H3K4me1
UBERON:0001774,ChIP-seq:H3K4me1,ChIP-seq:H3K36me3,0.035190419584670396,1.0,ChIP-seq:H3K36me3 x ChIP-seq:H3K4me1
UBERON:0001774,ChIP-seq:H3K4me1,ChIP-seq:H3K4me3,0.007684593725689623,1.0,ChIP-seq:H3K4me1 x ChIP-seq:H3K4me3
UBERON:0001774,ChIP-seq:H3K4me1,ChIP-seq:H3K9me3,0.06485878484708638,1.0,ChIP-seq:H3K4me1 x ChIP-seq:H3K9me3
UBERON:0001774,ChIP-seq:H3K4me1,polyA plus RNA-seq,-0.0007285518784608154,1.0,ChIP-seq:H3K4me1 x polyA plus RNA-seq
UBERON:0001774,ChIP-seq:H3K4me1,RNA-seq,0.02135836935349714,1.0,ChIP-seq:H3K4me1 x RNA-seq
UBERON:0001774,ChIP-seq:H3K4me3,DNase-seq,-0.0019248139488604599,3.0,ChIP-seq:H3K4me3 x DNase-seq
UBERON:0001774,ChIP-seq:H3K4me3,ChIP-seq:H3K27ac,0.200537434330693,1.0,ChIP-seq:H3K27ac x ChIP-seq:H3K4me3
UBERON:0001774,ChIP-seq:H3K4me3,ChIP-seq:H3K27me3,0.02554109731111033,1.0,ChIP-seq:H3K27me3 x ChIP-seq:H3K4me3
UBERON:0001774,ChIP-seq:H3K4me3,ChIP-seq:H3K36me3,0.056762356449056556,1.0,ChIP-seq:H3K36me3 x ChIP-seq:H3K4me3
UBERON:0001774,ChIP-seq:H3K4me3,ChIP-seq:H3K4me1,0.018597100658909134,1.0,ChIP-seq:H3K4me1 x ChIP-seq:H3K4me3
UBERON:0001774,ChIP-seq:H3K4me3,ChIP-seq:H3K9me3,0.0497477619008645,1.0,ChIP-seq:H3K4me3 x ChIP-seq:H3K9me3
UBERON:0001774,ChIP-seq:H3K4me3,polyA plus RNA-seq,0.011081979019301282,1.0,ChIP-seq:H3K4me3 x polyA plus RNA-seq
UBERON:0001774,ChIP-seq:H3K4me3,RNA-seq,0.054040739887228635,1.0,ChIP-seq:H3K4me3 x RNA-seq
UBERON:0001774,ChIP-seq:H3K9me3,DNase-seq,-0.023073166531801845,3.0,ChIP-seq:H3K9me3 x DNase-seq
UBERON:0001774,ChIP-seq:H3K9me3,ChIP-seq:H3K27ac,0.045460186070866056,1.0,ChIP-seq:H3K27ac x ChIP-seq:H3K9me3
UBERON:0001774,ChIP-seq:H3K9me3,ChIP-seq:H3K27me3,0.09157369671196773,1.0,ChIP-seq:H3K27me3 x ChIP-seq:H3K9me3
UBERON:0001774,ChIP-seq:H3K9me3,ChIP-seq:H3K36me3,0.19474279817449983,1.0,ChIP-seq:H3K36me3 x ChIP-seq:H3K9me3
UBERON:0001774,ChIP-seq:H3K9me3,ChIP-seq:H3K4me1,0.06056880270657332,1.0,ChIP-seq:H3K4me1 x ChIP-seq:H3K9me3
UBERON:0001774,ChIP-seq:H3K9me3,ChIP-seq:H3K4me3,0.06022246771080549,1.0,ChIP-seq:H3K4me3 x ChIP-seq:H3K9me3
UBERON:0001774,ChIP-seq:H3K9me3,polyA plus RNA-seq,-0.026042506322264673,1.0,ChIP-seq:H3K9me3 x polyA plus RNA-seq
UBERON:0001774,ChIP-seq:H3K9me3,RNA-seq,-0.02857980048545053,1.0,ChIP-seq:H3K9me3 x RNA-seq
UBERON:0001774,polyA plus RNA-seq,DNase-seq,-0.0009830411841240966,3.0,DNase-seq x polyA plus RNA-seq
UBERON:0001774,polyA plus RNA-seq,ChIP-seq:H3K27ac,-0.008858747274419411,1.0,ChIP-seq:H3K27ac x polyA plus RNA-seq
UBERON:0001774,polyA plus RNA-seq,ChIP-seq:H3K27me3,-0.009867938931217825,1.0,ChIP-seq:H3K27me3 x polyA plus RNA-seq
UBERON:0001774,polyA plus RNA-seq,ChIP-seq:H3K36me3,0.04405627269593496,1.0,ChIP-seq:H3K36me3 x polyA plus RNA-seq
UBERON:0001774,polyA plus RNA-seq,ChIP-seq:H3K4me1,-0.008606538864905419,1.0,ChIP-seq:H3K4me1 x polyA plus RNA-seq
UBERON:0001774,polyA plus RNA-seq,ChIP-seq:H3K4me3,0.010319338912187621,1.0,ChIP-seq:H3K4me3 x polyA plus RNA-seq
UBERON:0001774,polyA plus RNA-seq,ChIP-seq:H3K9me3,-0.031740077641173446,1.0,ChIP-seq:H3K9me3 x polyA plus RNA-seq
UBERON:0001774,polyA plus RNA-seq,RNA-seq,0.3415897839537291,1.0,RNA-seq x polyA plus RNA-seq
UBERON:0001774,RNA-seq,DNase-seq,-0.0006385862692535986,3.0,DNase-seq x RNA-seq
UBERON:0001774,RNA-seq,ChIP-seq:H3K27ac,0.0023864969427202926,1.0,ChIP-seq:H3K27ac x RNA-seq
UBERON:0001774,RNA-seq,ChIP-seq:H3K27me3,0.02347105484584282,1.0,ChIP-seq:H3K27me3 x RNA-seq
UBERON:0001774,RNA-seq,ChIP-seq:H3K36me3,0.09093067806864541,1.0,ChIP-seq:H3K36me3 x RNA-seq
UBERON:0001774,RNA-seq,ChIP-seq:H3K4me1,0.0036650097564510688,1.0,ChIP-seq:H3K4me1 x RNA-seq
UBERON:0001774,RNA-seq,ChIP-seq:H3K4me3,0.033093651990557825,1.0,ChIP-seq:H3K4me3 x RNA-seq
UBERON:0001774,RNA-seq,ChIP-seq:H3K9me3,-0.012914902504595965,1.0,ChIP-seq:H3K9me3 x RNA-seq
UBERON:0001774,RNA-seq,polyA plus RNA-seq,0.21992514133453367,1.0,RNA-seq x polyA plus RNA-seq
UBERON:0002021,DNase-seq,RNA-seq,0.0007177003216548052,2.0,DNase-seq x RNA-seq
UBERON:0002021,RNA-seq,DNase-seq,0.0017757247702474763,2.0,DNase-seq x RNA-seq
UBERON:0010414,DNase-seq,ChIP-seq:CTCF,0.024394839563790488,4.0,ChIP-seq:CTCF x DNase-seq
UBERON:0010414,DNase-seq,RNA-seq,0.008586868751050811,16.0,DNase-seq x RNA-seq
UBERON:0010414,ChIP-seq:CTCF,DNase-seq,0.046254302653455245,4.0,ChIP-seq:CTCF x DNase-seq
UBERON:0010414,ChIP-seq:CTCF,RNA-seq,-0.0013322783081024681,16.0,ChIP-seq:CTCF x RNA-seq
UBERON:0010414,RNA-seq,DNase-seq,0.015882407022236856,16.0,DNase-seq x RNA-seq
UBERON:0010414,RNA-seq,ChIP-seq:CTCF,0.007429270585085831,16.0,ChIP-seq:CTCF x RNA-seq
UBERON:0000992,DNase-seq,ChIP-seq:CTCF,0.04028148160261266,8.0,ChIP-seq:CTCF x DNase-seq
UBERON:0000992,DNase-seq,polyA plus RNA-seq,-0.003697912649095402,20.0,DNase-seq x polyA plus RNA-seq
UBERON:0000992,DNase-seq,RNA-seq,0.010107977020976355,48.0,DNase-seq x RNA-seq
UBERON:0000992,DNase-seq,ChIP-seq:POLR2A,0.048179727635885544,4.0,ChIP-seq:POLR2A x DNase-seq
UBERON:0000992,DNase-seq,ChIP-seq:EP300,0.055830877274274826,4.0,ChIP-seq:EP300 x DNase-seq
UBERON:0000992,ChIP-seq:CTCF,DNase-seq,0.05153104215088286,8.0,ChIP-seq:CTCF x DNase-seq
UBERON:0000992,ChIP-seq:CTCF,polyA plus RNA-seq,-0.004716655547391473,10.0,ChIP-seq:CTCF x polyA plus RNA-seq
UBERON:0000992,ChIP-seq:CTCF,RNA-seq,0.008210933233479515,24.0,ChIP-seq:CTCF x RNA-seq
UBERON:0000992,ChIP-seq:CTCF,ChIP-seq:POLR2A,0.15752222977186503,2.0,ChIP-seq:CTCF x ChIP-seq:POLR2A
UBERON:0000992,ChIP-seq:CTCF,ChIP-seq:EP300,0.020913518965244293,2.0,ChIP-seq:CTCF x ChIP-seq:EP300
UBERON:0000992,polyA plus RNA-seq,DNase-seq,0.008303902939039192,20.0,DNase-seq x polyA plus RNA-seq
UBERON:0000992,polyA plus RNA-seq,ChIP-seq:CTCF,-0.0037895986116399955,10.0,ChIP-seq:CTCF x polyA plus RNA-seq
UBERON:0000992,polyA plus RNA-seq,RNA-seq,0.09449651144105464,60.0,RNA-seq x polyA plus RNA-seq
UBERON:0000992,polyA plus RNA-seq,ChIP-seq:POLR2A,-0.0006150280043744202,5.0,ChIP-seq:POLR2A x polyA plus RNA-seq
UBERON:0000992,polyA plus RNA-seq,ChIP-seq:EP300,0.0013227246701717375,5.0,ChIP-seq:EP300 x polyA plus RNA-seq
UBERON:0000992,RNA-seq,DNase-seq,0.01187603841881575,48.0,DNase-seq x RNA-seq
UBERON:0000992,RNA-seq,ChIP-seq:CTCF,0.0054851990022690466,24.0,ChIP-seq:CTCF x RNA-seq
UBERON:0000992,RNA-seq,polyA plus RNA-seq,0.0543411086749479,60.0,RNA-seq x polyA plus RNA-seq
UBERON:0000992,RNA-seq,ChIP-seq:POLR2A,-0.0006474807030624787,12.0,ChIP-seq:POLR2A x RNA-seq
UBERON:0000992,RNA-seq,ChIP-seq:EP300,0.00236663781106472,12.0,ChIP-seq:EP300 x RNA-seq
UBERON:0000992,ChIP-seq:POLR2A,DNase-seq,0.0931919642526251,4.0,ChIP-seq:POLR2A x DNase-seq
UBERON:0000992,ChIP-seq:POLR2A,ChIP-seq:CTCF,0.15917111494961908,2.0,ChIP-seq:CTCF x ChIP-seq:POLR2A
UBERON:0000992,ChIP-seq:POLR2A,polyA plus RNA-seq,-0.014794706277592336,5.0,ChIP-seq:POLR2A x polyA plus RNA-seq
UBERON:0000992,ChIP-seq:POLR2A,RNA-seq,0.000487059167177558,12.0,ChIP-seq:POLR2A x RNA-seq
UBERON:0000992,ChIP-seq:POLR2A,ChIP-seq:EP300,0.05948925018310547,1.0,ChIP-seq:EP300 x ChIP-seq:POLR2A
UBERON:0000992,ChIP-seq:EP300,DNase-seq,0.06677878173212931,4.0,ChIP-seq:EP300 x DNase-seq
UBERON:0000992,ChIP-seq:EP300,ChIP-seq:CTCF,0.06028315132739497,2.0,ChIP-seq:CTCF x ChIP-seq:EP300
UBERON:0000992,ChIP-seq:EP300,polyA plus RNA-seq,-0.005795832652318684,5.0,ChIP-seq:EP300 x polyA plus RNA-seq
UBERON:0000992,ChIP-seq:EP300,RNA-seq,0.0011990983530485947,12.0,ChIP-seq:EP300 x RNA-seq
UBERON:0000992,ChIP-seq:EP300,ChIP-seq:POLR2A,0.0859871211281994,1.0,ChIP-seq:EP300 x ChIP-seq:POLR2A
UBERON:0001264,DNase-seq,ChIP-seq:H3K27ac,0.060511168532119776,4.0,ChIP-seq:H3K27ac x DNase-seq
UBERON:0001264,DNase-seq,ChIP-seq:H3K27me3,-0.02908788864753839,4.0,ChIP-seq:H3K27me3 x DNase-seq
UBERON:0001264,DNase-seq,ChIP-seq:H3K36me3,-0.03662073548803938,4.0,ChIP-seq:H3K36me3 x DNase-seq
UBERON:0001264,DNase-seq,ChIP-seq:H3K4me1,-0.03831135677021058,4.0,ChIP-seq:H3K4me1 x DNase-seq
UBERON:0001264,DNase-seq,ChIP-seq:H3K4me3,-0.0010040887744627303,4.0,ChIP-seq:H3K4me3 x DNase-seq
UBERON:0001264,DNase-seq,ChIP-seq:H3K9me3,-0.010905692332916047,4.0,ChIP-seq:H3K9me3 x DNase-seq
UBERON:0001264,DNase-seq,polyA plus RNA-seq,-0.014002571859653446,12.0,DNase-seq x polyA plus RNA-seq
UBERON:0001264,DNase-seq,RNA-seq,-0.010837188277722544,20.0,DNase-seq x RNA-seq
UBERON:0001264,ChIP-seq:H3K27ac,DNase-seq,0.05652764908124491,4.0,ChIP-seq:H3K27ac x DNase-seq
UBERON:0001264,ChIP-seq:H3K27ac,ChIP-seq:H3K27me3,0.04576167511629921,4.0,ChIP-seq:H3K27ac x ChIP-seq:H3K27me3
UBERON:0001264,ChIP-seq:H3K27ac,ChIP-seq:H3K36me3,0.020186146047521145,4.0,ChIP-seq:H3K27ac x ChIP-seq:H3K36me3
UBERON:0001264,ChIP-seq:H3K27ac,ChIP-seq:H3K4me1,0.18213435176943168,4.0,ChIP-seq:H3K27ac x ChIP-seq:H3K4me1
UBERON:0001264,ChIP-seq:H3K27ac,ChIP-seq:H3K4me3,0.18137856983692846,4.0,ChIP-seq:H3K27ac x ChIP-seq:H3K4me3
UBERON:0001264,ChIP-seq:H3K27ac,ChIP-seq:H3K9me3,0.050724202243799574,4.0,ChIP-seq:H3K27ac x ChIP-seq:H3K9me3
UBERON:0001264,ChIP-seq:H3K27ac,polyA plus RNA-seq,0.0030246782130089363,12.0,ChIP-seq:H3K27ac x polyA plus RNA-seq
UBERON:0001264,ChIP-seq:H3K27ac,RNA-seq,0.01781911234013505,20.0,ChIP-seq:H3K27ac x RNA-seq
UBERON:0001264,ChIP-seq:H3K27me3,DNase-seq,-0.017765859391578695,4.0,ChIP-seq:H3K27me3 x DNase-seq
UBERON:0001264,ChIP-seq:H3K27me3,ChIP-seq:H3K27ac,0.04628992835001916,4.0,ChIP-seq:H3K27ac x ChIP-seq:H3K27me3
UBERON:0001264,ChIP-seq:H3K27me3,ChIP-seq:H3K36me3,0.06108853633099414,4.0,ChIP-seq:H3K27me3 x ChIP-seq:H3K36me3
UBERON:0001264,ChIP-seq:H3K27me3,ChIP-seq:H3K4me1,0.02879165243255636,4.0,ChIP-seq:H3K27me3 x ChIP-seq:H3K4me1
UBERON:0001264,ChIP-seq:H3K27me3,ChIP-seq:H3K4me3,0.0729056651764941,4.0,ChIP-seq:H3K27me3 x ChIP-seq:H3K4me3
UBERON:0001264,ChIP-seq:H3K27me3,ChIP-seq:H3K9me3,0.1512140581447087,4.0,ChIP-seq:H3K27me3 x ChIP-seq:H3K9me3
UBERON:0001264,ChIP-seq:H3K27me3,polyA plus RNA-seq,-0.013372736013885859,12.0,ChIP-seq:H3K27me3 x polyA plus RNA-seq
UBERON:0001264,ChIP-seq:H3K27me3,RNA-seq,-0.018403638764184528,20.0,ChIP-seq:H3K27me3 x RNA-seq
UBERON:0001264,ChIP-seq:H3K36me3,DNase-seq,-0.03576614223804671,4.0,ChIP-seq:H3K36me3 x DNase-seq
UBERON:0001264,ChIP-seq:H3K36me3,ChIP-seq:H3K27ac,0.03258099443979145,4.0,ChIP-seq:H3K27ac x ChIP-seq:H3K36me3
UBERON:0001264,ChIP-seq:H3K36me3,ChIP-seq:H3K27me3,0.07935245989719567,4.0,ChIP-seq:H3K27me3 x ChIP-seq:H3K36me3
UBERON:0001264,ChIP-seq:H3K36me3,ChIP-seq:H3K4me1,0.026044766047124655,4.0,ChIP-seq:H3K36me3 x ChIP-seq:H3K4me1
UBERON:0001264,ChIP-seq:H3K36me3,ChIP-seq:H3K4me3,0.03231860662453642,4.0,ChIP-seq:H3K36me3 x ChIP-seq:H3K4me3
UBERON:0001264,ChIP-seq:H3K36me3,ChIP-seq:H3K9me3,0.11406789971201607,4.0,ChIP-seq:H3K36me3 x ChIP-seq:H3K9me3
UBERON:0001264,ChIP-seq:H3K36me3,polyA plus RNA-seq,0.017576614756515063,12.0,ChIP-seq:H3K36me3 x polyA plus RNA-seq
UBERON:0001264,ChIP-seq:H3K36me3,RNA-seq,0.043360884348930775,20.0,ChIP-seq:H3K36me3 x RNA-seq
UBERON:0001264,ChIP-seq:H3K4me1,DNase-seq,-0.04525260942191193,4.0,ChIP-seq:H3K4me1 x DNase-seq
UBERON:0001264,ChIP-seq:H3K4me1,ChIP-seq:H3K27ac,0.17294402189136293,4.0,ChIP-seq:H3K27ac x ChIP-seq:H3K4me1
UBERON:0001264,ChIP-seq:H3K4me1,ChIP-seq:H3K27me3,0.020968463637925296,4.0,ChIP-seq:H3K27me3 x ChIP-seq:H3K4me1
UBERON:0001264,ChIP-seq:H3K4me1,ChIP-seq:H3K36me3,0.026847545533104145,4.0,ChIP-seq:H3K36me3 x ChIP-seq:H3K4me1
UBERON:0001264,ChIP-seq:H3K4me1,ChIP-seq:H3K4me3,0.003028852482126138,4.0,ChIP-seq:H3K4me1 x ChIP-seq:H3K4me3
UBERON:0001264,ChIP-seq:H3K4me1,ChIP-seq:H3K9me3,0.15247348185335652,4.0,ChIP-seq:H3K4me1 x ChIP-seq:H3K9me3
UBERON:0001264,ChIP-seq:H3K4me1,polyA plus RNA-seq,0.008281456042027128,12.0,ChIP-seq:H3K4me1 x polyA plus RNA-seq
UBERON:0001264,ChIP-seq:H3K4me1,RNA-seq,0.01609748348700403,20.0,ChIP-seq:H3K4me1 x RNA-seq
UBERON:0001264,ChIP-seq:H3K4me3,DNase-seq,-0.03559323338810931,4.0,ChIP-seq:H3K4me3 x DNase-seq
UBERON:0001264,ChIP-seq:H3K4me3,ChIP-seq:H3K27ac,0.15000714778159716,4.0,ChIP-seq:H3K27ac x ChIP-seq:H3K4me3
UBERON:0001264,ChIP-seq:H3K4me3,ChIP-seq:H3K27me3,0.06934635457448188,4.0,ChIP-seq:H3K27me3 x ChIP-seq:H3K4me3
UBERON:0001264,ChIP-seq:H3K4me3,ChIP-seq:H3K36me3,0.034530091317410166,4.0,ChIP-seq:H3K36me3 x ChIP-seq:H3K4me3
UBERON:0001264,ChIP-seq:H3K4me3,ChIP-seq:H3K4me1,0.020096720598353063,4.0,ChIP-seq:H3K4me1 x ChIP-seq:H3K4me3
UBERON:0001264,ChIP-seq:H3K4me3,ChIP-seq:H3K9me3,0.11636696705657444,4.0,ChIP-seq:H3K4me3 x ChIP-seq:H3K9me3
UBERON:0001264,ChIP-seq:H3K4me3,polyA plus RNA-seq,0.0022515219190846272,12.0,ChIP-seq:H3K4me3 x polyA plus RNA-seq
UBERON:0001264,ChIP-seq:H3K4me3,RNA-seq,0.02604123208858517,20.0,ChIP-seq:H3K4me3 x RNA-seq
UBERON:0001264,ChIP-seq:H3K9me3,DNase-seq,-0.03108711886344497,4.0,ChIP-seq:H3K9me3 x DNase-seq
UBERON:0001264,ChIP-seq:H3K9me3,ChIP-seq:H3K27ac,0.04455117367624496,4.0,ChIP-seq:H3K27ac x ChIP-seq:H3K9me3
UBERON:0001264,ChIP-seq:H3K9me3,ChIP-seq:H3K27me3,0.16678633080052502,4.0,ChIP-seq:H3K27me3 x ChIP-seq:H3K9me3
UBERON:0001264,ChIP-seq:H3K9me3,ChIP-seq:H3K36me3,0.1275296521947739,4.0,ChIP-seq:H3K36me3 x ChIP-seq:H3K9me3
UBERON:0001264,ChIP-seq:H3K9me3,ChIP-seq:H3K4me1,0.1553426974458121,4.0,ChIP-seq:H3K4me1 x ChIP-seq:H3K9me3
UBERON:0001264,ChIP-seq:H3K9me3,ChIP-seq:H3K4me3,0.10433278406891867,4.0,ChIP-seq:H3K4me3 x ChIP-seq:H3K9me3
UBERON:0001264,ChIP-seq:H3K9me3,polyA plus RNA-seq,-0.010554700809112492,12.0,ChIP-seq:H3K9me3 x polyA plus RNA-seq
UBERON:0001264,ChIP-seq:H3K9me3,RNA-seq,-0.018927815421384386,20.0,ChIP-seq:H3K9me3 x RNA-seq
UBERON:0001264,polyA plus RNA-seq,DNase-seq,0.0047223260338158934,12.0,DNase-seq x polyA plus RNA-seq
UBERON:0001264,polyA plus RNA-seq,ChIP-seq:H3K27ac,0.01014330452520161,12.0,ChIP-seq:H3K27ac x polyA plus RNA-seq
UBERON:0001264,polyA plus RNA-seq,ChIP-seq:H3K27me3,-0.016359889273296662,12.0,ChIP-seq:H3K27me3 x polyA plus RNA-seq
UBERON:0001264,polyA plus RNA-seq,ChIP-seq:H3K36me3,0.0032131403473252135,12.0,ChIP-seq:H3K36me3 x polyA plus RNA-seq
UBERON:0001264,polyA plus RNA-seq,ChIP-seq:H3K4me1,0.013099751511558157,12.0,ChIP-seq:H3K4me1 x polyA plus RNA-seq
UBERON:0001264,polyA plus RNA-seq,ChIP-seq:H3K4me3,0.02005274552051152,12.0,ChIP-seq:H3K4me3 x polyA plus RNA-seq
UBERON:0001264,polyA plus RNA-seq,ChIP-seq:H3K9me3,-0.00651406039124571,12.0,ChIP-seq:H3K9me3 x polyA plus RNA-seq
UBERON:0001264,polyA plus RNA-seq,RNA-seq,0.15700573894649433,60.0,RNA-seq x polyA plus RNA-seq
UBERON:0001264,RNA-seq,DNase-seq,-0.0003298032222334886,20.0,DNase-seq x RNA-seq
UBERON:0001264,RNA-seq,ChIP-seq:H3K27ac,0.0196605654606908,20.0,ChIP-seq:H3K27ac x RNA-seq
UBERON:0001264,RNA-seq,ChIP-seq:H3K27me3,-0.01095323861506633,20.0,ChIP-seq:H3K27me3 x RNA-seq
UBERON:0001264,RNA-seq,ChIP-seq:H3K36me3,0.02209769487380981,20.0,ChIP-seq:H3K36me3 x RNA-seq
UBERON:0001264,RNA-seq,ChIP-seq:H3K4me1,0.014722035100551253,20.0,ChIP-seq:H3K4me1 x RNA-seq
UBERON:0001264,RNA-seq,ChIP-seq:H3K4me3,0.03763739505660868,20.0,ChIP-seq:H3K4me3 x RNA-seq
UBERON:0001264,RNA-seq,ChIP-seq:H3K9me3,-0.011156000180190868,20.0,ChIP-seq:H3K9me3 x RNA-seq
UBERON:0001264,RNA-seq,polyA plus RNA-seq,0.0887432565550873,60.0,RNA-seq x polyA plus RNA-seq
NTR:0001226,ChIP-seq:H3K27ac,ChIP-seq:H3K27me3,0.11526197263564186,2.0,ChIP-seq:H3K27ac x ChIP-seq:H3K27me3
NTR:0001226,ChIP-seq:H3K27ac,ChIP-seq:H3K36me3,0.17971291349678442,2.0,ChIP-seq:H3K27ac x ChIP-seq:H3K36me3
NTR:0001226,ChIP-seq:H3K27ac,ChIP-seq:H3K4me1,0.3805874548648876,4.0,ChIP-seq:H3K27ac x ChIP-seq:H3K4me1
NTR:0001226,ChIP-seq:H3K27ac,ChIP-seq:H3K4me3,0.43890871724417047,2.0,ChIP-seq:H3K27ac x ChIP-seq:H3K4me3
NTR:0001226,ChIP-seq:H3K27ac,ChIP-seq:H3K9ac,0.3602393293867306,4.0,ChIP-seq:H3K27ac x ChIP-seq:H3K9ac
NTR:0001226,ChIP-seq:H3K27ac,ChIP-seq:H3K9me3,0.14214694142008627,2.0,ChIP-seq:H3K27ac x ChIP-seq:H3K9me3
NTR:0001226,ChIP-seq:H3K27ac,ChIP-seq:CTCF,0.14256792559343226,4.0,ChIP-seq:CTCF x ChIP-seq:H3K27ac
NTR:0001226,ChIP-seq:H3K27me3,ChIP-seq:H3K27ac,0.09201483919013362,2.0,ChIP-seq:H3K27ac x ChIP-seq:H3K27me3
NTR:0001226,ChIP-seq:H3K27me3,ChIP-seq:H3K36me3,0.37928970907100296,1.0,ChIP-seq:H3K27me3 x ChIP-seq:H3K36me3
NTR:0001226,ChIP-seq:H3K27me3,ChIP-seq:H3K4me1,0.17939024219096034,2.0,ChIP-seq:H3K27me3 x ChIP-seq:H3K4me1
NTR:0001226,ChIP-seq:H3K27me3,ChIP-seq:H3K4me3,0.047296300079933434,1.0,ChIP-seq:H3K27me3 x ChIP-seq:H3K4me3
NTR:0001226,ChIP-seq:H3K27me3,ChIP-seq:H3K9ac,0.25191499688187424,2.0,ChIP-seq:H3K27me3 x ChIP-seq:H3K9ac
NTR:0001226,ChIP-seq:H3K27me3,ChIP-seq:H3K9me3,0.3663681688921412,1.0,ChIP-seq:H3K27me3 x ChIP-seq:H3K9me3
NTR:0001226,ChIP-seq:H3K27me3,ChIP-seq:CTCF,0.17356393559306277,2.0,ChIP-seq:CTCF x ChIP-seq:H3K27me3
NTR:0001226,ChIP-seq:H3K36me3,ChIP-seq:H3K27ac,0.16143104508056405,2.0,ChIP-seq:H3K27ac x ChIP-seq:H3K36me3
NTR:0001226,ChIP-seq:H3K36me3,ChIP-seq:H3K27me3,0.3484400250445837,1.0,ChIP-seq:H3K27me3 x ChIP-seq:H3K36me3
NTR:0001226,ChIP-seq:H3K36me3,ChIP-seq:H3K4me1,0.25220951112241696,2.0,ChIP-seq:H3K36me3 x ChIP-seq:H3K4me1
NTR:0001226,ChIP-seq:H3K36me3,ChIP-seq:H3K4me3,0.17575933295626972,1.0,ChIP-seq:H3K36me3 x ChIP-seq:H3K4me3
NTR:0001226,ChIP-seq:H3K36me3,ChIP-seq:H3K9ac,0.290756065018323,2.0,ChIP-seq:H3K36me3 x ChIP-seq:H3K9ac
NTR:0001226,ChIP-seq:H3K36me3,ChIP-seq:H3K9me3,0.6353914224901679,1.0,ChIP-seq:H3K36me3 x ChIP-seq:H3K9me3
NTR:0001226,ChIP-seq:H3K36me3,ChIP-seq:CTCF,0.1480981240085527,2.0,ChIP-seq:CTCF x ChIP-seq:H3K36me3
NTR:0001226,ChIP-seq:H3K4me1,ChIP-seq:H3K27ac,0.35222608609969575,4.0,ChIP-seq:H3K27ac x ChIP-seq:H3K4me1
NTR:0001226,ChIP-seq:H3K4me1,ChIP-seq:H3K27me3,0.19636030169739122,2.0,ChIP-seq:H3K27me3 x ChIP-seq:H3K4me1
NTR:0001226,ChIP-seq:H3K4me1,ChIP-seq:H3K36me3,0.25842350043317,2.0,ChIP-seq:H3K36me3 x ChIP-seq:H3K4me1
NTR:0001226,ChIP-seq:H3K4me1,ChIP-seq:H3K4me3,0.17721645478592363,2.0,ChIP-seq:H3K4me1 x ChIP-seq:H3K4me3
NTR:0001226,ChIP-seq:H3K4me1,ChIP-seq:H3K9ac,0.2980074882507324,4.0,ChIP-seq:H3K4me1 x ChIP-seq:H3K9ac
NTR:0001226,ChIP-seq:H3K4me1,ChIP-seq:H3K9me3,0.21006724438187796,2.0,ChIP-seq:H3K4me1 x ChIP-seq:H3K9me3
NTR:0001226,ChIP-seq:H3K4me1,ChIP-seq:CTCF,0.1499525945560605,4.0,ChIP-seq:CTCF x ChIP-seq:H3K4me1
NTR:0001226,ChIP-seq:H3K4me3,ChIP-seq:H3K27ac,0.37547952862259765,2.0,ChIP-seq:H3K27ac x ChIP-seq:H3K4me3
NTR:0001226,ChIP-seq:H3K4me3,ChIP-seq:H3K27me3,0.05688614963457502,1.0,ChIP-seq:H3K27me3 x ChIP-seq:H3K4me3
NTR:0001226,ChIP-seq:H3K4me3,ChIP-seq:H3K36me3,0.23742946777394208,1.0,ChIP-seq:H3K36me3 x ChIP-seq:H3K4me3
NTR:0001226,ChIP-seq:H3K4me3,ChIP-seq:H3K4me1,0.19025597456700163,2.0,ChIP-seq:H3K4me1 x ChIP-seq:H3K4me3
NTR:0001226,ChIP-seq:H3K4me3,ChIP-seq:H3K9ac,0.22145023516246248,2.0,ChIP-seq:H3K4me3 x ChIP-seq:H3K9ac
NTR:0001226,ChIP-seq:H3K4me3,ChIP-seq:H3K9me3,0.2099869833978195,1.0,ChIP-seq:H3K4me3 x ChIP-seq:H3K9me3
NTR:0001226,ChIP-seq:H3K4me3,ChIP-seq:CTCF,0.09851387669058406,2.0,ChIP-seq:CTCF x ChIP-seq:H3K4me3
NTR:0001226,ChIP-seq:H3K79me2,ChIP-seq:H3K27ac,0.1441131145317362,4.0,ChIP-seq:H3K27ac x ChIP-seq:H3K79me2
NTR:0001226,ChIP-seq:H3K79me2,ChIP-seq:H3K27me3,0.18569747641168793,2.0,ChIP-seq:H3K27me3 x ChIP-seq:H3K79me2
NTR:0001226,ChIP-seq:H3K79me2,ChIP-seq:H3K36me3,0.22556501280063043,2.0,ChIP-seq:H3K36me3 x ChIP-seq:H3K79me2
NTR:0001226,ChIP-seq:H3K79me2,ChIP-seq:H3K4me1,0.27345318139576524,4.0,ChIP-seq:H3K4me1 x ChIP-seq:H3K79me2
NTR:0001226,ChIP-seq:H3K79me2,ChIP-seq:H3K4me3,0.15518887119237768,2.0,ChIP-seq:H3K4me3 x ChIP-seq:H3K79me2
NTR:0001226,ChIP-seq:H3K79me2,ChIP-seq:H3K9ac,0.24034990218220925,4.0,ChIP-seq:H3K79me2 x ChIP-seq:H3K9ac
NTR:0001226,ChIP-seq:H3K79me2,ChIP-seq:H3K9me3,0.17742267267664052,2.0,ChIP-seq:H3K79me2 x ChIP-seq:H3K9me3
NTR:0001226,ChIP-seq:H3K79me2,ChIP-seq:CTCF,0.13431162021908105,4.0,ChIP-seq:CTCF x ChIP-seq:H3K79me2
NTR:0001226,ChIP-seq:H3K9ac,ChIP-seq:H3K27ac,0.3964732237484144,4.0,ChIP-seq:H3K27ac x ChIP-seq:H3K9ac
NTR:0001226,ChIP-seq:H3K9ac,ChIP-seq:H3K27me3,0.24416376290650205,2.0,ChIP-seq:H3K27me3 x ChIP-seq:H3K9ac
NTR:0001226,ChIP-seq:H3K9ac,ChIP-seq:H3K36me3,0.2791755678792479,2.0,ChIP-seq:H3K36me3 x ChIP-seq:H3K9ac
NTR:0001226,ChIP-seq:H3K9ac,ChIP-seq:H3K4me1,0.30305236936266955,4.0,ChIP-seq:H3K4me1 x ChIP-seq:H3K9ac
NTR:0001226,ChIP-seq:H3K9ac,ChIP-seq:H3K4me3,0.3591615668562955,2.0,ChIP-seq:H3K4me3 x ChIP-seq:H3K9ac
NTR:0001226,ChIP-seq:H3K9ac,ChIP-seq:H3K9me3,0.22947182518809867,2.0,ChIP-seq:H3K9ac x ChIP-seq:H3K9me3
NTR:0001226,ChIP-seq:H3K9ac,ChIP-seq:CTCF,0.1930391385274775,4.0,ChIP-seq:CTCF x ChIP-seq:H3K9ac
NTR:0001226,ChIP-seq:H3K9me3,ChIP-seq:H3K27ac,0.13956007888968686,2.0,ChIP-seq:H3K27ac x ChIP-seq:H3K9me3
NTR:0001226,ChIP-seq:H3K9me3,ChIP-seq:H3K27me3,0.36557410571766996,1.0,ChIP-seq:H3K27me3 x ChIP-seq:H3K9me3
NTR:0001226,ChIP-seq:H3K9me3,ChIP-seq:H3K36me3,0.7329462287287233,1.0,ChIP-seq:H3K36me3 x ChIP-seq:H3K9me3
NTR:0001226,ChIP-seq:H3K9me3,ChIP-seq:H3K4me1,0.21836949779036266,2.0,ChIP-seq:H3K4me1 x ChIP-seq:H3K9me3
NTR:0001226,ChIP-seq:H3K9me3,ChIP-seq:H3K4me3,0.16416869579359544,1.0,ChIP-seq:H3K4me3 x ChIP-seq:H3K9me3
NTR:0001226,ChIP-seq:H3K9me3,ChIP-seq:H3K9ac,0.29104199275678516,2.0,ChIP-seq:H3K9ac x ChIP-seq:H3K9me3
NTR:0001226,ChIP-seq:H3K9me3,ChIP-seq:CTCF,0.12238414147320915,2.0,ChIP-seq:CTCF x ChIP-seq:H3K9me3
NTR:0001226,ChIP-seq:CTCF,ChIP-seq:H3K27ac,0.11402359771432344,4.0,ChIP-seq:CTCF x ChIP-seq:H3K27ac
NTR:0001226,ChIP-seq:CTCF,ChIP-seq:H3K27me3,0.17570138491433243,2.0,ChIP-seq:CTCF x ChIP-seq:H3K27me3
NTR:0001226,ChIP-seq:CTCF,ChIP-seq:H3K36me3,0.13129822633884572,2.0,ChIP-seq:CTCF x ChIP-seq:H3K36me3
NTR:0001226,ChIP-seq:CTCF,ChIP-seq:H3K4me1,0.14844882765102907,4.0,ChIP-seq:CTCF x ChIP-seq:H3K4me1
NTR:0001226,ChIP-seq:CTCF,ChIP-seq:H3K4me3,0.08847043736036433,2.0,ChIP-seq:CTCF x ChIP-seq:H3K4me3
NTR:0001226,ChIP-seq:CTCF,ChIP-seq:H3K9ac,0.1960864267787155,4.0,ChIP-seq:CTCF x ChIP-seq:H3K9ac
NTR:0001226,ChIP-seq:CTCF,ChIP-seq:H3K9me3,0.10361373491127399,2.0,ChIP-seq:CTCF x ChIP-seq:H3K9me3
UBERON:0001987,DNase-seq,ChIP-seq:H3K27ac,0.05736355145772298,30.0,ChIP-seq:H3K27ac x DNase-seq
UBERON:0001987,DNase-seq,ChIP-seq:H3K27me3,0.017022706833920737,30.0,ChIP-seq:H3K27me3 x DNase-seq
UBERON:0001987,DNase-seq,ChIP-seq:H3K36me3,-0.011985052837832513,30.0,ChIP-seq:H3K36me3 x DNase-seq
UBERON:0001987,DNase-seq,ChIP-seq:H3K4me1,-0.03628207052146995,30.0,ChIP-seq:H3K4me1 x DNase-seq
UBERON:0001987,DNase-seq,ChIP-seq:H3K4me3,0.010993083541941756,30.0,ChIP-seq:H3K4me3 x DNase-seq
UBERON:0001987,DNase-seq,ChIP-seq:H3K9me3,0.0008344409829479163,30.0,ChIP-seq:H3K9me3 x DNase-seq
UBERON:0001987,DNase-seq,RNA-seq,0.007673453728162685,220.0,DNase-seq x RNA-seq
UBERON:0001987,ChIP-seq:H3K27ac,DNase-seq,0.030499055929351274,30.0,ChIP-seq:H3K27ac x DNase-seq
UBERON:0001987,ChIP-seq:H3K27ac,ChIP-seq:H3K27me3,0.014433413743972778,9.0,ChIP-seq:H3K27ac x ChIP-seq:H3K27me3
UBERON:0001987,ChIP-seq:H3K27ac,ChIP-seq:H3K36me3,-0.03020771786313785,9.0,ChIP-seq:H3K27ac x ChIP-seq:H3K36me3
UBERON:0001987,ChIP-seq:H3K27ac,ChIP-seq:H3K4me1,0.2847635414137509,9.0,ChIP-seq:H3K27ac x ChIP-seq:H3K4me1
UBERON:0001987,ChIP-seq:H3K27ac,ChIP-seq:H3K4me3,0.16397304005093047,9.0,ChIP-seq:H3K27ac x ChIP-seq:H3K4me3
UBERON:0001987,ChIP-seq:H3K27ac,ChIP-seq:H3K9me3,0.033040027890052726,9.0,ChIP-seq:H3K27ac x ChIP-seq:H3K9me3
UBERON:0001987,ChIP-seq:H3K27ac,RNA-seq,0.0044071442957885135,66.0,ChIP-seq:H3K27ac x RNA-seq
UBERON:0001987,ChIP-seq:H3K27me3,DNase-seq,-0.01474164515210871,30.0,ChIP-seq:H3K27me3 x DNase-seq
UBERON:0001987,ChIP-seq:H3K27me3,ChIP-seq:H3K27ac,0.00019657015800475866,9.0,ChIP-seq:H3K27ac x ChIP-seq:H3K27me3
UBERON:0001987,ChIP-seq:H3K27me3,ChIP-seq:H3K36me3,-0.016765557933406186,9.0,ChIP-seq:H3K27me3 x ChIP-seq:H3K36me3
UBERON:0001987,ChIP-seq:H3K27me3,ChIP-seq:H3K4me1,-0.023788002602783312,9.0,ChIP-seq:H3K27me3 x ChIP-seq:H3K4me1
UBERON:0001987,ChIP-seq:H3K27me3,ChIP-seq:H3K4me3,0.04864828575385009,9.0,ChIP-seq:H3K27me3 x ChIP-seq:H3K4me3
UBERON:0001987,ChIP-seq:H3K27me3,ChIP-seq:H3K9me3,0.0894425110628376,9.0,ChIP-seq:H3K27me3 x ChIP-seq:H3K9me3
UBERON:0001987,ChIP-seq:H3K27me3,RNA-seq,-0.022383922538632355,66.0,ChIP-seq:H3K27me3 x RNA-seq
UBERON:0001987,ChIP-seq:H3K36me3,DNase-seq,-0.024224095124947397,30.0,ChIP-seq:H3K36me3 x DNase-seq
UBERON:0001987,ChIP-seq:H3K36me3,ChIP-seq:H3K27ac,-0.03532490101125506,9.0,ChIP-seq:H3K27ac x ChIP-seq:H3K36me3
UBERON:0001987,ChIP-seq:H3K36me3,ChIP-seq:H3K27me3,-0.005224497743355212,9.0,ChIP-seq:H3K27me3 x ChIP-seq:H3K36me3
UBERON:0001987,ChIP-seq:H3K36me3,ChIP-seq:H3K4me1,0.02506588608645112,9.0,ChIP-seq:H3K36me3 x ChIP-seq:H3K4me1
UBERON:0001987,ChIP-seq:H3K36me3,ChIP-seq:H3K4me3,-0.016503373408727987,9.0,ChIP-seq:H3K36me3 x ChIP-seq:H3K4me3
UBERON:0001987,ChIP-seq:H3K36me3,ChIP-seq:H3K9me3,0.06518696840649046,9.0,ChIP-seq:H3K36me3 x ChIP-seq:H3K9me3
UBERON:0001987,ChIP-seq:H3K36me3,RNA-seq,0.050688471977677535,66.0,ChIP-seq:H3K36me3 x RNA-seq
UBERON:0001987,ChIP-seq:H3K4me1,DNase-seq,-0.0584057285074602,30.0,ChIP-seq:H3K4me1 x DNase-seq
UBERON:0001987,ChIP-seq:H3K4me1,ChIP-seq:H3K27ac,0.28260104258855184,9.0,ChIP-seq:H3K27ac x ChIP-seq:H3K4me1
UBERON:0001987,ChIP-seq:H3K4me1,ChIP-seq:H3K27me3,-0.022125357343244917,9.0,ChIP-seq:H3K27me3 x ChIP-seq:H3K4me1
UBERON:0001987,ChIP-seq:H3K4me1,ChIP-seq:H3K36me3,0.02693540201396795,9.0,ChIP-seq:H3K36me3 x ChIP-seq:H3K4me1
UBERON:0001987,ChIP-seq:H3K4me1,ChIP-seq:H3K4me3,-0.21048139331859417,9.0,ChIP-seq:H3K4me1 x ChIP-seq:H3K4me3
UBERON:0001987,ChIP-seq:H3K4me1,ChIP-seq:H3K9me3,0.04075609043717609,9.0,ChIP-seq:H3K4me1 x ChIP-seq:H3K9me3
UBERON:0001987,ChIP-seq:H3K4me1,RNA-seq,-0.03163819562988531,66.0,ChIP-seq:H3K4me1 x RNA-seq
UBERON:0001987,ChIP-seq:H3K4me3,DNase-seq,-0.012336744341933936,30.0,ChIP-seq:H3K4me3 x DNase-seq
UBERON:0001987,ChIP-seq:H3K4me3,ChIP-seq:H3K27ac,0.16409509446885853,9.0,ChIP-seq:H3K27ac x ChIP-seq:H3K4me3
UBERON:0001987,ChIP-seq:H3K4me3,ChIP-seq:H3K27me3,0.07140711974111946,9.0,ChIP-seq:H3K27me3 x ChIP-seq:H3K4me3
UBERON:0001987,ChIP-seq:H3K4me3,ChIP-seq:H3K36me3,-0.013722699877058403,9.0,ChIP-seq:H3K36me3 x ChIP-seq:H3K4me3
UBERON:0001987,ChIP-seq:H3K4me3,ChIP-seq:H3K4me1,-0.18404046956436101,9.0,ChIP-seq:H3K4me1 x ChIP-seq:H3K4me3
UBERON:0001987,ChIP-seq:H3K4me3,ChIP-seq:H3K9me3,0.05062309317220627,9.0,ChIP-seq:H3K4me3 x ChIP-seq:H3K9me3
UBERON:0001987,ChIP-seq:H3K4me3,RNA-seq,0.018346176393494854,66.0,ChIP-seq:H3K4me3 x RNA-seq
UBERON:0001987,ChIP-seq:H3K9me3,DNase-seq,-0.028946007552899812,30.0,ChIP-seq:H3K9me3 x DNase-seq
UBERON:0001987,ChIP-seq:H3K9me3,ChIP-seq:H3K27ac,0.014123491446177167,9.0,ChIP-seq:H3K27ac x ChIP-seq:H3K9me3
UBERON:0001987,ChIP-seq:H3K9me3,ChIP-seq:H3K27me3,0.10885858812997509,9.0,ChIP-seq:H3K27me3 x ChIP-seq:H3K9me3
UBERON:0001987,ChIP-seq:H3K9me3,ChIP-seq:H3K36me3,0.051721409397045906,9.0,ChIP-seq:H3K36me3 x ChIP-seq:H3K9me3
UBERON:0001987,ChIP-seq:H3K9me3,ChIP-seq:H3K4me1,0.027858031683934623,9.0,ChIP-seq:H3K4me1 x ChIP-seq:H3K9me3
UBERON:0001987,ChIP-seq:H3K9me3,ChIP-seq:H3K4me3,0.023311497459948906,9.0,ChIP-seq:H3K4me3 x ChIP-seq:H3K9me3
UBERON:0001987,ChIP-seq:H3K9me3,RNA-seq,-0.021812320487797993,66.0,ChIP-seq:H3K9me3 x RNA-seq
UBERON:0001987,RNA-seq,DNase-seq,0.011918992117831583,220.0,DNase-seq x RNA-seq
UBERON:0001987,RNA-seq,ChIP-seq:H3K27ac,0.007675969961917762,66.0,ChIP-seq:H3K27ac x RNA-seq
UBERON:0001987,RNA-seq,ChIP-seq:H3K27me3,-0.0238475111523844,66.0,ChIP-seq:H3K27me3 x RNA-seq
UBERON:0001987,RNA-seq,ChIP-seq:H3K36me3,0.05378728905057931,66.0,ChIP-seq:H3K36me3 x RNA-seq
UBERON:0001987,RNA-seq,ChIP-seq:H3K4me1,-0.025248242266131288,66.0,ChIP-seq:H3K4me1 x RNA-seq
UBERON:0001987,RNA-seq,ChIP-seq:H3K4me3,0.02808404696379469,66.0,ChIP-seq:H3K4me3 x RNA-seq
UBERON:0001987,RNA-seq,ChIP-seq:H3K9me3,-0.02138517863577797,66.0,ChIP-seq:H3K9me3 x RNA-seq
NTR:0003013,ChIP-seq:H3K27ac,ChIP-seq:H3K27me3,0.032313062113591993,2.0,ChIP-seq:H3K27ac x ChIP-seq:H3K27me3
NTR:0003013,ChIP-seq:H3K27ac,ChIP-seq:H3K36me3,-0.04748271223395429,4.0,ChIP-seq:H3K27ac x ChIP-seq:H3K36me3
NTR:0003013,ChIP-seq:H3K27ac,ChIP-seq:H3K4me1,0.42735069471856824,2.0,ChIP-seq:H3K27ac x ChIP-seq:H3K4me1
NTR:0003013,ChIP-seq:H3K27ac,ChIP-seq:H3K4me3,0.11246217216286702,4.0,ChIP-seq:H3K27ac x ChIP-seq:H3K4me3
NTR:0003013,ChIP-seq:H3K27ac,ChIP-seq:H3K9me3,0.0743683671901346,2.0,ChIP-seq:H3K27ac x ChIP-seq:H3K9me3
NTR:0003013,ChIP-seq:H3K27ac,polyA plus RNA-seq,-0.006001735844652089,16.0,ChIP-seq:H3K27ac x polyA plus RNA-seq
NTR:0003013,ChIP-seq:H3K27me3,ChIP-seq:H3K27ac,0.020738254654111332,2.0,ChIP-seq:H3K27ac x ChIP-seq:H3K27me3
NTR:0003013,ChIP-seq:H3K27me3,ChIP-seq:H3K36me3,0.12740193180581355,2.0,ChIP-seq:H3K27me3 x ChIP-seq:H3K36me3
NTR:0003013,ChIP-seq:H3K27me3,ChIP-seq:H3K4me1,0.08464990750603055,1.0,ChIP-seq:H3K27me3 x ChIP-seq:H3K4me1
NTR:0003013,ChIP-seq:H3K27me3,ChIP-seq:H3K4me3,0.1384889721591896,2.0,ChIP-seq:H3K27me3 x ChIP-seq:H3K4me3
NTR:0003013,ChIP-seq:H3K27me3,ChIP-seq:H3K9me3,0.40074457303105787,1.0,ChIP-seq:H3K27me3 x ChIP-seq:H3K9me3
NTR:0003013,ChIP-seq:H3K27me3,polyA plus RNA-seq,-0.005925874570628991,8.0,ChIP-seq:H3K27me3 x polyA plus RNA-seq
NTR:0003013,ChIP-seq:H3K36me3,ChIP-seq:H3K27ac,-0.031159161109916914,4.0,ChIP-seq:H3K27ac x ChIP-seq:H3K36me3
NTR:0003013,ChIP-seq:H3K36me3,ChIP-seq:H3K27me3,0.13076064178998442,2.0,ChIP-seq:H3K27me3 x ChIP-seq:H3K36me3
NTR:0003013,ChIP-seq:H3K36me3,ChIP-seq:H3K4me1,0.05618309715519781,2.0,ChIP-seq:H3K36me3 x ChIP-seq:H3K4me1
NTR:0003013,ChIP-seq:H3K36me3,ChIP-seq:H3K4me3,0.08421742526170249,4.0,ChIP-seq:H3K36me3 x ChIP-seq:H3K4me3
NTR:0003013,ChIP-seq:H3K36me3,ChIP-seq:H3K9me3,0.23622351618452445,2.0,ChIP-seq:H3K36me3 x ChIP-seq:H3K9me3
NTR:0003013,ChIP-seq:H3K36me3,polyA plus RNA-seq,-0.015890003059808783,16.0,ChIP-seq:H3K36me3 x polyA plus RNA-seq
NTR:0003013,ChIP-seq:H3K4me1,ChIP-seq:H3K27ac,0.43979990075093617,2.0,ChIP-seq:H3K27ac x ChIP-seq:H3K4me1
NTR:0003013,ChIP-seq:H3K4me1,ChIP-seq:H3K27me3,0.07845028447008681,1.0,ChIP-seq:H3K27me3 x ChIP-seq:H3K4me1
NTR:0003013,ChIP-seq:H3K4me1,ChIP-seq:H3K36me3,0.05513909395704878,2.0,ChIP-seq:H3K36me3 x ChIP-seq:H3K4me1
NTR:0003013,ChIP-seq:H3K4me1,ChIP-seq:H3K4me3,-0.26660717424945296,2.0,ChIP-seq:H3K4me1 x ChIP-seq:H3K4me3
NTR:0003013,ChIP-seq:H3K4me1,ChIP-seq:H3K9me3,0.13820202057588032,1.0,ChIP-seq:H3K4me1 x ChIP-seq:H3K9me3
NTR:0003013,ChIP-seq:H3K4me1,polyA plus RNA-seq,-0.02825319015152166,8.0,ChIP-seq:H3K4me1 x polyA plus RNA-seq
NTR:0003013,ChIP-seq:H3K4me3,ChIP-seq:H3K27ac,0.10088131127890593,4.0,ChIP-seq:H3K27ac x ChIP-seq:H3K4me3
NTR:0003013,ChIP-seq:H3K4me3,ChIP-seq:H3K27me3,0.15127953356024862,2.0,ChIP-seq:H3K27me3 x ChIP-seq:H3K4me3
NTR:0003013,ChIP-seq:H3K4me3,ChIP-seq:H3K36me3,0.0721156305455147,4.0,ChIP-seq:H3K36me3 x ChIP-seq:H3K4me3
NTR:0003013,ChIP-seq:H3K4me3,ChIP-seq:H3K4me1,-0.23683541494867075,2.0,ChIP-seq:H3K4me1 x ChIP-seq:H3K4me3
NTR:0003013,ChIP-seq:H3K4me3,ChIP-seq:H3K9me3,0.1429218306055282,2.0,ChIP-seq:H3K4me3 x ChIP-seq:H3K9me3
NTR:0003013,ChIP-seq:H3K4me3,polyA plus RNA-seq,0.0068873851057739376,16.0,ChIP-seq:H3K4me3 x polyA plus RNA-seq
NTR:0003013,ChIP-seq:H3K9me3,ChIP-seq:H3K27ac,0.07235167295851322,2.0,ChIP-seq:H3K27ac x ChIP-seq:H3K9me3
NTR:0003013,ChIP-seq:H3K9me3,ChIP-seq:H3K27me3,0.42893254688416405,1.0,ChIP-seq:H3K27me3 x ChIP-seq:H3K9me3
NTR:0003013,ChIP-seq:H3K9me3,ChIP-seq:H3K36me3,0.25273472577967543,2.0,ChIP-seq:H3K36me3 x ChIP-seq:H3K9me3
NTR:0003013,ChIP-seq:H3K9me3,ChIP-seq:H3K4me1,0.13184715353924295,1.0,ChIP-seq:H3K4me1 x ChIP-seq:H3K9me3
NTR:0003013,ChIP-seq:H3K9me3,ChIP-seq:H3K4me3,0.13434886695625625,2.0,ChIP-seq:H3K4me3 x ChIP-seq:H3K9me3
NTR:0003013,ChIP-seq:H3K9me3,polyA plus RNA-seq,-0.012690636864252411,8.0,ChIP-seq:H3K9me3 x polyA plus RNA-seq
NTR:0003013,polyA plus RNA-seq,ChIP-seq:H3K27ac,-0.009201077628672494,16.0,ChIP-seq:H3K27ac x polyA plus RNA-seq
NTR:0003013,polyA plus RNA-seq,ChIP-seq:H3K27me3,-0.0007446637355733188,8.0,ChIP-seq:H3K27me3 x polyA plus RNA-seq
NTR:0003013,polyA plus RNA-seq,ChIP-seq:H3K36me3,-0.015346880804033992,16.0,ChIP-seq:H3K36me3 x polyA plus RNA-seq
NTR:0003013,polyA plus RNA-seq,ChIP-seq:H3K4me1,-0.028416759901396606,8.0,ChIP-seq:H3K4me1 x polyA plus RNA-seq
NTR:0003013,polyA plus RNA-seq,ChIP-seq:H3K4me3,-0.000688426335838356,16.0,ChIP-seq:H3K4me3 x polyA plus RNA-seq
NTR:0003013,polyA plus RNA-seq,ChIP-seq:H3K9me3,-0.01281753491464607,8.0,ChIP-seq:H3K9me3 x polyA plus RNA-seq
UBERON:0002367,DNase-seq,ChIP-seq:CTCF,0.03692754489534041,2.0,ChIP-seq:CTCF x DNase-seq
UBERON:0002367,DNase-seq,RNA-seq,0.030788008693386527,4.0,DNase-seq x RNA-seq
UBERON:0002367,DNase-seq,ChIP-seq:POLR2A,0.09203317335673741,2.0,ChIP-seq:POLR2A x DNase-seq
UBERON:0002367,DNase-seq,ChIP-seq:POLR2AphosphoS5,0.16141967262540544,2.0,ChIP-seq:POLR2AphosphoS5 x DNase-seq
UBERON:0002367,ChIP-seq:CTCF,DNase-seq,-0.0021082063643668852,2.0,ChIP-seq:CTCF x DNase-seq
UBERON:0002367,ChIP-seq:CTCF,RNA-seq,0.014258390726412044,8.0,ChIP-seq:CTCF x RNA-seq
UBERON:0002367,ChIP-seq:CTCF,ChIP-seq:POLR2A,0.026341832109860006,4.0,ChIP-seq:CTCF x ChIP-seq:POLR2A
UBERON:0002367,ChIP-seq:CTCF,ChIP-seq:POLR2AphosphoS5,0.07091147984777178,4.0,ChIP-seq:CTCF x ChIP-seq:POLR2AphosphoS5
UBERON:0002367,RNA-seq,DNase-seq,0.025178764829445623,4.0,DNase-seq x RNA-seq
UBERON:0002367,RNA-seq,ChIP-seq:CTCF,0.0033381970635816167,8.0,ChIP-seq:CTCF x RNA-seq
UBERON:0002367,RNA-seq,ChIP-seq:POLR2A,0.005093211574213843,8.0,ChIP-seq:POLR2A x RNA-seq
UBERON:0002367,RNA-seq,ChIP-seq:POLR2AphosphoS5,-0.013382840369428904,8.0,ChIP-seq:POLR2AphosphoS5 x RNA-seq
UBERON:0002367,ChIP-seq:POLR2A,DNase-seq,0.12786167860031128,2.0,ChIP-seq:POLR2A x DNase-seq
UBERON:0002367,ChIP-seq:POLR2A,ChIP-seq:CTCF,0.048662315688881214,4.0,ChIP-seq:CTCF x ChIP-seq:POLR2A
UBERON:0002367,ChIP-seq:POLR2A,RNA-seq,0.034401404875166276,8.0,ChIP-seq:POLR2A x RNA-seq
UBERON:0002367,ChIP-seq:POLR2A,ChIP-seq:POLR2AphosphoS5,-0.07162493467330933,4.0,ChIP-seq:POLR2A x ChIP-seq:POLR2AphosphoS5
UBERON:0002367,ChIP-seq:POLR2AphosphoS5,DNase-seq,0.15322215345647464,2.0,ChIP-seq:POLR2AphosphoS5 x DNase-seq
UBERON:0002367,ChIP-seq:POLR2AphosphoS5,ChIP-seq:CTCF,0.08250813799745896,4.0,ChIP-seq:CTCF x ChIP-seq:POLR2AphosphoS5
UBERON:0002367,ChIP-seq:POLR2AphosphoS5,RNA-seq,0.023309342738460092,8.0,ChIP-seq:POLR2AphosphoS5 x RNA-seq
UBERON:0002367,ChIP-seq:POLR2AphosphoS5,ChIP-seq:POLR2A,0.08199234519686019,4.0,ChIP-seq:POLR2A x ChIP-seq:POLR2AphosphoS5
UBERON:0008450,DNase-seq,ChIP-seq:H3K27ac,-0.013536552588144936,6.0,ChIP-seq:H3K27ac x DNase-seq
UBERON:0008450,DNase-seq,ChIP-seq:H3K27me3,-0.02122412047031298,4.0,ChIP-seq:H3K27me3 x DNase-seq
UBERON:0008450,DNase-seq,ChIP-seq:H3K36me3,-0.056246299769670244,2.0,ChIP-seq:H3K36me3 x DNase-seq
UBERON:0008450,DNase-seq,ChIP-seq:H3K4me1,-0.06122123315686085,4.0,ChIP-seq:H3K4me1 x DNase-seq
UBERON:0008450,DNase-seq,ChIP-seq:H3K4me3,0.007309050203483797,4.0,ChIP-seq:H3K4me3 x DNase-seq
UBERON:0008450,DNase-seq,ChIP-seq:H3K9me3,-0.03715031756369096,2.0,ChIP-seq:H3K9me3 x DNase-seq
UBERON:0008450,DNase-seq,polyA plus RNA-seq,0.0008694532340851385,12.0,DNase-seq x polyA plus RNA-seq
UBERON:0008450,DNase-seq,RNA-seq,-0.0033553881263908214,8.0,DNase-seq x RNA-seq
UBERON:0008450,ChIP-seq:H3K27ac,DNase-seq,-0.008580204137821783,6.0,ChIP-seq:H3K27ac x DNase-seq
UBERON:0008450,ChIP-seq:H3K27ac,ChIP-seq:H3K27me3,0.006682806700353218,6.0,ChIP-seq:H3K27ac x ChIP-seq:H3K27me3
UBERON:0008450,ChIP-seq:H3K27ac,ChIP-seq:H3K36me3,0.11964972340871419,3.0,ChIP-seq:H3K27ac x ChIP-seq:H3K36me3
UBERON:0008450,ChIP-seq:H3K27ac,ChIP-seq:H3K4me1,0.24170347445649526,6.0,ChIP-seq:H3K27ac x ChIP-seq:H3K4me1
UBERON:0008450,ChIP-seq:H3K27ac,ChIP-seq:H3K4me3,0.16001518233171502,6.0,ChIP-seq:H3K27ac x ChIP-seq:H3K4me3
UBERON:0008450,ChIP-seq:H3K27ac,ChIP-seq:H3K9me3,0.08252506060751234,3.0,ChIP-seq:H3K27ac x ChIP-seq:H3K9me3
UBERON:0008450,ChIP-seq:H3K27ac,polyA plus RNA-seq,0.016961639457278785,18.0,ChIP-seq:H3K27ac x polyA plus RNA-seq
UBERON:0008450,ChIP-seq:H3K27ac,RNA-seq,0.028053831189286477,12.0,ChIP-seq:H3K27ac x RNA-seq
UBERON:0008450,ChIP-seq:H3K27me3,DNase-seq,-0.0051056296017366574,4.0,ChIP-seq:H3K27me3 x DNase-seq
UBERON:0008450,ChIP-seq:H3K27me3,ChIP-seq:H3K27ac,0.01097364326318105,6.0,ChIP-seq:H3K27ac x ChIP-seq:H3K27me3
UBERON:0008450,ChIP-seq:H3K27me3,ChIP-seq:H3K36me3,0.14423312065462587,2.0,ChIP-seq:H3K27me3 x ChIP-seq:H3K36me3
UBERON:0008450,ChIP-seq:H3K27me3,ChIP-seq:H3K4me1,0.08120603407504129,4.0,ChIP-seq:H3K27me3 x ChIP-seq:H3K4me1
UBERON:0008450,ChIP-seq:H3K27me3,ChIP-seq:H3K4me3,0.08974009919389386,4.0,ChIP-seq:H3K27me3 x ChIP-seq:H3K4me3
UBERON:0008450,ChIP-seq:H3K27me3,ChIP-seq:H3K9me3,0.2946834862232208,2.0,ChIP-seq:H3K27me3 x ChIP-seq:H3K9me3
UBERON:0008450,ChIP-seq:H3K27me3,polyA plus RNA-seq,-0.013969994260781052,12.0,ChIP-seq:H3K27me3 x polyA plus RNA-seq
UBERON:0008450,ChIP-seq:H3K27me3,RNA-seq,-0.01756540256388047,8.0,ChIP-seq:H3K27me3 x RNA-seq
UBERON:0008450,ChIP-seq:H3K36me3,DNase-seq,-0.030833765902777307,2.0,ChIP-seq:H3K36me3 x DNase-seq
UBERON:0008450,ChIP-seq:H3K36me3,ChIP-seq:H3K27ac,0.13738543887933097,3.0,ChIP-seq:H3K27ac x ChIP-seq:H3K36me3
UBERON:0008450,ChIP-seq:H3K36me3,ChIP-seq:H3K27me3,0.13220071224118934,2.0,ChIP-seq:H3K27me3 x ChIP-seq:H3K36me3
UBERON:0008450,ChIP-seq:H3K36me3,ChIP-seq:H3K4me1,0.1887308232119826,2.0,ChIP-seq:H3K36me3 x ChIP-seq:H3K4me1
UBERON:0008450,ChIP-seq:H3K36me3,ChIP-seq:H3K4me3,0.08187468342970465,2.0,ChIP-seq:H3K36me3 x ChIP-seq:H3K4me3
UBERON:0008450,ChIP-seq:H3K36me3,ChIP-seq:H3K9me3,0.3184968897417271,1.0,ChIP-seq:H3K36me3 x ChIP-seq:H3K9me3
UBERON:0008450,ChIP-seq:H3K36me3,polyA plus RNA-seq,0.012111334956210591,6.0,ChIP-seq:H3K36me3 x polyA plus RNA-seq
UBERON:0008450,ChIP-seq:H3K36me3,RNA-seq,0.014081331509001115,4.0,ChIP-seq:H3K36me3 x RNA-seq
UBERON:0008450,ChIP-seq:H3K4me1,DNase-seq,-0.0390904299991647,4.0,ChIP-seq:H3K4me1 x DNase-seq
UBERON:0008450,ChIP-seq:H3K4me1,ChIP-seq:H3K27ac,0.25481663569808005,6.0,ChIP-seq:H3K27ac x ChIP-seq:H3K4me1
UBERON:0008450,ChIP-seq:H3K4me1,ChIP-seq:H3K27me3,0.07144475659366288,4.0,ChIP-seq:H3K27me3 x ChIP-seq:H3K4me1
UBERON:0008450,ChIP-seq:H3K4me1,ChIP-seq:H3K36me3,0.19746247454295082,2.0,ChIP-seq:H3K36me3 x ChIP-seq:H3K4me1
UBERON:0008450,ChIP-seq:H3K4me1,ChIP-seq:H3K4me3,-0.0031758285014428823,4.0,ChIP-seq:H3K4me1 x ChIP-seq:H3K4me3
UBERON:0008450,ChIP-seq:H3K4me1,ChIP-seq:H3K9me3,0.14331867974563683,2.0,ChIP-seq:H3K4me1 x ChIP-seq:H3K9me3
UBERON:0008450,ChIP-seq:H3K4me1,polyA plus RNA-seq,-0.0008834234614303153,12.0,ChIP-seq:H3K4me1 x polyA plus RNA-seq
UBERON:0008450,ChIP-seq:H3K4me1,RNA-seq,0.00839234132100554,8.0,ChIP-seq:H3K4me1 x RNA-seq
UBERON:0008450,ChIP-seq:H3K4me3,DNase-seq,0.003740825603917697,4.0,ChIP-seq:H3K4me3 x DNase-seq
UBERON:0008450,ChIP-seq:H3K4me3,ChIP-seq:H3K27ac,0.15403979619344074,6.0,ChIP-seq:H3K27ac x ChIP-seq:H3K4me3
UBERON:0008450,ChIP-seq:H3K4me3,ChIP-seq:H3K27me3,0.0717158117735317,4.0,ChIP-seq:H3K27me3 x ChIP-seq:H3K4me3
UBERON:0008450,ChIP-seq:H3K4me3,ChIP-seq:H3K36me3,0.08440023735559807,2.0,ChIP-seq:H3K36me3 x ChIP-seq:H3K4me3
UBERON:0008450,ChIP-seq:H3K4me3,ChIP-seq:H3K4me1,-0.014897500027398595,4.0,ChIP-seq:H3K4me1 x ChIP-seq:H3K4me3
UBERON:0008450,ChIP-seq:H3K4me3,ChIP-seq:H3K9me3,0.13229362550061508,2.0,ChIP-seq:H3K4me3 x ChIP-seq:H3K9me3
UBERON:0008450,ChIP-seq:H3K4me3,polyA plus RNA-seq,0.007152577111686487,12.0,ChIP-seq:H3K4me3 x polyA plus RNA-seq
UBERON:0008450,ChIP-seq:H3K4me3,RNA-seq,-0.0005863875808084715,8.0,ChIP-seq:H3K4me3 x RNA-seq
UBERON:0008450,ChIP-seq:H3K9me3,DNase-seq,-0.015783633460703585,2.0,ChIP-seq:H3K9me3 x DNase-seq
UBERON:0008450,ChIP-seq:H3K9me3,ChIP-seq:H3K27ac,0.09979311500986417,3.0,ChIP-seq:H3K27ac x ChIP-seq:H3K9me3
UBERON:0008450,ChIP-seq:H3K9me3,ChIP-seq:H3K27me3,0.2779774936292902,2.0,ChIP-seq:H3K27me3 x ChIP-seq:H3K9me3
UBERON:0008450,ChIP-seq:H3K9me3,ChIP-seq:H3K36me3,0.33132628110981494,1.0,ChIP-seq:H3K36me3 x ChIP-seq:H3K9me3
UBERON:0008450,ChIP-seq:H3K9me3,ChIP-seq:H3K4me1,0.13774294410246968,2.0,ChIP-seq:H3K4me1 x ChIP-seq:H3K9me3
UBERON:0008450,ChIP-seq:H3K9me3,ChIP-seq:H3K4me3,0.13968290054352483,2.0,ChIP-seq:H3K4me3 x ChIP-seq:H3K9me3
UBERON:0008450,ChIP-seq:H3K9me3,polyA plus RNA-seq,0.006948880602916081,6.0,ChIP-seq:H3K9me3 x polyA plus RNA-seq
UBERON:0008450,ChIP-seq:H3K9me3,RNA-seq,0.010310990891474135,4.0,ChIP-seq:H3K9me3 x RNA-seq
UBERON:0008450,polyA plus RNA-seq,DNase-seq,0.015003580587221585,12.0,DNase-seq x polyA plus RNA-seq
UBERON:0008450,polyA plus RNA-seq,ChIP-seq:H3K27ac,0.01015093392795987,18.0,ChIP-seq:H3K27ac x polyA plus RNA-seq
UBERON:0008450,polyA plus RNA-seq,ChIP-seq:H3K27me3,-0.01534246607380336,12.0,ChIP-seq:H3K27me3 x polyA plus RNA-seq
UBERON:0008450,polyA plus RNA-seq,ChIP-seq:H3K36me3,-0.013491533893756763,6.0,ChIP-seq:H3K36me3 x polyA plus RNA-seq
UBERON:0008450,polyA plus RNA-seq,ChIP-seq:H3K4me1,-0.009772478475596735,12.0,ChIP-seq:H3K4me1 x polyA plus RNA-seq
UBERON:0008450,polyA plus RNA-seq,ChIP-seq:H3K4me3,-0.0030161427838780036,12.0,ChIP-seq:H3K4me3 x polyA plus RNA-seq
UBERON:0008450,polyA plus RNA-seq,ChIP-seq:H3K9me3,-0.008230207768898436,6.0,ChIP-seq:H3K9me3 x polyA plus RNA-seq
UBERON:0008450,polyA plus RNA-seq,RNA-seq,0.19948104933196423,24.0,RNA-seq x polyA plus RNA-seq
UBERON:0008450,RNA-seq,DNase-seq,0.008223084012795354,8.0,DNase-seq x RNA-seq
UBERON:0008450,RNA-seq,ChIP-seq:H3K27ac,0.03010600060224533,12.0,ChIP-seq:H3K27ac x RNA-seq
UBERON:0008450,RNA-seq,ChIP-seq:H3K27me3,-0.017097945674995466,8.0,ChIP-seq:H3K27me3 x RNA-seq
UBERON:0008450,RNA-seq,ChIP-seq:H3K36me3,0.006834308661165689,4.0,ChIP-seq:H3K36me3 x RNA-seq
UBERON:0008450,RNA-seq,ChIP-seq:H3K4me1,0.016324041217891244,8.0,ChIP-seq:H3K4me1 x RNA-seq
UBERON:0008450,RNA-seq,ChIP-seq:H3K4me3,0.009615059123835831,8.0,ChIP-seq:H3K4me3 x RNA-seq
UBERON:0008450,RNA-seq,ChIP-seq:H3K9me3,0.005456023329254968,4.0,ChIP-seq:H3K9me3 x RNA-seq
UBERON:0008450,RNA-seq,polyA plus RNA-seq,0.2154933514802352,24.0,RNA-seq x polyA plus RNA-seq
UBERON:0018112,ChIP-seq:H3K27ac,ChIP-seq:H3K27me3,0.03204951178410958,1.0,ChIP-seq:H3K27ac x ChIP-seq:H3K27me3
UBERON:0018112,ChIP-seq:H3K27ac,ChIP-seq:H3K36me3,0.054848139681828716,1.0,ChIP-seq:H3K27ac x ChIP-seq:H3K36me3
UBERON:0018112,ChIP-seq:H3K27ac,ChIP-seq:H3K4me1,0.3039533476466718,1.0,ChIP-seq:H3K27ac x ChIP-seq:H3K4me1
UBERON:0018112,ChIP-seq:H3K27ac,ChIP-seq:H3K4me3,0.2067693002002184,1.0,ChIP-seq:H3K27ac x ChIP-seq:H3K4me3
UBERON:0018112,ChIP-seq:H3K27ac,ChIP-seq:H3K9ac,0.17548327445983886,1.0,ChIP-seq:H3K27ac x ChIP-seq:H3K9ac
UBERON:0018112,ChIP-seq:H3K27me3,ChIP-seq:H3K27ac,0.00046838976350831174,1.0,ChIP-seq:H3K27ac x ChIP-seq:H3K27me3
UBERON:0018112,ChIP-seq:H3K27me3,ChIP-seq:H3K36me3,0.20229660912796305,1.0,ChIP-seq:H3K27me3 x ChIP-seq:H3K36me3
UBERON:0018112,ChIP-seq:H3K27me3,ChIP-seq:H3K4me1,0.05444459487562594,1.0,ChIP-seq:H3K27me3 x ChIP-seq:H3K4me1
UBERON:0018112,ChIP-seq:H3K27me3,ChIP-seq:H3K4me3,0.09786570370197296,1.0,ChIP-seq:H3K27me3 x ChIP-seq:H3K4me3
UBERON:0018112,ChIP-seq:H3K27me3,ChIP-seq:H3K9ac,0.2122360849380493,1.0,ChIP-seq:H3K27me3 x ChIP-seq:H3K9ac
UBERON:0018112,ChIP-seq:H3K36me3,ChIP-seq:H3K27ac,0.007130923738450173,1.0,ChIP-seq:H3K27ac x ChIP-seq:H3K36me3
UBERON:0018112,ChIP-seq:H3K36me3,ChIP-seq:H3K27me3,0.21369049843700452,1.0,ChIP-seq:H3K27me3 x ChIP-seq:H3K36me3
UBERON:0018112,ChIP-seq:H3K36me3,ChIP-seq:H3K4me1,0.033026337299657905,1.0,ChIP-seq:H3K36me3 x ChIP-seq:H3K4me1
UBERON:0018112,ChIP-seq:H3K36me3,ChIP-seq:H3K4me3,0.12949046423268873,1.0,ChIP-seq:H3K36me3 x ChIP-seq:H3K4me3
UBERON:0018112,ChIP-seq:H3K36me3,ChIP-seq:H3K9ac,0.2305474042892456,1.0,ChIP-seq:H3K36me3 x ChIP-seq:H3K9ac
UBERON:0018112,ChIP-seq:H3K4me1,ChIP-seq:H3K27ac,0.2877902796974888,1.0,ChIP-seq:H3K27ac x ChIP-seq:H3K4me1
UBERON:0018112,ChIP-seq:H3K4me1,ChIP-seq:H3K27me3,0.08638761149740767,1.0,ChIP-seq:H3K27me3 x ChIP-seq:H3K4me1
UBERON:0018112,ChIP-seq:H3K4me1,ChIP-seq:H3K36me3,0.04537239043958603,1.0,ChIP-seq:H3K36me3 x ChIP-seq:H3K4me1
UBERON:0018112,ChIP-seq:H3K4me1,ChIP-seq:H3K4me3,0.11295881174331487,1.0,ChIP-seq:H3K4me1 x ChIP-seq:H3K4me3
UBERON:0018112,ChIP-seq:H3K4me1,ChIP-seq:H3K9ac,0.04302578240633011,1.0,ChIP-seq:H3K4me1 x ChIP-seq:H3K9ac
UBERON:0018112,ChIP-seq:H3K4me3,ChIP-seq:H3K27ac,0.19169072420508773,1.0,ChIP-seq:H3K27ac x ChIP-seq:H3K4me3
UBERON:0018112,ChIP-seq:H3K4me3,ChIP-seq:H3K27me3,0.1133349960905382,1.0,ChIP-seq:H3K27me3 x ChIP-seq:H3K4me3
UBERON:0018112,ChIP-seq:H3K4me3,ChIP-seq:H3K36me3,0.1805664647823919,1.0,ChIP-seq:H3K36me3 x ChIP-seq:H3K4me3
UBERON:0018112,ChIP-seq:H3K4me3,ChIP-seq:H3K4me1,0.0952907295330711,1.0,ChIP-seq:H3K4me1 x ChIP-seq:H3K4me3
UBERON:0018112,ChIP-seq:H3K4me3,ChIP-seq:H3K9ac,0.2748457646369934,1.0,ChIP-seq:H3K4me3 x ChIP-seq:H3K9ac
UBERON:0018112,ChIP-seq:H3K9ac,ChIP-seq:H3K27ac,0.21528286109735936,1.0,ChIP-seq:H3K27ac x ChIP-seq:H3K9ac
UBERON:0018112,ChIP-seq:H3K9ac,ChIP-seq:H3K27me3,0.23091627674541254,1.0,ChIP-seq:H3K27me3 x ChIP-seq:H3K9ac
UBERON:0018112,ChIP-seq:H3K9ac,ChIP-seq:H3K36me3,0.28900855117373997,1.0,ChIP-seq:H3K36me3 x ChIP-seq:H3K9ac
UBERON:0018112,ChIP-seq:H3K9ac,ChIP-seq:H3K4me1,0.04819440031829088,1.0,ChIP-seq:H3K4me1 x ChIP-seq:H3K9ac
UBERON:0018112,ChIP-seq:H3K9ac,ChIP-seq:H3K4me3,0.3946046704469725,1.0,ChIP-seq:H3K4me3 x ChIP-seq:H3K9ac
UBERON:0005270,DNase-seq,polyA plus RNA-seq,0.010600259186954956,33.0,DNase-seq x polyA plus RNA-seq
UBERON:0005270,polyA plus RNA-seq,DNase-seq,-0.004997349728056403,33.0,DNase-seq x polyA plus RNA-seq
UBERON:0001224,DNase-seq,polyA plus RNA-seq,0.016304668801269313,30.0,DNase-seq x polyA plus RNA-seq
UBERON:0001224,polyA plus RNA-seq,DNase-seq,-0.0012093781379231248,30.0,DNase-seq x polyA plus RNA-seq
UBERON:0006631,DNase-seq,ChIP-seq:H3K27ac,0.03323255074612888,2.0,ChIP-seq:H3K27ac x DNase-seq
UBERON:0006631,DNase-seq,ChIP-seq:H3K36me3,-0.04431583947211346,2.0,ChIP-seq:H3K36me3 x DNase-seq
UBERON:0006631,DNase-seq,ChIP-seq:H3K4me3,-0.0032509122477021313,2.0,ChIP-seq:H3K4me3 x DNase-seq
UBERON:0006631,DNase-seq,ChIP-seq:CTCF,0.05372038389583236,2.0,ChIP-seq:CTCF x DNase-seq
UBERON:0006631,DNase-seq,RNA-seq,0.015347028238808407,8.0,DNase-seq x RNA-seq
UBERON:0006631,ChIP-seq:H3K27ac,DNase-seq,-0.0015130926346041546,2.0,ChIP-seq:H3K27ac x DNase-seq
UBERON:0006631,ChIP-seq:H3K27ac,ChIP-seq:H3K36me3,0.0407183173866499,1.0,ChIP-seq:H3K27ac x ChIP-seq:H3K36me3
UBERON:0006631,ChIP-seq:H3K27ac,ChIP-seq:H3K4me3,0.18724522424298665,1.0,ChIP-seq:H3K27ac x ChIP-seq:H3K4me3
UBERON:0006631,ChIP-seq:H3K27ac,ChIP-seq:CTCF,0.016529983614833613,1.0,ChIP-seq:CTCF x ChIP-seq:H3K27ac
UBERON:0006631,ChIP-seq:H3K27ac,RNA-seq,0.03456179551341954,4.0,ChIP-seq:H3K27ac x RNA-seq
UBERON:0006631,ChIP-seq:H3K36me3,DNase-seq,-0.040903586971083865,2.0,ChIP-seq:H3K36me3 x DNase-seq
UBERON:0006631,ChIP-seq:H3K36me3,ChIP-seq:H3K27ac,0.00999552351825031,1.0,ChIP-seq:H3K27ac x ChIP-seq:H3K36me3
UBERON:0006631,ChIP-seq:H3K36me3,ChIP-seq:H3K4me3,0.08944080943285032,1.0,ChIP-seq:H3K36me3 x ChIP-seq:H3K4me3
UBERON:0006631,ChIP-seq:H3K36me3,ChIP-seq:CTCF,-0.016808925522039237,1.0,ChIP-seq:CTCF x ChIP-seq:H3K36me3
UBERON:0006631,ChIP-seq:H3K36me3,RNA-seq,0.0023011012988932017,4.0,ChIP-seq:H3K36me3 x RNA-seq
UBERON:0006631,ChIP-seq:H3K4me3,DNase-seq,-0.033296496444141746,2.0,ChIP-seq:H3K4me3 x DNase-seq
UBERON:0006631,ChIP-seq:H3K4me3,ChIP-seq:H3K27ac,0.15068801391271897,1.0,ChIP-seq:H3K27ac x ChIP-seq:H3K4me3
UBERON:0006631,ChIP-seq:H3K4me3,ChIP-seq:H3K36me3,0.12032858830280405,1.0,ChIP-seq:H3K36me3 x ChIP-seq:H3K4me3
UBERON:0006631,ChIP-seq:H3K4me3,ChIP-seq:CTCF,0.013690618780052781,1.0,ChIP-seq:CTCF x ChIP-seq:H3K4me3
UBERON:0006631,ChIP-seq:H3K4me3,RNA-seq,0.015752747812691856,4.0,ChIP-seq:H3K4me3 x RNA-seq
UBERON:0006631,ChIP-seq:CTCF,DNase-seq,0.03544847075779413,2.0,ChIP-seq:CTCF x DNase-seq
UBERON:0006631,ChIP-seq:CTCF,ChIP-seq:H3K27ac,0.028146197122556192,1.0,ChIP-seq:CTCF x ChIP-seq:H3K27ac
UBERON:0006631,ChIP-seq:CTCF,ChIP-seq:H3K36me3,-0.024916418734445143,1.0,ChIP-seq:CTCF x ChIP-seq:H3K36me3
UBERON:0006631,ChIP-seq:CTCF,ChIP-seq:H3K4me3,0.03517635097337324,1.0,ChIP-seq:CTCF x ChIP-seq:H3K4me3
UBERON:0006631,ChIP-seq:CTCF,RNA-seq,-0.0022189166747471865,4.0,ChIP-seq:CTCF x RNA-seq
UBERON:0006631,RNA-seq,DNase-seq,0.012733774413306689,8.0,DNase-seq x RNA-seq
UBERON:0006631,RNA-seq,ChIP-seq:H3K27ac,0.03890134132018796,4.0,ChIP-seq:H3K27ac x RNA-seq
UBERON:0006631,RNA-seq,ChIP-seq:H3K36me3,0.012136123246616788,4.0,ChIP-seq:H3K36me3 x RNA-seq
UBERON:0006631,RNA-seq,ChIP-seq:H3K4me3,0.019169287799402725,4.0,ChIP-seq:H3K4me3 x RNA-seq
UBERON:0006631,RNA-seq,ChIP-seq:CTCF,-0.003222888118578392,4.0,ChIP-seq:CTCF x RNA-seq
UBERON:0002078,ChIP-seq:H3K27ac,ChIP-seq:H3K27me3,0.012511133077158326,1.0,ChIP-seq:H3K27ac x ChIP-seq:H3K27me3
UBERON:0002078,ChIP-seq:H3K27ac,ChIP-seq:H3K4me1,0.29716615314069,1.0,ChIP-seq:H3K27ac x ChIP-seq:H3K4me1
UBERON:0002078,ChIP-seq:H3K27ac,ChIP-seq:H3K4me3,-0.021622348594111065,1.0,ChIP-seq:H3K27ac x ChIP-seq:H3K4me3
UBERON:0002078,ChIP-seq:H3K27ac,ChIP-seq:H3K9me3,0.098907720942737,1.0,ChIP-seq:H3K27ac x ChIP-seq:H3K9me3
UBERON:0002078,ChIP-seq:H3K27ac,polyA plus RNA-seq,-0.0003113409552328236,2.0,ChIP-seq:H3K27ac x polyA plus RNA-seq
UBERON:0002078,ChIP-seq:H3K27ac,RNA-seq,0.009208117370579985,8.0,ChIP-seq:H3K27ac x RNA-seq
UBERON:0002078,ChIP-seq:H3K27me3,ChIP-seq:H3K27ac,0.054834327626007574,1.0,ChIP-seq:H3K27ac x ChIP-seq:H3K27me3
UBERON:0002078,ChIP-seq:H3K27me3,ChIP-seq:H3K4me1,-0.055199325246655426,1.0,ChIP-seq:H3K27me3 x ChIP-seq:H3K4me1
UBERON:0002078,ChIP-seq:H3K27me3,ChIP-seq:H3K4me3,0.20675871912823168,1.0,ChIP-seq:H3K27me3 x ChIP-seq:H3K4me3
UBERON:0002078,ChIP-seq:H3K27me3,ChIP-seq:H3K9me3,0.07180072200697893,1.0,ChIP-seq:H3K27me3 x ChIP-seq:H3K9me3
UBERON:0002078,ChIP-seq:H3K27me3,polyA plus RNA-seq,-0.01662961126740136,2.0,ChIP-seq:H3K27me3 x polyA plus RNA-seq
UBERON:0002078,ChIP-seq:H3K27me3,RNA-seq,-0.010924034610372967,8.0,ChIP-seq:H3K27me3 x RNA-seq
UBERON:0002078,ChIP-seq:H3K4me1,ChIP-seq:H3K27ac,0.3055894360130216,1.0,ChIP-seq:H3K27ac x ChIP-seq:H3K4me1
UBERON:0002078,ChIP-seq:H3K4me1,ChIP-seq:H3K27me3,-0.06677360443034391,1.0,ChIP-seq:H3K27me3 x ChIP-seq:H3K4me1
UBERON:0002078,ChIP-seq:H3K4me1,ChIP-seq:H3K4me3,-0.036722597098627754,1.0,ChIP-seq:H3K4me1 x ChIP-seq:H3K4me3
UBERON:0002078,ChIP-seq:H3K4me1,ChIP-seq:H3K9me3,-0.04476204115959852,1.0,ChIP-seq:H3K4me1 x ChIP-seq:H3K9me3
UBERON:0002078,ChIP-seq:H3K4me1,polyA plus RNA-seq,-0.006667472918472521,2.0,ChIP-seq:H3K4me1 x polyA plus RNA-seq
UBERON:0002078,ChIP-seq:H3K4me1,RNA-seq,-0.004298554007804593,8.0,ChIP-seq:H3K4me1 x RNA-seq
UBERON:0002078,ChIP-seq:H3K4me3,ChIP-seq:H3K27ac,-0.022983419490449228,1.0,ChIP-seq:H3K27ac x ChIP-seq:H3K4me3
UBERON:0002078,ChIP-seq:H3K4me3,ChIP-seq:H3K27me3,0.16324907164464053,1.0,ChIP-seq:H3K27me3 x ChIP-seq:H3K4me3
UBERON:0002078,ChIP-seq:H3K4me3,ChIP-seq:H3K4me1,-0.04690953149743702,1.0,ChIP-seq:H3K4me1 x ChIP-seq:H3K4me3
UBERON:0002078,ChIP-seq:H3K4me3,ChIP-seq:H3K9me3,0.07435108371620072,1.0,ChIP-seq:H3K4me3 x ChIP-seq:H3K9me3
UBERON:0002078,ChIP-seq:H3K4me3,polyA plus RNA-seq,-0.00655164261932957,2.0,ChIP-seq:H3K4me3 x polyA plus RNA-seq
UBERON:0002078,ChIP-seq:H3K4me3,RNA-seq,-0.0024246271885489043,8.0,ChIP-seq:H3K4me3 x RNA-seq
UBERON:0002078,ChIP-seq:H3K9me3,ChIP-seq:H3K27ac,0.0896072847607695,1.0,ChIP-seq:H3K27ac x ChIP-seq:H3K9me3
UBERON:0002078,ChIP-seq:H3K9me3,ChIP-seq:H3K27me3,0.07712120622739024,1.0,ChIP-seq:H3K27me3 x ChIP-seq:H3K9me3
UBERON:0002078,ChIP-seq:H3K9me3,ChIP-seq:H3K4me1,-0.04922760286084984,1.0,ChIP-seq:H3K4me1 x ChIP-seq:H3K9me3
UBERON:0002078,ChIP-seq:H3K9me3,ChIP-seq:H3K4me3,0.06790497282216715,1.0,ChIP-seq:H3K4me3 x ChIP-seq:H3K9me3
UBERON:0002078,ChIP-seq:H3K9me3,polyA plus RNA-seq,0.006250797805608515,2.0,ChIP-seq:H3K9me3 x polyA plus RNA-seq
UBERON:0002078,ChIP-seq:H3K9me3,RNA-seq,0.003102911009083805,8.0,ChIP-seq:H3K9me3 x RNA-seq
UBERON:0002078,polyA plus RNA-seq,ChIP-seq:H3K27ac,0.0012873741395679518,2.0,ChIP-seq:H3K27ac x polyA plus RNA-seq
UBERON:0002078,polyA plus RNA-seq,ChIP-seq:H3K27me3,-0.030491111350470577,2.0,ChIP-seq:H3K27me3 x polyA plus RNA-seq
UBERON:0002078,polyA plus RNA-seq,ChIP-seq:H3K4me1,-0.012508835724514465,2.0,ChIP-seq:H3K4me1 x polyA plus RNA-seq
UBERON:0002078,polyA plus RNA-seq,ChIP-seq:H3K4me3,-0.015873138732168564,2.0,ChIP-seq:H3K4me3 x polyA plus RNA-seq
UBERON:0002078,polyA plus RNA-seq,ChIP-seq:H3K9me3,0.0117260823702679,2.0,ChIP-seq:H3K9me3 x polyA plus RNA-seq
UBERON:0002078,polyA plus RNA-seq,RNA-seq,0.16730758710598437,16.0,RNA-seq x polyA plus RNA-seq
UBERON:0002078,RNA-seq,ChIP-seq:H3K27ac,0.008243448158473145,8.0,ChIP-seq:H3K27ac x RNA-seq
UBERON:0002078,RNA-seq,ChIP-seq:H3K27me3,-0.012575463948493031,8.0,ChIP-seq:H3K27me3 x RNA-seq
UBERON:0002078,RNA-seq,ChIP-seq:H3K4me1,0.0007928801781457405,8.0,ChIP-seq:H3K4me1 x RNA-seq
UBERON:0002078,RNA-seq,ChIP-seq:H3K4me3,-0.0012427246847818065,8.0,ChIP-seq:H3K4me3 x RNA-seq
UBERON:0002078,RNA-seq,ChIP-seq:H3K9me3,0.0032621319145588567,8.0,ChIP-seq:H3K9me3 x RNA-seq
UBERON:0002078,RNA-seq,polyA plus RNA-seq,0.17806017859958986,16.0,RNA-seq x polyA plus RNA-seq
UBERON:0001114,DNase-seq,ChIP-seq:H3K27ac,0.18676233512383922,1.0,ChIP-seq:H3K27ac x DNase-seq
UBERON:0001114,DNase-seq,ChIP-seq:H3K36me3,-0.035552462336247564,1.0,ChIP-seq:H3K36me3 x DNase-seq
UBERON:0001114,DNase-seq,ChIP-seq:H3K4me1,0.012140441685914993,1.0,ChIP-seq:H3K4me1 x DNase-seq
UBERON:0001114,DNase-seq,ChIP-seq:H3K4me3,0.05811568969903991,1.0,ChIP-seq:H3K4me3 x DNase-seq
UBERON:0001114,DNase-seq,ChIP-seq:CTCF,-0.010687801227407548,1.0,ChIP-seq:CTCF x DNase-seq
UBERON:0001114,DNase-seq,RNA-seq,0.0069813543099349895,10.0,DNase-seq x RNA-seq
UBERON:0001114,DNase-seq,ChIP-seq:POLR2A,0.14926683170753613,1.0,ChIP-seq:POLR2A x DNase-seq
UBERON:0001114,ChIP-seq:H3K27ac,DNase-seq,0.19219512115100967,1.0,ChIP-seq:H3K27ac x DNase-seq
UBERON:0001114,ChIP-seq:H3K27ac,ChIP-seq:H3K36me3,0.029916216535543008,1.0,ChIP-seq:H3K27ac x ChIP-seq:H3K36me3
UBERON:0001114,ChIP-seq:H3K27ac,ChIP-seq:H3K4me1,0.18444780811019565,1.0,ChIP-seq:H3K27ac x ChIP-seq:H3K4me1
UBERON:0001114,ChIP-seq:H3K27ac,ChIP-seq:H3K4me3,0.22818484971689623,1.0,ChIP-seq:H3K27ac x ChIP-seq:H3K4me3
UBERON:0001114,ChIP-seq:H3K27ac,ChIP-seq:CTCF,0.018766380484821724,1.0,ChIP-seq:CTCF x ChIP-seq:H3K27ac
UBERON:0001114,ChIP-seq:H3K27ac,RNA-seq,0.017171802113904018,10.0,ChIP-seq:H3K27ac x RNA-seq
UBERON:0001114,ChIP-seq:H3K27ac,ChIP-seq:POLR2A,0.1928891654600177,1.0,ChIP-seq:H3K27ac x ChIP-seq:POLR2A
UBERON:0001114,ChIP-seq:H3K36me3,DNase-seq,-0.041508896989810126,1.0,ChIP-seq:H3K36me3 x DNase-seq
UBERON:0001114,ChIP-seq:H3K36me3,ChIP-seq:H3K27ac,0.014962287044819493,1.0,ChIP-seq:H3K27ac x ChIP-seq:H3K36me3
UBERON:0001114,ChIP-seq:H3K36me3,ChIP-seq:H3K4me1,0.5578466394673223,1.0,ChIP-seq:H3K36me3 x ChIP-seq:H3K4me1
UBERON:0001114,ChIP-seq:H3K36me3,ChIP-seq:H3K4me3,0.03433421559112017,1.0,ChIP-seq:H3K36me3 x ChIP-seq:H3K4me3
UBERON:0001114,ChIP-seq:H3K36me3,ChIP-seq:CTCF,-0.030907077660549037,1.0,ChIP-seq:CTCF x ChIP-seq:H3K36me3
UBERON:0001114,ChIP-seq:H3K36me3,RNA-seq,0.03475683274587754,10.0,ChIP-seq:H3K36me3 x RNA-seq
UBERON:0001114,ChIP-seq:H3K36me3,ChIP-seq:POLR2A,-0.006717297493627199,1.0,ChIP-seq:H3K36me3 x ChIP-seq:POLR2A
UBERON:0001114,ChIP-seq:H3K4me1,DNase-seq,-0.02463895319015324,1.0,ChIP-seq:H3K4me1 x DNase-seq
UBERON:0001114,ChIP-seq:H3K4me1,ChIP-seq:H3K27ac,0.15100485307198985,1.0,ChIP-seq:H3K27ac x ChIP-seq:H3K4me1
UBERON:0001114,ChIP-seq:H3K4me1,ChIP-seq:H3K36me3,0.5131539207286936,1.0,ChIP-seq:H3K36me3 x ChIP-seq:H3K4me1
UBERON:0001114,ChIP-seq:H3K4me1,ChIP-seq:H3K4me3,-0.03434011076771936,1.0,ChIP-seq:H3K4me1 x ChIP-seq:H3K4me3
UBERON:0001114,ChIP-seq:H3K4me1,ChIP-seq:CTCF,-0.007034157050176737,1.0,ChIP-seq:CTCF x ChIP-seq:H3K4me1
UBERON:0001114,ChIP-seq:H3K4me1,RNA-seq,0.0041003730388131515,10.0,ChIP-seq:H3K4me1 x RNA-seq
UBERON:0001114,ChIP-seq:H3K4me1,ChIP-seq:POLR2A,-0.08799163877898664,1.0,ChIP-seq:H3K4me1 x ChIP-seq:POLR2A
UBERON:0001114,ChIP-seq:H3K4me3,DNase-seq,0.047920518178866264,1.0,ChIP-seq:H3K4me3 x DNase-seq
UBERON:0001114,ChIP-seq:H3K4me3,ChIP-seq:H3K27ac,0.25549250767554765,1.0,ChIP-seq:H3K27ac x ChIP-seq:H3K4me3
UBERON:0001114,ChIP-seq:H3K4me3,ChIP-seq:H3K36me3,0.06389423826384166,1.0,ChIP-seq:H3K36me3 x ChIP-seq:H3K4me3
UBERON:0001114,ChIP-seq:H3K4me3,ChIP-seq:H3K4me1,0.004266598950261654,1.0,ChIP-seq:H3K4me1 x ChIP-seq:H3K4me3
UBERON:0001114,ChIP-seq:H3K4me3,ChIP-seq:CTCF,0.020167767314366924,1.0,ChIP-seq:CTCF x ChIP-seq:H3K4me3
UBERON:0001114,ChIP-seq:H3K4me3,RNA-seq,0.03110091933771648,10.0,ChIP-seq:H3K4me3 x RNA-seq
UBERON:0001114,ChIP-seq:H3K4me3,ChIP-seq:POLR2A,0.14139395743085625,1.0,ChIP-seq:H3K4me3 x ChIP-seq:POLR2A
UBERON:0001114,ChIP-seq:CTCF,DNase-seq,0.020550028696311465,1.0,ChIP-seq:CTCF x DNase-seq
UBERON:0001114,ChIP-seq:CTCF,ChIP-seq:H3K27ac,0.02954184659469275,1.0,ChIP-seq:CTCF x ChIP-seq:H3K27ac
UBERON:0001114,ChIP-seq:CTCF,ChIP-seq:H3K36me3,0.002269658521211967,1.0,ChIP-seq:CTCF x ChIP-seq:H3K36me3
UBERON:0001114,ChIP-seq:CTCF,ChIP-seq:H3K4me1,0.05081584417949552,1.0,ChIP-seq:CTCF x ChIP-seq:H3K4me1
UBERON:0001114,ChIP-seq:CTCF,ChIP-seq:H3K4me3,0.03188420140812563,1.0,ChIP-seq:CTCF x ChIP-seq:H3K4me3
UBERON:0001114,ChIP-seq:CTCF,RNA-seq,-0.0020423810964623613,10.0,ChIP-seq:CTCF x RNA-seq
UBERON:0001114,ChIP-seq:CTCF,ChIP-seq:POLR2A,-0.024937696624220462,1.0,ChIP-seq:CTCF x ChIP-seq:POLR2A
UBERON:0001114,RNA-seq,DNase-seq,0.022346765754844965,10.0,DNase-seq x RNA-seq
UBERON:0001114,RNA-seq,ChIP-seq:H3K27ac,0.028419403897391424,10.0,ChIP-seq:H3K27ac x RNA-seq
UBERON:0001114,RNA-seq,ChIP-seq:H3K36me3,0.03537234304443239,10.0,ChIP-seq:H3K36me3 x RNA-seq
UBERON:0001114,RNA-seq,ChIP-seq:H3K4me1,0.007479581884715867,10.0,ChIP-seq:H3K4me1 x RNA-seq
UBERON:0001114,RNA-seq,ChIP-seq:H3K4me3,0.03885747183200925,10.0,ChIP-seq:H3K4me3 x RNA-seq
UBERON:0001114,RNA-seq,ChIP-seq:CTCF,0.0031048493441736815,10.0,ChIP-seq:CTCF x RNA-seq
UBERON:0001114,RNA-seq,ChIP-seq:POLR2A,0.03256333993192304,10.0,ChIP-seq:POLR2A x RNA-seq
UBERON:0001114,ChIP-seq:POLR2A,DNase-seq,0.18310299124999646,1.0,ChIP-seq:POLR2A x DNase-seq
UBERON:0001114,ChIP-seq:POLR2A,ChIP-seq:H3K27ac,0.1858941610948539,1.0,ChIP-seq:H3K27ac x ChIP-seq:POLR2A
UBERON:0001114,ChIP-seq:POLR2A,ChIP-seq:H3K36me3,0.03529929640707831,1.0,ChIP-seq:H3K36me3 x ChIP-seq:POLR2A
UBERON:0001114,ChIP-seq:POLR2A,ChIP-seq:H3K4me1,0.011094482980020668,1.0,ChIP-seq:H3K4me1 x ChIP-seq:POLR2A
UBERON:0001114,ChIP-seq:POLR2A,ChIP-seq:H3K4me3,0.10450334687565649,1.0,ChIP-seq:H3K4me3 x ChIP-seq:POLR2A
UBERON:0001114,ChIP-seq:POLR2A,ChIP-seq:CTCF,0.014225654231691823,1.0,ChIP-seq:CTCF x ChIP-seq:POLR2A
UBERON:0001114,ChIP-seq:POLR2A,RNA-seq,0.022601930921572772,10.0,ChIP-seq:POLR2A x RNA-seq
UBERON:0002167,DNase-seq,polyA plus RNA-seq,0.004661791313966199,55.0,DNase-seq x polyA plus RNA-seq
UBERON:0002167,polyA plus RNA-seq,DNase-seq,-0.0032055064124379353,55.0,DNase-seq x polyA plus RNA-seq
UBERON:0018118,DNase-seq,polyA plus RNA-seq,0.013105251658636493,9.0,DNase-seq x polyA plus RNA-seq
UBERON:0018118,polyA plus RNA-seq,DNase-seq,0.0002196343562707731,9.0,DNase-seq x polyA plus RNA-seq
UBERON:0018116,DNase-seq,polyA plus RNA-seq,0.011505910149783498,16.0,DNase-seq x polyA plus RNA-seq
UBERON:0018116,polyA plus RNA-seq,DNase-seq,4.019807309993233e-05,16.0,DNase-seq x polyA plus RNA-seq
UBERON:0001159,DNase-seq,ChIP-seq:H3K27ac,0.033298389116923024,6.0,ChIP-seq:H3K27ac x DNase-seq
UBERON:0001159,DNase-seq,ChIP-seq:H3K27me3,0.0986793322025696,4.0,ChIP-seq:H3K27me3 x DNase-seq
UBERON:0001159,DNase-seq,ChIP-seq:H3K36me3,-0.016418822727260744,6.0,ChIP-seq:H3K36me3 x DNase-seq
UBERON:0001159,DNase-seq,ChIP-seq:H3K4me1,-0.022183931450476573,4.0,ChIP-seq:H3K4me1 x DNase-seq
UBERON:0001159,DNase-seq,ChIP-seq:H3K4me3,-0.01845605888277152,6.0,ChIP-seq:H3K4me3 x DNase-seq
UBERON:0001159,DNase-seq,ChIP-seq:H3K9me3,0.0029633736374688018,6.0,ChIP-seq:H3K9me3 x DNase-seq
UBERON:0001159,DNase-seq,ChIP-seq:CTCF,-0.006743207327996936,6.0,ChIP-seq:CTCF x DNase-seq
UBERON:0001159,DNase-seq,polyA plus RNA-seq,-0.004796378987871176,16.0,DNase-seq x polyA plus RNA-seq
UBERON:0001159,DNase-seq,RNA-seq,0.002604288765784539,16.0,DNase-seq x RNA-seq
UBERON:0001159,DNase-seq,ChIP-seq:POLR2A,0.026058498356077403,8.0,ChIP-seq:POLR2A x DNase-seq
UBERON:0001159,DNase-seq,ChIP-seq:POLR2AphosphoS5,-0.0006814415638263516,8.0,ChIP-seq:POLR2AphosphoS5 x DNase-seq
UBERON:0001159,DNase-seq,ChIP-seq:EP300,-0.0069774452310342044,8.0,ChIP-seq:EP300 x DNase-seq
UBERON:0001159,ChIP-seq:H3K27ac,DNase-seq,0.014237070308927818,6.0,ChIP-seq:H3K27ac x DNase-seq
UBERON:0001159,ChIP-seq:H3K27ac,ChIP-seq:H3K27me3,0.13157072077596807,6.0,ChIP-seq:H3K27ac x ChIP-seq:H3K27me3
UBERON:0001159,ChIP-seq:H3K27ac,ChIP-seq:H3K36me3,-0.015838439250392567,9.0,ChIP-seq:H3K27ac x ChIP-seq:H3K36me3
UBERON:0001159,ChIP-seq:H3K27ac,ChIP-seq:H3K4me1,0.052843702566862535,6.0,ChIP-seq:H3K27ac x ChIP-seq:H3K4me1
UBERON:0001159,ChIP-seq:H3K27ac,ChIP-seq:H3K4me3,0.04011364292837269,9.0,ChIP-seq:H3K27ac x ChIP-seq:H3K4me3
UBERON:0001159,ChIP-seq:H3K27ac,ChIP-seq:H3K9me3,-0.017046885091369434,9.0,ChIP-seq:H3K27ac x ChIP-seq:H3K9me3
UBERON:0001159,ChIP-seq:H3K27ac,ChIP-seq:CTCF,-0.007225744336089419,9.0,ChIP-seq:CTCF x ChIP-seq:H3K27ac
UBERON:0001159,ChIP-seq:H3K27ac,polyA plus RNA-seq,0.004337325561845962,24.0,ChIP-seq:H3K27ac x polyA plus RNA-seq
UBERON:0001159,ChIP-seq:H3K27ac,RNA-seq,0.012257853937309507,24.0,ChIP-seq:H3K27ac x RNA-seq
UBERON:0001159,ChIP-seq:H3K27ac,ChIP-seq:POLR2A,-0.0015545619858635812,12.0,ChIP-seq:H3K27ac x ChIP-seq:POLR2A
UBERON:0001159,ChIP-seq:H3K27ac,ChIP-seq:POLR2AphosphoS5,-0.01639599372179079,12.0,ChIP-seq:H3K27ac x ChIP-seq:POLR2AphosphoS5
UBERON:0001159,ChIP-seq:H3K27ac,ChIP-seq:EP300,-0.027296136205012984,12.0,ChIP-seq:EP300 x ChIP-seq:H3K27ac
UBERON:0001159,ChIP-seq:H3K27me3,DNase-seq,0.10463810427901671,4.0,ChIP-seq:H3K27me3 x DNase-seq
UBERON:0001159,ChIP-seq:H3K27me3,ChIP-seq:H3K27ac,0.10761247277259826,6.0,ChIP-seq:H3K27ac x ChIP-seq:H3K27me3
UBERON:0001159,ChIP-seq:H3K27me3,ChIP-seq:H3K36me3,-0.05501215869092686,6.0,ChIP-seq:H3K27me3 x ChIP-seq:H3K36me3
UBERON:0001159,ChIP-seq:H3K27me3,ChIP-seq:H3K4me1,-0.07941184221395378,4.0,ChIP-seq:H3K27me3 x ChIP-seq:H3K4me1
UBERON:0001159,ChIP-seq:H3K27me3,ChIP-seq:H3K4me3,-0.023984952493102896,6.0,ChIP-seq:H3K27me3 x ChIP-seq:H3K4me3
UBERON:0001159,ChIP-seq:H3K27me3,ChIP-seq:H3K9me3,-0.031082826313999418,6.0,ChIP-seq:H3K27me3 x ChIP-seq:H3K9me3
UBERON:0001159,ChIP-seq:H3K27me3,ChIP-seq:CTCF,-0.006519670140231797,6.0,ChIP-seq:CTCF x ChIP-seq:H3K27me3
UBERON:0001159,ChIP-seq:H3K27me3,polyA plus RNA-seq,0.0006632518590734757,16.0,ChIP-seq:H3K27me3 x polyA plus RNA-seq
UBERON:0001159,ChIP-seq:H3K27me3,RNA-seq,0.006511648758502584,16.0,ChIP-seq:H3K27me3 x RNA-seq
UBERON:0001159,ChIP-seq:H3K27me3,ChIP-seq:POLR2A,-0.018356136632738287,8.0,ChIP-seq:H3K27me3 x ChIP-seq:POLR2A
UBERON:0001159,ChIP-seq:H3K27me3,ChIP-seq:POLR2AphosphoS5,-0.02412099835391228,8.0,ChIP-seq:H3K27me3 x ChIP-seq:POLR2AphosphoS5
UBERON:0001159,ChIP-seq:H3K27me3,ChIP-seq:EP300,-0.03424900397658348,8.0,ChIP-seq:EP300 x ChIP-seq:H3K27me3
UBERON:0001159,ChIP-seq:H3K36me3,DNase-seq,-0.002847115774846978,6.0,ChIP-seq:H3K36me3 x DNase-seq
UBERON:0001159,ChIP-seq:H3K36me3,ChIP-seq:H3K27ac,-0.024324933273924723,9.0,ChIP-seq:H3K27ac x ChIP-seq:H3K36me3
UBERON:0001159,ChIP-seq:H3K36me3,ChIP-seq:H3K27me3,-0.05119288432804835,6.0,ChIP-seq:H3K27me3 x ChIP-seq:H3K36me3
UBERON:0001159,ChIP-seq:H3K36me3,ChIP-seq:H3K4me1,0.07873503008826835,6.0,ChIP-seq:H3K36me3 x ChIP-seq:H3K4me1
UBERON:0001159,ChIP-seq:H3K36me3,ChIP-seq:H3K4me3,0.03452407399626778,9.0,ChIP-seq:H3K36me3 x ChIP-seq:H3K4me3
UBERON:0001159,ChIP-seq:H3K36me3,ChIP-seq:H3K9me3,0.14392626532502545,9.0,ChIP-seq:H3K36me3 x ChIP-seq:H3K9me3
UBERON:0001159,ChIP-seq:H3K36me3,ChIP-seq:CTCF,0.01928377358040007,9.0,ChIP-seq:CTCF x ChIP-seq:H3K36me3
UBERON:0001159,ChIP-seq:H3K36me3,polyA plus RNA-seq,0.004485357969101482,24.0,ChIP-seq:H3K36me3 x polyA plus RNA-seq
UBERON:0001159,ChIP-seq:H3K36me3,RNA-seq,0.006140827070788932,24.0,ChIP-seq:H3K36me3 x RNA-seq
UBERON:0001159,ChIP-seq:H3K36me3,ChIP-seq:POLR2A,0.0025809745729705423,12.0,ChIP-seq:H3K36me3 x ChIP-seq:POLR2A
UBERON:0001159,ChIP-seq:H3K36me3,ChIP-seq:POLR2AphosphoS5,-0.003935003700928809,12.0,ChIP-seq:H3K36me3 x ChIP-seq:POLR2AphosphoS5
UBERON:0001159,ChIP-seq:H3K36me3,ChIP-seq:EP300,0.00783543594372578,12.0,ChIP-seq:EP300 x ChIP-seq:H3K36me3
UBERON:0001159,ChIP-seq:H3K4me1,DNase-seq,-0.000727796211800317,4.0,ChIP-seq:H3K4me1 x DNase-seq
UBERON:0001159,ChIP-seq:H3K4me1,ChIP-seq:H3K27ac,0.05119807124137878,6.0,ChIP-seq:H3K27ac x ChIP-seq:H3K4me1
UBERON:0001159,ChIP-seq:H3K4me1,ChIP-seq:H3K27me3,-0.08077634715965029,4.0,ChIP-seq:H3K27me3 x ChIP-seq:H3K4me1
UBERON:0001159,ChIP-seq:H3K4me1,ChIP-seq:H3K36me3,0.08308161378119294,6.0,ChIP-seq:H3K36me3 x ChIP-seq:H3K4me1
UBERON:0001159,ChIP-seq:H3K4me1,ChIP-seq:H3K4me3,-0.009564309647665338,6.0,ChIP-seq:H3K4me1 x ChIP-seq:H3K4me3
UBERON:0001159,ChIP-seq:H3K4me1,ChIP-seq:H3K9me3,0.11896843694697666,6.0,ChIP-seq:H3K4me1 x ChIP-seq:H3K9me3
UBERON:0001159,ChIP-seq:H3K4me1,ChIP-seq:CTCF,0.035377955328513296,6.0,ChIP-seq:CTCF x ChIP-seq:H3K4me1
UBERON:0001159,ChIP-seq:H3K4me1,polyA plus RNA-seq,-0.0043432530580474055,16.0,ChIP-seq:H3K4me1 x polyA plus RNA-seq
UBERON:0001159,ChIP-seq:H3K4me1,RNA-seq,-0.007217248530080652,16.0,ChIP-seq:H3K4me1 x RNA-seq
UBERON:0001159,ChIP-seq:H3K4me1,ChIP-seq:POLR2A,0.005362199550425564,8.0,ChIP-seq:H3K4me1 x ChIP-seq:POLR2A
UBERON:0001159,ChIP-seq:H3K4me1,ChIP-seq:POLR2AphosphoS5,-0.013114668930379244,8.0,ChIP-seq:H3K4me1 x ChIP-seq:POLR2AphosphoS5
UBERON:0001159,ChIP-seq:H3K4me1,ChIP-seq:EP300,-0.004338912665843964,8.0,ChIP-seq:EP300 x ChIP-seq:H3K4me1
UBERON:0001159,ChIP-seq:H3K4me3,DNase-seq,-0.029327200450438407,6.0,ChIP-seq:H3K4me3 x DNase-seq
UBERON:0001159,ChIP-seq:H3K4me3,ChIP-seq:H3K27ac,0.016353922420077854,9.0,ChIP-seq:H3K27ac x ChIP-seq:H3K4me3
UBERON:0001159,ChIP-seq:H3K4me3,ChIP-seq:H3K27me3,-0.011109406365393901,6.0,ChIP-seq:H3K27me3 x ChIP-seq:H3K4me3
UBERON:0001159,ChIP-seq:H3K4me3,ChIP-seq:H3K36me3,0.035816465044616594,9.0,ChIP-seq:H3K36me3 x ChIP-seq:H3K4me3
UBERON:0001159,ChIP-seq:H3K4me3,ChIP-seq:H3K4me1,0.0020999022384593172,6.0,ChIP-seq:H3K4me1 x ChIP-seq:H3K4me3
UBERON:0001159,ChIP-seq:H3K4me3,ChIP-seq:H3K9me3,0.05498084240714035,9.0,ChIP-seq:H3K4me3 x ChIP-seq:H3K9me3
UBERON:0001159,ChIP-seq:H3K4me3,ChIP-seq:CTCF,0.005184024736301605,9.0,ChIP-seq:CTCF x ChIP-seq:H3K4me3
UBERON:0001159,ChIP-seq:H3K4me3,polyA plus RNA-seq,0.0030375003988471726,24.0,ChIP-seq:H3K4me3 x polyA plus RNA-seq
UBERON:0001159,ChIP-seq:H3K4me3,RNA-seq,0.011739634549627207,24.0,ChIP-seq:H3K4me3 x RNA-seq
UBERON:0001159,ChIP-seq:H3K4me3,ChIP-seq:POLR2A,0.004820753762751442,12.0,ChIP-seq:H3K4me3 x ChIP-seq:POLR2A
UBERON:0001159,ChIP-seq:H3K4me3,ChIP-seq:POLR2AphosphoS5,-0.0014414145396305922,12.0,ChIP-seq:H3K4me3 x ChIP-seq:POLR2AphosphoS5
UBERON:0001159,ChIP-seq:H3K4me3,ChIP-seq:EP300,-0.007763266563415527,12.0,ChIP-seq:EP300 x ChIP-seq:H3K4me3
UBERON:0001159,ChIP-seq:H3K9me3,DNase-seq,0.006988132071658918,6.0,ChIP-seq:H3K9me3 x DNase-seq
UBERON:0001159,ChIP-seq:H3K9me3,ChIP-seq:H3K27ac,-0.02779579675859875,9.0,ChIP-seq:H3K27ac x ChIP-seq:H3K9me3
UBERON:0001159,ChIP-seq:H3K9me3,ChIP-seq:H3K27me3,-0.03574737343714646,6.0,ChIP-seq:H3K27me3 x ChIP-seq:H3K9me3
UBERON:0001159,ChIP-seq:H3K9me3,ChIP-seq:H3K36me3,0.11423589116536785,9.0,ChIP-seq:H3K36me3 x ChIP-seq:H3K9me3
UBERON:0001159,ChIP-seq:H3K9me3,ChIP-seq:H3K4me1,0.09981598576127072,6.0,ChIP-seq:H3K4me1 x ChIP-seq:H3K9me3
UBERON:0001159,ChIP-seq:H3K9me3,ChIP-seq:H3K4me3,0.04711302494592323,9.0,ChIP-seq:H3K4me3 x ChIP-seq:H3K9me3
UBERON:0001159,ChIP-seq:H3K9me3,ChIP-seq:CTCF,0.03206249025657494,9.0,ChIP-seq:CTCF x ChIP-seq:H3K9me3
UBERON:0001159,ChIP-seq:H3K9me3,polyA plus RNA-seq,-0.006628120327105907,24.0,ChIP-seq:H3K9me3 x polyA plus RNA-seq
UBERON:0001159,ChIP-seq:H3K9me3,RNA-seq,-0.0019512966213274456,24.0,ChIP-seq:H3K9me3 x RNA-seq
UBERON:0001159,ChIP-seq:H3K9me3,ChIP-seq:POLR2A,0.0038285858837174835,12.0,ChIP-seq:H3K9me3 x ChIP-seq:POLR2A
UBERON:0001159,ChIP-seq:H3K9me3,ChIP-seq:POLR2AphosphoS5,0.00525146436232787,12.0,ChIP-seq:H3K9me3 x ChIP-seq:POLR2AphosphoS5
UBERON:0001159,ChIP-seq:H3K9me3,ChIP-seq:EP300,0.015538987440940663,12.0,ChIP-seq:EP300 x ChIP-seq:H3K9me3
UBERON:0001159,ChIP-seq:CTCF,DNase-seq,-0.006050079651304947,6.0,ChIP-seq:CTCF x DNase-seq
UBERON:0001159,ChIP-seq:CTCF,ChIP-seq:H3K27ac,0.004501236809624564,9.0,ChIP-seq:CTCF x ChIP-seq:H3K27ac
UBERON:0001159,ChIP-seq:CTCF,ChIP-seq:H3K27me3,-0.010507405378455601,6.0,ChIP-seq:CTCF x ChIP-seq:H3K27me3
UBERON:0001159,ChIP-seq:CTCF,ChIP-seq:H3K36me3,-0.0033019139911189196,9.0,ChIP-seq:CTCF x ChIP-seq:H3K36me3
UBERON:0001159,ChIP-seq:CTCF,ChIP-seq:H3K4me1,0.014906928920355,6.0,ChIP-seq:CTCF x ChIP-seq:H3K4me1
UBERON:0001159,ChIP-seq:CTCF,ChIP-seq:H3K4me3,0.01763797272725471,9.0,ChIP-seq:CTCF x ChIP-seq:H3K4me3
UBERON:0001159,ChIP-seq:CTCF,ChIP-seq:H3K9me3,0.019139639850839156,9.0,ChIP-seq:CTCF x ChIP-seq:H3K9me3
UBERON:0001159,ChIP-seq:CTCF,polyA plus RNA-seq,0.007006841372296692,24.0,ChIP-seq:CTCF x polyA plus RNA-seq
UBERON:0001159,ChIP-seq:CTCF,RNA-seq,-0.0055444402515487075,24.0,ChIP-seq:CTCF x RNA-seq
UBERON:0001159,ChIP-seq:CTCF,ChIP-seq:POLR2A,0.10035302020885326,12.0,ChIP-seq:CTCF x ChIP-seq:POLR2A
UBERON:0001159,ChIP-seq:CTCF,ChIP-seq:POLR2AphosphoS5,-0.00855990136281038,12.0,ChIP-seq:CTCF x ChIP-seq:POLR2AphosphoS5
UBERON:0001159,ChIP-seq:CTCF,ChIP-seq:EP300,0.02412680708445035,12.0,ChIP-seq:CTCF x ChIP-seq:EP300
UBERON:0001159,polyA plus RNA-seq,DNase-seq,0.004935207440681064,16.0,DNase-seq x polyA plus RNA-seq
UBERON:0001159,polyA plus RNA-seq,ChIP-seq:H3K27ac,0.007686803738276161,24.0,ChIP-seq:H3K27ac x polyA plus RNA-seq
UBERON:0001159,polyA plus RNA-seq,ChIP-seq:H3K27me3,0.007837162958727235,16.0,ChIP-seq:H3K27me3 x polyA plus RNA-seq
UBERON:0001159,polyA plus RNA-seq,ChIP-seq:H3K36me3,-0.0002736873964574865,24.0,ChIP-seq:H3K36me3 x polyA plus RNA-seq
UBERON:0001159,polyA plus RNA-seq,ChIP-seq:H3K4me1,0.00022516736526632594,16.0,ChIP-seq:H3K4me1 x polyA plus RNA-seq
UBERON:0001159,polyA plus RNA-seq,ChIP-seq:H3K4me3,0.0019185911042029838,24.0,ChIP-seq:H3K4me3 x polyA plus RNA-seq
UBERON:0001159,polyA plus RNA-seq,ChIP-seq:H3K9me3,-0.0044209079680133,24.0,ChIP-seq:H3K9me3 x polyA plus RNA-seq
UBERON:0001159,polyA plus RNA-seq,ChIP-seq:CTCF,0.007377926444653237,24.0,ChIP-seq:CTCF x polyA plus RNA-seq
UBERON:0001159,polyA plus RNA-seq,RNA-seq,0.031039134658996964,64.0,RNA-seq x polyA plus RNA-seq
UBERON:0001159,polyA plus RNA-seq,ChIP-seq:POLR2A,0.0128236112219316,32.0,ChIP-seq:POLR2A x polyA plus RNA-seq
UBERON:0001159,polyA plus RNA-seq,ChIP-seq:POLR2AphosphoS5,-0.003700852823945191,32.0,ChIP-seq:POLR2AphosphoS5 x polyA plus RNA-seq
UBERON:0001159,polyA plus RNA-seq,ChIP-seq:EP300,-0.004632248086496615,32.0,ChIP-seq:EP300 x polyA plus RNA-seq
UBERON:0001159,RNA-seq,DNase-seq,0.016063070798427174,16.0,DNase-seq x RNA-seq
UBERON:0001159,RNA-seq,ChIP-seq:H3K27ac,0.009639975925286613,24.0,ChIP-seq:H3K27ac x RNA-seq
UBERON:0001159,RNA-seq,ChIP-seq:H3K27me3,0.006785527711486541,16.0,ChIP-seq:H3K27me3 x RNA-seq
UBERON:0001159,RNA-seq,ChIP-seq:H3K36me3,-0.001175030401896239,24.0,ChIP-seq:H3K36me3 x RNA-seq
UBERON:0001159,RNA-seq,ChIP-seq:H3K4me1,-0.009514859801188845,16.0,ChIP-seq:H3K4me1 x RNA-seq
UBERON:0001159,RNA-seq,ChIP-seq:H3K4me3,0.008025834607966069,24.0,ChIP-seq:H3K4me3 x RNA-seq
UBERON:0001159,RNA-seq,ChIP-seq:H3K9me3,-0.002235721449478198,24.0,ChIP-seq:H3K9me3 x RNA-seq
UBERON:0001159,RNA-seq,ChIP-seq:CTCF,-0.004501188973044798,24.0,ChIP-seq:CTCF x RNA-seq
UBERON:0001159,RNA-seq,polyA plus RNA-seq,0.0038855202257111754,64.0,RNA-seq x polyA plus RNA-seq
UBERON:0001159,RNA-seq,ChIP-seq:POLR2A,-0.002213488298433798,32.0,ChIP-seq:POLR2A x RNA-seq
UBERON:0001159,RNA-seq,ChIP-seq:POLR2AphosphoS5,0.02916648840674987,32.0,ChIP-seq:POLR2AphosphoS5 x RNA-seq
UBERON:0001159,RNA-seq,ChIP-seq:EP300,-0.011919240610530743,32.0,ChIP-seq:EP300 x RNA-seq
UBERON:0001159,ChIP-seq:POLR2A,DNase-seq,0.055753165606370905,8.0,ChIP-seq:POLR2A x DNase-seq
UBERON:0001159,ChIP-seq:POLR2A,ChIP-seq:H3K27ac,0.0024876455465952657,12.0,ChIP-seq:H3K27ac x ChIP-seq:POLR2A
UBERON:0001159,ChIP-seq:POLR2A,ChIP-seq:H3K27me3,-0.015119955643494696,8.0,ChIP-seq:H3K27me3 x ChIP-seq:POLR2A
UBERON:0001159,ChIP-seq:POLR2A,ChIP-seq:H3K36me3,-0.0031094660520978572,12.0,ChIP-seq:H3K36me3 x ChIP-seq:POLR2A
UBERON:0001159,ChIP-seq:POLR2A,ChIP-seq:H3K4me1,0.0035041620537557237,8.0,ChIP-seq:H3K4me1 x ChIP-seq:POLR2A
UBERON:0001159,ChIP-seq:POLR2A,ChIP-seq:H3K4me3,0.005660311436988932,12.0,ChIP-seq:H3K4me3 x ChIP-seq:POLR2A
UBERON:0001159,ChIP-seq:POLR2A,ChIP-seq:H3K9me3,0.0051638359403879674,12.0,ChIP-seq:H3K9me3 x ChIP-seq:POLR2A
UBERON:0001159,ChIP-seq:POLR2A,ChIP-seq:CTCF,0.16674617965622704,12.0,ChIP-seq:CTCF x ChIP-seq:POLR2A
UBERON:0001159,ChIP-seq:POLR2A,polyA plus RNA-seq,0.006834996315723953,32.0,ChIP-seq:POLR2A x polyA plus RNA-seq
UBERON:0001159,ChIP-seq:POLR2A,RNA-seq,0.003832273220647827,32.0,ChIP-seq:POLR2A x RNA-seq
UBERON:0001159,ChIP-seq:POLR2A,ChIP-seq:POLR2AphosphoS5,0.12477466693291295,16.0,ChIP-seq:POLR2A x ChIP-seq:POLR2AphosphoS5
UBERON:0001159,ChIP-seq:POLR2A,ChIP-seq:EP300,-0.0038295583083079454,16.0,ChIP-seq:EP300 x ChIP-seq:POLR2A
UBERON:0001159,ChIP-seq:POLR2AphosphoS5,DNase-seq,0.03405415827466041,8.0,ChIP-seq:POLR2AphosphoS5 x DNase-seq
UBERON:0001159,ChIP-seq:POLR2AphosphoS5,ChIP-seq:H3K27ac,0.015326146284739176,12.0,ChIP-seq:H3K27ac x ChIP-seq:POLR2AphosphoS5
UBERON:0001159,ChIP-seq:POLR2AphosphoS5,ChIP-seq:H3K27me3,0.0005120808700088825,8.0,ChIP-seq:H3K27me3 x ChIP-seq:POLR2AphosphoS5
UBERON:0001159,ChIP-seq:POLR2AphosphoS5,ChIP-seq:H3K36me3,0.008519760201852801,12.0,ChIP-seq:H3K36me3 x ChIP-seq:POLR2AphosphoS5
UBERON:0001159,ChIP-seq:POLR2AphosphoS5,ChIP-seq:H3K4me1,-0.013590972834963942,8.0,ChIP-seq:H3K4me1 x ChIP-seq:POLR2AphosphoS5
UBERON:0001159,ChIP-seq:POLR2AphosphoS5,ChIP-seq:H3K4me3,0.00984659497167023,12.0,ChIP-seq:H3K4me3 x ChIP-seq:POLR2AphosphoS5
UBERON:0001159,ChIP-seq:POLR2AphosphoS5,ChIP-seq:H3K9me3,0.02366766413558001,12.0,ChIP-seq:H3K9me3 x ChIP-seq:POLR2AphosphoS5
UBERON:0001159,ChIP-seq:POLR2AphosphoS5,ChIP-seq:CTCF,-0.005325343201656153,12.0,ChIP-seq:CTCF x ChIP-seq:POLR2AphosphoS5
UBERON:0001159,ChIP-seq:POLR2AphosphoS5,polyA plus RNA-seq,-0.007880505473073299,32.0,ChIP-seq:POLR2AphosphoS5 x polyA plus RNA-seq
UBERON:0001159,ChIP-seq:POLR2AphosphoS5,RNA-seq,0.03935426709877057,32.0,ChIP-seq:POLR2AphosphoS5 x RNA-seq
UBERON:0001159,ChIP-seq:POLR2AphosphoS5,ChIP-seq:POLR2A,0.029309789339701353,16.0,ChIP-seq:POLR2A x ChIP-seq:POLR2AphosphoS5
UBERON:0001159,ChIP-seq:POLR2AphosphoS5,ChIP-seq:EP300,0.09689422754141003,16.0,ChIP-seq:EP300 x ChIP-seq:POLR2AphosphoS5
UBERON:0001159,ChIP-seq:EP300,DNase-seq,0.03775943869475237,8.0,ChIP-seq:EP300 x DNase-seq
UBERON:0001159,ChIP-seq:EP300,ChIP-seq:H3K27ac,-0.018154916167259217,12.0,ChIP-seq:EP300 x ChIP-seq:H3K27ac
UBERON:0001159,ChIP-seq:EP300,ChIP-seq:H3K27me3,-0.016944422262769217,8.0,ChIP-seq:EP300 x ChIP-seq:H3K27me3
UBERON:0001159,ChIP-seq:EP300,ChIP-seq:H3K36me3,0.016456267705150678,12.0,ChIP-seq:EP300 x ChIP-seq:H3K36me3
UBERON:0001159,ChIP-seq:EP300,ChIP-seq:H3K4me1,-0.0033078990428825547,8.0,ChIP-seq:EP300 x ChIP-seq:H3K4me1
UBERON:0001159,ChIP-seq:EP300,ChIP-seq:H3K4me3,0.016590998766008114,12.0,ChIP-seq:EP300 x ChIP-seq:H3K4me3
UBERON:0001159,ChIP-seq:EP300,ChIP-seq:H3K9me3,0.05253133497669199,12.0,ChIP-seq:EP300 x ChIP-seq:H3K9me3
UBERON:0001159,ChIP-seq:EP300,ChIP-seq:CTCF,0.05460843896315042,12.0,ChIP-seq:CTCF x ChIP-seq:EP300
UBERON:0001159,ChIP-seq:EP300,polyA plus RNA-seq,-0.00020282838253288075,32.0,ChIP-seq:EP300 x polyA plus RNA-seq
UBERON:0001159,ChIP-seq:EP300,RNA-seq,-0.01587354440702183,32.0,ChIP-seq:EP300 x RNA-seq
UBERON:0001159,ChIP-seq:EP300,ChIP-seq:POLR2A,0.0029608215446825376,16.0,ChIP-seq:EP300 x ChIP-seq:POLR2A
UBERON:0001159,ChIP-seq:EP300,ChIP-seq:POLR2AphosphoS5,0.11254020837637096,16.0,ChIP-seq:EP300 x ChIP-seq:POLR2AphosphoS5
UBERON:0001134,ChIP-seq:H3K27ac,ChIP-seq:H3K27me3,-0.01460679863081422,3.0,ChIP-seq:H3K27ac x ChIP-seq:H3K27me3
UBERON:0001134,ChIP-seq:H3K27ac,ChIP-seq:H3K36me3,-0.015395568099384214,3.0,ChIP-seq:H3K27ac x ChIP-seq:H3K36me3
UBERON:0001134,ChIP-seq:H3K27ac,ChIP-seq:H3K4me1,0.1802415275748396,3.0,ChIP-seq:H3K27ac x ChIP-seq:H3K4me1
UBERON:0001134,ChIP-seq:H3K27ac,ChIP-seq:H3K4me3,0.18061640676758098,3.0,ChIP-seq:H3K27ac x ChIP-seq:H3K4me3
UBERON:0001134,ChIP-seq:H3K27ac,ChIP-seq:H3K9ac,0.3018209934234619,3.0,ChIP-seq:H3K27ac x ChIP-seq:H3K9ac
UBERON:0001134,ChIP-seq:H3K27ac,ChIP-seq:H3K9me3,-0.02856534281692936,3.0,ChIP-seq:H3K27ac x ChIP-seq:H3K9me3
UBERON:0001134,ChIP-seq:H3K27ac,RNA-seq,0.005084056730013543,2.0,ChIP-seq:H3K27ac x RNA-seq
UBERON:0001134,ChIP-seq:H3K27me3,ChIP-seq:H3K27ac,-0.02339705944429209,3.0,ChIP-seq:H3K27ac x ChIP-seq:H3K27me3
UBERON:0001134,ChIP-seq:H3K27me3,ChIP-seq:H3K36me3,-0.04658956713288297,9.0,ChIP-seq:H3K27me3 x ChIP-seq:H3K36me3
UBERON:0001134,ChIP-seq:H3K27me3,ChIP-seq:H3K4me1,-0.035383966343161245,9.0,ChIP-seq:H3K27me3 x ChIP-seq:H3K4me1
UBERON:0001134,ChIP-seq:H3K27me3,ChIP-seq:H3K4me3,-0.023482294044864013,9.0,ChIP-seq:H3K27me3 x ChIP-seq:H3K4me3
UBERON:0001134,ChIP-seq:H3K27me3,ChIP-seq:H3K9ac,-0.06496975156995985,9.0,ChIP-seq:H3K27me3 x ChIP-seq:H3K9ac
UBERON:0001134,ChIP-seq:H3K27me3,ChIP-seq:H3K9me3,0.1591129377063385,9.0,ChIP-seq:H3K27me3 x ChIP-seq:H3K9me3
UBERON:0001134,ChIP-seq:H3K27me3,RNA-seq,-0.019876442331992303,6.0,ChIP-seq:H3K27me3 x RNA-seq
UBERON:0001134,ChIP-seq:H3K36me3,ChIP-seq:H3K27ac,-0.040114437931297736,3.0,ChIP-seq:H3K27ac x ChIP-seq:H3K36me3
UBERON:0001134,ChIP-seq:H3K36me3,ChIP-seq:H3K27me3,-0.04894537919559528,9.0,ChIP-seq:H3K27me3 x ChIP-seq:H3K36me3
UBERON:0001134,ChIP-seq:H3K36me3,ChIP-seq:H3K4me1,-0.020928935726629218,9.0,ChIP-seq:H3K36me3 x ChIP-seq:H3K4me1
UBERON:0001134,ChIP-seq:H3K36me3,ChIP-seq:H3K4me3,0.05636881765252174,9.0,ChIP-seq:H3K36me3 x ChIP-seq:H3K4me3
UBERON:0001134,ChIP-seq:H3K36me3,ChIP-seq:H3K9ac,0.04472380876541138,9.0,ChIP-seq:H3K36me3 x ChIP-seq:H3K9ac
UBERON:0001134,ChIP-seq:H3K36me3,ChIP-seq:H3K9me3,0.10195903971145831,9.0,ChIP-seq:H3K36me3 x ChIP-seq:H3K9me3
UBERON:0001134,ChIP-seq:H3K36me3,RNA-seq,0.0241493122546027,6.0,ChIP-seq:H3K36me3 x RNA-seq
UBERON:0001134,ChIP-seq:H3K4me1,ChIP-seq:H3K27ac,0.17368087160243909,3.0,ChIP-seq:H3K27ac x ChIP-seq:H3K4me1
UBERON:0001134,ChIP-seq:H3K4me1,ChIP-seq:H3K27me3,-0.01556079971389869,9.0,ChIP-seq:H3K27me3 x ChIP-seq:H3K4me1
UBERON:0001134,ChIP-seq:H3K4me1,ChIP-seq:H3K36me3,-0.008740862440793768,9.0,ChIP-seq:H3K36me3 x ChIP-seq:H3K4me1
UBERON:0001134,ChIP-seq:H3K4me1,ChIP-seq:H3K4me3,0.09910740762809073,9.0,ChIP-seq:H3K4me1 x ChIP-seq:H3K4me3
UBERON:0001134,ChIP-seq:H3K4me1,ChIP-seq:H3K9ac,0.05747754375139873,9.0,ChIP-seq:H3K4me1 x ChIP-seq:H3K9ac
UBERON:0001134,ChIP-seq:H3K4me1,ChIP-seq:H3K9me3,0.024649465600425018,9.0,ChIP-seq:H3K4me1 x ChIP-seq:H3K9me3
UBERON:0001134,ChIP-seq:H3K4me1,RNA-seq,-0.003471024881155577,6.0,ChIP-seq:H3K4me1 x RNA-seq
UBERON:0001134,ChIP-seq:H3K4me3,ChIP-seq:H3K27ac,0.17811423466529375,3.0,ChIP-seq:H3K27ac x ChIP-seq:H3K4me3
UBERON:0001134,ChIP-seq:H3K4me3,ChIP-seq:H3K27me3,-0.021421027333699456,9.0,ChIP-seq:H3K27me3 x ChIP-seq:H3K4me3
UBERON:0001134,ChIP-seq:H3K4me3,ChIP-seq:H3K36me3,0.0752039666481834,9.0,ChIP-seq:H3K36me3 x ChIP-seq:H3K4me3
UBERON:0001134,ChIP-seq:H3K4me3,ChIP-seq:H3K4me1,0.09233231218452129,9.0,ChIP-seq:H3K4me1 x ChIP-seq:H3K4me3
UBERON:0001134,ChIP-seq:H3K4me3,ChIP-seq:H3K9ac,0.37205547756618923,9.0,ChIP-seq:H3K4me3 x ChIP-seq:H3K9ac
UBERON:0001134,ChIP-seq:H3K4me3,ChIP-seq:H3K9me3,0.054199650462737864,9.0,ChIP-seq:H3K4me3 x ChIP-seq:H3K9me3
UBERON:0001134,ChIP-seq:H3K4me3,RNA-seq,-0.00561698864648158,6.0,ChIP-seq:H3K4me3 x RNA-seq
UBERON:0001134,ChIP-seq:H3K9ac,ChIP-seq:H3K27ac,0.3045589835555465,3.0,ChIP-seq:H3K27ac x ChIP-seq:H3K9ac
UBERON:0001134,ChIP-seq:H3K9ac,ChIP-seq:H3K27me3,-0.04730709578639777,9.0,ChIP-seq:H3K27me3 x ChIP-seq:H3K9ac
UBERON:0001134,ChIP-seq:H3K9ac,ChIP-seq:H3K36me3,0.08804293806469306,9.0,ChIP-seq:H3K36me3 x ChIP-seq:H3K9ac
UBERON:0001134,ChIP-seq:H3K9ac,ChIP-seq:H3K4me1,0.0707402903227288,9.0,ChIP-seq:H3K4me1 x ChIP-seq:H3K9ac
UBERON:0001134,ChIP-seq:H3K9ac,ChIP-seq:H3K4me3,0.3996274019817418,9.0,ChIP-seq:H3K4me3 x ChIP-seq:H3K9ac
UBERON:0001134,ChIP-seq:H3K9ac,ChIP-seq:H3K9me3,-0.01988990669421108,9.0,ChIP-seq:H3K9ac x ChIP-seq:H3K9me3
UBERON:0001134,ChIP-seq:H3K9ac,RNA-seq,-0.0036186446594968606,6.0,ChIP-seq:H3K9ac x RNA-seq
UBERON:0001134,ChIP-seq:H3K9me3,ChIP-seq:H3K27ac,-0.029145852283195214,3.0,ChIP-seq:H3K27ac x ChIP-seq:H3K9me3
UBERON:0001134,ChIP-seq:H3K9me3,ChIP-seq:H3K27me3,0.12206117034882538,9.0,ChIP-seq:H3K27me3 x ChIP-seq:H3K9me3
UBERON:0001134,ChIP-seq:H3K9me3,ChIP-seq:H3K36me3,0.09502795921219154,9.0,ChIP-seq:H3K36me3 x ChIP-seq:H3K9me3
UBERON:0001134,ChIP-seq:H3K9me3,ChIP-seq:H3K4me1,0.006859131930657507,9.0,ChIP-seq:H3K4me1 x ChIP-seq:H3K9me3
UBERON:0001134,ChIP-seq:H3K9me3,ChIP-seq:H3K4me3,0.07392483455287832,9.0,ChIP-seq:H3K4me3 x ChIP-seq:H3K9me3
UBERON:0001134,ChIP-seq:H3K9me3,ChIP-seq:H3K9ac,-0.02604506578710344,9.0,ChIP-seq:H3K9ac x ChIP-seq:H3K9me3
UBERON:0001134,ChIP-seq:H3K9me3,RNA-seq,-0.024890993613456022,6.0,ChIP-seq:H3K9me3 x RNA-seq
UBERON:0001134,RNA-seq,ChIP-seq:H3K27ac,0.007906119948551978,2.0,ChIP-seq:H3K27ac x RNA-seq
UBERON:0001134,RNA-seq,ChIP-seq:H3K27me3,-0.029052655710730443,6.0,ChIP-seq:H3K27me3 x RNA-seq
UBERON:0001134,RNA-seq,ChIP-seq:H3K36me3,0.030110724044568608,6.0,ChIP-seq:H3K36me3 x RNA-seq
UBERON:0001134,RNA-seq,ChIP-seq:H3K4me1,-0.004476920125030336,6.0,ChIP-seq:H3K4me1 x RNA-seq
UBERON:0001134,RNA-seq,ChIP-seq:H3K4me3,0.002613870016006237,6.0,ChIP-seq:H3K4me3 x RNA-seq
UBERON:0001134,RNA-seq,ChIP-seq:H3K9ac,0.006267886608839037,6.0,ChIP-seq:H3K9ac x RNA-seq
UBERON:0001134,RNA-seq,ChIP-seq:H3K9me3,-0.032199617580505414,6.0,ChIP-seq:H3K9me3 x RNA-seq
UBERON:0002097,DNase-seq,RNA-seq,0.005675396181869841,2.0,DNase-seq x RNA-seq
UBERON:0002097,RNA-seq,DNase-seq,-0.0022283367199732278,2.0,DNase-seq x RNA-seq
UBERON:0002108,DNase-seq,ChIP-seq:H3K27ac,-0.032029035581232865,48.0,ChIP-seq:H3K27ac x DNase-seq
UBERON:0002108,DNase-seq,ChIP-seq:H3K27me3,-0.010010284277819848,36.0,ChIP-seq:H3K27me3 x DNase-seq
UBERON:0002108,DNase-seq,ChIP-seq:H3K36me3,-0.013581618826019572,36.0,ChIP-seq:H3K36me3 x DNase-seq
UBERON:0002108,DNase-seq,ChIP-seq:H3K4me1,-0.11410769474520935,36.0,ChIP-seq:H3K4me1 x DNase-seq
UBERON:0002108,DNase-seq,ChIP-seq:H3K4me3,-0.02244289697429197,36.0,ChIP-seq:H3K4me3 x DNase-seq
UBERON:0002108,DNase-seq,ChIP-seq:H3K9me3,-0.019620217845938304,36.0,ChIP-seq:H3K9me3 x DNase-seq
UBERON:0002108,DNase-seq,polyA plus RNA-seq,-0.006124917700438239,168.0,DNase-seq x polyA plus RNA-seq
UBERON:0002108,ChIP-seq:H3K27ac,DNase-seq,-0.02067159628741956,48.0,ChIP-seq:H3K27ac x DNase-seq
UBERON:0002108,ChIP-seq:H3K27ac,ChIP-seq:H3K27me3,0.02607599951962168,12.0,ChIP-seq:H3K27ac x ChIP-seq:H3K27me3
UBERON:0002108,ChIP-seq:H3K27ac,ChIP-seq:H3K36me3,-0.007263037749630882,12.0,ChIP-seq:H3K27ac x ChIP-seq:H3K36me3
UBERON:0002108,ChIP-seq:H3K27ac,ChIP-seq:H3K4me1,0.04025968756431188,12.0,ChIP-seq:H3K27ac x ChIP-seq:H3K4me1
UBERON:0002108,ChIP-seq:H3K27ac,ChIP-seq:H3K4me3,0.11547997971655619,12.0,ChIP-seq:H3K27ac x ChIP-seq:H3K4me3
UBERON:0002108,ChIP-seq:H3K27ac,ChIP-seq:H3K9me3,0.027847644046875043,12.0,ChIP-seq:H3K27ac x ChIP-seq:H3K9me3
UBERON:0002108,ChIP-seq:H3K27ac,polyA plus RNA-seq,0.021804296841506185,56.0,ChIP-seq:H3K27ac x polyA plus RNA-seq
UBERON:0002108,ChIP-seq:H3K27me3,DNase-seq,-0.02278213026872598,36.0,ChIP-seq:H3K27me3 x DNase-seq
UBERON:0002108,ChIP-seq:H3K27me3,ChIP-seq:H3K27ac,0.02563356506624562,12.0,ChIP-seq:H3K27ac x ChIP-seq:H3K27me3
UBERON:0002108,ChIP-seq:H3K27me3,ChIP-seq:H3K36me3,-0.044619891298929286,9.0,ChIP-seq:H3K27me3 x ChIP-seq:H3K36me3
UBERON:0002108,ChIP-seq:H3K27me3,ChIP-seq:H3K4me1,-0.04115809183181132,9.0,ChIP-seq:H3K27me3 x ChIP-seq:H3K4me1
UBERON:0002108,ChIP-seq:H3K27me3,ChIP-seq:H3K4me3,-0.004693085085804662,9.0,ChIP-seq:H3K27me3 x ChIP-seq:H3K4me3
UBERON:0002108,ChIP-seq:H3K27me3,ChIP-seq:H3K9me3,0.04130052700779084,9.0,ChIP-seq:H3K27me3 x ChIP-seq:H3K9me3
UBERON:0002108,ChIP-seq:H3K27me3,polyA plus RNA-seq,-0.002749954667050269,42.0,ChIP-seq:H3K27me3 x polyA plus RNA-seq
UBERON:0002108,ChIP-seq:H3K36me3,DNase-seq,-0.013914094689241372,36.0,ChIP-seq:H3K36me3 x DNase-seq
UBERON:0002108,ChIP-seq:H3K36me3,ChIP-seq:H3K27ac,0.006792966042112254,12.0,ChIP-seq:H3K27ac x ChIP-seq:H3K36me3
UBERON:0002108,ChIP-seq:H3K36me3,ChIP-seq:H3K27me3,-0.035224258399132916,9.0,ChIP-seq:H3K27me3 x ChIP-seq:H3K36me3
UBERON:0002108,ChIP-seq:H3K36me3,ChIP-seq:H3K4me1,0.05871091206286271,9.0,ChIP-seq:H3K36me3 x ChIP-seq:H3K4me1
UBERON:0002108,ChIP-seq:H3K36me3,ChIP-seq:H3K4me3,0.030718827284930833,9.0,ChIP-seq:H3K36me3 x ChIP-seq:H3K4me3
UBERON:0002108,ChIP-seq:H3K36me3,ChIP-seq:H3K9me3,0.08651878649681077,9.0,ChIP-seq:H3K36me3 x ChIP-seq:H3K9me3
UBERON:0002108,ChIP-seq:H3K36me3,polyA plus RNA-seq,0.02537715040864253,42.0,ChIP-seq:H3K36me3 x polyA plus RNA-seq
UBERON:0002108,ChIP-seq:H3K4me1,DNase-seq,-0.10163891662365546,36.0,ChIP-seq:H3K4me1 x DNase-seq
UBERON:0002108,ChIP-seq:H3K4me1,ChIP-seq:H3K27ac,0.04879505185711058,12.0,ChIP-seq:H3K27ac x ChIP-seq:H3K4me1
UBERON:0002108,ChIP-seq:H3K4me1,ChIP-seq:H3K27me3,-0.030953981492485495,9.0,ChIP-seq:H3K27me3 x ChIP-seq:H3K4me1
UBERON:0002108,ChIP-seq:H3K4me1,ChIP-seq:H3K36me3,0.05539649983495031,9.0,ChIP-seq:H3K36me3 x ChIP-seq:H3K4me1
UBERON:0002108,ChIP-seq:H3K4me1,ChIP-seq:H3K4me3,-0.035114776360596844,9.0,ChIP-seq:H3K4me1 x ChIP-seq:H3K4me3
UBERON:0002108,ChIP-seq:H3K4me1,ChIP-seq:H3K9me3,0.09080566928885077,9.0,ChIP-seq:H3K4me1 x ChIP-seq:H3K9me3
UBERON:0002108,ChIP-seq:H3K4me1,polyA plus RNA-seq,-0.004967032502865544,42.0,ChIP-seq:H3K4me1 x polyA plus RNA-seq
UBERON:0002108,ChIP-seq:H3K4me3,DNase-seq,-0.009570586197800948,36.0,ChIP-seq:H3K4me3 x DNase-seq
UBERON:0002108,ChIP-seq:H3K4me3,ChIP-seq:H3K27ac,0.09699592150482242,12.0,ChIP-seq:H3K27ac x ChIP-seq:H3K4me3
UBERON:0002108,ChIP-seq:H3K4me3,ChIP-seq:H3K27me3,-0.0056659304356390175,9.0,ChIP-seq:H3K27me3 x ChIP-seq:H3K4me3
UBERON:0002108,ChIP-seq:H3K4me3,ChIP-seq:H3K36me3,0.022629384830177932,9.0,ChIP-seq:H3K36me3 x ChIP-seq:H3K4me3
UBERON:0002108,ChIP-seq:H3K4me3,ChIP-seq:H3K4me1,-0.041065650108533025,9.0,ChIP-seq:H3K4me1 x ChIP-seq:H3K4me3
UBERON:0002108,ChIP-seq:H3K4me3,ChIP-seq:H3K9me3,0.055123980772697326,9.0,ChIP-seq:H3K4me3 x ChIP-seq:H3K9me3
UBERON:0002108,ChIP-seq:H3K4me3,polyA plus RNA-seq,0.009047694574797812,42.0,ChIP-seq:H3K4me3 x polyA plus RNA-seq
UBERON:0002108,ChIP-seq:H3K9me3,DNase-seq,-0.024787030312539832,36.0,ChIP-seq:H3K9me3 x DNase-seq
UBERON:0002108,ChIP-seq:H3K9me3,ChIP-seq:H3K27ac,0.028083010320893373,12.0,ChIP-seq:H3K27ac x ChIP-seq:H3K9me3
UBERON:0002108,ChIP-seq:H3K9me3,ChIP-seq:H3K27me3,0.03853506311889767,9.0,ChIP-seq:H3K27me3 x ChIP-seq:H3K9me3
UBERON:0002108,ChIP-seq:H3K9me3,ChIP-seq:H3K36me3,0.06053384130934626,9.0,ChIP-seq:H3K36me3 x ChIP-seq:H3K9me3
UBERON:0002108,ChIP-seq:H3K9me3,ChIP-seq:H3K4me1,0.07872964436317975,9.0,ChIP-seq:H3K4me1 x ChIP-seq:H3K9me3
UBERON:0002108,ChIP-seq:H3K9me3,ChIP-seq:H3K4me3,0.051253023375181346,9.0,ChIP-seq:H3K4me3 x ChIP-seq:H3K9me3
UBERON:0002108,ChIP-seq:H3K9me3,polyA plus RNA-seq,-0.005494712209346117,42.0,ChIP-seq:H3K9me3 x polyA plus RNA-seq
UBERON:0002108,polyA plus RNA-seq,DNase-seq,-0.0014458160878399152,168.0,DNase-seq x polyA plus RNA-seq
UBERON:0002108,polyA plus RNA-seq,ChIP-seq:H3K27ac,0.008374894752442463,56.0,ChIP-seq:H3K27ac x polyA plus RNA-seq
UBERON:0002108,polyA plus RNA-seq,ChIP-seq:H3K27me3,-0.004223230471246662,42.0,ChIP-seq:H3K27me3 x polyA plus RNA-seq
UBERON:0002108,polyA plus RNA-seq,ChIP-seq:H3K36me3,0.011808111584456722,42.0,ChIP-seq:H3K36me3 x polyA plus RNA-seq
UBERON:0002108,polyA plus RNA-seq,ChIP-seq:H3K4me1,-0.007544574985199733,42.0,ChIP-seq:H3K4me1 x polyA plus RNA-seq
UBERON:0002108,polyA plus RNA-seq,ChIP-seq:H3K4me3,-0.00378973271365457,42.0,ChIP-seq:H3K4me3 x polyA plus RNA-seq
UBERON:0002108,polyA plus RNA-seq,ChIP-seq:H3K9me3,0.002079591028771158,42.0,ChIP-seq:H3K9me3 x polyA plus RNA-seq
UBERON:0002240,DNase-seq,ChIP-seq:H3K27ac,0.07481941102463521,6.0,ChIP-seq:H3K27ac x DNase-seq
UBERON:0002240,DNase-seq,ChIP-seq:H3K27me3,-0.010222761338697997,6.0,ChIP-seq:H3K27me3 x DNase-seq
UBERON:0002240,DNase-seq,ChIP-seq:H3K36me3,-0.00325858380441838,6.0,ChIP-seq:H3K36me3 x DNase-seq
UBERON:0002240,DNase-seq,ChIP-seq:H3K4me1,-0.01253903991934182,6.0,ChIP-seq:H3K4me1 x DNase-seq
UBERON:0002240,DNase-seq,ChIP-seq:H3K4me3,0.057037028878234156,6.0,ChIP-seq:H3K4me3 x DNase-seq
UBERON:0002240,DNase-seq,ChIP-seq:H3K9me3,-0.0022048760392812394,6.0,ChIP-seq:H3K9me3 x DNase-seq
UBERON:0002240,DNase-seq,polyA plus RNA-seq,0.005262622472749171,12.0,DNase-seq x polyA plus RNA-seq
UBERON:0002240,DNase-seq,RNA-seq,0.009934179351071097,12.0,DNase-seq x RNA-seq
UBERON:0002240,ChIP-seq:H3K27ac,DNase-seq,0.047618766625722245,6.0,ChIP-seq:H3K27ac x DNase-seq
UBERON:0002240,ChIP-seq:H3K27ac,ChIP-seq:H3K27me3,0.02394920219292586,1.0,ChIP-seq:H3K27ac x ChIP-seq:H3K27me3
UBERON:0002240,ChIP-seq:H3K27ac,ChIP-seq:H3K36me3,0.02608338374861334,1.0,ChIP-seq:H3K27ac x ChIP-seq:H3K36me3
UBERON:0002240,ChIP-seq:H3K27ac,ChIP-seq:H3K4me1,0.1497794179164845,1.0,ChIP-seq:H3K27ac x ChIP-seq:H3K4me1
UBERON:0002240,ChIP-seq:H3K27ac,ChIP-seq:H3K4me3,0.33833526262017183,1.0,ChIP-seq:H3K27ac x ChIP-seq:H3K4me3
UBERON:0002240,ChIP-seq:H3K27ac,ChIP-seq:H3K9me3,-0.013511587878657952,1.0,ChIP-seq:H3K27ac x ChIP-seq:H3K9me3
UBERON:0002240,ChIP-seq:H3K27ac,polyA plus RNA-seq,0.013916996881408471,2.0,ChIP-seq:H3K27ac x polyA plus RNA-seq
UBERON:0002240,ChIP-seq:H3K27ac,RNA-seq,0.024129031867277426,2.0,ChIP-seq:H3K27ac x RNA-seq
UBERON:0002240,ChIP-seq:H3K27me3,DNase-seq,-0.027971858779589336,6.0,ChIP-seq:H3K27me3 x DNase-seq
UBERON:0002240,ChIP-seq:H3K27me3,ChIP-seq:H3K27ac,0.019970919890904132,1.0,ChIP-seq:H3K27ac x ChIP-seq:H3K27me3
UBERON:0002240,ChIP-seq:H3K27me3,ChIP-seq:H3K36me3,-0.020665965314028124,1.0,ChIP-seq:H3K27me3 x ChIP-seq:H3K36me3
UBERON:0002240,ChIP-seq:H3K27me3,ChIP-seq:H3K4me1,0.08066209114116171,1.0,ChIP-seq:H3K27me3 x ChIP-seq:H3K4me1
UBERON:0002240,ChIP-seq:H3K27me3,ChIP-seq:H3K4me3,0.02490646842607232,1.0,ChIP-seq:H3K27me3 x ChIP-seq:H3K4me3
UBERON:0002240,ChIP-seq:H3K27me3,ChIP-seq:H3K9me3,0.07074943405456383,1.0,ChIP-seq:H3K27me3 x ChIP-seq:H3K9me3
UBERON:0002240,ChIP-seq:H3K27me3,polyA plus RNA-seq,0.013352143564888605,2.0,ChIP-seq:H3K27me3 x polyA plus RNA-seq
UBERON:0002240,ChIP-seq:H3K27me3,RNA-seq,0.0011607640590824073,2.0,ChIP-seq:H3K27me3 x RNA-seq
UBERON:0002240,ChIP-seq:H3K36me3,DNase-seq,-0.021485185250639915,6.0,ChIP-seq:H3K36me3 x DNase-seq
UBERON:0002240,ChIP-seq:H3K36me3,ChIP-seq:H3K27ac,0.022826798306203183,1.0,ChIP-seq:H3K27ac x ChIP-seq:H3K36me3
UBERON:0002240,ChIP-seq:H3K36me3,ChIP-seq:H3K27me3,0.0028635774921069203,1.0,ChIP-seq:H3K27me3 x ChIP-seq:H3K36me3
UBERON:0002240,ChIP-seq:H3K36me3,ChIP-seq:H3K4me1,0.056067886559859566,1.0,ChIP-seq:H3K36me3 x ChIP-seq:H3K4me1
UBERON:0002240,ChIP-seq:H3K36me3,ChIP-seq:H3K4me3,0.01823559140050134,1.0,ChIP-seq:H3K36me3 x ChIP-seq:H3K4me3
UBERON:0002240,ChIP-seq:H3K36me3,ChIP-seq:H3K9me3,0.02294440688201169,1.0,ChIP-seq:H3K36me3 x ChIP-seq:H3K9me3
UBERON:0002240,ChIP-seq:H3K36me3,polyA plus RNA-seq,0.040139933541032846,2.0,ChIP-seq:H3K36me3 x polyA plus RNA-seq
UBERON:0002240,ChIP-seq:H3K36me3,RNA-seq,-0.009318566399100794,2.0,ChIP-seq:H3K36me3 x RNA-seq
UBERON:0002240,ChIP-seq:H3K4me1,DNase-seq,-0.015579884250958761,6.0,ChIP-seq:H3K4me1 x DNase-seq
UBERON:0002240,ChIP-seq:H3K4me1,ChIP-seq:H3K27ac,0.12800744231100436,1.0,ChIP-seq:H3K27ac x ChIP-seq:H3K4me1
UBERON:0002240,ChIP-seq:H3K4me1,ChIP-seq:H3K27me3,0.093698650598526,1.0,ChIP-seq:H3K27me3 x ChIP-seq:H3K4me1
UBERON:0002240,ChIP-seq:H3K4me1,ChIP-seq:H3K36me3,0.054255719222719705,1.0,ChIP-seq:H3K36me3 x ChIP-seq:H3K4me1
UBERON:0002240,ChIP-seq:H3K4me1,ChIP-seq:H3K4me3,0.008716908443805783,1.0,ChIP-seq:H3K4me1 x ChIP-seq:H3K4me3
UBERON:0002240,ChIP-seq:H3K4me1,ChIP-seq:H3K9me3,0.05430764334494841,1.0,ChIP-seq:H3K4me1 x ChIP-seq:H3K9me3
UBERON:0002240,ChIP-seq:H3K4me1,polyA plus RNA-seq,0.013393558060115251,2.0,ChIP-seq:H3K4me1 x polyA plus RNA-seq
UBERON:0002240,ChIP-seq:H3K4me1,RNA-seq,0.0053766127544906716,2.0,ChIP-seq:H3K4me1 x RNA-seq
UBERON:0002240,ChIP-seq:H3K4me3,DNase-seq,0.034293919801712036,6.0,ChIP-seq:H3K4me3 x DNase-seq
UBERON:0002240,ChIP-seq:H3K4me3,ChIP-seq:H3K27ac,0.31345502461916136,1.0,ChIP-seq:H3K27ac x ChIP-seq:H3K4me3
UBERON:0002240,ChIP-seq:H3K4me3,ChIP-seq:H3K27me3,0.02938413286003573,1.0,ChIP-seq:H3K27me3 x ChIP-seq:H3K4me3
UBERON:0002240,ChIP-seq:H3K4me3,ChIP-seq:H3K36me3,0.022598473483292515,1.0,ChIP-seq:H3K36me3 x ChIP-seq:H3K4me3
UBERON:0002240,ChIP-seq:H3K4me3,ChIP-seq:H3K4me1,0.02723005640765895,1.0,ChIP-seq:H3K4me1 x ChIP-seq:H3K4me3
UBERON:0002240,ChIP-seq:H3K4me3,ChIP-seq:H3K9me3,-0.005374874154823786,1.0,ChIP-seq:H3K4me3 x ChIP-seq:H3K9me3
UBERON:0002240,ChIP-seq:H3K4me3,polyA plus RNA-seq,0.009016078947522918,2.0,ChIP-seq:H3K4me3 x polyA plus RNA-seq
UBERON:0002240,ChIP-seq:H3K4me3,RNA-seq,0.01537902313840752,2.0,ChIP-seq:H3K4me3 x RNA-seq
UBERON:0002240,ChIP-seq:H3K9me3,DNase-seq,-0.011453330516815187,6.0,ChIP-seq:H3K9me3 x DNase-seq
UBERON:0002240,ChIP-seq:H3K9me3,ChIP-seq:H3K27ac,0.0026541343016296993,1.0,ChIP-seq:H3K27ac x ChIP-seq:H3K9me3
UBERON:0002240,ChIP-seq:H3K9me3,ChIP-seq:H3K27me3,0.06999686368923078,1.0,ChIP-seq:H3K27me3 x ChIP-seq:H3K9me3
UBERON:0002240,ChIP-seq:H3K9me3,ChIP-seq:H3K36me3,7.563565300885977e-05,1.0,ChIP-seq:H3K36me3 x ChIP-seq:H3K9me3
UBERON:0002240,ChIP-seq:H3K9me3,ChIP-seq:H3K4me1,0.04963165586409361,1.0,ChIP-seq:H3K4me1 x ChIP-seq:H3K9me3
UBERON:0002240,ChIP-seq:H3K9me3,ChIP-seq:H3K4me3,0.010909841725126256,1.0,ChIP-seq:H3K4me3 x ChIP-seq:H3K9me3
UBERON:0002240,ChIP-seq:H3K9me3,polyA plus RNA-seq,0.0086304853406113,2.0,ChIP-seq:H3K9me3 x polyA plus RNA-seq
UBERON:0002240,ChIP-seq:H3K9me3,RNA-seq,-0.009148752916085183,2.0,ChIP-seq:H3K9me3 x RNA-seq
UBERON:0002240,polyA plus RNA-seq,DNase-seq,0.0006982594107588134,12.0,DNase-seq x polyA plus RNA-seq
UBERON:0002240,polyA plus RNA-seq,ChIP-seq:H3K27ac,0.012901344049124068,2.0,ChIP-seq:H3K27ac x polyA plus RNA-seq
UBERON:0002240,polyA plus RNA-seq,ChIP-seq:H3K27me3,0.006999698071472946,2.0,ChIP-seq:H3K27me3 x polyA plus RNA-seq
UBERON:0002240,polyA plus RNA-seq,ChIP-seq:H3K36me3,0.010696290346680494,2.0,ChIP-seq:H3K36me3 x polyA plus RNA-seq
UBERON:0002240,polyA plus RNA-seq,ChIP-seq:H3K4me1,0.00038759750516518393,2.0,ChIP-seq:H3K4me1 x polyA plus RNA-seq
UBERON:0002240,polyA plus RNA-seq,ChIP-seq:H3K4me3,0.009010644586280335,2.0,ChIP-seq:H3K4me3 x polyA plus RNA-seq
UBERON:0002240,polyA plus RNA-seq,ChIP-seq:H3K9me3,0.00044745628269358094,2.0,ChIP-seq:H3K9me3 x polyA plus RNA-seq
UBERON:0002240,polyA plus RNA-seq,RNA-seq,0.08792579735888809,4.0,RNA-seq x polyA plus RNA-seq
UBERON:0002240,RNA-seq,DNase-seq,0.006646174937486648,12.0,DNase-seq x RNA-seq
UBERON:0002240,RNA-seq,ChIP-seq:H3K27ac,0.029512609780570607,2.0,ChIP-seq:H3K27ac x RNA-seq
UBERON:0002240,RNA-seq,ChIP-seq:H3K27me3,-0.013100601647092008,2.0,ChIP-seq:H3K27me3 x RNA-seq
UBERON:0002240,RNA-seq,ChIP-seq:H3K36me3,-0.020812052346411203,2.0,ChIP-seq:H3K36me3 x RNA-seq
UBERON:0002240,RNA-seq,ChIP-seq:H3K4me1,-0.005905026488977928,2.0,ChIP-seq:H3K4me1 x RNA-seq
UBERON:0002240,RNA-seq,ChIP-seq:H3K4me3,0.016171105847109197,2.0,ChIP-seq:H3K4me3 x RNA-seq
UBERON:0002240,RNA-seq,ChIP-seq:H3K9me3,-0.013265452107060805,2.0,ChIP-seq:H3K9me3 x RNA-seq
UBERON:0002240,RNA-seq,polyA plus RNA-seq,0.10042116016064129,4.0,RNA-seq x polyA plus RNA-seq
UBERON:0002106,DNase-seq,ChIP-seq:H3K27ac,0.027184359494995022,8.0,ChIP-seq:H3K27ac x DNase-seq
UBERON:0002106,DNase-seq,ChIP-seq:H3K27me3,0.002728263782553895,6.0,ChIP-seq:H3K27me3 x DNase-seq
UBERON:0002106,DNase-seq,ChIP-seq:H3K36me3,-0.0015043898879047385,6.0,ChIP-seq:H3K36me3 x DNase-seq
UBERON:0002106,DNase-seq,ChIP-seq:H3K4me1,0.018231715201894882,6.0,ChIP-seq:H3K4me1 x DNase-seq
UBERON:0002106,DNase-seq,ChIP-seq:H3K4me3,0.0109200613319594,6.0,ChIP-seq:H3K4me3 x DNase-seq
UBERON:0002106,DNase-seq,ChIP-seq:H3K9me3,-0.004040695811058842,6.0,ChIP-seq:H3K9me3 x DNase-seq
UBERON:0002106,DNase-seq,ChIP-seq:CTCF,0.02911585557340371,10.0,ChIP-seq:CTCF x DNase-seq
UBERON:0002106,DNase-seq,polyA plus RNA-seq,-0.006939714346244887,20.0,DNase-seq x polyA plus RNA-seq
UBERON:0002106,DNase-seq,RNA-seq,-0.000558466725524957,32.0,DNase-seq x RNA-seq
UBERON:0002106,DNase-seq,ChIP-seq:POLR2A,-0.0032113249655123105,8.0,ChIP-seq:POLR2A x DNase-seq
UBERON:0002106,DNase-seq,ChIP-seq:POLR2AphosphoS5,0.0005191697014702845,6.0,ChIP-seq:POLR2AphosphoS5 x DNase-seq
UBERON:0002106,ChIP-seq:H3K27ac,DNase-seq,-0.016566353667642655,8.0,ChIP-seq:H3K27ac x DNase-seq
UBERON:0002106,ChIP-seq:H3K27ac,ChIP-seq:H3K27me3,-0.017762496316617773,12.0,ChIP-seq:H3K27ac x ChIP-seq:H3K27me3
UBERON:0002106,ChIP-seq:H3K27ac,ChIP-seq:H3K36me3,-0.009991565365643105,12.0,ChIP-seq:H3K27ac x ChIP-seq:H3K36me3
UBERON:0002106,ChIP-seq:H3K27ac,ChIP-seq:H3K4me1,0.0719589779883514,12.0,ChIP-seq:H3K27ac x ChIP-seq:H3K4me1
UBERON:0002106,ChIP-seq:H3K27ac,ChIP-seq:H3K4me3,0.10104774561286531,12.0,ChIP-seq:H3K27ac x ChIP-seq:H3K4me3
UBERON:0002106,ChIP-seq:H3K27ac,ChIP-seq:H3K9me3,-0.0026921111627318762,12.0,ChIP-seq:H3K27ac x ChIP-seq:H3K9me3
UBERON:0002106,ChIP-seq:H3K27ac,ChIP-seq:CTCF,0.0026392590818983125,20.0,ChIP-seq:CTCF x ChIP-seq:H3K27ac
UBERON:0002106,ChIP-seq:H3K27ac,polyA plus RNA-seq,0.007648246597684372,40.0,ChIP-seq:H3K27ac x polyA plus RNA-seq
UBERON:0002106,ChIP-seq:H3K27ac,RNA-seq,0.022905771302614026,64.0,ChIP-seq:H3K27ac x RNA-seq
UBERON:0002106,ChIP-seq:H3K27ac,ChIP-seq:POLR2A,-0.04096462908718321,16.0,ChIP-seq:H3K27ac x ChIP-seq:POLR2A
UBERON:0002106,ChIP-seq:H3K27ac,ChIP-seq:POLR2AphosphoS5,0.03850450118382773,12.0,ChIP-seq:H3K27ac x ChIP-seq:POLR2AphosphoS5
UBERON:0002106,ChIP-seq:H3K27me3,DNase-seq,-0.005324883399294414,6.0,ChIP-seq:H3K27me3 x DNase-seq
UBERON:0002106,ChIP-seq:H3K27me3,ChIP-seq:H3K27ac,-0.04074256848426735,12.0,ChIP-seq:H3K27ac x ChIP-seq:H3K27me3
UBERON:0002106,ChIP-seq:H3K27me3,ChIP-seq:H3K36me3,0.00375666380353578,9.0,ChIP-seq:H3K27me3 x ChIP-seq:H3K36me3
UBERON:0002106,ChIP-seq:H3K27me3,ChIP-seq:H3K4me1,0.042969000499618215,9.0,ChIP-seq:H3K27me3 x ChIP-seq:H3K4me1
UBERON:0002106,ChIP-seq:H3K27me3,ChIP-seq:H3K4me3,0.004835626235776852,9.0,ChIP-seq:H3K27me3 x ChIP-seq:H3K4me3
UBERON:0002106,ChIP-seq:H3K27me3,ChIP-seq:H3K9me3,0.1085722291536924,9.0,ChIP-seq:H3K27me3 x ChIP-seq:H3K9me3
UBERON:0002106,ChIP-seq:H3K27me3,ChIP-seq:CTCF,-0.012819387405006974,15.0,ChIP-seq:CTCF x ChIP-seq:H3K27me3
UBERON:0002106,ChIP-seq:H3K27me3,polyA plus RNA-seq,0.008153172377733657,30.0,ChIP-seq:H3K27me3 x polyA plus RNA-seq
UBERON:0002106,ChIP-seq:H3K27me3,RNA-seq,-0.0026829297909147804,48.0,ChIP-seq:H3K27me3 x RNA-seq
UBERON:0002106,ChIP-seq:H3K27me3,ChIP-seq:POLR2A,-0.00034951786568135357,12.0,ChIP-seq:H3K27me3 x ChIP-seq:POLR2A
UBERON:0002106,ChIP-seq:H3K27me3,ChIP-seq:POLR2AphosphoS5,-0.024682462031458633,9.0,ChIP-seq:H3K27me3 x ChIP-seq:POLR2AphosphoS5
UBERON:0002106,ChIP-seq:H3K36me3,DNase-seq,-0.00628896009599425,6.0,ChIP-seq:H3K36me3 x DNase-seq
UBERON:0002106,ChIP-seq:H3K36me3,ChIP-seq:H3K27ac,-0.015108960762666832,12.0,ChIP-seq:H3K27ac x ChIP-seq:H3K36me3
UBERON:0002106,ChIP-seq:H3K36me3,ChIP-seq:H3K27me3,0.01636955165123755,9.0,ChIP-seq:H3K27me3 x ChIP-seq:H3K36me3
UBERON:0002106,ChIP-seq:H3K36me3,ChIP-seq:H3K4me1,0.011439576544895566,9.0,ChIP-seq:H3K36me3 x ChIP-seq:H3K4me1
UBERON:0002106,ChIP-seq:H3K36me3,ChIP-seq:H3K4me3,0.008365758148157541,9.0,ChIP-seq:H3K36me3 x ChIP-seq:H3K4me3
UBERON:0002106,ChIP-seq:H3K36me3,ChIP-seq:H3K9me3,0.021998373128600042,9.0,ChIP-seq:H3K36me3 x ChIP-seq:H3K9me3
UBERON:0002106,ChIP-seq:H3K36me3,ChIP-seq:CTCF,-0.007913076265492423,15.0,ChIP-seq:CTCF x ChIP-seq:H3K36me3
UBERON:0002106,ChIP-seq:H3K36me3,polyA plus RNA-seq,0.013537681883497792,30.0,ChIP-seq:H3K36me3 x polyA plus RNA-seq
UBERON:0002106,ChIP-seq:H3K36me3,RNA-seq,0.015180754483563944,48.0,ChIP-seq:H3K36me3 x RNA-seq
UBERON:0002106,ChIP-seq:H3K36me3,ChIP-seq:POLR2A,-0.003598498640420996,12.0,ChIP-seq:H3K36me3 x ChIP-seq:POLR2A
UBERON:0002106,ChIP-seq:H3K36me3,ChIP-seq:POLR2AphosphoS5,0.034710084582552495,9.0,ChIP-seq:H3K36me3 x ChIP-seq:POLR2AphosphoS5
UBERON:0002106,ChIP-seq:H3K4me1,DNase-seq,0.009810386705644353,6.0,ChIP-seq:H3K4me1 x DNase-seq
UBERON:0002106,ChIP-seq:H3K4me1,ChIP-seq:H3K27ac,0.05635233588938443,12.0,ChIP-seq:H3K27ac x ChIP-seq:H3K4me1
UBERON:0002106,ChIP-seq:H3K4me1,ChIP-seq:H3K27me3,0.05728759845713929,9.0,ChIP-seq:H3K27me3 x ChIP-seq:H3K4me1
UBERON:0002106,ChIP-seq:H3K4me1,ChIP-seq:H3K36me3,-0.0026854075495855376,9.0,ChIP-seq:H3K36me3 x ChIP-seq:H3K4me1
UBERON:0002106,ChIP-seq:H3K4me1,ChIP-seq:H3K4me3,0.00045564201702720866,9.0,ChIP-seq:H3K4me1 x ChIP-seq:H3K4me3
UBERON:0002106,ChIP-seq:H3K4me1,ChIP-seq:H3K9me3,-0.0004083998290832433,9.0,ChIP-seq:H3K4me1 x ChIP-seq:H3K9me3
UBERON:0002106,ChIP-seq:H3K4me1,ChIP-seq:CTCF,0.02182378716741748,15.0,ChIP-seq:CTCF x ChIP-seq:H3K4me1
UBERON:0002106,ChIP-seq:H3K4me1,polyA plus RNA-seq,0.00011115694092632064,30.0,ChIP-seq:H3K4me1 x polyA plus RNA-seq
UBERON:0002106,ChIP-seq:H3K4me1,RNA-seq,0.014158064380733117,48.0,ChIP-seq:H3K4me1 x RNA-seq
UBERON:0002106,ChIP-seq:H3K4me1,ChIP-seq:POLR2A,0.0014186679029170382,12.0,ChIP-seq:H3K4me1 x ChIP-seq:POLR2A
UBERON:0002106,ChIP-seq:H3K4me1,ChIP-seq:POLR2AphosphoS5,0.0033333110220638354,9.0,ChIP-seq:H3K4me1 x ChIP-seq:POLR2AphosphoS5
UBERON:0002106,ChIP-seq:H3K4me3,DNase-seq,-0.03281381214197558,6.0,ChIP-seq:H3K4me3 x DNase-seq
UBERON:0002106,ChIP-seq:H3K4me3,ChIP-seq:H3K27ac,0.14249398535902394,12.0,ChIP-seq:H3K27ac x ChIP-seq:H3K4me3
UBERON:0002106,ChIP-seq:H3K4me3,ChIP-seq:H3K27me3,0.013649871645047683,9.0,ChIP-seq:H3K27me3 x ChIP-seq:H3K4me3
UBERON:0002106,ChIP-seq:H3K4me3,ChIP-seq:H3K36me3,0.0076541518853380786,9.0,ChIP-seq:H3K36me3 x ChIP-seq:H3K4me3
UBERON:0002106,ChIP-seq:H3K4me3,ChIP-seq:H3K4me1,0.009312454488251236,9.0,ChIP-seq:H3K4me1 x ChIP-seq:H3K4me3
UBERON:0002106,ChIP-seq:H3K4me3,ChIP-seq:H3K9me3,0.030230240745508515,9.0,ChIP-seq:H3K4me3 x ChIP-seq:H3K9me3
UBERON:0002106,ChIP-seq:H3K4me3,ChIP-seq:CTCF,0.01155943553455751,15.0,ChIP-seq:CTCF x ChIP-seq:H3K4me3
UBERON:0002106,ChIP-seq:H3K4me3,polyA plus RNA-seq,0.002412189020322801,30.0,ChIP-seq:H3K4me3 x polyA plus RNA-seq
UBERON:0002106,ChIP-seq:H3K4me3,RNA-seq,0.015441583855869884,48.0,ChIP-seq:H3K4me3 x RNA-seq
UBERON:0002106,ChIP-seq:H3K4me3,ChIP-seq:POLR2A,-0.022702466190597154,12.0,ChIP-seq:H3K4me3 x ChIP-seq:POLR2A
UBERON:0002106,ChIP-seq:H3K4me3,ChIP-seq:POLR2AphosphoS5,0.02639581833356691,9.0,ChIP-seq:H3K4me3 x ChIP-seq:POLR2AphosphoS5
UBERON:0002106,ChIP-seq:H3K9me3,DNase-seq,-0.001484921733333483,6.0,ChIP-seq:H3K9me3 x DNase-seq
UBERON:0002106,ChIP-seq:H3K9me3,ChIP-seq:H3K27ac,-0.01767094870267799,12.0,ChIP-seq:H3K27ac x ChIP-seq:H3K9me3
UBERON:0002106,ChIP-seq:H3K9me3,ChIP-seq:H3K27me3,0.09597309399636834,9.0,ChIP-seq:H3K27me3 x ChIP-seq:H3K9me3
UBERON:0002106,ChIP-seq:H3K9me3,ChIP-seq:H3K36me3,0.004529423183865018,9.0,ChIP-seq:H3K36me3 x ChIP-seq:H3K9me3
UBERON:0002106,ChIP-seq:H3K9me3,ChIP-seq:H3K4me1,0.000684058691701319,9.0,ChIP-seq:H3K4me1 x ChIP-seq:H3K9me3
UBERON:0002106,ChIP-seq:H3K9me3,ChIP-seq:H3K4me3,0.01702779531478882,9.0,ChIP-seq:H3K4me3 x ChIP-seq:H3K9me3
UBERON:0002106,ChIP-seq:H3K9me3,ChIP-seq:CTCF,-0.010294279566517583,15.0,ChIP-seq:CTCF x ChIP-seq:H3K9me3
UBERON:0002106,ChIP-seq:H3K9me3,polyA plus RNA-seq,0.000415598466366034,30.0,ChIP-seq:H3K9me3 x polyA plus RNA-seq
UBERON:0002106,ChIP-seq:H3K9me3,RNA-seq,-0.0024336748609892103,48.0,ChIP-seq:H3K9me3 x RNA-seq
UBERON:0002106,ChIP-seq:H3K9me3,ChIP-seq:POLR2A,0.021401055341149555,12.0,ChIP-seq:H3K9me3 x ChIP-seq:POLR2A
UBERON:0002106,ChIP-seq:H3K9me3,ChIP-seq:POLR2AphosphoS5,-0.016108815592748148,9.0,ChIP-seq:H3K9me3 x ChIP-seq:POLR2AphosphoS5
UBERON:0002106,ChIP-seq:CTCF,DNase-seq,0.017709040395992318,10.0,ChIP-seq:CTCF x DNase-seq
UBERON:0002106,ChIP-seq:CTCF,ChIP-seq:H3K27ac,0.008717608283150869,20.0,ChIP-seq:CTCF x ChIP-seq:H3K27ac
UBERON:0002106,ChIP-seq:CTCF,ChIP-seq:H3K27me3,-0.011724763392477997,15.0,ChIP-seq:CTCF x ChIP-seq:H3K27me3
UBERON:0002106,ChIP-seq:CTCF,ChIP-seq:H3K36me3,-0.009770732847127048,15.0,ChIP-seq:CTCF x ChIP-seq:H3K36me3
UBERON:0002106,ChIP-seq:CTCF,ChIP-seq:H3K4me1,0.0186288772048531,15.0,ChIP-seq:CTCF x ChIP-seq:H3K4me1
UBERON:0002106,ChIP-seq:CTCF,ChIP-seq:H3K4me3,0.019796162423953205,15.0,ChIP-seq:CTCF x ChIP-seq:H3K4me3
UBERON:0002106,ChIP-seq:CTCF,ChIP-seq:H3K9me3,-0.010887697692644797,15.0,ChIP-seq:CTCF x ChIP-seq:H3K9me3
UBERON:0002106,ChIP-seq:CTCF,polyA plus RNA-seq,0.0022891829265527363,50.0,ChIP-seq:CTCF x polyA plus RNA-seq
UBERON:0002106,ChIP-seq:CTCF,RNA-seq,0.005439370406056432,80.0,ChIP-seq:CTCF x RNA-seq
UBERON:0002106,ChIP-seq:CTCF,ChIP-seq:POLR2A,0.03279954857296413,20.0,ChIP-seq:CTCF x ChIP-seq:POLR2A
UBERON:0002106,ChIP-seq:CTCF,ChIP-seq:POLR2AphosphoS5,0.005576536390516501,15.0,ChIP-seq:CTCF x ChIP-seq:POLR2AphosphoS5
UBERON:0002106,polyA plus RNA-seq,DNase-seq,0.00019812851606570563,20.0,DNase-seq x polyA plus RNA-seq
UBERON:0002106,polyA plus RNA-seq,ChIP-seq:H3K27ac,0.011204195228762596,40.0,ChIP-seq:H3K27ac x polyA plus RNA-seq
UBERON:0002106,polyA plus RNA-seq,ChIP-seq:H3K27me3,0.008170536437699962,30.0,ChIP-seq:H3K27me3 x polyA plus RNA-seq
UBERON:0002106,polyA plus RNA-seq,ChIP-seq:H3K36me3,0.012527897013699947,30.0,ChIP-seq:H3K36me3 x polyA plus RNA-seq
UBERON:0002106,polyA plus RNA-seq,ChIP-seq:H3K4me1,0.003182546385041958,30.0,ChIP-seq:H3K4me1 x polyA plus RNA-seq
UBERON:0002106,polyA plus RNA-seq,ChIP-seq:H3K4me3,0.003839811696692813,30.0,ChIP-seq:H3K4me3 x polyA plus RNA-seq
UBERON:0002106,polyA plus RNA-seq,ChIP-seq:H3K9me3,-0.004128619203459746,30.0,ChIP-seq:H3K9me3 x polyA plus RNA-seq
UBERON:0002106,polyA plus RNA-seq,ChIP-seq:CTCF,-5.656811926099984e-05,50.0,ChIP-seq:CTCF x polyA plus RNA-seq
UBERON:0002106,polyA plus RNA-seq,RNA-seq,0.07322423452326518,160.0,RNA-seq x polyA plus RNA-seq
UBERON:0002106,polyA plus RNA-seq,ChIP-seq:POLR2A,0.0022837752545321437,40.0,ChIP-seq:POLR2A x polyA plus RNA-seq
UBERON:0002106,polyA plus RNA-seq,ChIP-seq:POLR2AphosphoS5,0.019156890224527427,30.0,ChIP-seq:POLR2AphosphoS5 x polyA plus RNA-seq
UBERON:0002106,RNA-seq,DNase-seq,0.011273823800909612,32.0,DNase-seq x RNA-seq
UBERON:0002106,RNA-seq,ChIP-seq:H3K27ac,0.023397815185335447,64.0,ChIP-seq:H3K27ac x RNA-seq
UBERON:0002106,RNA-seq,ChIP-seq:H3K27me3,0.003599212266678033,48.0,ChIP-seq:H3K27me3 x RNA-seq
UBERON:0002106,RNA-seq,ChIP-seq:H3K36me3,0.00991513963901635,48.0,ChIP-seq:H3K36me3 x RNA-seq
UBERON:0002106,RNA-seq,ChIP-seq:H3K4me1,0.013135803624605522,48.0,ChIP-seq:H3K4me1 x RNA-seq
UBERON:0002106,RNA-seq,ChIP-seq:H3K4me3,0.01226651780482189,48.0,ChIP-seq:H3K4me3 x RNA-seq
UBERON:0002106,RNA-seq,ChIP-seq:H3K9me3,-0.008118597769552031,48.0,ChIP-seq:H3K9me3 x RNA-seq
UBERON:0002106,RNA-seq,ChIP-seq:CTCF,0.0011834489689631898,80.0,ChIP-seq:CTCF x RNA-seq
UBERON:0002106,RNA-seq,polyA plus RNA-seq,0.047555911296273956,160.0,RNA-seq x polyA plus RNA-seq
UBERON:0002106,RNA-seq,ChIP-seq:POLR2A,0.01787666948857131,64.0,ChIP-seq:POLR2A x RNA-seq
UBERON:0002106,RNA-seq,ChIP-seq:POLR2AphosphoS5,0.014032398109082824,48.0,ChIP-seq:POLR2AphosphoS5 x RNA-seq
UBERON:0002106,ChIP-seq:POLR2A,DNase-seq,-0.006491147673007139,8.0,ChIP-seq:POLR2A x DNase-seq
UBERON:0002106,ChIP-seq:POLR2A,ChIP-seq:H3K27ac,0.026869702217338975,16.0,ChIP-seq:H3K27ac x ChIP-seq:POLR2A
UBERON:0002106,ChIP-seq:POLR2A,ChIP-seq:H3K27me3,-0.014578210695307386,12.0,ChIP-seq:H3K27me3 x ChIP-seq:POLR2A
UBERON:0002106,ChIP-seq:POLR2A,ChIP-seq:H3K36me3,-0.03568100665302519,12.0,ChIP-seq:H3K36me3 x ChIP-seq:POLR2A
UBERON:0002106,ChIP-seq:POLR2A,ChIP-seq:H3K4me1,-0.001986791117069047,12.0,ChIP-seq:H3K4me1 x ChIP-seq:POLR2A
UBERON:0002106,ChIP-seq:POLR2A,ChIP-seq:H3K4me3,0.027984485799717795,12.0,ChIP-seq:H3K4me3 x ChIP-seq:POLR2A
UBERON:0002106,ChIP-seq:POLR2A,ChIP-seq:H3K9me3,-0.010359590210146825,12.0,ChIP-seq:H3K9me3 x ChIP-seq:POLR2A
UBERON:0002106,ChIP-seq:POLR2A,ChIP-seq:CTCF,-0.021841404413936116,20.0,ChIP-seq:CTCF x ChIP-seq:POLR2A
UBERON:0002106,ChIP-seq:POLR2A,polyA plus RNA-seq,0.0029769818541591116,40.0,ChIP-seq:POLR2A x polyA plus RNA-seq
UBERON:0002106,ChIP-seq:POLR2A,RNA-seq,0.014965559015406825,64.0,ChIP-seq:POLR2A x RNA-seq
UBERON:0002106,ChIP-seq:POLR2A,ChIP-seq:POLR2AphosphoS5,-0.05798274278640747,12.0,ChIP-seq:POLR2A x ChIP-seq:POLR2AphosphoS5
UBERON:0002106,ChIP-seq:POLR2AphosphoS5,DNase-seq,-0.018290791724555666,6.0,ChIP-seq:POLR2AphosphoS5 x DNase-seq
UBERON:0002106,ChIP-seq:POLR2AphosphoS5,ChIP-seq:H3K27ac,0.07713711449185258,12.0,ChIP-seq:H3K27ac x ChIP-seq:POLR2AphosphoS5
UBERON:0002106,ChIP-seq:POLR2AphosphoS5,ChIP-seq:H3K27me3,-0.0037086817029218654,9.0,ChIP-seq:H3K27me3 x ChIP-seq:POLR2AphosphoS5
UBERON:0002106,ChIP-seq:POLR2AphosphoS5,ChIP-seq:H3K36me3,0.04106360509221354,9.0,ChIP-seq:H3K36me3 x ChIP-seq:POLR2AphosphoS5
UBERON:0002106,ChIP-seq:POLR2AphosphoS5,ChIP-seq:H3K4me1,0.03622577522263859,9.0,ChIP-seq:H3K4me1 x ChIP-seq:POLR2AphosphoS5
UBERON:0002106,ChIP-seq:POLR2AphosphoS5,ChIP-seq:H3K4me3,0.05270881123012966,9.0,ChIP-seq:H3K4me3 x ChIP-seq:POLR2AphosphoS5
UBERON:0002106,ChIP-seq:POLR2AphosphoS5,ChIP-seq:H3K9me3,0.005805788838818473,9.0,ChIP-seq:H3K9me3 x ChIP-seq:POLR2AphosphoS5
UBERON:0002106,ChIP-seq:POLR2AphosphoS5,ChIP-seq:CTCF,0.030157536850232466,15.0,ChIP-seq:CTCF x ChIP-seq:POLR2AphosphoS5
UBERON:0002106,ChIP-seq:POLR2AphosphoS5,polyA plus RNA-seq,0.0012488281680225477,30.0,ChIP-seq:POLR2AphosphoS5 x polyA plus RNA-seq
UBERON:0002106,ChIP-seq:POLR2AphosphoS5,RNA-seq,0.015537286569650758,48.0,ChIP-seq:POLR2AphosphoS5 x RNA-seq
UBERON:0002106,ChIP-seq:POLR2AphosphoS5,ChIP-seq:POLR2A,-0.10250468680888047,12.0,ChIP-seq:POLR2A x ChIP-seq:POLR2AphosphoS5
UBERON:0000945,DNase-seq,ChIP-seq:H3K27ac,0.06657552791547171,100.0,ChIP-seq:H3K27ac x DNase-seq
UBERON:0000945,DNase-seq,ChIP-seq:H3K27me3,0.016091500511465146,60.0,ChIP-seq:H3K27me3 x DNase-seq
UBERON:0000945,DNase-seq,ChIP-seq:H3K36me3,-6.146175806881276e-05,80.0,ChIP-seq:H3K36me3 x DNase-seq
UBERON:0000945,DNase-seq,ChIP-seq:H3K4me1,0.006645942524651796,80.0,ChIP-seq:H3K4me1 x DNase-seq
UBERON:0000945,DNase-seq,ChIP-seq:H3K4me3,0.003831839673396009,60.0,ChIP-seq:H3K4me3 x DNase-seq
UBERON:0000945,DNase-seq,ChIP-seq:H3K9me3,0.010303746976635672,80.0,ChIP-seq:H3K9me3 x DNase-seq
UBERON:0000945,DNase-seq,ChIP-seq:CTCF,0.02089099930781943,40.0,ChIP-seq:CTCF x DNase-seq
UBERON:0000945,DNase-seq,polyA plus RNA-seq,0.01438122712648832,260.0,DNase-seq x polyA plus RNA-seq
UBERON:0000945,DNase-seq,RNA-seq,-0.014210930092522523,200.0,DNase-seq x RNA-seq
UBERON:0000945,DNase-seq,ChIP-seq:POLR2A,-0.0023498501096452795,40.0,ChIP-seq:POLR2A x DNase-seq
UBERON:0000945,DNase-seq,ChIP-seq:POLR2AphosphoS5,0.12321407883255567,60.0,ChIP-seq:POLR2AphosphoS5 x DNase-seq
UBERON:0000945,DNase-seq,ChIP-seq:EP300,0.0066930800676345825,20.0,ChIP-seq:EP300 x DNase-seq
UBERON:0000945,ChIP-seq:H3K27ac,DNase-seq,0.08415483216981628,100.0,ChIP-seq:H3K27ac x DNase-seq
UBERON:0000945,ChIP-seq:H3K27ac,ChIP-seq:H3K27me3,0.020950357766114466,15.0,ChIP-seq:H3K27ac x ChIP-seq:H3K27me3
UBERON:0000945,ChIP-seq:H3K27ac,ChIP-seq:H3K36me3,-0.005452159816218962,20.0,ChIP-seq:H3K27ac x ChIP-seq:H3K36me3
UBERON:0000945,ChIP-seq:H3K27ac,ChIP-seq:H3K4me1,0.05457546717554166,20.0,ChIP-seq:H3K27ac x ChIP-seq:H3K4me1
UBERON:0000945,ChIP-seq:H3K27ac,ChIP-seq:H3K4me3,-0.006150857495589995,15.0,ChIP-seq:H3K27ac x ChIP-seq:H3K4me3
UBERON:0000945,ChIP-seq:H3K27ac,ChIP-seq:H3K9me3,0.0032179236412048333,20.0,ChIP-seq:H3K27ac x ChIP-seq:H3K9me3
UBERON:0000945,ChIP-seq:H3K27ac,ChIP-seq:CTCF,0.02045286414670009,10.0,ChIP-seq:CTCF x ChIP-seq:H3K27ac
UBERON:0000945,ChIP-seq:H3K27ac,polyA plus RNA-seq,0.021482143176377876,65.0,ChIP-seq:H3K27ac x polyA plus RNA-seq
UBERON:0000945,ChIP-seq:H3K27ac,RNA-seq,0.0011356881808551808,50.0,ChIP-seq:H3K27ac x RNA-seq
UBERON:0000945,ChIP-seq:H3K27ac,ChIP-seq:POLR2A,0.011653171266828258,10.0,ChIP-seq:H3K27ac x ChIP-seq:POLR2A
UBERON:0000945,ChIP-seq:H3K27ac,ChIP-seq:POLR2AphosphoS5,0.022356884567825877,15.0,ChIP-seq:H3K27ac x ChIP-seq:POLR2AphosphoS5
UBERON:0000945,ChIP-seq:H3K27ac,ChIP-seq:EP300,0.028849762678146366,5.0,ChIP-seq:EP300 x ChIP-seq:H3K27ac
UBERON:0000945,ChIP-seq:H3K27me3,DNase-seq,0.004761954256006189,60.0,ChIP-seq:H3K27me3 x DNase-seq
UBERON:0000945,ChIP-seq:H3K27me3,ChIP-seq:H3K27ac,0.011394429558943094,15.0,ChIP-seq:H3K27ac x ChIP-seq:H3K27me3
UBERON:0000945,ChIP-seq:H3K27me3,ChIP-seq:H3K36me3,0.017250800645479594,12.0,ChIP-seq:H3K27me3 x ChIP-seq:H3K36me3
UBERON:0000945,ChIP-seq:H3K27me3,ChIP-seq:H3K4me1,0.04474557911493502,12.0,ChIP-seq:H3K27me3 x ChIP-seq:H3K4me1
UBERON:0000945,ChIP-seq:H3K27me3,ChIP-seq:H3K4me3,0.032590731955096944,9.0,ChIP-seq:H3K27me3 x ChIP-seq:H3K4me3
UBERON:0000945,ChIP-seq:H3K27me3,ChIP-seq:H3K9me3,0.03221482490048264,12.0,ChIP-seq:H3K27me3 x ChIP-seq:H3K9me3
UBERON:0000945,ChIP-seq:H3K27me3,ChIP-seq:CTCF,0.009863725479911356,6.0,ChIP-seq:CTCF x ChIP-seq:H3K27me3
UBERON:0000945,ChIP-seq:H3K27me3,polyA plus RNA-seq,0.0010246093838642803,39.0,ChIP-seq:H3K27me3 x polyA plus RNA-seq
UBERON:0000945,ChIP-seq:H3K27me3,RNA-seq,-0.006039316671275865,30.0,ChIP-seq:H3K27me3 x RNA-seq
UBERON:0000945,ChIP-seq:H3K27me3,ChIP-seq:POLR2A,0.02776678970881871,6.0,ChIP-seq:H3K27me3 x ChIP-seq:POLR2A
UBERON:0000945,ChIP-seq:H3K27me3,ChIP-seq:POLR2AphosphoS5,-0.015964988941027797,9.0,ChIP-seq:H3K27me3 x ChIP-seq:POLR2AphosphoS5
UBERON:0000945,ChIP-seq:H3K27me3,ChIP-seq:EP300,0.0863617757956187,3.0,ChIP-seq:EP300 x ChIP-seq:H3K27me3
UBERON:0000945,ChIP-seq:H3K36me3,DNase-seq,-0.008834860081205497,80.0,ChIP-seq:H3K36me3 x DNase-seq
UBERON:0000945,ChIP-seq:H3K36me3,ChIP-seq:H3K27ac,-0.008115523638604565,20.0,ChIP-seq:H3K27ac x ChIP-seq:H3K36me3
UBERON:0000945,ChIP-seq:H3K36me3,ChIP-seq:H3K27me3,0.028018105861752532,12.0,ChIP-seq:H3K27me3 x ChIP-seq:H3K36me3
UBERON:0000945,ChIP-seq:H3K36me3,ChIP-seq:H3K4me1,0.009821385844965665,16.0,ChIP-seq:H3K36me3 x ChIP-seq:H3K4me1
UBERON:0000945,ChIP-seq:H3K36me3,ChIP-seq:H3K4me3,0.03249420750309044,12.0,ChIP-seq:H3K36me3 x ChIP-seq:H3K4me3
UBERON:0000945,ChIP-seq:H3K36me3,ChIP-seq:H3K9me3,0.02123126116665927,16.0,ChIP-seq:H3K36me3 x ChIP-seq:H3K9me3
UBERON:0000945,ChIP-seq:H3K36me3,ChIP-seq:CTCF,-0.002658508809319898,8.0,ChIP-seq:CTCF x ChIP-seq:H3K36me3
UBERON:0000945,ChIP-seq:H3K36me3,polyA plus RNA-seq,0.02337895801081459,52.0,ChIP-seq:H3K36me3 x polyA plus RNA-seq
UBERON:0000945,ChIP-seq:H3K36me3,RNA-seq,0.0019398569847348182,40.0,ChIP-seq:H3K36me3 x RNA-seq
UBERON:0000945,ChIP-seq:H3K36me3,ChIP-seq:POLR2A,0.007500736841133663,8.0,ChIP-seq:H3K36me3 x ChIP-seq:POLR2A
UBERON:0000945,ChIP-seq:H3K36me3,ChIP-seq:POLR2AphosphoS5,-0.022738659478448053,12.0,ChIP-seq:H3K36me3 x ChIP-seq:POLR2AphosphoS5
UBERON:0000945,ChIP-seq:H3K36me3,ChIP-seq:EP300,0.0844985842704773,4.0,ChIP-seq:EP300 x ChIP-seq:H3K36me3
UBERON:0000945,ChIP-seq:H3K4me1,DNase-seq,0.016127620516596615,80.0,ChIP-seq:H3K4me1 x DNase-seq
UBERON:0000945,ChIP-seq:H3K4me1,ChIP-seq:H3K27ac,0.05002305311492726,20.0,ChIP-seq:H3K27ac x ChIP-seq:H3K4me1
UBERON:0000945,ChIP-seq:H3K4me1,ChIP-seq:H3K27me3,0.04543092384818913,12.0,ChIP-seq:H3K27me3 x ChIP-seq:H3K4me1
UBERON:0000945,ChIP-seq:H3K4me1,ChIP-seq:H3K36me3,-0.0016517481336029635,16.0,ChIP-seq:H3K36me3 x ChIP-seq:H3K4me1
UBERON:0000945,ChIP-seq:H3K4me1,ChIP-seq:H3K4me3,0.007165469019345838,12.0,ChIP-seq:H3K4me1 x ChIP-seq:H3K4me3
UBERON:0000945,ChIP-seq:H3K4me1,ChIP-seq:H3K9me3,0.02861938557841561,16.0,ChIP-seq:H3K4me1 x ChIP-seq:H3K9me3
UBERON:0000945,ChIP-seq:H3K4me1,ChIP-seq:CTCF,0.026909232139587402,8.0,ChIP-seq:CTCF x ChIP-seq:H3K4me1
UBERON:0000945,ChIP-seq:H3K4me1,polyA plus RNA-seq,0.01199382561198353,52.0,ChIP-seq:H3K4me1 x polyA plus RNA-seq
UBERON:0000945,ChIP-seq:H3K4me1,RNA-seq,-0.0005523422346194792,40.0,ChIP-seq:H3K4me1 x RNA-seq
UBERON:0000945,ChIP-seq:H3K4me1,ChIP-seq:POLR2A,0.03334203202809606,8.0,ChIP-seq:H3K4me1 x ChIP-seq:POLR2A
UBERON:0000945,ChIP-seq:H3K4me1,ChIP-seq:POLR2AphosphoS5,0.001995138548038622,12.0,ChIP-seq:H3K4me1 x ChIP-seq:POLR2AphosphoS5
UBERON:0000945,ChIP-seq:H3K4me1,ChIP-seq:EP300,0.0469612218439579,4.0,ChIP-seq:EP300 x ChIP-seq:H3K4me1
UBERON:0000945,ChIP-seq:H3K4me3,DNase-seq,0.039387330922994526,60.0,ChIP-seq:H3K4me3 x DNase-seq
UBERON:0000945,ChIP-seq:H3K4me3,ChIP-seq:H3K27ac,0.03598562453869526,15.0,ChIP-seq:H3K27ac x ChIP-seq:H3K4me3
UBERON:0000945,ChIP-seq:H3K4me3,ChIP-seq:H3K27me3,0.03219117089451437,9.0,ChIP-seq:H3K27me3 x ChIP-seq:H3K4me3
UBERON:0000945,ChIP-seq:H3K4me3,ChIP-seq:H3K36me3,0.021286875116355106,12.0,ChIP-seq:H3K36me3 x ChIP-seq:H3K4me3
UBERON:0000945,ChIP-seq:H3K4me3,ChIP-seq:H3K4me1,0.017298822368376824,12.0,ChIP-seq:H3K4me1 x ChIP-seq:H3K4me3
UBERON:0000945,ChIP-seq:H3K4me3,ChIP-seq:H3K9me3,0.0206497483181231,12.0,ChIP-seq:H3K4me3 x ChIP-seq:H3K9me3
UBERON:0000945,ChIP-seq:H3K4me3,ChIP-seq:CTCF,0.012880491080626943,6.0,ChIP-seq:CTCF x ChIP-seq:H3K4me3
UBERON:0000945,ChIP-seq:H3K4me3,polyA plus RNA-seq,0.021464051579582623,39.0,ChIP-seq:H3K4me3 x polyA plus RNA-seq
UBERON:0000945,ChIP-seq:H3K4me3,RNA-seq,-9.776844139979327e-05,30.0,ChIP-seq:H3K4me3 x RNA-seq
UBERON:0000945,ChIP-seq:H3K4me3,ChIP-seq:POLR2A,0.008986243179866252,6.0,ChIP-seq:H3K4me3 x ChIP-seq:POLR2A
UBERON:0000945,ChIP-seq:H3K4me3,ChIP-seq:POLR2AphosphoS5,0.008505573979130501,9.0,ChIP-seq:H3K4me3 x ChIP-seq:POLR2AphosphoS5
UBERON:0000945,ChIP-seq:H3K4me3,ChIP-seq:EP300,0.0358541210492452,3.0,ChIP-seq:EP300 x ChIP-seq:H3K4me3
UBERON:0000945,ChIP-seq:H3K9me3,DNase-seq,-0.008479860706909282,80.0,ChIP-seq:H3K9me3 x DNase-seq
UBERON:0000945,ChIP-seq:H3K9me3,ChIP-seq:H3K27ac,-0.001999544493759735,20.0,ChIP-seq:H3K27ac x ChIP-seq:H3K9me3
UBERON:0000945,ChIP-seq:H3K9me3,ChIP-seq:H3K27me3,0.025713145039802376,12.0,ChIP-seq:H3K27me3 x ChIP-seq:H3K9me3
UBERON:0000945,ChIP-seq:H3K9me3,ChIP-seq:H3K36me3,0.010531549812645043,16.0,ChIP-seq:H3K36me3 x ChIP-seq:H3K9me3
UBERON:0000945,ChIP-seq:H3K9me3,ChIP-seq:H3K4me1,0.03150008437712548,16.0,ChIP-seq:H3K4me1 x ChIP-seq:H3K9me3
UBERON:0000945,ChIP-seq:H3K9me3,ChIP-seq:H3K4me3,0.0077470059685863825,12.0,ChIP-seq:H3K4me3 x ChIP-seq:H3K9me3
UBERON:0000945,ChIP-seq:H3K9me3,ChIP-seq:CTCF,0.004562534081439177,8.0,ChIP-seq:CTCF x ChIP-seq:H3K9me3
UBERON:0000945,ChIP-seq:H3K9me3,polyA plus RNA-seq,-0.001274656526435762,52.0,ChIP-seq:H3K9me3 x polyA plus RNA-seq
UBERON:0000945,ChIP-seq:H3K9me3,RNA-seq,-0.004009991830886121,40.0,ChIP-seq:H3K9me3 x RNA-seq
UBERON:0000945,ChIP-seq:H3K9me3,ChIP-seq:POLR2A,0.019418737718037198,8.0,ChIP-seq:H3K9me3 x ChIP-seq:POLR2A
UBERON:0000945,ChIP-seq:H3K9me3,ChIP-seq:POLR2AphosphoS5,-0.009530058958464198,12.0,ChIP-seq:H3K9me3 x ChIP-seq:POLR2AphosphoS5
UBERON:0000945,ChIP-seq:H3K9me3,ChIP-seq:EP300,0.02100648730993271,4.0,ChIP-seq:EP300 x ChIP-seq:H3K9me3
UBERON:0000945,ChIP-seq:CTCF,DNase-seq,0.04901036893999254,40.0,ChIP-seq:CTCF x DNase-seq
UBERON:0000945,ChIP-seq:CTCF,ChIP-seq:H3K27ac,0.02492167534707468,10.0,ChIP-seq:CTCF x ChIP-seq:H3K27ac
UBERON:0000945,ChIP-seq:CTCF,ChIP-seq:H3K27me3,0.0059080070765443575,6.0,ChIP-seq:CTCF x ChIP-seq:H3K27me3
UBERON:0000945,ChIP-seq:CTCF,ChIP-seq:H3K36me3,-0.02071867934277942,8.0,ChIP-seq:CTCF x ChIP-seq:H3K36me3
UBERON:0000945,ChIP-seq:CTCF,ChIP-seq:H3K4me1,0.013107323514822439,8.0,ChIP-seq:CTCF x ChIP-seq:H3K4me1
UBERON:0000945,ChIP-seq:CTCF,ChIP-seq:H3K4me3,0.011161914873570898,6.0,ChIP-seq:CTCF x ChIP-seq:H3K4me3
UBERON:0000945,ChIP-seq:CTCF,ChIP-seq:H3K9me3,-0.012101970020342957,8.0,ChIP-seq:CTCF x ChIP-seq:H3K9me3
UBERON:0000945,ChIP-seq:CTCF,polyA plus RNA-seq,0.006469318499931923,26.0,ChIP-seq:CTCF x polyA plus RNA-seq
UBERON:0000945,ChIP-seq:CTCF,RNA-seq,-0.0045857053774637935,20.0,ChIP-seq:CTCF x RNA-seq
UBERON:0000945,ChIP-seq:CTCF,ChIP-seq:POLR2A,0.18422006709235056,4.0,ChIP-seq:CTCF x ChIP-seq:POLR2A
UBERON:0000945,ChIP-seq:CTCF,ChIP-seq:POLR2AphosphoS5,0.016302793114273642,6.0,ChIP-seq:CTCF x ChIP-seq:POLR2AphosphoS5
UBERON:0000945,ChIP-seq:CTCF,ChIP-seq:EP300,-0.0026675164699554443,2.0,ChIP-seq:CTCF x ChIP-seq:EP300
UBERON:0000945,polyA plus RNA-seq,DNase-seq,0.013968976123912916,260.0,DNase-seq x polyA plus RNA-seq
UBERON:0000945,polyA plus RNA-seq,ChIP-seq:H3K27ac,0.012622109592367169,65.0,ChIP-seq:H3K27ac x polyA plus RNA-seq
UBERON:0000945,polyA plus RNA-seq,ChIP-seq:H3K27me3,0.003692131060784817,39.0,ChIP-seq:H3K27me3 x polyA plus RNA-seq
UBERON:0000945,polyA plus RNA-seq,ChIP-seq:H3K36me3,0.007956633644719269,52.0,ChIP-seq:H3K36me3 x polyA plus RNA-seq
UBERON:0000945,polyA plus RNA-seq,ChIP-seq:H3K4me1,0.015063268083032523,52.0,ChIP-seq:H3K4me1 x polyA plus RNA-seq
UBERON:0000945,polyA plus RNA-seq,ChIP-seq:H3K4me3,0.015257282780584941,39.0,ChIP-seq:H3K4me3 x polyA plus RNA-seq
UBERON:0000945,polyA plus RNA-seq,ChIP-seq:H3K9me3,0.006632599901486109,52.0,ChIP-seq:H3K9me3 x polyA plus RNA-seq
UBERON:0000945,polyA plus RNA-seq,ChIP-seq:CTCF,0.008440745811836393,26.0,ChIP-seq:CTCF x polyA plus RNA-seq
UBERON:0000945,polyA plus RNA-seq,RNA-seq,0.0004286317665992134,130.0,RNA-seq x polyA plus RNA-seq
UBERON:0000945,polyA plus RNA-seq,ChIP-seq:POLR2A,0.017984576277680454,26.0,ChIP-seq:POLR2A x polyA plus RNA-seq
UBERON:0000945,polyA plus RNA-seq,ChIP-seq:POLR2AphosphoS5,0.007704229775996628,39.0,ChIP-seq:POLR2AphosphoS5 x polyA plus RNA-seq
UBERON:0000945,polyA plus RNA-seq,ChIP-seq:EP300,0.012655086242235623,13.0,ChIP-seq:EP300 x polyA plus RNA-seq
UBERON:0000945,RNA-seq,DNase-seq,0.0038779582848420015,200.0,DNase-seq x RNA-seq
UBERON:0000945,RNA-seq,ChIP-seq:H3K27ac,0.010844715939292426,50.0,ChIP-seq:H3K27ac x RNA-seq
UBERON:0000945,RNA-seq,ChIP-seq:H3K27me3,-0.009486353027728177,30.0,ChIP-seq:H3K27me3 x RNA-seq
UBERON:0000945,RNA-seq,ChIP-seq:H3K36me3,0.0009284413950417618,40.0,ChIP-seq:H3K36me3 x RNA-seq
UBERON:0000945,RNA-seq,ChIP-seq:H3K4me1,0.002050270403616994,40.0,ChIP-seq:H3K4me1 x RNA-seq
UBERON:0000945,RNA-seq,ChIP-seq:H3K4me3,0.012856823849566105,30.0,ChIP-seq:H3K4me3 x RNA-seq
UBERON:0000945,RNA-seq,ChIP-seq:H3K9me3,-0.008600579744035547,40.0,ChIP-seq:H3K9me3 x RNA-seq
UBERON:0000945,RNA-seq,ChIP-seq:CTCF,0.006157426886698779,20.0,ChIP-seq:CTCF x RNA-seq
UBERON:0000945,RNA-seq,polyA plus RNA-seq,0.049021554980757664,130.0,RNA-seq x polyA plus RNA-seq
UBERON:0000945,RNA-seq,ChIP-seq:POLR2A,0.009180390196187153,20.0,ChIP-seq:POLR2A x RNA-seq
UBERON:0000945,RNA-seq,ChIP-seq:POLR2AphosphoS5,0.0010189619329240597,30.0,ChIP-seq:POLR2AphosphoS5 x RNA-seq
UBERON:0000945,RNA-seq,ChIP-seq:EP300,0.0014172933995723726,10.0,ChIP-seq:EP300 x RNA-seq
UBERON:0000945,ChIP-seq:POLR2A,DNase-seq,0.044451102050575064,40.0,ChIP-seq:POLR2A x DNase-seq
UBERON:0000945,ChIP-seq:POLR2A,ChIP-seq:H3K27ac,0.03955044746398925,10.0,ChIP-seq:H3K27ac x ChIP-seq:POLR2A
UBERON:0000945,ChIP-seq:POLR2A,ChIP-seq:H3K27me3,-0.007576875388622284,6.0,ChIP-seq:H3K27me3 x ChIP-seq:POLR2A
UBERON:0000945,ChIP-seq:POLR2A,ChIP-seq:H3K36me3,-0.028310816214289714,8.0,ChIP-seq:H3K36me3 x ChIP-seq:POLR2A
UBERON:0000945,ChIP-seq:POLR2A,ChIP-seq:H3K4me1,0.01636144763774635,8.0,ChIP-seq:H3K4me1 x ChIP-seq:POLR2A
UBERON:0000945,ChIP-seq:POLR2A,ChIP-seq:H3K4me3,0.0006005011254073406,6.0,ChIP-seq:H3K4me3 x ChIP-seq:POLR2A
UBERON:0000945,ChIP-seq:POLR2A,ChIP-seq:H3K9me3,-0.013539233668283981,8.0,ChIP-seq:H3K9me3 x ChIP-seq:POLR2A
UBERON:0000945,ChIP-seq:POLR2A,ChIP-seq:CTCF,0.17437297573276594,4.0,ChIP-seq:CTCF x ChIP-seq:POLR2A
UBERON:0000945,ChIP-seq:POLR2A,polyA plus RNA-seq,0.013743150869064785,26.0,ChIP-seq:POLR2A x polyA plus RNA-seq
UBERON:0000945,ChIP-seq:POLR2A,RNA-seq,-2.859315539317092e-05,20.0,ChIP-seq:POLR2A x RNA-seq
UBERON:0000945,ChIP-seq:POLR2A,ChIP-seq:POLR2AphosphoS5,0.019739382796817362,6.0,ChIP-seq:POLR2A x ChIP-seq:POLR2AphosphoS5
UBERON:0000945,ChIP-seq:POLR2A,ChIP-seq:EP300,-0.03525528311729431,2.0,ChIP-seq:EP300 x ChIP-seq:POLR2A
UBERON:0000945,ChIP-seq:POLR2AphosphoS5,DNase-seq,0.15155661127588768,60.0,ChIP-seq:POLR2AphosphoS5 x DNase-seq
UBERON:0000945,ChIP-seq:POLR2AphosphoS5,ChIP-seq:H3K27ac,0.03887519957144049,15.0,ChIP-seq:H3K27ac x ChIP-seq:POLR2AphosphoS5
UBERON:0000945,ChIP-seq:POLR2AphosphoS5,ChIP-seq:H3K27me3,0.008526164200878882,9.0,ChIP-seq:H3K27me3 x ChIP-seq:POLR2AphosphoS5
UBERON:0000945,ChIP-seq:POLR2AphosphoS5,ChIP-seq:H3K36me3,-0.014686986690513977,12.0,ChIP-seq:H3K36me3 x ChIP-seq:POLR2AphosphoS5
UBERON:0000945,ChIP-seq:POLR2AphosphoS5,ChIP-seq:H3K4me1,0.01957635672052921,12.0,ChIP-seq:H3K4me1 x ChIP-seq:POLR2AphosphoS5
UBERON:0000945,ChIP-seq:POLR2AphosphoS5,ChIP-seq:H3K4me3,0.007975417123713968,9.0,ChIP-seq:H3K4me3 x ChIP-seq:POLR2AphosphoS5
UBERON:0000945,ChIP-seq:POLR2AphosphoS5,ChIP-seq:H3K9me3,-0.00044421033199989416,12.0,ChIP-seq:H3K9me3 x ChIP-seq:POLR2AphosphoS5
UBERON:0000945,ChIP-seq:POLR2AphosphoS5,ChIP-seq:CTCF,0.007216976358999622,6.0,ChIP-seq:CTCF x ChIP-seq:POLR2AphosphoS5
UBERON:0000945,ChIP-seq:POLR2AphosphoS5,polyA plus RNA-seq,0.01549800260532537,39.0,ChIP-seq:POLR2AphosphoS5 x polyA plus RNA-seq
UBERON:0000945,ChIP-seq:POLR2AphosphoS5,RNA-seq,-0.009418223386922334,30.0,ChIP-seq:POLR2AphosphoS5 x RNA-seq
UBERON:0000945,ChIP-seq:POLR2AphosphoS5,ChIP-seq:POLR2A,-0.046117989789871916,6.0,ChIP-seq:POLR2A x ChIP-seq:POLR2AphosphoS5
UBERON:0000945,ChIP-seq:POLR2AphosphoS5,ChIP-seq:EP300,-0.1252965529759725,3.0,ChIP-seq:EP300 x ChIP-seq:POLR2AphosphoS5
UBERON:0000945,ChIP-seq:EP300,DNase-seq,0.030279976129531865,20.0,ChIP-seq:EP300 x DNase-seq
UBERON:0000945,ChIP-seq:EP300,ChIP-seq:H3K27ac,0.023228313651265986,5.0,ChIP-seq:EP300 x ChIP-seq:H3K27ac
UBERON:0000945,ChIP-seq:EP300,ChIP-seq:H3K27me3,0.07982006830762524,3.0,ChIP-seq:EP300 x ChIP-seq:H3K27me3
UBERON:0000945,ChIP-seq:EP300,ChIP-seq:H3K36me3,0.07137417881399072,4.0,ChIP-seq:EP300 x ChIP-seq:H3K36me3
UBERON:0000945,ChIP-seq:EP300,ChIP-seq:H3K4me1,0.03986957018875944,4.0,ChIP-seq:EP300 x ChIP-seq:H3K4me1
UBERON:0000945,ChIP-seq:EP300,ChIP-seq:H3K4me3,0.03734502644046372,3.0,ChIP-seq:EP300 x ChIP-seq:H3K4me3
UBERON:0000945,ChIP-seq:EP300,ChIP-seq:H3K9me3,-0.0005125691267577059,4.0,ChIP-seq:EP300 x ChIP-seq:H3K9me3
UBERON:0000945,ChIP-seq:EP300,ChIP-seq:CTCF,0.02605834347652454,2.0,ChIP-seq:CTCF x ChIP-seq:EP300
UBERON:0000945,ChIP-seq:EP300,polyA plus RNA-seq,0.004370190335448677,13.0,ChIP-seq:EP300 x polyA plus RNA-seq
UBERON:0000945,ChIP-seq:EP300,RNA-seq,-0.0085961936739649,10.0,ChIP-seq:EP300 x RNA-seq
UBERON:0000945,ChIP-seq:EP300,ChIP-seq:POLR2A,0.025484366076333184,2.0,ChIP-seq:EP300 x ChIP-seq:POLR2A
UBERON:0000945,ChIP-seq:EP300,ChIP-seq:POLR2AphosphoS5,-0.03339081781881828,3.0,ChIP-seq:EP300 x ChIP-seq:POLR2AphosphoS5
UBERON:0004222,ChIP-seq:H3K27ac,ChIP-seq:H3K27me3,-0.008024961913725889,2.0,ChIP-seq:H3K27ac x ChIP-seq:H3K27me3
UBERON:0004222,ChIP-seq:H3K27ac,ChIP-seq:H3K36me3,0.029356252402067184,2.0,ChIP-seq:H3K27ac x ChIP-seq:H3K36me3
UBERON:0004222,ChIP-seq:H3K27ac,ChIP-seq:H3K4me1,0.321992215902909,1.0,ChIP-seq:H3K27ac x ChIP-seq:H3K4me1
UBERON:0004222,ChIP-seq:H3K27ac,ChIP-seq:H3K4me3,0.22133676749523554,2.0,ChIP-seq:H3K27ac x ChIP-seq:H3K4me3
UBERON:0004222,ChIP-seq:H3K27ac,ChIP-seq:H3K9ac,0.38952402192719127,2.0,ChIP-seq:H3K27ac x ChIP-seq:H3K9ac
UBERON:0004222,ChIP-seq:H3K27ac,ChIP-seq:H3K9me3,-0.005546889194611753,2.0,ChIP-seq:H3K27ac x ChIP-seq:H3K9me3
UBERON:0004222,ChIP-seq:H3K27me3,ChIP-seq:H3K27ac,-0.022354320645976214,2.0,ChIP-seq:H3K27ac x ChIP-seq:H3K27me3
UBERON:0004222,ChIP-seq:H3K27me3,ChIP-seq:H3K36me3,-0.020754097346612745,4.0,ChIP-seq:H3K27me3 x ChIP-seq:H3K36me3
UBERON:0004222,ChIP-seq:H3K27me3,ChIP-seq:H3K4me1,-0.042429214019490326,2.0,ChIP-seq:H3K27me3 x ChIP-seq:H3K4me1
UBERON:0004222,ChIP-seq:H3K27me3,ChIP-seq:H3K4me3,-0.053161468809453126,4.0,ChIP-seq:H3K27me3 x ChIP-seq:H3K4me3
UBERON:0004222,ChIP-seq:H3K27me3,ChIP-seq:H3K9ac,-0.043226312161708365,4.0,ChIP-seq:H3K27me3 x ChIP-seq:H3K9ac
UBERON:0004222,ChIP-seq:H3K27me3,ChIP-seq:H3K9me3,0.1222189860732368,4.0,ChIP-seq:H3K27me3 x ChIP-seq:H3K9me3
UBERON:0004222,ChIP-seq:H3K36me3,ChIP-seq:H3K27ac,0.025898338238030304,2.0,ChIP-seq:H3K27ac x ChIP-seq:H3K36me3
UBERON:0004222,ChIP-seq:H3K36me3,ChIP-seq:H3K27me3,-0.010533742595873127,4.0,ChIP-seq:H3K27me3 x ChIP-seq:H3K36me3
UBERON:0004222,ChIP-seq:H3K36me3,ChIP-seq:H3K4me1,-0.021553258857001427,2.0,ChIP-seq:H3K36me3 x ChIP-seq:H3K4me1
UBERON:0004222,ChIP-seq:H3K36me3,ChIP-seq:H3K4me3,0.024248285515007573,4.0,ChIP-seq:H3K36me3 x ChIP-seq:H3K4me3
UBERON:0004222,ChIP-seq:H3K36me3,ChIP-seq:H3K9ac,0.045146700070828806,4.0,ChIP-seq:H3K36me3 x ChIP-seq:H3K9ac
UBERON:0004222,ChIP-seq:H3K36me3,ChIP-seq:H3K9me3,0.07888517352972138,4.0,ChIP-seq:H3K36me3 x ChIP-seq:H3K9me3
UBERON:0004222,ChIP-seq:H3K4me1,ChIP-seq:H3K27ac,0.31878222801067213,1.0,ChIP-seq:H3K27ac x ChIP-seq:H3K4me1
UBERON:0004222,ChIP-seq:H3K4me1,ChIP-seq:H3K27me3,-0.017909153294614975,2.0,ChIP-seq:H3K27me3 x ChIP-seq:H3K4me1
UBERON:0004222,ChIP-seq:H3K4me1,ChIP-seq:H3K36me3,-0.017791747571306027,2.0,ChIP-seq:H3K36me3 x ChIP-seq:H3K4me1
UBERON:0004222,ChIP-seq:H3K4me1,ChIP-seq:H3K4me3,0.17342032909950364,2.0,ChIP-seq:H3K4me1 x ChIP-seq:H3K4me3
UBERON:0004222,ChIP-seq:H3K4me1,ChIP-seq:H3K9ac,0.1038904752658338,2.0,ChIP-seq:H3K4me1 x ChIP-seq:H3K9ac
UBERON:0004222,ChIP-seq:H3K4me1,ChIP-seq:H3K9me3,-0.0003628472305750585,2.0,ChIP-seq:H3K4me1 x ChIP-seq:H3K9me3
UBERON:0004222,ChIP-seq:H3K4me3,ChIP-seq:H3K27ac,0.1961638081220933,2.0,ChIP-seq:H3K27ac x ChIP-seq:H3K4me3
UBERON:0004222,ChIP-seq:H3K4me3,ChIP-seq:H3K27me3,-0.04885185742481596,4.0,ChIP-seq:H3K27me3 x ChIP-seq:H3K4me3
UBERON:0004222,ChIP-seq:H3K4me3,ChIP-seq:H3K36me3,0.027163237571082216,4.0,ChIP-seq:H3K36me3 x ChIP-seq:H3K4me3
UBERON:0004222,ChIP-seq:H3K4me3,ChIP-seq:H3K4me1,0.15324723526187564,2.0,ChIP-seq:H3K4me1 x ChIP-seq:H3K4me3
UBERON:0004222,ChIP-seq:H3K4me3,ChIP-seq:H3K9ac,0.25565807186827366,4.0,ChIP-seq:H3K4me3 x ChIP-seq:H3K9ac
UBERON:0004222,ChIP-seq:H3K4me3,ChIP-seq:H3K9me3,0.025244352229860392,4.0,ChIP-seq:H3K4me3 x ChIP-seq:H3K9me3
UBERON:0004222,ChIP-seq:H3K9ac,ChIP-seq:H3K27ac,0.40105328147793995,2.0,ChIP-seq:H3K27ac x ChIP-seq:H3K9ac
UBERON:0004222,ChIP-seq:H3K9ac,ChIP-seq:H3K27me3,-0.020857520573745573,4.0,ChIP-seq:H3K27me3 x ChIP-seq:H3K9ac
UBERON:0004222,ChIP-seq:H3K9ac,ChIP-seq:H3K36me3,0.05992664048012267,4.0,ChIP-seq:H3K36me3 x ChIP-seq:H3K9ac
UBERON:0004222,ChIP-seq:H3K9ac,ChIP-seq:H3K4me1,0.12297013985074084,2.0,ChIP-seq:H3K4me1 x ChIP-seq:H3K9ac
UBERON:0004222,ChIP-seq:H3K9ac,ChIP-seq:H3K4me3,0.31106689488776373,4.0,ChIP-seq:H3K4me3 x ChIP-seq:H3K9ac
UBERON:0004222,ChIP-seq:H3K9ac,ChIP-seq:H3K9me3,-0.013627788878642442,4.0,ChIP-seq:H3K9ac x ChIP-seq:H3K9me3
UBERON:0004222,ChIP-seq:H3K9me3,ChIP-seq:H3K27ac,0.013438384750007111,2.0,ChIP-seq:H3K27ac x ChIP-seq:H3K9me3
UBERON:0004222,ChIP-seq:H3K9me3,ChIP-seq:H3K27me3,0.12150115782470372,4.0,ChIP-seq:H3K27me3 x ChIP-seq:H3K9me3
UBERON:0004222,ChIP-seq:H3K9me3,ChIP-seq:H3K36me3,0.08155737278309275,4.0,ChIP-seq:H3K36me3 x ChIP-seq:H3K9me3
UBERON:0004222,ChIP-seq:H3K9me3,ChIP-seq:H3K4me1,-0.008850616200462631,2.0,ChIP-seq:H3K4me1 x ChIP-seq:H3K9me3
UBERON:0004222,ChIP-seq:H3K9me3,ChIP-seq:H3K4me3,0.05425312039311801,4.0,ChIP-seq:H3K4me3 x ChIP-seq:H3K9me3
UBERON:0004222,ChIP-seq:H3K9me3,ChIP-seq:H3K9ac,0.006267209043156127,4.0,ChIP-seq:H3K9ac x ChIP-seq:H3K9me3
UBERON:0014455,ChIP-seq:H3K27ac,ChIP-seq:H3K27me3,-0.020189420966541066,5.0,ChIP-seq:H3K27ac x ChIP-seq:H3K27me3
UBERON:0014455,ChIP-seq:H3K27ac,ChIP-seq:H3K36me3,-0.02127830353943077,5.0,ChIP-seq:H3K27ac x ChIP-seq:H3K36me3
UBERON:0014455,ChIP-seq:H3K27ac,ChIP-seq:H3K4me1,0.2528655807177225,5.0,ChIP-seq:H3K27ac x ChIP-seq:H3K4me1
UBERON:0014455,ChIP-seq:H3K27ac,ChIP-seq:H3K4me3,0.15577330702289022,5.0,ChIP-seq:H3K27ac x ChIP-seq:H3K4me3
UBERON:0014455,ChIP-seq:H3K27ac,ChIP-seq:H3K9ac,0.2936967227769935,5.0,ChIP-seq:H3K27ac x ChIP-seq:H3K9ac
UBERON:0014455,ChIP-seq:H3K27ac,ChIP-seq:H3K9me3,0.0013224212612424572,5.0,ChIP-seq:H3K27ac x ChIP-seq:H3K9me3
UBERON:0014455,ChIP-seq:H3K27me3,ChIP-seq:H3K27ac,-0.026714018171216235,5.0,ChIP-seq:H3K27ac x ChIP-seq:H3K27me3
UBERON:0014455,ChIP-seq:H3K27me3,ChIP-seq:H3K36me3,-0.021516305482065356,25.0,ChIP-seq:H3K27me3 x ChIP-seq:H3K36me3
UBERON:0014455,ChIP-seq:H3K27me3,ChIP-seq:H3K4me1,-0.04886121061113145,25.0,ChIP-seq:H3K27me3 x ChIP-seq:H3K4me1
UBERON:0014455,ChIP-seq:H3K27me3,ChIP-seq:H3K4me3,-0.018768785881205195,25.0,ChIP-seq:H3K27me3 x ChIP-seq:H3K4me3
UBERON:0014455,ChIP-seq:H3K27me3,ChIP-seq:H3K9ac,-0.00739332634469737,25.0,ChIP-seq:H3K27me3 x ChIP-seq:H3K9ac
UBERON:0014455,ChIP-seq:H3K27me3,ChIP-seq:H3K9me3,0.12607957785470145,25.0,ChIP-seq:H3K27me3 x ChIP-seq:H3K9me3
UBERON:0014455,ChIP-seq:H3K36me3,ChIP-seq:H3K27ac,-0.008895182388800162,5.0,ChIP-seq:H3K27ac x ChIP-seq:H3K36me3
UBERON:0014455,ChIP-seq:H3K36me3,ChIP-seq:H3K27me3,-0.020252705146284668,25.0,ChIP-seq:H3K27me3 x ChIP-seq:H3K36me3
UBERON:0014455,ChIP-seq:H3K36me3,ChIP-seq:H3K4me1,-0.010197224352094863,25.0,ChIP-seq:H3K36me3 x ChIP-seq:H3K4me1
UBERON:0014455,ChIP-seq:H3K36me3,ChIP-seq:H3K4me3,0.00678008332636684,25.0,ChIP-seq:H3K36me3 x ChIP-seq:H3K4me3
UBERON:0014455,ChIP-seq:H3K36me3,ChIP-seq:H3K9ac,0.02710648847662884,25.0,ChIP-seq:H3K36me3 x ChIP-seq:H3K9ac
UBERON:0014455,ChIP-seq:H3K36me3,ChIP-seq:H3K9me3,0.05602098083496094,25.0,ChIP-seq:H3K36me3 x ChIP-seq:H3K9me3
UBERON:0014455,ChIP-seq:H3K4me1,ChIP-seq:H3K27ac,0.25857001233983923,5.0,ChIP-seq:H3K27ac x ChIP-seq:H3K4me1
UBERON:0014455,ChIP-seq:H3K4me1,ChIP-seq:H3K27me3,-0.04145858736599193,25.0,ChIP-seq:H3K27me3 x ChIP-seq:H3K4me1
UBERON:0014455,ChIP-seq:H3K4me1,ChIP-seq:H3K36me3,-0.01996433960424887,25.0,ChIP-seq:H3K36me3 x ChIP-seq:H3K4me1
UBERON:0014455,ChIP-seq:H3K4me1,ChIP-seq:H3K4me3,0.07825050326885205,25.0,ChIP-seq:H3K4me1 x ChIP-seq:H3K4me3
UBERON:0014455,ChIP-seq:H3K4me1,ChIP-seq:H3K9ac,0.12611162102740744,25.0,ChIP-seq:H3K4me1 x ChIP-seq:H3K9ac
UBERON:0014455,ChIP-seq:H3K4me1,ChIP-seq:H3K9me3,0.006224912779671805,25.0,ChIP-seq:H3K4me1 x ChIP-seq:H3K9me3
UBERON:0014455,ChIP-seq:H3K4me3,ChIP-seq:H3K27ac,0.17039590176240899,5.0,ChIP-seq:H3K27ac x ChIP-seq:H3K4me3
UBERON:0014455,ChIP-seq:H3K4me3,ChIP-seq:H3K27me3,-0.01668151869493372,25.0,ChIP-seq:H3K27me3 x ChIP-seq:H3K4me3
UBERON:0014455,ChIP-seq:H3K4me3,ChIP-seq:H3K36me3,-0.005031631315076675,25.0,ChIP-seq:H3K36me3 x ChIP-seq:H3K4me3
UBERON:0014455,ChIP-seq:H3K4me3,ChIP-seq:H3K4me1,0.09285237206353082,25.0,ChIP-seq:H3K4me1 x ChIP-seq:H3K4me3
UBERON:0014455,ChIP-seq:H3K4me3,ChIP-seq:H3K9ac,0.18225803043531336,25.0,ChIP-seq:H3K4me3 x ChIP-seq:H3K9ac
UBERON:0014455,ChIP-seq:H3K4me3,ChIP-seq:H3K9me3,0.07416943522862025,25.0,ChIP-seq:H3K4me3 x ChIP-seq:H3K9me3
UBERON:0014455,ChIP-seq:H3K9ac,ChIP-seq:H3K27ac,0.3130775793099109,5.0,ChIP-seq:H3K27ac x ChIP-seq:H3K9ac
UBERON:0014455,ChIP-seq:H3K9ac,ChIP-seq:H3K27me3,0.002463888561024384,25.0,ChIP-seq:H3K27me3 x ChIP-seq:H3K9ac
UBERON:0014455,ChIP-seq:H3K9ac,ChIP-seq:H3K36me3,0.013730308042990191,25.0,ChIP-seq:H3K36me3 x ChIP-seq:H3K9ac
UBERON:0014455,ChIP-seq:H3K9ac,ChIP-seq:H3K4me1,0.12405519273546008,25.0,ChIP-seq:H3K4me1 x ChIP-seq:H3K9ac
UBERON:0014455,ChIP-seq:H3K9ac,ChIP-seq:H3K4me3,0.21466291545126676,25.0,ChIP-seq:H3K4me3 x ChIP-seq:H3K9ac
UBERON:0014455,ChIP-seq:H3K9ac,ChIP-seq:H3K9me3,-0.014019686869212558,25.0,ChIP-seq:H3K9ac x ChIP-seq:H3K9me3
UBERON:0014455,ChIP-seq:H3K9me3,ChIP-seq:H3K27ac,0.0017624000340332215,5.0,ChIP-seq:H3K27ac x ChIP-seq:H3K9me3
UBERON:0014455,ChIP-seq:H3K9me3,ChIP-seq:H3K27me3,0.12678388483384076,25.0,ChIP-seq:H3K27me3 x ChIP-seq:H3K9me3
UBERON:0014455,ChIP-seq:H3K9me3,ChIP-seq:H3K36me3,0.045061123822186445,25.0,ChIP-seq:H3K36me3 x ChIP-seq:H3K9me3
UBERON:0014455,ChIP-seq:H3K9me3,ChIP-seq:H3K4me1,0.013859314918518065,25.0,ChIP-seq:H3K4me1 x ChIP-seq:H3K9me3
UBERON:0014455,ChIP-seq:H3K9me3,ChIP-seq:H3K4me3,0.08673869951076417,25.0,ChIP-seq:H3K4me3 x ChIP-seq:H3K9me3
UBERON:0014455,ChIP-seq:H3K9me3,ChIP-seq:H3K9ac,-0.006917118248732193,25.0,ChIP-seq:H3K9ac x ChIP-seq:H3K9me3
UBERON:0002038,ChIP-seq:H3K27ac,ChIP-seq:H3K27me3,-0.01912348128510693,2.0,ChIP-seq:H3K27ac x ChIP-seq:H3K27me3
UBERON:0002038,ChIP-seq:H3K27ac,ChIP-seq:H3K36me3,-0.031091104974930592,2.0,ChIP-seq:H3K27ac x ChIP-seq:H3K36me3
UBERON:0002038,ChIP-seq:H3K27ac,ChIP-seq:H3K4me1,0.10501332776468308,2.0,ChIP-seq:H3K27ac x ChIP-seq:H3K4me1
UBERON:0002038,ChIP-seq:H3K27ac,ChIP-seq:H3K4me3,0.08371164030003769,2.0,ChIP-seq:H3K27ac x ChIP-seq:H3K4me3
UBERON:0002038,ChIP-seq:H3K27ac,ChIP-seq:H3K9ac,0.2950824165344238,1.0,ChIP-seq:H3K27ac x ChIP-seq:H3K9ac
UBERON:0002038,ChIP-seq:H3K27ac,ChIP-seq:H3K9me3,-0.043816954860191666,2.0,ChIP-seq:H3K27ac x ChIP-seq:H3K9me3
UBERON:0002038,ChIP-seq:H3K27me3,ChIP-seq:H3K27ac,-0.008696238130882935,2.0,ChIP-seq:H3K27ac x ChIP-seq:H3K27me3
UBERON:0002038,ChIP-seq:H3K27me3,ChIP-seq:H3K36me3,0.014249630589434438,4.0,ChIP-seq:H3K27me3 x ChIP-seq:H3K36me3
UBERON:0002038,ChIP-seq:H3K27me3,ChIP-seq:H3K4me1,0.03191071895302319,4.0,ChIP-seq:H3K27me3 x ChIP-seq:H3K4me1
UBERON:0002038,ChIP-seq:H3K27me3,ChIP-seq:H3K4me3,0.03254337044798325,4.0,ChIP-seq:H3K27me3 x ChIP-seq:H3K4me3
UBERON:0002038,ChIP-seq:H3K27me3,ChIP-seq:H3K9ac,0.003798143565654756,2.0,ChIP-seq:H3K27me3 x ChIP-seq:H3K9ac
UBERON:0002038,ChIP-seq:H3K27me3,ChIP-seq:H3K9me3,0.12600883222028111,4.0,ChIP-seq:H3K27me3 x ChIP-seq:H3K9me3
UBERON:0002038,ChIP-seq:H3K36me3,ChIP-seq:H3K27ac,-0.025219872674364367,2.0,ChIP-seq:H3K27ac x ChIP-seq:H3K36me3
UBERON:0002038,ChIP-seq:H3K36me3,ChIP-seq:H3K27me3,0.021667201868716006,4.0,ChIP-seq:H3K27me3 x ChIP-seq:H3K36me3
UBERON:0002038,ChIP-seq:H3K36me3,ChIP-seq:H3K4me1,-0.01898833152537789,4.0,ChIP-seq:H3K36me3 x ChIP-seq:H3K4me1
UBERON:0002038,ChIP-seq:H3K36me3,ChIP-seq:H3K4me3,0.06693713575880104,4.0,ChIP-seq:H3K36me3 x ChIP-seq:H3K4me3
UBERON:0002038,ChIP-seq:H3K36me3,ChIP-seq:H3K9ac,0.028020340800285343,2.0,ChIP-seq:H3K36me3 x ChIP-seq:H3K9ac
UBERON:0002038,ChIP-seq:H3K36me3,ChIP-seq:H3K9me3,0.13219899508390534,4.0,ChIP-seq:H3K36me3 x ChIP-seq:H3K9me3
UBERON:0002038,ChIP-seq:H3K4me1,ChIP-seq:H3K27ac,0.10384991967383726,2.0,ChIP-seq:H3K27ac x ChIP-seq:H3K4me1
UBERON:0002038,ChIP-seq:H3K4me1,ChIP-seq:H3K27me3,0.03418416732308493,4.0,ChIP-seq:H3K27me3 x ChIP-seq:H3K4me1
UBERON:0002038,ChIP-seq:H3K4me1,ChIP-seq:H3K36me3,-0.00488329710478478,4.0,ChIP-seq:H3K36me3 x ChIP-seq:H3K4me1
UBERON:0002038,ChIP-seq:H3K4me1,ChIP-seq:H3K4me3,0.011770075082639667,4.0,ChIP-seq:H3K4me1 x ChIP-seq:H3K4me3
UBERON:0002038,ChIP-seq:H3K4me1,ChIP-seq:H3K9ac,0.05101023107767105,2.0,ChIP-seq:H3K4me1 x ChIP-seq:H3K9ac
UBERON:0002038,ChIP-seq:H3K4me1,ChIP-seq:H3K9me3,0.030836723744869232,4.0,ChIP-seq:H3K4me1 x ChIP-seq:H3K9me3
UBERON:0002038,ChIP-seq:H3K4me3,ChIP-seq:H3K27ac,0.090700955302627,2.0,ChIP-seq:H3K27ac x ChIP-seq:H3K4me3
UBERON:0002038,ChIP-seq:H3K4me3,ChIP-seq:H3K27me3,0.013967889366466875,4.0,ChIP-seq:H3K27me3 x ChIP-seq:H3K4me3
UBERON:0002038,ChIP-seq:H3K4me3,ChIP-seq:H3K36me3,0.05383449666043545,4.0,ChIP-seq:H3K36me3 x ChIP-seq:H3K4me3
UBERON:0002038,ChIP-seq:H3K4me3,ChIP-seq:H3K4me1,-0.02158298991783395,4.0,ChIP-seq:H3K4me1 x ChIP-seq:H3K4me3
UBERON:0002038,ChIP-seq:H3K4me3,ChIP-seq:H3K9ac,0.3014014506340027,2.0,ChIP-seq:H3K4me3 x ChIP-seq:H3K9ac
UBERON:0002038,ChIP-seq:H3K4me3,ChIP-seq:H3K9me3,0.06752754078152474,4.0,ChIP-seq:H3K4me3 x ChIP-seq:H3K9me3
UBERON:0002038,ChIP-seq:H3K9ac,ChIP-seq:H3K27ac,0.3098153891386809,1.0,ChIP-seq:H3K27ac x ChIP-seq:H3K9ac
UBERON:0002038,ChIP-seq:H3K9ac,ChIP-seq:H3K27me3,0.00343155219203475,2.0,ChIP-seq:H3K27me3 x ChIP-seq:H3K9ac
UBERON:0002038,ChIP-seq:H3K9ac,ChIP-seq:H3K36me3,0.03830893147499003,2.0,ChIP-seq:H3K36me3 x ChIP-seq:H3K9ac
UBERON:0002038,ChIP-seq:H3K9ac,ChIP-seq:H3K4me1,0.029311450574893115,2.0,ChIP-seq:H3K4me1 x ChIP-seq:H3K9ac
UBERON:0002038,ChIP-seq:H3K9ac,ChIP-seq:H3K4me3,0.34689891282643115,2.0,ChIP-seq:H3K4me3 x ChIP-seq:H3K9ac
UBERON:0002038,ChIP-seq:H3K9ac,ChIP-seq:H3K9me3,-0.02060183630523722,2.0,ChIP-seq:H3K9ac x ChIP-seq:H3K9me3
UBERON:0002038,ChIP-seq:H3K9me3,ChIP-seq:H3K27ac,-0.04209768583561167,2.0,ChIP-seq:H3K27ac x ChIP-seq:H3K9me3
UBERON:0002038,ChIP-seq:H3K9me3,ChIP-seq:H3K27me3,0.1328459134852955,4.0,ChIP-seq:H3K27me3 x ChIP-seq:H3K9me3
UBERON:0002038,ChIP-seq:H3K9me3,ChIP-seq:H3K36me3,0.1353031986571373,4.0,ChIP-seq:H3K36me3 x ChIP-seq:H3K9me3
UBERON:0002038,ChIP-seq:H3K9me3,ChIP-seq:H3K4me1,0.0270426881199326,4.0,ChIP-seq:H3K4me1 x ChIP-seq:H3K9me3
UBERON:0002038,ChIP-seq:H3K9me3,ChIP-seq:H3K4me3,0.10096967262085353,4.0,ChIP-seq:H3K4me3 x ChIP-seq:H3K9me3
UBERON:0002038,ChIP-seq:H3K9me3,ChIP-seq:H3K9ac,-0.02585173066705465,2.0,ChIP-seq:H3K9ac x ChIP-seq:H3K9me3
UBERON:0036149,ChIP-seq:CTCF,RNA-seq,0.002336735093135826,24.0,ChIP-seq:CTCF x RNA-seq
UBERON:0036149,ChIP-seq:CTCF,ChIP-seq:POLR2A,0.07231532392047701,6.0,ChIP-seq:CTCF x ChIP-seq:POLR2A
UBERON:0036149,ChIP-seq:CTCF,ChIP-seq:POLR2AphosphoS5,0.06617083372893157,9.0,ChIP-seq:CTCF x ChIP-seq:POLR2AphosphoS5
UBERON:0036149,ChIP-seq:CTCF,ChIP-seq:EP300,-0.019583155711491905,3.0,ChIP-seq:CTCF x ChIP-seq:EP300
UBERON:0036149,RNA-seq,ChIP-seq:CTCF,0.0002596357794287969,24.0,ChIP-seq:CTCF x RNA-seq
UBERON:0036149,RNA-seq,ChIP-seq:POLR2A,0.01240116889987673,16.0,ChIP-seq:POLR2A x RNA-seq
UBERON:0036149,RNA-seq,ChIP-seq:POLR2AphosphoS5,-0.001703609746915323,24.0,ChIP-seq:POLR2AphosphoS5 x RNA-seq
UBERON:0036149,RNA-seq,ChIP-seq:EP300,-0.0059334770776331425,8.0,ChIP-seq:EP300 x RNA-seq
UBERON:0036149,ChIP-seq:POLR2A,ChIP-seq:CTCF,0.1439558999373181,6.0,ChIP-seq:CTCF x ChIP-seq:POLR2A
UBERON:0036149,ChIP-seq:POLR2A,RNA-seq,0.019474000181126765,16.0,ChIP-seq:POLR2A x RNA-seq
UBERON:0036149,ChIP-seq:POLR2A,ChIP-seq:POLR2AphosphoS5,-0.054289914943553785,6.0,ChIP-seq:POLR2A x ChIP-seq:POLR2AphosphoS5
UBERON:0036149,ChIP-seq:POLR2A,ChIP-seq:EP300,0.0018406659364700317,2.0,ChIP-seq:EP300 x ChIP-seq:POLR2A
UBERON:0036149,ChIP-seq:POLR2AphosphoS5,ChIP-seq:CTCF,0.03562358870889225,9.0,ChIP-seq:CTCF x ChIP-seq:POLR2AphosphoS5
UBERON:0036149,ChIP-seq:POLR2AphosphoS5,RNA-seq,0.006342005188136657,24.0,ChIP-seq:POLR2AphosphoS5 x RNA-seq
UBERON:0036149,ChIP-seq:POLR2AphosphoS5,ChIP-seq:POLR2A,0.04082276707603816,6.0,ChIP-seq:POLR2A x ChIP-seq:POLR2AphosphoS5
UBERON:0036149,ChIP-seq:POLR2AphosphoS5,ChIP-seq:EP300,0.03290776411692303,3.0,ChIP-seq:EP300 x ChIP-seq:POLR2AphosphoS5
UBERON:0036149,ChIP-seq:EP300,ChIP-seq:CTCF,0.02280613627567543,3.0,ChIP-seq:CTCF x ChIP-seq:EP300
UBERON:0036149,ChIP-seq:EP300,RNA-seq,-0.019276046101225103,8.0,ChIP-seq:EP300 x RNA-seq
UBERON:0036149,ChIP-seq:EP300,ChIP-seq:POLR2A,-0.0034793253455843304,2.0,ChIP-seq:EP300 x ChIP-seq:POLR2A
UBERON:0036149,ChIP-seq:EP300,ChIP-seq:POLR2AphosphoS5,0.2662181545186926,3.0,ChIP-seq:EP300 x ChIP-seq:POLR2AphosphoS5
UBERON:0001871,ChIP-seq:H3K27ac,ChIP-seq:H3K27me3,-0.0037877046196274668,4.0,ChIP-seq:H3K27ac x ChIP-seq:H3K27me3
UBERON:0001871,ChIP-seq:H3K27ac,ChIP-seq:H3K36me3,0.04025113218008204,4.0,ChIP-seq:H3K27ac x ChIP-seq:H3K36me3
UBERON:0001871,ChIP-seq:H3K27ac,ChIP-seq:H3K4me1,0.22800266547281234,4.0,ChIP-seq:H3K27ac x ChIP-seq:H3K4me1
UBERON:0001871,ChIP-seq:H3K27ac,ChIP-seq:H3K4me3,0.08595656290232578,4.0,ChIP-seq:H3K27ac x ChIP-seq:H3K4me3
UBERON:0001871,ChIP-seq:H3K27ac,ChIP-seq:H3K9ac,0.2563416910171509,2.0,ChIP-seq:H3K27ac x ChIP-seq:H3K9ac
UBERON:0001871,ChIP-seq:H3K27ac,ChIP-seq:H3K9me3,0.01187435311547826,4.0,ChIP-seq:H3K27ac x ChIP-seq:H3K9me3
UBERON:0001871,ChIP-seq:H3K27ac,RNA-seq,-0.010456327314050192,4.0,ChIP-seq:H3K27ac x RNA-seq
UBERON:0001871,ChIP-seq:H3K27me3,ChIP-seq:H3K27ac,-0.010043591758386688,4.0,ChIP-seq:H3K27ac x ChIP-seq:H3K27me3
UBERON:0001871,ChIP-seq:H3K27me3,ChIP-seq:H3K36me3,-0.04841068678317552,4.0,ChIP-seq:H3K27me3 x ChIP-seq:H3K36me3
UBERON:0001871,ChIP-seq:H3K27me3,ChIP-seq:H3K4me1,0.010077408754109035,4.0,ChIP-seq:H3K27me3 x ChIP-seq:H3K4me1
UBERON:0001871,ChIP-seq:H3K27me3,ChIP-seq:H3K4me3,0.02714844667744414,4.0,ChIP-seq:H3K27me3 x ChIP-seq:H3K4me3
UBERON:0001871,ChIP-seq:H3K27me3,ChIP-seq:H3K9ac,-0.0038831448554992667,2.0,ChIP-seq:H3K27me3 x ChIP-seq:H3K9ac
UBERON:0001871,ChIP-seq:H3K27me3,ChIP-seq:H3K9me3,0.1625790890682949,4.0,ChIP-seq:H3K27me3 x ChIP-seq:H3K9me3
UBERON:0001871,ChIP-seq:H3K27me3,RNA-seq,0.0013831623064340971,4.0,ChIP-seq:H3K27me3 x RNA-seq
UBERON:0001871,ChIP-seq:H3K36me3,ChIP-seq:H3K27ac,0.04967979795258978,4.0,ChIP-seq:H3K27ac x ChIP-seq:H3K36me3
UBERON:0001871,ChIP-seq:H3K36me3,ChIP-seq:H3K27me3,-0.03496412248646765,4.0,ChIP-seq:H3K27me3 x ChIP-seq:H3K36me3
UBERON:0001871,ChIP-seq:H3K36me3,ChIP-seq:H3K4me1,0.016474678379590393,4.0,ChIP-seq:H3K36me3 x ChIP-seq:H3K4me1
UBERON:0001871,ChIP-seq:H3K36me3,ChIP-seq:H3K4me3,0.02308489988061869,4.0,ChIP-seq:H3K36me3 x ChIP-seq:H3K4me3
UBERON:0001871,ChIP-seq:H3K36me3,ChIP-seq:H3K9ac,0.025085511803627017,2.0,ChIP-seq:H3K36me3 x ChIP-seq:H3K9ac
UBERON:0001871,ChIP-seq:H3K36me3,ChIP-seq:H3K9me3,0.07549010685990366,4.0,ChIP-seq:H3K36me3 x ChIP-seq:H3K9me3
UBERON:0001871,ChIP-seq:H3K36me3,RNA-seq,-0.042731841125327054,4.0,ChIP-seq:H3K36me3 x RNA-seq
UBERON:0001871,ChIP-seq:H3K4me1,ChIP-seq:H3K27ac,0.22512401260944626,4.0,ChIP-seq:H3K27ac x ChIP-seq:H3K4me1
UBERON:0001871,ChIP-seq:H3K4me1,ChIP-seq:H3K27me3,0.010131720173565638,4.0,ChIP-seq:H3K27me3 x ChIP-seq:H3K4me1
UBERON:0001871,ChIP-seq:H3K4me1,ChIP-seq:H3K36me3,0.024348865798179138,4.0,ChIP-seq:H3K36me3 x ChIP-seq:H3K4me1
UBERON:0001871,ChIP-seq:H3K4me1,ChIP-seq:H3K4me3,-0.06111097600415488,4.0,ChIP-seq:H3K4me1 x ChIP-seq:H3K4me3
UBERON:0001871,ChIP-seq:H3K4me1,ChIP-seq:H3K9ac,-0.004729293733835221,2.0,ChIP-seq:H3K4me1 x ChIP-seq:H3K9ac
UBERON:0001871,ChIP-seq:H3K4me1,ChIP-seq:H3K9me3,0.04276169108205967,4.0,ChIP-seq:H3K4me1 x ChIP-seq:H3K9me3
UBERON:0001871,ChIP-seq:H3K4me1,RNA-seq,-0.019937079956000386,4.0,ChIP-seq:H3K4me1 x RNA-seq
UBERON:0001871,ChIP-seq:H3K4me3,ChIP-seq:H3K27ac,0.04385652860499317,4.0,ChIP-seq:H3K27ac x ChIP-seq:H3K4me3
UBERON:0001871,ChIP-seq:H3K4me3,ChIP-seq:H3K27me3,0.03251207774946455,4.0,ChIP-seq:H3K27me3 x ChIP-seq:H3K4me3
UBERON:0001871,ChIP-seq:H3K4me3,ChIP-seq:H3K36me3,0.018796034474322137,4.0,ChIP-seq:H3K36me3 x ChIP-seq:H3K4me3
UBERON:0001871,ChIP-seq:H3K4me3,ChIP-seq:H3K4me1,-0.07766106602598409,4.0,ChIP-seq:H3K4me1 x ChIP-seq:H3K4me3
UBERON:0001871,ChIP-seq:H3K4me3,ChIP-seq:H3K9ac,0.3323953580856323,2.0,ChIP-seq:H3K4me3 x ChIP-seq:H3K9ac
UBERON:0001871,ChIP-seq:H3K4me3,ChIP-seq:H3K9me3,0.06747595522176014,4.0,ChIP-seq:H3K4me3 x ChIP-seq:H3K9me3
UBERON:0001871,ChIP-seq:H3K4me3,RNA-seq,-0.004487448864871641,4.0,ChIP-seq:H3K4me3 x RNA-seq
UBERON:0001871,ChIP-seq:H3K9ac,ChIP-seq:H3K27ac,0.23704831866744142,2.0,ChIP-seq:H3K27ac x ChIP-seq:H3K9ac
UBERON:0001871,ChIP-seq:H3K9ac,ChIP-seq:H3K27me3,0.009603000445172965,2.0,ChIP-seq:H3K27me3 x ChIP-seq:H3K9ac
UBERON:0001871,ChIP-seq:H3K9ac,ChIP-seq:H3K36me3,0.03797139227390289,2.0,ChIP-seq:H3K36me3 x ChIP-seq:H3K9ac
UBERON:0001871,ChIP-seq:H3K9ac,ChIP-seq:H3K4me1,-0.00687733713964947,2.0,ChIP-seq:H3K4me1 x ChIP-seq:H3K9ac
UBERON:0001871,ChIP-seq:H3K9ac,ChIP-seq:H3K4me3,0.3713824604159204,2.0,ChIP-seq:H3K4me3 x ChIP-seq:H3K9ac
UBERON:0001871,ChIP-seq:H3K9ac,ChIP-seq:H3K9me3,0.001862333878205065,2.0,ChIP-seq:H3K9ac x ChIP-seq:H3K9me3
UBERON:0001871,ChIP-seq:H3K9ac,RNA-seq,-0.0172388054620239,2.0,ChIP-seq:H3K9ac x RNA-seq
UBERON:0001871,ChIP-seq:H3K9me3,ChIP-seq:H3K27ac,0.026363486921565135,4.0,ChIP-seq:H3K27ac x ChIP-seq:H3K9me3
UBERON:0001871,ChIP-seq:H3K9me3,ChIP-seq:H3K27me3,0.15917718065956424,4.0,ChIP-seq:H3K27me3 x ChIP-seq:H3K9me3
UBERON:0001871,ChIP-seq:H3K9me3,ChIP-seq:H3K36me3,0.0822448822412085,4.0,ChIP-seq:H3K36me3 x ChIP-seq:H3K9me3
UBERON:0001871,ChIP-seq:H3K9me3,ChIP-seq:H3K4me1,0.03734818332996525,4.0,ChIP-seq:H3K4me1 x ChIP-seq:H3K9me3
UBERON:0001871,ChIP-seq:H3K9me3,ChIP-seq:H3K4me3,0.0746496383135564,4.0,ChIP-seq:H3K4me3 x ChIP-seq:H3K9me3
UBERON:0001871,ChIP-seq:H3K9me3,ChIP-seq:H3K9ac,-0.005294546559453009,2.0,ChIP-seq:H3K9ac x ChIP-seq:H3K9me3
UBERON:0001871,ChIP-seq:H3K9me3,RNA-seq,-0.00340868113426147,4.0,ChIP-seq:H3K9me3 x RNA-seq
UBERON:0001871,RNA-seq,ChIP-seq:H3K27ac,-0.0037455186016441128,4.0,ChIP-seq:H3K27ac x RNA-seq
UBERON:0001871,RNA-seq,ChIP-seq:H3K27me3,-0.0025572337188644904,4.0,ChIP-seq:H3K27me3 x RNA-seq
UBERON:0001871,RNA-seq,ChIP-seq:H3K36me3,-0.03069651287366101,4.0,ChIP-seq:H3K36me3 x RNA-seq
UBERON:0001871,RNA-seq,ChIP-seq:H3K4me1,-0.018939606229586355,4.0,ChIP-seq:H3K4me1 x RNA-seq
UBERON:0001871,RNA-seq,ChIP-seq:H3K4me3,0.004588007465631606,4.0,ChIP-seq:H3K4me3 x RNA-seq
UBERON:0001871,RNA-seq,ChIP-seq:H3K9ac,-0.002905021328479052,2.0,ChIP-seq:H3K9ac x RNA-seq
UBERON:0001871,RNA-seq,ChIP-seq:H3K9me3,-0.009219829208908206,4.0,ChIP-seq:H3K9me3 x RNA-seq
UBERON:0000473,DNase-seq,ChIP-seq:CTCF,0.05242010853648964,6.0,ChIP-seq:CTCF x DNase-seq
UBERON:0000473,DNase-seq,polyA plus RNA-seq,0.014993130295049575,3.0,DNase-seq x polyA plus RNA-seq
UBERON:0000473,DNase-seq,RNA-seq,0.04154255300760269,12.0,DNase-seq x RNA-seq
UBERON:0000473,DNase-seq,ChIP-seq:POLR2A,0.004047803711472897,3.0,ChIP-seq:POLR2A x DNase-seq
UBERON:0000473,ChIP-seq:CTCF,DNase-seq,0.024844497827288398,6.0,ChIP-seq:CTCF x DNase-seq
UBERON:0000473,ChIP-seq:CTCF,polyA plus RNA-seq,0.007738117027495588,2.0,ChIP-seq:CTCF x polyA plus RNA-seq
UBERON:0000473,ChIP-seq:CTCF,RNA-seq,0.027390838116407395,8.0,ChIP-seq:CTCF x RNA-seq
UBERON:0000473,ChIP-seq:CTCF,ChIP-seq:POLR2A,0.13865804724525987,2.0,ChIP-seq:CTCF x ChIP-seq:POLR2A
UBERON:0000473,polyA plus RNA-seq,DNase-seq,-0.00036003352058642385,3.0,DNase-seq x polyA plus RNA-seq
UBERON:0000473,polyA plus RNA-seq,ChIP-seq:CTCF,0.007070660682431623,2.0,ChIP-seq:CTCF x polyA plus RNA-seq
UBERON:0000473,polyA plus RNA-seq,RNA-seq,0.08022412349196043,4.0,RNA-seq x polyA plus RNA-seq
UBERON:0000473,polyA plus RNA-seq,ChIP-seq:POLR2A,0.005275580182410124,1.0,ChIP-seq:POLR2A x polyA plus RNA-seq
UBERON:0000473,RNA-seq,DNase-seq,0.014211535126509904,12.0,DNase-seq x RNA-seq
UBERON:0000473,RNA-seq,ChIP-seq:CTCF,0.01662861022586916,8.0,ChIP-seq:CTCF x RNA-seq
UBERON:0000473,RNA-seq,polyA plus RNA-seq,0.10615514363561357,4.0,RNA-seq x polyA plus RNA-seq
UBERON:0000473,RNA-seq,ChIP-seq:POLR2A,0.010416712154421887,4.0,ChIP-seq:POLR2A x RNA-seq
UBERON:0000473,ChIP-seq:POLR2A,DNase-seq,0.020748876478012823,3.0,ChIP-seq:POLR2A x DNase-seq
UBERON:0000473,ChIP-seq:POLR2A,ChIP-seq:CTCF,0.16434254073629193,2.0,ChIP-seq:CTCF x ChIP-seq:POLR2A
UBERON:0000473,ChIP-seq:POLR2A,polyA plus RNA-seq,0.02238723269530705,1.0,ChIP-seq:POLR2A x polyA plus RNA-seq
UBERON:0000473,ChIP-seq:POLR2A,RNA-seq,0.04516955144265119,4.0,ChIP-seq:POLR2A x RNA-seq
UBERON:0001515,ChIP-seq:H3K27ac,ChIP-seq:H3K36me3,0.03671722336018339,4.0,ChIP-seq:H3K27ac x ChIP-seq:H3K36me3
UBERON:0001515,ChIP-seq:H3K27ac,ChIP-seq:H3K4me1,0.31800814013663536,4.0,ChIP-seq:H3K27ac x ChIP-seq:H3K4me1
UBERON:0001515,ChIP-seq:H3K27ac,ChIP-seq:H3K4me3,0.216901162517405,4.0,ChIP-seq:H3K27ac x ChIP-seq:H3K4me3
UBERON:0001515,ChIP-seq:H3K27ac,ChIP-seq:H3K9me3,0.0931667730714498,4.0,ChIP-seq:H3K27ac x ChIP-seq:H3K9me3
UBERON:0001515,ChIP-seq:H3K27ac,ChIP-seq:CTCF,0.033247701245025525,2.0,ChIP-seq:CTCF x ChIP-seq:H3K27ac
UBERON:0001515,ChIP-seq:H3K27ac,RNA-seq,0.04206469651530771,8.0,ChIP-seq:H3K27ac x RNA-seq
UBERON:0001515,ChIP-seq:H3K36me3,ChIP-seq:H3K27ac,-1.0921347955161753e-07,4.0,ChIP-seq:H3K27ac x ChIP-seq:H3K36me3
UBERON:0001515,ChIP-seq:H3K36me3,ChIP-seq:H3K4me1,0.017428624296123213,4.0,ChIP-seq:H3K36me3 x ChIP-seq:H3K4me1
UBERON:0001515,ChIP-seq:H3K36me3,ChIP-seq:H3K4me3,0.03413580093428353,4.0,ChIP-seq:H3K36me3 x ChIP-seq:H3K4me3
UBERON:0001515,ChIP-seq:H3K36me3,ChIP-seq:H3K9me3,0.33662839551989954,4.0,ChIP-seq:H3K36me3 x ChIP-seq:H3K9me3
UBERON:0001515,ChIP-seq:H3K36me3,ChIP-seq:CTCF,-0.015177798339898147,2.0,ChIP-seq:CTCF x ChIP-seq:H3K36me3
UBERON:0001515,ChIP-seq:H3K36me3,RNA-seq,0.02878911165630116,8.0,ChIP-seq:H3K36me3 x RNA-seq
UBERON:0001515,ChIP-seq:H3K4me1,ChIP-seq:H3K27ac,0.3359870525620739,4.0,ChIP-seq:H3K27ac x ChIP-seq:H3K4me1
UBERON:0001515,ChIP-seq:H3K4me1,ChIP-seq:H3K36me3,0.02197292684874636,4.0,ChIP-seq:H3K36me3 x ChIP-seq:H3K4me1
UBERON:0001515,ChIP-seq:H3K4me1,ChIP-seq:H3K4me3,0.015935706862500894,4.0,ChIP-seq:H3K4me1 x ChIP-seq:H3K4me3
UBERON:0001515,ChIP-seq:H3K4me1,ChIP-seq:H3K9me3,0.11688816011621711,4.0,ChIP-seq:H3K4me1 x ChIP-seq:H3K9me3
UBERON:0001515,ChIP-seq:H3K4me1,ChIP-seq:CTCF,0.04784972589571499,2.0,ChIP-seq:CTCF x ChIP-seq:H3K4me1
UBERON:0001515,ChIP-seq:H3K4me1,RNA-seq,0.03423208128880052,8.0,ChIP-seq:H3K4me1 x RNA-seq
UBERON:0001515,ChIP-seq:H3K4me3,ChIP-seq:H3K27ac,0.17107006592780166,4.0,ChIP-seq:H3K27ac x ChIP-seq:H3K4me3
UBERON:0001515,ChIP-seq:H3K4me3,ChIP-seq:H3K36me3,0.08847349438261479,4.0,ChIP-seq:H3K36me3 x ChIP-seq:H3K4me3
UBERON:0001515,ChIP-seq:H3K4me3,ChIP-seq:H3K4me1,0.004395666974978368,4.0,ChIP-seq:H3K4me1 x ChIP-seq:H3K4me3
UBERON:0001515,ChIP-seq:H3K4me3,ChIP-seq:H3K9me3,0.12454789173737,4.0,ChIP-seq:H3K4me3 x ChIP-seq:H3K9me3
UBERON:0001515,ChIP-seq:H3K4me3,ChIP-seq:CTCF,0.015785528979833846,2.0,ChIP-seq:CTCF x ChIP-seq:H3K4me3
UBERON:0001515,ChIP-seq:H3K4me3,RNA-seq,0.0251575923316619,8.0,ChIP-seq:H3K4me3 x RNA-seq
UBERON:0001515,ChIP-seq:H3K9me3,ChIP-seq:H3K27ac,0.0693423932198412,4.0,ChIP-seq:H3K27ac x ChIP-seq:H3K9me3
UBERON:0001515,ChIP-seq:H3K9me3,ChIP-seq:H3K36me3,0.34038826506188574,4.0,ChIP-seq:H3K36me3 x ChIP-seq:H3K9me3
UBERON:0001515,ChIP-seq:H3K9me3,ChIP-seq:H3K4me1,0.08982299260102986,4.0,ChIP-seq:H3K4me1 x ChIP-seq:H3K9me3
UBERON:0001515,ChIP-seq:H3K9me3,ChIP-seq:H3K4me3,0.07585266566722193,4.0,ChIP-seq:H3K4me3 x ChIP-seq:H3K9me3
UBERON:0001515,ChIP-seq:H3K9me3,ChIP-seq:CTCF,-0.008492929752445914,2.0,ChIP-seq:CTCF x ChIP-seq:H3K9me3
UBERON:0001515,ChIP-seq:H3K9me3,RNA-seq,-0.010299348918830647,8.0,ChIP-seq:H3K9me3 x RNA-seq
UBERON:0001515,ChIP-seq:CTCF,ChIP-seq:H3K27ac,0.046004091314277296,2.0,ChIP-seq:CTCF x ChIP-seq:H3K27ac
UBERON:0001515,ChIP-seq:CTCF,ChIP-seq:H3K36me3,-0.0020521422253644214,2.0,ChIP-seq:CTCF x ChIP-seq:H3K36me3
UBERON:0001515,ChIP-seq:CTCF,ChIP-seq:H3K4me1,0.04844593032787406,2.0,ChIP-seq:CTCF x ChIP-seq:H3K4me1
UBERON:0001515,ChIP-seq:CTCF,ChIP-seq:H3K4me3,0.04379096884872312,2.0,ChIP-seq:CTCF x ChIP-seq:H3K4me3
UBERON:0001515,ChIP-seq:CTCF,ChIP-seq:H3K9me3,0.008484359432974558,2.0,ChIP-seq:CTCF x ChIP-seq:H3K9me3
UBERON:0001515,ChIP-seq:CTCF,RNA-seq,0.0007868832541520106,4.0,ChIP-seq:CTCF x RNA-seq
UBERON:0001515,RNA-seq,ChIP-seq:H3K27ac,0.03751181750934317,8.0,ChIP-seq:H3K27ac x RNA-seq
UBERON:0001515,RNA-seq,ChIP-seq:H3K36me3,0.0404362494641162,8.0,ChIP-seq:H3K36me3 x RNA-seq
UBERON:0001515,RNA-seq,ChIP-seq:H3K4me1,0.03477958958249926,8.0,ChIP-seq:H3K4me1 x RNA-seq
UBERON:0001515,RNA-seq,ChIP-seq:H3K4me3,0.024239422979755936,8.0,ChIP-seq:H3K4me3 x RNA-seq
UBERON:0001515,RNA-seq,ChIP-seq:H3K9me3,0.0023378296179717845,8.0,ChIP-seq:H3K9me3 x RNA-seq
UBERON:0001515,RNA-seq,ChIP-seq:CTCF,-0.00031817983609886465,4.0,ChIP-seq:CTCF x RNA-seq
UBERON:0002370,DNase-seq,ChIP-seq:H3K27ac,0.20616689050831083,18.0,ChIP-seq:H3K27ac x DNase-seq
UBERON:0002370,DNase-seq,ChIP-seq:H3K27me3,-0.04534820382535343,18.0,ChIP-seq:H3K27me3 x DNase-seq
UBERON:0002370,DNase-seq,ChIP-seq:H3K36me3,-0.031191918162307562,18.0,ChIP-seq:H3K36me3 x DNase-seq
UBERON:0002370,DNase-seq,ChIP-seq:H3K4me1,0.0692905922260296,18.0,ChIP-seq:H3K4me1 x DNase-seq
UBERON:0002370,DNase-seq,ChIP-seq:H3K4me3,0.09794392838284977,18.0,ChIP-seq:H3K4me3 x DNase-seq
UBERON:0002370,DNase-seq,ChIP-seq:H3K9me3,0.035069960631085986,18.0,ChIP-seq:H3K9me3 x DNase-seq
UBERON:0002370,DNase-seq,polyA plus RNA-seq,0.02401111397896362,63.0,DNase-seq x polyA plus RNA-seq
UBERON:0002370,ChIP-seq:H3K27ac,DNase-seq,0.21421751241775738,18.0,ChIP-seq:H3K27ac x DNase-seq
UBERON:0002370,ChIP-seq:H3K27ac,ChIP-seq:H3K27me3,-0.009705531591215746,4.0,ChIP-seq:H3K27ac x ChIP-seq:H3K27me3
UBERON:0002370,ChIP-seq:H3K27ac,ChIP-seq:H3K36me3,0.0011262162489459882,4.0,ChIP-seq:H3K27ac x ChIP-seq:H3K36me3
UBERON:0002370,ChIP-seq:H3K27ac,ChIP-seq:H3K4me1,0.19348609919756488,4.0,ChIP-seq:H3K27ac x ChIP-seq:H3K4me1
UBERON:0002370,ChIP-seq:H3K27ac,ChIP-seq:H3K4me3,0.23096196339509198,4.0,ChIP-seq:H3K27ac x ChIP-seq:H3K4me3
UBERON:0002370,ChIP-seq:H3K27ac,ChIP-seq:H3K9me3,0.05424063627639513,4.0,ChIP-seq:H3K27ac x ChIP-seq:H3K9me3
UBERON:0002370,ChIP-seq:H3K27ac,polyA plus RNA-seq,0.03722888944156939,14.0,ChIP-seq:H3K27ac x polyA plus RNA-seq
UBERON:0002370,ChIP-seq:H3K27me3,DNase-seq,-0.06692285117410508,18.0,ChIP-seq:H3K27me3 x DNase-seq
UBERON:0002370,ChIP-seq:H3K27me3,ChIP-seq:H3K27ac,-0.002228589685090025,4.0,ChIP-seq:H3K27ac x ChIP-seq:H3K27me3
UBERON:0002370,ChIP-seq:H3K27me3,ChIP-seq:H3K36me3,-0.007532276807630314,4.0,ChIP-seq:H3K27me3 x ChIP-seq:H3K36me3
UBERON:0002370,ChIP-seq:H3K27me3,ChIP-seq:H3K4me1,0.026370150388264263,4.0,ChIP-seq:H3K27me3 x ChIP-seq:H3K4me1
UBERON:0002370,ChIP-seq:H3K27me3,ChIP-seq:H3K4me3,-0.0520878018654674,4.0,ChIP-seq:H3K27me3 x ChIP-seq:H3K4me3
UBERON:0002370,ChIP-seq:H3K27me3,ChIP-seq:H3K9me3,0.0881246839011653,4.0,ChIP-seq:H3K27me3 x ChIP-seq:H3K9me3
UBERON:0002370,ChIP-seq:H3K27me3,polyA plus RNA-seq,-0.001726764900937824,14.0,ChIP-seq:H3K27me3 x polyA plus RNA-seq
UBERON:0002370,ChIP-seq:H3K36me3,DNase-seq,-0.04408146322347152,18.0,ChIP-seq:H3K36me3 x DNase-seq
UBERON:0002370,ChIP-seq:H3K36me3,ChIP-seq:H3K27ac,-0.0070913577834086396,4.0,ChIP-seq:H3K27ac x ChIP-seq:H3K36me3
UBERON:0002370,ChIP-seq:H3K36me3,ChIP-seq:H3K27me3,-0.017257861502339385,4.0,ChIP-seq:H3K27me3 x ChIP-seq:H3K36me3
UBERON:0002370,ChIP-seq:H3K36me3,ChIP-seq:H3K4me1,0.05146601218017724,4.0,ChIP-seq:H3K36me3 x ChIP-seq:H3K4me1
UBERON:0002370,ChIP-seq:H3K36me3,ChIP-seq:H3K4me3,-0.016749118615777416,4.0,ChIP-seq:H3K36me3 x ChIP-seq:H3K4me3
UBERON:0002370,ChIP-seq:H3K36me3,ChIP-seq:H3K9me3,0.1068768042526888,4.0,ChIP-seq:H3K36me3 x ChIP-seq:H3K9me3
UBERON:0002370,ChIP-seq:H3K36me3,polyA plus RNA-seq,0.04932866540066032,14.0,ChIP-seq:H3K36me3 x polyA plus RNA-seq
UBERON:0002370,ChIP-seq:H3K4me1,DNase-seq,0.06682983158141609,18.0,ChIP-seq:H3K4me1 x DNase-seq
UBERON:0002370,ChIP-seq:H3K4me1,ChIP-seq:H3K27ac,0.1894364651315701,4.0,ChIP-seq:H3K27ac x ChIP-seq:H3K4me1
UBERON:0002370,ChIP-seq:H3K4me1,ChIP-seq:H3K27me3,0.0400650929336603,4.0,ChIP-seq:H3K27me3 x ChIP-seq:H3K4me1
UBERON:0002370,ChIP-seq:H3K4me1,ChIP-seq:H3K36me3,0.049875540619200846,4.0,ChIP-seq:H3K36me3 x ChIP-seq:H3K4me1
UBERON:0002370,ChIP-seq:H3K4me1,ChIP-seq:H3K4me3,-0.07749930636905064,4.0,ChIP-seq:H3K4me1 x ChIP-seq:H3K4me3
UBERON:0002370,ChIP-seq:H3K4me1,ChIP-seq:H3K9me3,0.05384276003650065,4.0,ChIP-seq:H3K4me1 x ChIP-seq:H3K9me3
UBERON:0002370,ChIP-seq:H3K4me1,polyA plus RNA-seq,0.025081385904768376,14.0,ChIP-seq:H3K4me1 x polyA plus RNA-seq
UBERON:0002370,ChIP-seq:H3K4me3,DNase-seq,0.09077607260810003,18.0,ChIP-seq:H3K4me3 x DNase-seq
UBERON:0002370,ChIP-seq:H3K4me3,ChIP-seq:H3K27ac,0.18498046427780057,4.0,ChIP-seq:H3K27ac x ChIP-seq:H3K4me3
UBERON:0002370,ChIP-seq:H3K4me3,ChIP-seq:H3K27me3,-0.027469518502926553,4.0,ChIP-seq:H3K27me3 x ChIP-seq:H3K4me3
UBERON:0002370,ChIP-seq:H3K4me3,ChIP-seq:H3K36me3,-0.005854604002880923,4.0,ChIP-seq:H3K36me3 x ChIP-seq:H3K4me3
UBERON:0002370,ChIP-seq:H3K4me3,ChIP-seq:H3K4me1,-0.05412405647866713,4.0,ChIP-seq:H3K4me1 x ChIP-seq:H3K4me3
UBERON:0002370,ChIP-seq:H3K4me3,ChIP-seq:H3K9me3,0.05074189544728633,4.0,ChIP-seq:H3K4me3 x ChIP-seq:H3K9me3
UBERON:0002370,ChIP-seq:H3K4me3,polyA plus RNA-seq,0.03522301710325223,14.0,ChIP-seq:H3K4me3 x polyA plus RNA-seq
UBERON:0002370,ChIP-seq:H3K9me3,DNase-seq,-0.01740044934230214,18.0,ChIP-seq:H3K9me3 x DNase-seq
UBERON:0002370,ChIP-seq:H3K9me3,ChIP-seq:H3K27ac,0.028566456544473304,4.0,ChIP-seq:H3K27ac x ChIP-seq:H3K9me3
UBERON:0002370,ChIP-seq:H3K9me3,ChIP-seq:H3K27me3,0.07116523893237803,4.0,ChIP-seq:H3K27me3 x ChIP-seq:H3K9me3
UBERON:0002370,ChIP-seq:H3K9me3,ChIP-seq:H3K36me3,0.08706750324431886,4.0,ChIP-seq:H3K36me3 x ChIP-seq:H3K9me3
UBERON:0002370,ChIP-seq:H3K9me3,ChIP-seq:H3K4me1,0.04741870453123186,4.0,ChIP-seq:H3K4me1 x ChIP-seq:H3K9me3
UBERON:0002370,ChIP-seq:H3K9me3,ChIP-seq:H3K4me3,0.0073344034847812115,4.0,ChIP-seq:H3K4me3 x ChIP-seq:H3K9me3
UBERON:0002370,ChIP-seq:H3K9me3,polyA plus RNA-seq,0.009259673398594523,14.0,ChIP-seq:H3K9me3 x polyA plus RNA-seq
UBERON:0002370,polyA plus RNA-seq,DNase-seq,0.013304795254589451,63.0,DNase-seq x polyA plus RNA-seq
UBERON:0002370,polyA plus RNA-seq,ChIP-seq:H3K27ac,0.024151358492308844,14.0,ChIP-seq:H3K27ac x polyA plus RNA-seq
UBERON:0002370,polyA plus RNA-seq,ChIP-seq:H3K27me3,-0.005281947442414246,14.0,ChIP-seq:H3K27me3 x polyA plus RNA-seq
UBERON:0002370,polyA plus RNA-seq,ChIP-seq:H3K36me3,0.055232528495208835,14.0,ChIP-seq:H3K36me3 x polyA plus RNA-seq
UBERON:0002370,polyA plus RNA-seq,ChIP-seq:H3K4me1,0.020082862394848064,14.0,ChIP-seq:H3K4me1 x polyA plus RNA-seq
UBERON:0002370,polyA plus RNA-seq,ChIP-seq:H3K4me3,0.024853477013286197,14.0,ChIP-seq:H3K4me3 x polyA plus RNA-seq
UBERON:0002370,polyA plus RNA-seq,ChIP-seq:H3K9me3,0.017042558395078056,14.0,ChIP-seq:H3K9me3 x polyA plus RNA-seq
UBERON:0002046,DNase-seq,ChIP-seq:H3K27ac,0.29003171722094223,12.0,ChIP-seq:H3K27ac x DNase-seq
UBERON:0002046,DNase-seq,ChIP-seq:H3K27me3,-0.12029388769604694,4.0,ChIP-seq:H3K27me3 x DNase-seq
UBERON:0002046,DNase-seq,ChIP-seq:H3K36me3,-0.11215612796963642,12.0,ChIP-seq:H3K36me3 x DNase-seq
UBERON:0002046,DNase-seq,ChIP-seq:H3K4me1,0.09426434365384309,12.0,ChIP-seq:H3K4me1 x DNase-seq
UBERON:0002046,DNase-seq,ChIP-seq:H3K4me3,-0.0048209094385585904,12.0,ChIP-seq:H3K4me3 x DNase-seq
UBERON:0002046,DNase-seq,ChIP-seq:H3K9me3,-0.10122331638227809,16.0,ChIP-seq:H3K9me3 x DNase-seq
UBERON:0002046,DNase-seq,ChIP-seq:CTCF,0.05348686790308936,12.0,ChIP-seq:CTCF x DNase-seq
UBERON:0002046,DNase-seq,RNA-seq,0.018290049467138005,40.0,DNase-seq x RNA-seq
UBERON:0002046,DNase-seq,ChIP-seq:POLR2A,0.04172870729650771,8.0,ChIP-seq:POLR2A x DNase-seq
UBERON:0002046,ChIP-seq:H3K27ac,DNase-seq,0.3105427990305609,12.0,ChIP-seq:H3K27ac x DNase-seq
UBERON:0002046,ChIP-seq:H3K27ac,ChIP-seq:H3K27me3,0.005489467946505639,3.0,ChIP-seq:H3K27ac x ChIP-seq:H3K27me3
UBERON:0002046,ChIP-seq:H3K27ac,ChIP-seq:H3K36me3,-0.01531069328653196,9.0,ChIP-seq:H3K27ac x ChIP-seq:H3K36me3
UBERON:0002046,ChIP-seq:H3K27ac,ChIP-seq:H3K4me1,0.4298324503450312,9.0,ChIP-seq:H3K27ac x ChIP-seq:H3K4me1
UBERON:0002046,ChIP-seq:H3K27ac,ChIP-seq:H3K4me3,0.2266569395020534,9.0,ChIP-seq:H3K27ac x ChIP-seq:H3K4me3
UBERON:0002046,ChIP-seq:H3K27ac,ChIP-seq:H3K9me3,-0.004013024496309685,12.0,ChIP-seq:H3K27ac x ChIP-seq:H3K9me3
UBERON:0002046,ChIP-seq:H3K27ac,ChIP-seq:CTCF,0.06673785411354208,9.0,ChIP-seq:CTCF x ChIP-seq:H3K27ac
UBERON:0002046,ChIP-seq:H3K27ac,RNA-seq,0.02882921420683819,30.0,ChIP-seq:H3K27ac x RNA-seq
UBERON:0002046,ChIP-seq:H3K27ac,ChIP-seq:POLR2A,0.036041938123248865,6.0,ChIP-seq:H3K27ac x ChIP-seq:POLR2A
UBERON:0002046,ChIP-seq:H3K27me3,DNase-seq,-0.09886832473500405,4.0,ChIP-seq:H3K27me3 x DNase-seq
UBERON:0002046,ChIP-seq:H3K27me3,ChIP-seq:H3K27ac,-0.011001647512118018,3.0,ChIP-seq:H3K27ac x ChIP-seq:H3K27me3
UBERON:0002046,ChIP-seq:H3K27me3,ChIP-seq:H3K36me3,0.22110187125503483,3.0,ChIP-seq:H3K27me3 x ChIP-seq:H3K36me3
UBERON:0002046,ChIP-seq:H3K27me3,ChIP-seq:H3K4me1,0.12900557491805525,3.0,ChIP-seq:H3K27me3 x ChIP-seq:H3K4me1
UBERON:0002046,ChIP-seq:H3K27me3,ChIP-seq:H3K4me3,0.12239649122309797,3.0,ChIP-seq:H3K27me3 x ChIP-seq:H3K4me3
UBERON:0002046,ChIP-seq:H3K27me3,ChIP-seq:H3K9me3,0.26686162569306116,4.0,ChIP-seq:H3K27me3 x ChIP-seq:H3K9me3
UBERON:0002046,ChIP-seq:H3K27me3,ChIP-seq:CTCF,-0.02603403477016652,3.0,ChIP-seq:CTCF x ChIP-seq:H3K27me3
UBERON:0002046,ChIP-seq:H3K27me3,RNA-seq,-0.028660365675969454,10.0,ChIP-seq:H3K27me3 x RNA-seq
UBERON:0002046,ChIP-seq:H3K27me3,ChIP-seq:POLR2A,-0.017363162977354865,2.0,ChIP-seq:H3K27me3 x ChIP-seq:POLR2A
UBERON:0002046,ChIP-seq:H3K36me3,DNase-seq,-0.09374231264792987,12.0,ChIP-seq:H3K36me3 x DNase-seq
UBERON:0002046,ChIP-seq:H3K36me3,ChIP-seq:H3K27ac,-0.018110821644465126,9.0,ChIP-seq:H3K27ac x ChIP-seq:H3K36me3
UBERON:0002046,ChIP-seq:H3K36me3,ChIP-seq:H3K27me3,0.24091212571352377,3.0,ChIP-seq:H3K27me3 x ChIP-seq:H3K36me3
UBERON:0002046,ChIP-seq:H3K36me3,ChIP-seq:H3K4me1,0.05362163933496627,9.0,ChIP-seq:H3K36me3 x ChIP-seq:H3K4me1
UBERON:0002046,ChIP-seq:H3K36me3,ChIP-seq:H3K4me3,0.15788003629735192,9.0,ChIP-seq:H3K36me3 x ChIP-seq:H3K4me3
UBERON:0002046,ChIP-seq:H3K36me3,ChIP-seq:H3K9me3,0.2054838068557508,12.0,ChIP-seq:H3K36me3 x ChIP-seq:H3K9me3
UBERON:0002046,ChIP-seq:H3K36me3,ChIP-seq:CTCF,-0.025748314178160446,9.0,ChIP-seq:CTCF x ChIP-seq:H3K36me3
UBERON:0002046,ChIP-seq:H3K36me3,RNA-seq,0.010225428127540705,30.0,ChIP-seq:H3K36me3 x RNA-seq
UBERON:0002046,ChIP-seq:H3K36me3,ChIP-seq:POLR2A,-0.01000684987576235,6.0,ChIP-seq:H3K36me3 x ChIP-seq:POLR2A
UBERON:0002046,ChIP-seq:H3K4me1,DNase-seq,0.1241914529050982,12.0,ChIP-seq:H3K4me1 x DNase-seq
UBERON:0002046,ChIP-seq:H3K4me1,ChIP-seq:H3K27ac,0.44192146990034314,9.0,ChIP-seq:H3K27ac x ChIP-seq:H3K4me1
UBERON:0002046,ChIP-seq:H3K4me1,ChIP-seq:H3K27me3,0.13715096862836818,3.0,ChIP-seq:H3K27me3 x ChIP-seq:H3K4me1
UBERON:0002046,ChIP-seq:H3K4me1,ChIP-seq:H3K36me3,0.03796000556441481,9.0,ChIP-seq:H3K36me3 x ChIP-seq:H3K4me1
UBERON:0002046,ChIP-seq:H3K4me1,ChIP-seq:H3K4me3,0.13800805200806618,9.0,ChIP-seq:H3K4me1 x ChIP-seq:H3K4me3
UBERON:0002046,ChIP-seq:H3K4me1,ChIP-seq:H3K9me3,0.20269528302279385,12.0,ChIP-seq:H3K4me1 x ChIP-seq:H3K9me3
UBERON:0002046,ChIP-seq:H3K4me1,ChIP-seq:CTCF,0.054674355634892854,9.0,ChIP-seq:CTCF x ChIP-seq:H3K4me1
UBERON:0002046,ChIP-seq:H3K4me1,RNA-seq,0.010417004909985768,30.0,ChIP-seq:H3K4me1 x RNA-seq
UBERON:0002046,ChIP-seq:H3K4me1,ChIP-seq:POLR2A,-0.001409030741169339,6.0,ChIP-seq:H3K4me1 x ChIP-seq:POLR2A
UBERON:0002046,ChIP-seq:H3K4me3,DNase-seq,0.008845198185332692,12.0,ChIP-seq:H3K4me3 x DNase-seq
UBERON:0002046,ChIP-seq:H3K4me3,ChIP-seq:H3K27ac,0.16590643988715276,9.0,ChIP-seq:H3K27ac x ChIP-seq:H3K4me3
UBERON:0002046,ChIP-seq:H3K4me3,ChIP-seq:H3K27me3,0.10308113111846748,3.0,ChIP-seq:H3K27me3 x ChIP-seq:H3K4me3
UBERON:0002046,ChIP-seq:H3K4me3,ChIP-seq:H3K36me3,0.1444955334660558,9.0,ChIP-seq:H3K36me3 x ChIP-seq:H3K4me3
UBERON:0002046,ChIP-seq:H3K4me3,ChIP-seq:H3K4me1,0.1061027472126906,9.0,ChIP-seq:H3K4me1 x ChIP-seq:H3K4me3
UBERON:0002046,ChIP-seq:H3K4me3,ChIP-seq:H3K9me3,0.13312635999737366,12.0,ChIP-seq:H3K4me3 x ChIP-seq:H3K9me3
UBERON:0002046,ChIP-seq:H3K4me3,ChIP-seq:CTCF,-0.005580026258861004,9.0,ChIP-seq:CTCF x ChIP-seq:H3K4me3
UBERON:0002046,ChIP-seq:H3K4me3,RNA-seq,0.015393322976506127,30.0,ChIP-seq:H3K4me3 x RNA-seq
UBERON:0002046,ChIP-seq:H3K4me3,ChIP-seq:POLR2A,-0.014011973426455535,6.0,ChIP-seq:H3K4me3 x ChIP-seq:POLR2A
UBERON:0002046,ChIP-seq:H3K9me3,DNase-seq,-0.07751028405724411,16.0,ChIP-seq:H3K9me3 x DNase-seq
UBERON:0002046,ChIP-seq:H3K9me3,ChIP-seq:H3K27ac,0.006422007580598195,12.0,ChIP-seq:H3K27ac x ChIP-seq:H3K9me3
UBERON:0002046,ChIP-seq:H3K9me3,ChIP-seq:H3K27me3,0.273620700356604,4.0,ChIP-seq:H3K27me3 x ChIP-seq:H3K9me3
UBERON:0002046,ChIP-seq:H3K9me3,ChIP-seq:H3K36me3,0.19040543648435893,12.0,ChIP-seq:H3K36me3 x ChIP-seq:H3K9me3
UBERON:0002046,ChIP-seq:H3K9me3,ChIP-seq:H3K4me1,0.2112706414945833,12.0,ChIP-seq:H3K4me1 x ChIP-seq:H3K9me3
UBERON:0002046,ChIP-seq:H3K9me3,ChIP-seq:H3K4me3,0.1669686428258117,12.0,ChIP-seq:H3K4me3 x ChIP-seq:H3K9me3
UBERON:0002046,ChIP-seq:H3K9me3,ChIP-seq:CTCF,-0.02330836527074131,12.0,ChIP-seq:CTCF x ChIP-seq:H3K9me3
UBERON:0002046,ChIP-seq:H3K9me3,RNA-seq,-0.008011977367440954,40.0,ChIP-seq:H3K9me3 x RNA-seq
UBERON:0002046,ChIP-seq:H3K9me3,ChIP-seq:POLR2A,-0.028177355216549977,8.0,ChIP-seq:H3K9me3 x ChIP-seq:POLR2A
UBERON:0002046,ChIP-seq:CTCF,DNase-seq,0.06907424232914451,12.0,ChIP-seq:CTCF x DNase-seq
UBERON:0002046,ChIP-seq:CTCF,ChIP-seq:H3K27ac,0.06236903601222569,9.0,ChIP-seq:CTCF x ChIP-seq:H3K27ac
UBERON:0002046,ChIP-seq:CTCF,ChIP-seq:H3K27me3,-0.003031093976906433,3.0,ChIP-seq:CTCF x ChIP-seq:H3K27me3
UBERON:0002046,ChIP-seq:CTCF,ChIP-seq:H3K36me3,-0.02867647164362354,9.0,ChIP-seq:CTCF x ChIP-seq:H3K36me3
UBERON:0002046,ChIP-seq:CTCF,ChIP-seq:H3K4me1,0.06277716014265868,9.0,ChIP-seq:CTCF x ChIP-seq:H3K4me1
UBERON:0002046,ChIP-seq:CTCF,ChIP-seq:H3K4me3,0.009038299741879315,9.0,ChIP-seq:CTCF x ChIP-seq:H3K4me3
UBERON:0002046,ChIP-seq:CTCF,ChIP-seq:H3K9me3,-0.008480063780690685,12.0,ChIP-seq:CTCF x ChIP-seq:H3K9me3
UBERON:0002046,ChIP-seq:CTCF,RNA-seq,0.0015124863175143303,30.0,ChIP-seq:CTCF x RNA-seq
UBERON:0002046,ChIP-seq:CTCF,ChIP-seq:POLR2A,0.017994962987445656,6.0,ChIP-seq:CTCF x ChIP-seq:POLR2A
UBERON:0002046,RNA-seq,DNase-seq,0.023681845929029693,40.0,DNase-seq x RNA-seq
UBERON:0002046,RNA-seq,ChIP-seq:H3K27ac,0.03191351731618246,30.0,ChIP-seq:H3K27ac x RNA-seq
UBERON:0002046,RNA-seq,ChIP-seq:H3K27me3,-0.02141792883818177,10.0,ChIP-seq:H3K27me3 x RNA-seq
UBERON:0002046,RNA-seq,ChIP-seq:H3K36me3,0.009013787480386608,30.0,ChIP-seq:H3K36me3 x RNA-seq
UBERON:0002046,RNA-seq,ChIP-seq:H3K4me1,0.007094259314484649,30.0,ChIP-seq:H3K4me1 x RNA-seq
UBERON:0002046,RNA-seq,ChIP-seq:H3K4me3,0.017668683204292695,30.0,ChIP-seq:H3K4me3 x RNA-seq
UBERON:0002046,RNA-seq,ChIP-seq:H3K9me3,-0.005119144408540293,40.0,ChIP-seq:H3K9me3 x RNA-seq
UBERON:0002046,RNA-seq,ChIP-seq:CTCF,0.00806997718885787,30.0,ChIP-seq:CTCF x RNA-seq
UBERON:0002046,RNA-seq,ChIP-seq:POLR2A,0.012639055081776207,20.0,ChIP-seq:POLR2A x RNA-seq
UBERON:0002046,ChIP-seq:POLR2A,DNase-seq,0.09399201995041703,8.0,ChIP-seq:POLR2A x DNase-seq
UBERON:0002046,ChIP-seq:POLR2A,ChIP-seq:H3K27ac,0.05213801066080728,6.0,ChIP-seq:H3K27ac x ChIP-seq:POLR2A
UBERON:0002046,ChIP-seq:POLR2A,ChIP-seq:H3K27me3,0.03541473290701022,2.0,ChIP-seq:H3K27me3 x ChIP-seq:POLR2A
UBERON:0002046,ChIP-seq:POLR2A,ChIP-seq:H3K36me3,-0.008593524771339116,6.0,ChIP-seq:H3K36me3 x ChIP-seq:POLR2A
UBERON:0002046,ChIP-seq:POLR2A,ChIP-seq:H3K4me1,-0.015592745945348844,6.0,ChIP-seq:H3K4me1 x ChIP-seq:POLR2A
UBERON:0002046,ChIP-seq:POLR2A,ChIP-seq:H3K4me3,0.0058449960090744685,6.0,ChIP-seq:H3K4me3 x ChIP-seq:POLR2A
UBERON:0002046,ChIP-seq:POLR2A,ChIP-seq:H3K9me3,-0.015118972440673546,8.0,ChIP-seq:H3K9me3 x ChIP-seq:POLR2A
UBERON:0002046,ChIP-seq:POLR2A,ChIP-seq:CTCF,0.029173879930288485,6.0,ChIP-seq:CTCF x ChIP-seq:POLR2A
UBERON:0002046,ChIP-seq:POLR2A,RNA-seq,0.025558562708356214,20.0,ChIP-seq:POLR2A x RNA-seq
UBERON:0007610,DNase-seq,ChIP-seq:H3K27me3,0.0385524644248787,2.0,ChIP-seq:H3K27me3 x DNase-seq
UBERON:0007610,DNase-seq,ChIP-seq:H3K36me3,-0.032353347837530744,2.0,ChIP-seq:H3K36me3 x DNase-seq
UBERON:0007610,DNase-seq,ChIP-seq:H3K9me3,-0.007313806756123817,2.0,ChIP-seq:H3K9me3 x DNase-seq
UBERON:0007610,DNase-seq,ChIP-seq:CTCF,0.032386945506322734,2.0,ChIP-seq:CTCF x DNase-seq
UBERON:0007610,ChIP-seq:H3K27me3,DNase-seq,0.007332449721306866,2.0,ChIP-seq:H3K27me3 x DNase-seq
UBERON:0007610,ChIP-seq:H3K27me3,ChIP-seq:H3K36me3,0.025294631246536498,1.0,ChIP-seq:H3K27me3 x ChIP-seq:H3K36me3
UBERON:0007610,ChIP-seq:H3K27me3,ChIP-seq:H3K9me3,0.09809782843017045,1.0,ChIP-seq:H3K27me3 x ChIP-seq:H3K9me3
UBERON:0007610,ChIP-seq:H3K27me3,ChIP-seq:CTCF,-0.02384404461035161,1.0,ChIP-seq:CTCF x ChIP-seq:H3K27me3
UBERON:0007610,ChIP-seq:H3K36me3,DNase-seq,-0.03561220078047403,2.0,ChIP-seq:H3K36me3 x DNase-seq
UBERON:0007610,ChIP-seq:H3K36me3,ChIP-seq:H3K27me3,0.09485917118774063,1.0,ChIP-seq:H3K27me3 x ChIP-seq:H3K36me3
UBERON:0007610,ChIP-seq:H3K36me3,ChIP-seq:H3K9me3,0.2971935745058113,1.0,ChIP-seq:H3K36me3 x ChIP-seq:H3K9me3
UBERON:0007610,ChIP-seq:H3K36me3,ChIP-seq:CTCF,-0.0322166578211252,1.0,ChIP-seq:CTCF x ChIP-seq:H3K36me3
UBERON:0007610,ChIP-seq:H3K9me3,DNase-seq,0.00223377198172906,2.0,ChIP-seq:H3K9me3 x DNase-seq
UBERON:0007610,ChIP-seq:H3K9me3,ChIP-seq:H3K27me3,0.13199381359007167,1.0,ChIP-seq:H3K27me3 x ChIP-seq:H3K9me3
UBERON:0007610,ChIP-seq:H3K9me3,ChIP-seq:H3K36me3,0.31218060046907453,1.0,ChIP-seq:H3K36me3 x ChIP-seq:H3K9me3
UBERON:0007610,ChIP-seq:H3K9me3,ChIP-seq:CTCF,-0.017632834360148144,1.0,ChIP-seq:CTCF x ChIP-seq:H3K9me3
UBERON:0007610,ChIP-seq:CTCF,DNase-seq,0.024393287285701518,2.0,ChIP-seq:CTCF x DNase-seq
UBERON:0007610,ChIP-seq:CTCF,ChIP-seq:H3K27me3,0.017025912983407235,1.0,ChIP-seq:CTCF x ChIP-seq:H3K27me3
UBERON:0007610,ChIP-seq:CTCF,ChIP-seq:H3K36me3,-0.029140191596178783,1.0,ChIP-seq:CTCF x ChIP-seq:H3K36me3
UBERON:0007610,ChIP-seq:CTCF,ChIP-seq:H3K9me3,-0.021327294846320285,1.0,ChIP-seq:CTCF x ChIP-seq:H3K9me3
UBERON:0001323,DNase-seq,ChIP-seq:H3K27ac,0.0017535467574625874,2.0,ChIP-seq:H3K27ac x DNase-seq
UBERON:0001323,DNase-seq,ChIP-seq:H3K27me3,-0.048527272011356794,2.0,ChIP-seq:H3K27me3 x DNase-seq
UBERON:0001323,DNase-seq,ChIP-seq:H3K36me3,-0.0743369054068964,2.0,ChIP-seq:H3K36me3 x DNase-seq
UBERON:0001323,DNase-seq,ChIP-seq:H3K4me1,-0.03104877678434486,2.0,ChIP-seq:H3K4me1 x DNase-seq
UBERON:0001323,DNase-seq,ChIP-seq:H3K4me3,-0.021722806678261875,2.0,ChIP-seq:H3K4me3 x DNase-seq
UBERON:0001323,DNase-seq,ChIP-seq:H3K9me3,-0.03895257176134173,2.0,ChIP-seq:H3K9me3 x DNase-seq
UBERON:0001323,DNase-seq,ChIP-seq:CTCF,0.04022822167613718,6.0,ChIP-seq:CTCF x DNase-seq
UBERON:0001323,DNase-seq,RNA-seq,0.01006065134950106,16.0,DNase-seq x RNA-seq
UBERON:0001323,DNase-seq,ChIP-seq:POLR2A,0.04011992045811244,4.0,ChIP-seq:POLR2A x DNase-seq
UBERON:0001323,DNase-seq,ChIP-seq:EP300,0.14452222983042398,4.0,ChIP-seq:EP300 x DNase-seq
UBERON:0001323,ChIP-seq:H3K27ac,DNase-seq,0.02285482603864572,2.0,ChIP-seq:H3K27ac x DNase-seq
UBERON:0001323,ChIP-seq:H3K27ac,ChIP-seq:H3K27me3,0.007480029551976028,1.0,ChIP-seq:H3K27ac x ChIP-seq:H3K27me3
UBERON:0001323,ChIP-seq:H3K27ac,ChIP-seq:H3K36me3,0.02329667478247925,1.0,ChIP-seq:H3K27ac x ChIP-seq:H3K36me3
UBERON:0001323,ChIP-seq:H3K27ac,ChIP-seq:H3K4me1,0.3484489347623742,1.0,ChIP-seq:H3K27ac x ChIP-seq:H3K4me1
UBERON:0001323,ChIP-seq:H3K27ac,ChIP-seq:H3K4me3,0.23806584408116896,1.0,ChIP-seq:H3K27ac x ChIP-seq:H3K4me3
UBERON:0001323,ChIP-seq:H3K27ac,ChIP-seq:H3K9me3,0.04397847191248526,1.0,ChIP-seq:H3K27ac x ChIP-seq:H3K9me3
UBERON:0001323,ChIP-seq:H3K27ac,ChIP-seq:CTCF,0.046314023459705186,3.0,ChIP-seq:CTCF x ChIP-seq:H3K27ac
UBERON:0001323,ChIP-seq:H3K27ac,RNA-seq,0.041139095614613375,8.0,ChIP-seq:H3K27ac x RNA-seq
UBERON:0001323,ChIP-seq:H3K27ac,ChIP-seq:POLR2A,0.0011525473424366522,2.0,ChIP-seq:H3K27ac x ChIP-seq:POLR2A
UBERON:0001323,ChIP-seq:H3K27ac,ChIP-seq:EP300,0.1145482063293457,2.0,ChIP-seq:EP300 x ChIP-seq:H3K27ac
UBERON:0001323,ChIP-seq:H3K27me3,DNase-seq,-0.019933721377063042,2.0,ChIP-seq:H3K27me3 x DNase-seq
UBERON:0001323,ChIP-seq:H3K27me3,ChIP-seq:H3K27ac,-0.019601662930699044,1.0,ChIP-seq:H3K27ac x ChIP-seq:H3K27me3
UBERON:0001323,ChIP-seq:H3K27me3,ChIP-seq:H3K36me3,0.10419760573477972,1.0,ChIP-seq:H3K27me3 x ChIP-seq:H3K36me3
UBERON:0001323,ChIP-seq:H3K27me3,ChIP-seq:H3K4me1,0.1611181044060251,1.0,ChIP-seq:H3K27me3 x ChIP-seq:H3K4me1
UBERON:0001323,ChIP-seq:H3K27me3,ChIP-seq:H3K4me3,0.07089283629212269,1.0,ChIP-seq:H3K27me3 x ChIP-seq:H3K4me3
UBERON:0001323,ChIP-seq:H3K27me3,ChIP-seq:H3K9me3,0.1793136632475773,1.0,ChIP-seq:H3K27me3 x ChIP-seq:H3K9me3
UBERON:0001323,ChIP-seq:H3K27me3,ChIP-seq:CTCF,-0.03540333500593015,3.0,ChIP-seq:CTCF x ChIP-seq:H3K27me3
UBERON:0001323,ChIP-seq:H3K27me3,RNA-seq,-0.013074638529939493,8.0,ChIP-seq:H3K27me3 x RNA-seq
UBERON:0001323,ChIP-seq:H3K27me3,ChIP-seq:POLR2A,-0.01090302930346557,2.0,ChIP-seq:H3K27me3 x ChIP-seq:POLR2A
UBERON:0001323,ChIP-seq:H3K27me3,ChIP-seq:EP300,-0.022070518881082538,2.0,ChIP-seq:EP300 x ChIP-seq:H3K27me3
UBERON:0001323,ChIP-seq:H3K36me3,DNase-seq,-0.03299988621903449,2.0,ChIP-seq:H3K36me3 x DNase-seq
UBERON:0001323,ChIP-seq:H3K36me3,ChIP-seq:H3K27ac,0.03077015092159495,1.0,ChIP-seq:H3K27ac x ChIP-seq:H3K36me3
UBERON:0001323,ChIP-seq:H3K36me3,ChIP-seq:H3K27me3,0.09694824650369842,1.0,ChIP-seq:H3K27me3 x ChIP-seq:H3K36me3
UBERON:0001323,ChIP-seq:H3K36me3,ChIP-seq:H3K4me1,0.11580394661944846,1.0,ChIP-seq:H3K36me3 x ChIP-seq:H3K4me1
UBERON:0001323,ChIP-seq:H3K36me3,ChIP-seq:H3K4me3,0.10158338841310767,1.0,ChIP-seq:H3K36me3 x ChIP-seq:H3K4me3
UBERON:0001323,ChIP-seq:H3K36me3,ChIP-seq:H3K9me3,0.24346347594394363,1.0,ChIP-seq:H3K36me3 x ChIP-seq:H3K9me3
UBERON:0001323,ChIP-seq:H3K36me3,ChIP-seq:CTCF,-0.05504755501208132,3.0,ChIP-seq:CTCF x ChIP-seq:H3K36me3
UBERON:0001323,ChIP-seq:H3K36me3,RNA-seq,0.011321349870280814,8.0,ChIP-seq:H3K36me3 x RNA-seq
UBERON:0001323,ChIP-seq:H3K36me3,ChIP-seq:POLR2A,-0.037986760160752704,2.0,ChIP-seq:H3K36me3 x ChIP-seq:POLR2A
UBERON:0001323,ChIP-seq:H3K36me3,ChIP-seq:EP300,-0.12134772613644601,2.0,ChIP-seq:EP300 x ChIP-seq:H3K36me3
UBERON:0001323,ChIP-seq:H3K4me1,DNase-seq,-0.009035335114398569,2.0,ChIP-seq:H3K4me1 x DNase-seq
UBERON:0001323,ChIP-seq:H3K4me1,ChIP-seq:H3K27ac,0.34447141194049224,1.0,ChIP-seq:H3K27ac x ChIP-seq:H3K4me1
UBERON:0001323,ChIP-seq:H3K4me1,ChIP-seq:H3K27me3,0.1539471700958822,1.0,ChIP-seq:H3K27me3 x ChIP-seq:H3K4me1
UBERON:0001323,ChIP-seq:H3K4me1,ChIP-seq:H3K36me3,0.09790825023852959,1.0,ChIP-seq:H3K36me3 x ChIP-seq:H3K4me1
UBERON:0001323,ChIP-seq:H3K4me1,ChIP-seq:H3K4me3,0.1052477971065876,1.0,ChIP-seq:H3K4me1 x ChIP-seq:H3K4me3
UBERON:0001323,ChIP-seq:H3K4me1,ChIP-seq:H3K9me3,0.18792102406810782,1.0,ChIP-seq:H3K4me1 x ChIP-seq:H3K9me3
UBERON:0001323,ChIP-seq:H3K4me1,ChIP-seq:CTCF,-0.00708038096774136,3.0,ChIP-seq:CTCF x ChIP-seq:H3K4me1
UBERON:0001323,ChIP-seq:H3K4me1,RNA-seq,0.00567989782684631,8.0,ChIP-seq:H3K4me1 x RNA-seq
UBERON:0001323,ChIP-seq:H3K4me1,ChIP-seq:POLR2A,-0.02460207657090255,2.0,ChIP-seq:H3K4me1 x ChIP-seq:POLR2A
UBERON:0001323,ChIP-seq:H3K4me1,ChIP-seq:EP300,-0.01767115294933319,2.0,ChIP-seq:EP300 x ChIP-seq:H3K4me1
UBERON:0001323,ChIP-seq:H3K4me3,DNase-seq,-0.013753297863547329,2.0,ChIP-seq:H3K4me3 x DNase-seq
UBERON:0001323,ChIP-seq:H3K4me3,ChIP-seq:H3K27ac,0.23140024770925074,1.0,ChIP-seq:H3K27ac x ChIP-seq:H3K4me3
UBERON:0001323,ChIP-seq:H3K4me3,ChIP-seq:H3K27me3,0.07336119939198439,1.0,ChIP-seq:H3K27me3 x ChIP-seq:H3K4me3
UBERON:0001323,ChIP-seq:H3K4me3,ChIP-seq:H3K36me3,0.0830779797422192,1.0,ChIP-seq:H3K36me3 x ChIP-seq:H3K4me3
UBERON:0001323,ChIP-seq:H3K4me3,ChIP-seq:H3K4me1,0.11483687810275867,1.0,ChIP-seq:H3K4me1 x ChIP-seq:H3K4me3
UBERON:0001323,ChIP-seq:H3K4me3,ChIP-seq:H3K9me3,0.14721390721518235,1.0,ChIP-seq:H3K4me3 x ChIP-seq:H3K9me3
UBERON:0001323,ChIP-seq:H3K4me3,ChIP-seq:CTCF,-0.002107252283851696,3.0,ChIP-seq:CTCF x ChIP-seq:H3K4me3
UBERON:0001323,ChIP-seq:H3K4me3,RNA-seq,0.028590186651698768,8.0,ChIP-seq:H3K4me3 x RNA-seq
UBERON:0001323,ChIP-seq:H3K4me3,ChIP-seq:POLR2A,-0.01256159799439567,2.0,ChIP-seq:H3K4me3 x ChIP-seq:POLR2A
UBERON:0001323,ChIP-seq:H3K4me3,ChIP-seq:EP300,0.09724597930908203,2.0,ChIP-seq:EP300 x ChIP-seq:H3K4me3
UBERON:0001323,ChIP-seq:H3K9me3,DNase-seq,-9.219939868474608e-05,2.0,ChIP-seq:H3K9me3 x DNase-seq
UBERON:0001323,ChIP-seq:H3K9me3,ChIP-seq:H3K27ac,0.025323471353377824,1.0,ChIP-seq:H3K27ac x ChIP-seq:H3K9me3
UBERON:0001323,ChIP-seq:H3K9me3,ChIP-seq:H3K27me3,0.16847899573287745,1.0,ChIP-seq:H3K27me3 x ChIP-seq:H3K9me3
UBERON:0001323,ChIP-seq:H3K9me3,ChIP-seq:H3K36me3,0.26266901612912535,1.0,ChIP-seq:H3K36me3 x ChIP-seq:H3K9me3
UBERON:0001323,ChIP-seq:H3K9me3,ChIP-seq:H3K4me1,0.18628872088764026,1.0,ChIP-seq:H3K4me1 x ChIP-seq:H3K9me3
UBERON:0001323,ChIP-seq:H3K9me3,ChIP-seq:H3K4me3,0.12459212957426559,1.0,ChIP-seq:H3K4me3 x ChIP-seq:H3K9me3
UBERON:0001323,ChIP-seq:H3K9me3,ChIP-seq:CTCF,-0.04269170593900649,3.0,ChIP-seq:CTCF x ChIP-seq:H3K9me3
UBERON:0001323,ChIP-seq:H3K9me3,RNA-seq,0.002358414476069305,8.0,ChIP-seq:H3K9me3 x RNA-seq
UBERON:0001323,ChIP-seq:H3K9me3,ChIP-seq:POLR2A,-0.012780286371707916,2.0,ChIP-seq:H3K9me3 x ChIP-seq:POLR2A
UBERON:0001323,ChIP-seq:H3K9me3,ChIP-seq:EP300,-0.04487280969818433,2.0,ChIP-seq:EP300 x ChIP-seq:H3K9me3
UBERON:0001323,ChIP-seq:CTCF,DNase-seq,-0.006406148684393501,6.0,ChIP-seq:CTCF x DNase-seq
UBERON:0001323,ChIP-seq:CTCF,ChIP-seq:H3K27ac,0.03450515896940427,3.0,ChIP-seq:CTCF x ChIP-seq:H3K27ac
UBERON:0001323,ChIP-seq:CTCF,ChIP-seq:H3K27me3,-0.024605494063932778,3.0,ChIP-seq:CTCF x ChIP-seq:H3K27me3
UBERON:0001323,ChIP-seq:CTCF,ChIP-seq:H3K36me3,-0.04318797224360589,3.0,ChIP-seq:CTCF x ChIP-seq:H3K36me3
UBERON:0001323,ChIP-seq:CTCF,ChIP-seq:H3K4me1,0.011163405318191088,3.0,ChIP-seq:CTCF x ChIP-seq:H3K4me1
UBERON:0001323,ChIP-seq:CTCF,ChIP-seq:H3K4me3,-0.0028049883454345018,3.0,ChIP-seq:CTCF x ChIP-seq:H3K4me3
UBERON:0001323,ChIP-seq:CTCF,ChIP-seq:H3K9me3,-0.02622994525250554,3.0,ChIP-seq:CTCF x ChIP-seq:H3K9me3
UBERON:0001323,ChIP-seq:CTCF,RNA-seq,0.015459987817896988,24.0,ChIP-seq:CTCF x RNA-seq
UBERON:0001323,ChIP-seq:CTCF,ChIP-seq:POLR2A,0.07369527078810192,6.0,ChIP-seq:CTCF x ChIP-seq:POLR2A
UBERON:0001323,ChIP-seq:CTCF,ChIP-seq:EP300,0.11630782418780856,6.0,ChIP-seq:CTCF x ChIP-seq:EP300
UBERON:0001323,RNA-seq,DNase-seq,0.022787795171679295,16.0,DNase-seq x RNA-seq
UBERON:0001323,RNA-seq,ChIP-seq:H3K27ac,0.045745013764611,8.0,ChIP-seq:H3K27ac x RNA-seq
UBERON:0001323,RNA-seq,ChIP-seq:H3K27me3,-0.022264002126523817,8.0,ChIP-seq:H3K27me3 x RNA-seq
UBERON:0001323,RNA-seq,ChIP-seq:H3K36me3,0.009037229197996634,8.0,ChIP-seq:H3K36me3 x RNA-seq
UBERON:0001323,RNA-seq,ChIP-seq:H3K4me1,0.01325321318986623,8.0,ChIP-seq:H3K4me1 x RNA-seq
UBERON:0001323,RNA-seq,ChIP-seq:H3K4me3,0.02674550060615983,8.0,ChIP-seq:H3K4me3 x RNA-seq
UBERON:0001323,RNA-seq,ChIP-seq:H3K9me3,0.005116871750637806,8.0,ChIP-seq:H3K9me3 x RNA-seq
UBERON:0001323,RNA-seq,ChIP-seq:CTCF,0.015141362588692812,24.0,ChIP-seq:CTCF x RNA-seq
UBERON:0001323,RNA-seq,ChIP-seq:POLR2A,0.008616213287625994,16.0,ChIP-seq:POLR2A x RNA-seq
UBERON:0001323,RNA-seq,ChIP-seq:EP300,0.03656503309806188,16.0,ChIP-seq:EP300 x RNA-seq
UBERON:0001323,ChIP-seq:POLR2A,DNase-seq,0.04133435500036811,4.0,ChIP-seq:POLR2A x DNase-seq
UBERON:0001323,ChIP-seq:POLR2A,ChIP-seq:H3K27ac,-0.022333597511421013,2.0,ChIP-seq:H3K27ac x ChIP-seq:POLR2A
UBERON:0001323,ChIP-seq:POLR2A,ChIP-seq:H3K27me3,-0.0049375823816691315,2.0,ChIP-seq:H3K27me3 x ChIP-seq:POLR2A
UBERON:0001323,ChIP-seq:POLR2A,ChIP-seq:H3K36me3,-0.031756754215589905,2.0,ChIP-seq:H3K36me3 x ChIP-seq:POLR2A
UBERON:0001323,ChIP-seq:POLR2A,ChIP-seq:H3K4me1,-0.01713750503309395,2.0,ChIP-seq:H3K4me1 x ChIP-seq:POLR2A
UBERON:0001323,ChIP-seq:POLR2A,ChIP-seq:H3K4me3,-0.020598536175350804,2.0,ChIP-seq:H3K4me3 x ChIP-seq:POLR2A
UBERON:0001323,ChIP-seq:POLR2A,ChIP-seq:H3K9me3,-0.012822034763557285,2.0,ChIP-seq:H3K9me3 x ChIP-seq:POLR2A
UBERON:0001323,ChIP-seq:POLR2A,ChIP-seq:CTCF,0.09186716067909013,6.0,ChIP-seq:CTCF x ChIP-seq:POLR2A
UBERON:0001323,ChIP-seq:POLR2A,RNA-seq,0.016671369343358944,16.0,ChIP-seq:POLR2A x RNA-seq
UBERON:0001323,ChIP-seq:POLR2A,ChIP-seq:EP300,0.23757866422335305,4.0,ChIP-seq:EP300 x ChIP-seq:POLR2A
UBERON:0001323,ChIP-seq:EP300,DNase-seq,0.051965170299883984,4.0,ChIP-seq:EP300 x DNase-seq
UBERON:0001323,ChIP-seq:EP300,ChIP-seq:H3K27ac,0.0848195140744433,2.0,ChIP-seq:EP300 x ChIP-seq:H3K27ac
UBERON:0001323,ChIP-seq:EP300,ChIP-seq:H3K27me3,0.017853790701463305,2.0,ChIP-seq:EP300 x ChIP-seq:H3K27me3
UBERON:0001323,ChIP-seq:EP300,ChIP-seq:H3K36me3,0.005588313712487147,2.0,ChIP-seq:EP300 x ChIP-seq:H3K36me3
UBERON:0001323,ChIP-seq:EP300,ChIP-seq:H3K4me1,0.0439867228269577,2.0,ChIP-seq:EP300 x ChIP-seq:H3K4me1
UBERON:0001323,ChIP-seq:EP300,ChIP-seq:H3K4me3,0.08228078664735305,2.0,ChIP-seq:EP300 x ChIP-seq:H3K4me3
UBERON:0001323,ChIP-seq:EP300,ChIP-seq:H3K9me3,0.03765605046679188,2.0,ChIP-seq:EP300 x ChIP-seq:H3K9me3
UBERON:0001323,ChIP-seq:EP300,ChIP-seq:CTCF,0.09483469889895751,6.0,ChIP-seq:CTCF x ChIP-seq:EP300
UBERON:0001323,ChIP-seq:EP300,RNA-seq,0.02493775020090248,16.0,ChIP-seq:EP300 x RNA-seq
UBERON:0001323,ChIP-seq:EP300,ChIP-seq:POLR2A,0.06702074408531189,4.0,ChIP-seq:EP300 x ChIP-seq:POLR2A
UBERON:0001723,DNase-seq,RNA-seq,-0.002379684715555757,4.0,DNase-seq x RNA-seq
UBERON:0001723,RNA-seq,DNase-seq,-0.0017241931606813803,4.0,DNase-seq x RNA-seq
UBERON:0001157,DNase-seq,ChIP-seq:H3K27ac,0.06402539213498434,12.0,ChIP-seq:H3K27ac x DNase-seq
UBERON:0001157,DNase-seq,ChIP-seq:H3K27me3,-0.0201633342816306,8.0,ChIP-seq:H3K27me3 x DNase-seq
UBERON:0001157,DNase-seq,ChIP-seq:H3K36me3,-0.0469562699027518,8.0,ChIP-seq:H3K36me3 x DNase-seq
UBERON:0001157,DNase-seq,ChIP-seq:H3K4me1,-0.018963430967667828,4.0,ChIP-seq:H3K4me1 x DNase-seq
UBERON:0001157,DNase-seq,ChIP-seq:H3K4me3,0.013423804211062054,4.0,ChIP-seq:H3K4me3 x DNase-seq
UBERON:0001157,DNase-seq,ChIP-seq:H3K9me3,-0.029215401881400434,4.0,ChIP-seq:H3K9me3 x DNase-seq
UBERON:0001157,DNase-seq,ChIP-seq:CTCF,0.029554687142372138,16.0,ChIP-seq:CTCF x DNase-seq
UBERON:0001157,DNase-seq,RNA-seq,-0.0040215607555561,32.0,DNase-seq x RNA-seq
UBERON:0001157,DNase-seq,ChIP-seq:POLR2A,0.041194644118800305,12.0,ChIP-seq:POLR2A x DNase-seq
UBERON:0001157,DNase-seq,ChIP-seq:POLR2AphosphoS5,0.13052495541395967,12.0,ChIP-seq:POLR2AphosphoS5 x DNase-seq
UBERON:0001157,DNase-seq,ChIP-seq:EP300,0.10065541416406631,4.0,ChIP-seq:EP300 x DNase-seq
UBERON:0001157,ChIP-seq:H3K27ac,DNase-seq,0.03939110699507034,12.0,ChIP-seq:H3K27ac x DNase-seq
UBERON:0001157,ChIP-seq:H3K27ac,ChIP-seq:H3K27me3,0.0533208406901773,6.0,ChIP-seq:H3K27ac x ChIP-seq:H3K27me3
UBERON:0001157,ChIP-seq:H3K27ac,ChIP-seq:H3K36me3,0.03676934212657576,6.0,ChIP-seq:H3K27ac x ChIP-seq:H3K36me3
UBERON:0001157,ChIP-seq:H3K27ac,ChIP-seq:H3K4me1,0.210770138795825,3.0,ChIP-seq:H3K27ac x ChIP-seq:H3K4me1
UBERON:0001157,ChIP-seq:H3K27ac,ChIP-seq:H3K4me3,0.2825761233189309,3.0,ChIP-seq:H3K27ac x ChIP-seq:H3K4me3
UBERON:0001157,ChIP-seq:H3K27ac,ChIP-seq:H3K9me3,0.025674240549183425,3.0,ChIP-seq:H3K27ac x ChIP-seq:H3K9me3
UBERON:0001157,ChIP-seq:H3K27ac,ChIP-seq:CTCF,0.02288095831871033,12.0,ChIP-seq:CTCF x ChIP-seq:H3K27ac
UBERON:0001157,ChIP-seq:H3K27ac,RNA-seq,0.02432841864825239,24.0,ChIP-seq:H3K27ac x RNA-seq
UBERON:0001157,ChIP-seq:H3K27ac,ChIP-seq:POLR2A,0.06761168422120989,9.0,ChIP-seq:H3K27ac x ChIP-seq:POLR2A
UBERON:0001157,ChIP-seq:H3K27ac,ChIP-seq:POLR2AphosphoS5,0.025680094589421776,9.0,ChIP-seq:H3K27ac x ChIP-seq:POLR2AphosphoS5
UBERON:0001157,ChIP-seq:H3K27ac,ChIP-seq:EP300,0.01718961695830027,3.0,ChIP-seq:EP300 x ChIP-seq:H3K27ac
UBERON:0001157,ChIP-seq:H3K27me3,DNase-seq,-0.026632041067193826,8.0,ChIP-seq:H3K27me3 x DNase-seq
UBERON:0001157,ChIP-seq:H3K27me3,ChIP-seq:H3K27ac,0.04755590856075287,6.0,ChIP-seq:H3K27ac x ChIP-seq:H3K27me3
UBERON:0001157,ChIP-seq:H3K27me3,ChIP-seq:H3K36me3,0.09300886110422459,4.0,ChIP-seq:H3K27me3 x ChIP-seq:H3K36me3
UBERON:0001157,ChIP-seq:H3K27me3,ChIP-seq:H3K4me1,0.07008394922899164,2.0,ChIP-seq:H3K27me3 x ChIP-seq:H3K4me1
UBERON:0001157,ChIP-seq:H3K27me3,ChIP-seq:H3K4me3,0.05136731436779333,2.0,ChIP-seq:H3K27me3 x ChIP-seq:H3K4me3
UBERON:0001157,ChIP-seq:H3K27me3,ChIP-seq:H3K9me3,0.4770479042436824,2.0,ChIP-seq:H3K27me3 x ChIP-seq:H3K9me3
UBERON:0001157,ChIP-seq:H3K27me3,ChIP-seq:CTCF,0.009841861315071584,8.0,ChIP-seq:CTCF x ChIP-seq:H3K27me3
UBERON:0001157,ChIP-seq:H3K27me3,RNA-seq,-0.009839368984103203,16.0,ChIP-seq:H3K27me3 x RNA-seq
UBERON:0001157,ChIP-seq:H3K27me3,ChIP-seq:POLR2A,0.03750197742924546,6.0,ChIP-seq:H3K27me3 x ChIP-seq:POLR2A
UBERON:0001157,ChIP-seq:H3K27me3,ChIP-seq:POLR2AphosphoS5,0.006450111115420307,6.0,ChIP-seq:H3K27me3 x ChIP-seq:POLR2AphosphoS5
UBERON:0001157,ChIP-seq:H3K27me3,ChIP-seq:EP300,0.013173069804906845,2.0,ChIP-seq:EP300 x ChIP-seq:H3K27me3
UBERON:0001157,ChIP-seq:H3K36me3,DNase-seq,-0.03195269863299755,8.0,ChIP-seq:H3K36me3 x DNase-seq
UBERON:0001157,ChIP-seq:H3K36me3,ChIP-seq:H3K27ac,0.029817966620127357,6.0,ChIP-seq:H3K27ac x ChIP-seq:H3K36me3
UBERON:0001157,ChIP-seq:H3K36me3,ChIP-seq:H3K27me3,0.05789287211750284,4.0,ChIP-seq:H3K27me3 x ChIP-seq:H3K36me3
UBERON:0001157,ChIP-seq:H3K36me3,ChIP-seq:H3K4me1,0.11291905071424402,2.0,ChIP-seq:H3K36me3 x ChIP-seq:H3K4me1
UBERON:0001157,ChIP-seq:H3K36me3,ChIP-seq:H3K4me3,0.1024237240469733,2.0,ChIP-seq:H3K36me3 x ChIP-seq:H3K4me3
UBERON:0001157,ChIP-seq:H3K36me3,ChIP-seq:H3K9me3,0.12897912084057345,2.0,ChIP-seq:H3K36me3 x ChIP-seq:H3K9me3
UBERON:0001157,ChIP-seq:H3K36me3,ChIP-seq:CTCF,-0.017032156363129616,8.0,ChIP-seq:CTCF x ChIP-seq:H3K36me3
UBERON:0001157,ChIP-seq:H3K36me3,RNA-seq,0.031151855483898924,16.0,ChIP-seq:H3K36me3 x RNA-seq
UBERON:0001157,ChIP-seq:H3K36me3,ChIP-seq:POLR2A,0.006098783332290074,6.0,ChIP-seq:H3K36me3 x ChIP-seq:POLR2A
UBERON:0001157,ChIP-seq:H3K36me3,ChIP-seq:POLR2AphosphoS5,0.012125424212879606,6.0,ChIP-seq:H3K36me3 x ChIP-seq:POLR2AphosphoS5
UBERON:0001157,ChIP-seq:H3K36me3,ChIP-seq:EP300,0.010130912065505981,2.0,ChIP-seq:EP300 x ChIP-seq:H3K36me3
UBERON:0001157,ChIP-seq:H3K4me1,DNase-seq,-0.006583548725191794,4.0,ChIP-seq:H3K4me1 x DNase-seq
UBERON:0001157,ChIP-seq:H3K4me1,ChIP-seq:H3K27ac,0.19346508085727693,3.0,ChIP-seq:H3K27ac x ChIP-seq:H3K4me1
UBERON:0001157,ChIP-seq:H3K4me1,ChIP-seq:H3K27me3,0.04809157326386843,2.0,ChIP-seq:H3K27me3 x ChIP-seq:H3K4me1
UBERON:0001157,ChIP-seq:H3K4me1,ChIP-seq:H3K36me3,0.0842308592289052,2.0,ChIP-seq:H3K36me3 x ChIP-seq:H3K4me1
UBERON:0001157,ChIP-seq:H3K4me1,ChIP-seq:H3K4me3,0.01630815021520437,1.0,ChIP-seq:H3K4me1 x ChIP-seq:H3K4me3
UBERON:0001157,ChIP-seq:H3K4me1,ChIP-seq:H3K9me3,-0.03318403806932811,1.0,ChIP-seq:H3K4me1 x ChIP-seq:H3K9me3
UBERON:0001157,ChIP-seq:H3K4me1,ChIP-seq:CTCF,0.07375329285860062,4.0,ChIP-seq:CTCF x ChIP-seq:H3K4me1
UBERON:0001157,ChIP-seq:H3K4me1,RNA-seq,0.003741126883589175,8.0,ChIP-seq:H3K4me1 x RNA-seq
UBERON:0001157,ChIP-seq:H3K4me1,ChIP-seq:POLR2A,0.005530194486632492,3.0,ChIP-seq:H3K4me1 x ChIP-seq:POLR2A
UBERON:0001157,ChIP-seq:H3K4me1,ChIP-seq:POLR2AphosphoS5,-0.014580325947867501,3.0,ChIP-seq:H3K4me1 x ChIP-seq:POLR2AphosphoS5
UBERON:0001157,ChIP-seq:H3K4me1,ChIP-seq:EP300,-0.0017217323184013367,1.0,ChIP-seq:EP300 x ChIP-seq:H3K4me1
UBERON:0001157,ChIP-seq:H3K4me3,DNase-seq,-0.01488807766548711,4.0,ChIP-seq:H3K4me3 x DNase-seq
UBERON:0001157,ChIP-seq:H3K4me3,ChIP-seq:H3K27ac,0.29685866832733154,3.0,ChIP-seq:H3K27ac x ChIP-seq:H3K4me3
UBERON:0001157,ChIP-seq:H3K4me3,ChIP-seq:H3K27me3,0.04503301798091458,2.0,ChIP-seq:H3K27me3 x ChIP-seq:H3K4me3
UBERON:0001157,ChIP-seq:H3K4me3,ChIP-seq:H3K36me3,0.10672743713602106,2.0,ChIP-seq:H3K36me3 x ChIP-seq:H3K4me3
UBERON:0001157,ChIP-seq:H3K4me3,ChIP-seq:H3K4me1,0.029205710019754326,1.0,ChIP-seq:H3K4me1 x ChIP-seq:H3K4me3
UBERON:0001157,ChIP-seq:H3K4me3,ChIP-seq:H3K9me3,0.07282768031738324,1.0,ChIP-seq:H3K4me3 x ChIP-seq:H3K9me3
UBERON:0001157,ChIP-seq:H3K4me3,ChIP-seq:CTCF,0.015100459754467013,4.0,ChIP-seq:CTCF x ChIP-seq:H3K4me3
UBERON:0001157,ChIP-seq:H3K4me3,RNA-seq,0.02530658000863363,8.0,ChIP-seq:H3K4me3 x RNA-seq
UBERON:0001157,ChIP-seq:H3K4me3,ChIP-seq:POLR2A,0.06634812933025938,3.0,ChIP-seq:H3K4me3 x ChIP-seq:POLR2A
UBERON:0001157,ChIP-seq:H3K4me3,ChIP-seq:POLR2AphosphoS5,0.01317697101169163,3.0,ChIP-seq:H3K4me3 x ChIP-seq:POLR2AphosphoS5
UBERON:0001157,ChIP-seq:H3K4me3,ChIP-seq:EP300,-0.008422888815402985,1.0,ChIP-seq:EP300 x ChIP-seq:H3K4me3
UBERON:0001157,ChIP-seq:H3K9me3,DNase-seq,-0.017525236976424646,4.0,ChIP-seq:H3K9me3 x DNase-seq
UBERON:0001157,ChIP-seq:H3K9me3,ChIP-seq:H3K27ac,0.04102844707667828,3.0,ChIP-seq:H3K27ac x ChIP-seq:H3K9me3
UBERON:0001157,ChIP-seq:H3K9me3,ChIP-seq:H3K27me3,0.49915393928571933,2.0,ChIP-seq:H3K27me3 x ChIP-seq:H3K9me3
UBERON:0001157,ChIP-seq:H3K9me3,ChIP-seq:H3K36me3,0.1973892627878392,2.0,ChIP-seq:H3K36me3 x ChIP-seq:H3K9me3
UBERON:0001157,ChIP-seq:H3K9me3,ChIP-seq:H3K4me1,0.019444050672261612,1.0,ChIP-seq:H3K4me1 x ChIP-seq:H3K9me3
UBERON:0001157,ChIP-seq:H3K9me3,ChIP-seq:H3K4me3,0.0874991373960362,1.0,ChIP-seq:H3K4me3 x ChIP-seq:H3K9me3
UBERON:0001157,ChIP-seq:H3K9me3,ChIP-seq:CTCF,-0.0017581099271774293,4.0,ChIP-seq:CTCF x ChIP-seq:H3K9me3
UBERON:0001157,ChIP-seq:H3K9me3,RNA-seq,0.0039509800605635175,8.0,ChIP-seq:H3K9me3 x RNA-seq
UBERON:0001157,ChIP-seq:H3K9me3,ChIP-seq:POLR2A,0.02441931838790576,3.0,ChIP-seq:H3K9me3 x ChIP-seq:POLR2A
UBERON:0001157,ChIP-seq:H3K9me3,ChIP-seq:POLR2AphosphoS5,-0.015362091638423777,3.0,ChIP-seq:H3K9me3 x ChIP-seq:POLR2AphosphoS5
UBERON:0001157,ChIP-seq:H3K9me3,ChIP-seq:EP300,0.002135351300239563,1.0,ChIP-seq:EP300 x ChIP-seq:H3K9me3
UBERON:0001157,ChIP-seq:CTCF,DNase-seq,0.037184413927824386,16.0,ChIP-seq:CTCF x DNase-seq
UBERON:0001157,ChIP-seq:CTCF,ChIP-seq:H3K27ac,0.025042208035786946,12.0,ChIP-seq:CTCF x ChIP-seq:H3K27ac
UBERON:0001157,ChIP-seq:CTCF,ChIP-seq:H3K27me3,-0.001915606411679975,8.0,ChIP-seq:CTCF x ChIP-seq:H3K27me3
UBERON:0001157,ChIP-seq:CTCF,ChIP-seq:H3K36me3,-0.03381366183624623,8.0,ChIP-seq:CTCF x ChIP-seq:H3K36me3
UBERON:0001157,ChIP-seq:CTCF,ChIP-seq:H3K4me1,0.06864241640204968,4.0,ChIP-seq:CTCF x ChIP-seq:H3K4me1
UBERON:0001157,ChIP-seq:CTCF,ChIP-seq:H3K4me3,0.02270398309757543,4.0,ChIP-seq:CTCF x ChIP-seq:H3K4me3
UBERON:0001157,ChIP-seq:CTCF,ChIP-seq:H3K9me3,-0.031989541882909214,4.0,ChIP-seq:CTCF x ChIP-seq:H3K9me3
UBERON:0001157,ChIP-seq:CTCF,RNA-seq,-0.002254145712129365,32.0,ChIP-seq:CTCF x RNA-seq
UBERON:0001157,ChIP-seq:CTCF,ChIP-seq:POLR2A,0.06191012606476291,12.0,ChIP-seq:CTCF x ChIP-seq:POLR2A
UBERON:0001157,ChIP-seq:CTCF,ChIP-seq:POLR2AphosphoS5,0.006463203165266246,12.0,ChIP-seq:CTCF x ChIP-seq:POLR2AphosphoS5
UBERON:0001157,ChIP-seq:CTCF,ChIP-seq:EP300,0.0027001425623893738,4.0,ChIP-seq:CTCF x ChIP-seq:EP300
UBERON:0001157,RNA-seq,DNase-seq,0.008571547248588943,32.0,DNase-seq x RNA-seq
UBERON:0001157,RNA-seq,ChIP-seq:H3K27ac,0.03173100799322128,24.0,ChIP-seq:H3K27ac x RNA-seq
UBERON:0001157,RNA-seq,ChIP-seq:H3K27me3,-0.018687454725190393,16.0,ChIP-seq:H3K27me3 x RNA-seq
UBERON:0001157,RNA-seq,ChIP-seq:H3K36me3,0.024875461579637326,16.0,ChIP-seq:H3K36me3 x RNA-seq
UBERON:0001157,RNA-seq,ChIP-seq:H3K4me1,0.0065500801834075355,8.0,ChIP-seq:H3K4me1 x RNA-seq
UBERON:0001157,RNA-seq,ChIP-seq:H3K4me3,0.027840378187423527,8.0,ChIP-seq:H3K4me3 x RNA-seq
UBERON:0001157,RNA-seq,ChIP-seq:H3K9me3,0.0020709275970412365,8.0,ChIP-seq:H3K9me3 x RNA-seq
UBERON:0001157,RNA-seq,ChIP-seq:CTCF,0.005580719914287329,32.0,ChIP-seq:CTCF x RNA-seq
UBERON:0001157,RNA-seq,ChIP-seq:POLR2A,0.03073004682858785,24.0,ChIP-seq:POLR2A x RNA-seq
UBERON:0001157,RNA-seq,ChIP-seq:POLR2AphosphoS5,0.028629196462807833,24.0,ChIP-seq:POLR2AphosphoS5 x RNA-seq
UBERON:0001157,RNA-seq,ChIP-seq:EP300,-0.0018008984625339508,8.0,ChIP-seq:EP300 x RNA-seq
UBERON:0001157,ChIP-seq:POLR2A,DNase-seq,0.06354538270228886,12.0,ChIP-seq:POLR2A x DNase-seq
UBERON:0001157,ChIP-seq:POLR2A,ChIP-seq:H3K27ac,0.07945243517557779,9.0,ChIP-seq:H3K27ac x ChIP-seq:POLR2A
UBERON:0001157,ChIP-seq:POLR2A,ChIP-seq:H3K27me3,-0.003936398925119742,6.0,ChIP-seq:H3K27me3 x ChIP-seq:POLR2A
UBERON:0001157,ChIP-seq:POLR2A,ChIP-seq:H3K36me3,0.016909258109880677,6.0,ChIP-seq:H3K36me3 x ChIP-seq:POLR2A
UBERON:0001157,ChIP-seq:POLR2A,ChIP-seq:H3K4me1,-0.016992631057898205,3.0,ChIP-seq:H3K4me1 x ChIP-seq:POLR2A
UBERON:0001157,ChIP-seq:POLR2A,ChIP-seq:H3K4me3,0.08485133925149609,3.0,ChIP-seq:H3K4me3 x ChIP-seq:POLR2A
UBERON:0001157,ChIP-seq:POLR2A,ChIP-seq:H3K9me3,-0.031235118394845912,3.0,ChIP-seq:H3K9me3 x ChIP-seq:POLR2A
UBERON:0001157,ChIP-seq:POLR2A,ChIP-seq:CTCF,0.06594448169072469,12.0,ChIP-seq:CTCF x ChIP-seq:POLR2A
UBERON:0001157,ChIP-seq:POLR2A,RNA-seq,0.02119922324106605,24.0,ChIP-seq:POLR2A x RNA-seq
UBERON:0001157,ChIP-seq:POLR2A,ChIP-seq:POLR2AphosphoS5,0.1698646898622866,9.0,ChIP-seq:POLR2A x ChIP-seq:POLR2AphosphoS5
UBERON:0001157,ChIP-seq:POLR2A,ChIP-seq:EP300,-0.0037020246187845773,3.0,ChIP-seq:EP300 x ChIP-seq:POLR2A
UBERON:0001157,ChIP-seq:POLR2AphosphoS5,DNase-seq,0.15048279056071415,12.0,ChIP-seq:POLR2AphosphoS5 x DNase-seq
UBERON:0001157,ChIP-seq:POLR2AphosphoS5,ChIP-seq:H3K27ac,0.07029440402984619,9.0,ChIP-seq:H3K27ac x ChIP-seq:POLR2AphosphoS5
UBERON:0001157,ChIP-seq:POLR2AphosphoS5,ChIP-seq:H3K27me3,0.01698109622405903,6.0,ChIP-seq:H3K27me3 x ChIP-seq:POLR2AphosphoS5
UBERON:0001157,ChIP-seq:POLR2AphosphoS5,ChIP-seq:H3K36me3,0.02644849954344702,6.0,ChIP-seq:H3K36me3 x ChIP-seq:POLR2AphosphoS5
UBERON:0001157,ChIP-seq:POLR2AphosphoS5,ChIP-seq:H3K4me1,0.005197786334632099,3.0,ChIP-seq:H3K4me1 x ChIP-seq:POLR2AphosphoS5
UBERON:0001157,ChIP-seq:POLR2AphosphoS5,ChIP-seq:H3K4me3,0.05214922335720802,3.0,ChIP-seq:H3K4me3 x ChIP-seq:POLR2AphosphoS5
UBERON:0001157,ChIP-seq:POLR2AphosphoS5,ChIP-seq:H3K9me3,-0.021033571987955708,3.0,ChIP-seq:H3K9me3 x ChIP-seq:POLR2AphosphoS5
UBERON:0001157,ChIP-seq:POLR2AphosphoS5,ChIP-seq:CTCF,0.003609899679819742,12.0,ChIP-seq:CTCF x ChIP-seq:POLR2AphosphoS5
UBERON:0001157,ChIP-seq:POLR2AphosphoS5,RNA-seq,0.031740023222879485,24.0,ChIP-seq:POLR2AphosphoS5 x RNA-seq
UBERON:0001157,ChIP-seq:POLR2AphosphoS5,ChIP-seq:POLR2A,0.0716883052479137,9.0,ChIP-seq:POLR2A x ChIP-seq:POLR2AphosphoS5
UBERON:0001157,ChIP-seq:POLR2AphosphoS5,ChIP-seq:EP300,0.14901185035705566,3.0,ChIP-seq:EP300 x ChIP-seq:POLR2AphosphoS5
UBERON:0001157,ChIP-seq:EP300,DNase-seq,0.1065807893795053,4.0,ChIP-seq:EP300 x DNase-seq
UBERON:0001157,ChIP-seq:EP300,ChIP-seq:H3K27ac,0.026629923780759172,3.0,ChIP-seq:EP300 x ChIP-seq:H3K27ac
UBERON:0001157,ChIP-seq:EP300,ChIP-seq:H3K27me3,0.01705855983874701,2.0,ChIP-seq:EP300 x ChIP-seq:H3K27me3
UBERON:0001157,ChIP-seq:EP300,ChIP-seq:H3K36me3,0.10099770731114327,2.0,ChIP-seq:EP300 x ChIP-seq:H3K36me3
UBERON:0001157,ChIP-seq:EP300,ChIP-seq:H3K4me1,0.04154463306717251,1.0,ChIP-seq:EP300 x ChIP-seq:H3K4me1
UBERON:0001157,ChIP-seq:EP300,ChIP-seq:H3K4me3,0.013131094446708992,1.0,ChIP-seq:EP300 x ChIP-seq:H3K4me3
UBERON:0001157,ChIP-seq:EP300,ChIP-seq:H3K9me3,0.018070260073219595,1.0,ChIP-seq:EP300 x ChIP-seq:H3K9me3
UBERON:0001157,ChIP-seq:EP300,ChIP-seq:CTCF,-0.0018170554935932129,4.0,ChIP-seq:CTCF x ChIP-seq:EP300
UBERON:0001157,ChIP-seq:EP300,RNA-seq,-0.0035128387093827165,8.0,ChIP-seq:EP300 x RNA-seq
UBERON:0001157,ChIP-seq:EP300,ChIP-seq:POLR2A,-0.0130031968608047,3.0,ChIP-seq:EP300 x ChIP-seq:POLR2A
UBERON:0001157,ChIP-seq:EP300,ChIP-seq:POLR2AphosphoS5,0.13217086262173122,3.0,ChIP-seq:EP300 x ChIP-seq:POLR2AphosphoS5
UBERON:0000088,ChIP-seq:H3K27ac,ChIP-seq:H3K27me3,0.27333942365784175,4.0,ChIP-seq:H3K27ac x ChIP-seq:H3K27me3
UBERON:0000088,ChIP-seq:H3K27ac,ChIP-seq:H3K36me3,0.2238622932357991,4.0,ChIP-seq:H3K27ac x ChIP-seq:H3K36me3
UBERON:0000088,ChIP-seq:H3K27ac,ChIP-seq:H3K4me1,0.504248684872695,4.0,ChIP-seq:H3K27ac x ChIP-seq:H3K4me1
UBERON:0000088,ChIP-seq:H3K27ac,ChIP-seq:H3K9me3,0.18884532254063682,4.0,ChIP-seq:H3K27ac x ChIP-seq:H3K9me3
UBERON:0000088,ChIP-seq:H3K27ac,polyA plus RNA-seq,-0.006396911622605462,12.0,ChIP-seq:H3K27ac x polyA plus RNA-seq
UBERON:0000088,ChIP-seq:H3K27me3,ChIP-seq:H3K27ac,0.29177694124464665,4.0,ChIP-seq:H3K27ac x ChIP-seq:H3K27me3
UBERON:0000088,ChIP-seq:H3K27me3,ChIP-seq:H3K36me3,0.2360614449419874,4.0,ChIP-seq:H3K27me3 x ChIP-seq:H3K36me3
UBERON:0000088,ChIP-seq:H3K27me3,ChIP-seq:H3K4me1,0.19752356434454682,4.0,ChIP-seq:H3K27me3 x ChIP-seq:H3K4me1
UBERON:0000088,ChIP-seq:H3K27me3,ChIP-seq:H3K9me3,0.4718841535321782,4.0,ChIP-seq:H3K27me3 x ChIP-seq:H3K9me3
UBERON:0000088,ChIP-seq:H3K27me3,polyA plus RNA-seq,-0.010108100741669753,12.0,ChIP-seq:H3K27me3 x polyA plus RNA-seq
UBERON:0000088,ChIP-seq:H3K36me3,ChIP-seq:H3K27ac,0.2443976666061034,4.0,ChIP-seq:H3K27ac x ChIP-seq:H3K36me3
UBERON:0000088,ChIP-seq:H3K36me3,ChIP-seq:H3K27me3,0.23566358006758498,4.0,ChIP-seq:H3K27me3 x ChIP-seq:H3K36me3
UBERON:0000088,ChIP-seq:H3K36me3,ChIP-seq:H3K4me1,0.22344317160994628,4.0,ChIP-seq:H3K36me3 x ChIP-seq:H3K4me1
UBERON:0000088,ChIP-seq:H3K36me3,ChIP-seq:H3K9me3,0.26702198587106857,4.0,ChIP-seq:H3K36me3 x ChIP-seq:H3K9me3
UBERON:0000088,ChIP-seq:H3K36me3,polyA plus RNA-seq,-0.0016810879759166543,12.0,ChIP-seq:H3K36me3 x polyA plus RNA-seq
UBERON:0000088,ChIP-seq:H3K4me1,ChIP-seq:H3K27ac,0.5222965449279879,4.0,ChIP-seq:H3K27ac x ChIP-seq:H3K4me1
UBERON:0000088,ChIP-seq:H3K4me1,ChIP-seq:H3K27me3,0.18403870099886305,4.0,ChIP-seq:H3K27me3 x ChIP-seq:H3K4me1
UBERON:0000088,ChIP-seq:H3K4me1,ChIP-seq:H3K36me3,0.20710729633239988,4.0,ChIP-seq:H3K36me3 x ChIP-seq:H3K4me1
UBERON:0000088,ChIP-seq:H3K4me1,ChIP-seq:H3K9me3,0.2041952886273352,4.0,ChIP-seq:H3K4me1 x ChIP-seq:H3K9me3
UBERON:0000088,ChIP-seq:H3K4me1,polyA plus RNA-seq,-0.021619539146406064,12.0,ChIP-seq:H3K4me1 x polyA plus RNA-seq
UBERON:0000088,ChIP-seq:H3K9me3,ChIP-seq:H3K27ac,0.2080186413867133,4.0,ChIP-seq:H3K27ac x ChIP-seq:H3K9me3
UBERON:0000088,ChIP-seq:H3K9me3,ChIP-seq:H3K27me3,0.4921546654205102,4.0,ChIP-seq:H3K27me3 x ChIP-seq:H3K9me3
UBERON:0000088,ChIP-seq:H3K9me3,ChIP-seq:H3K36me3,0.2761116478037327,4.0,ChIP-seq:H3K36me3 x ChIP-seq:H3K9me3
UBERON:0000088,ChIP-seq:H3K9me3,ChIP-seq:H3K4me1,0.21587610594887552,4.0,ChIP-seq:H3K4me1 x ChIP-seq:H3K9me3
UBERON:0000088,ChIP-seq:H3K9me3,polyA plus RNA-seq,-0.015512202874473906,12.0,ChIP-seq:H3K9me3 x polyA plus RNA-seq
UBERON:0000088,polyA plus RNA-seq,ChIP-seq:H3K27ac,-0.030711710348910428,12.0,ChIP-seq:H3K27ac x polyA plus RNA-seq
UBERON:0000088,polyA plus RNA-seq,ChIP-seq:H3K27me3,-0.011175618078093079,12.0,ChIP-seq:H3K27me3 x polyA plus RNA-seq
UBERON:0000088,polyA plus RNA-seq,ChIP-seq:H3K36me3,-0.0155985840457551,12.0,ChIP-seq:H3K36me3 x polyA plus RNA-seq
UBERON:0000088,polyA plus RNA-seq,ChIP-seq:H3K4me1,-0.027419591230935736,12.0,ChIP-seq:H3K4me1 x polyA plus RNA-seq
UBERON:0000088,polyA plus RNA-seq,ChIP-seq:H3K9me3,-0.015413169892093216,12.0,ChIP-seq:H3K9me3 x polyA plus RNA-seq
UBERON:0002331,DNase-seq,RNA-seq,0.004639135643106992,2.0,DNase-seq x RNA-seq
UBERON:0002331,RNA-seq,DNase-seq,0.021934376220316996,2.0,DNase-seq x RNA-seq
UBERON:0008952,DNase-seq,ChIP-seq:H3K27ac,0.031370153152403026,3.0,ChIP-seq:H3K27ac x DNase-seq
UBERON:0008952,DNase-seq,ChIP-seq:H3K27me3,-0.009156321856939015,3.0,ChIP-seq:H3K27me3 x DNase-seq
UBERON:0008952,DNase-seq,ChIP-seq:H3K36me3,-0.014997634704912992,3.0,ChIP-seq:H3K36me3 x DNase-seq
UBERON:0008952,DNase-seq,ChIP-seq:H3K4me3,-0.009854589090790858,3.0,ChIP-seq:H3K4me3 x DNase-seq
UBERON:0008952,DNase-seq,ChIP-seq:CTCF,0.016815602382024127,12.0,ChIP-seq:CTCF x DNase-seq
UBERON:0008952,DNase-seq,RNA-seq,0.006058069370347533,36.0,DNase-seq x RNA-seq
UBERON:0008952,DNase-seq,ChIP-seq:POLR2A,0.02687532010704581,9.0,ChIP-seq:POLR2A x DNase-seq
UBERON:0008952,DNase-seq,ChIP-seq:POLR2AphosphoS5,0.05615013270151048,6.0,ChIP-seq:POLR2AphosphoS5 x DNase-seq
UBERON:0008952,DNase-seq,ChIP-seq:EP300,0.022879703304706477,12.0,ChIP-seq:EP300 x DNase-seq
UBERON:0008952,ChIP-seq:H3K27ac,DNase-seq,-0.020171013913413346,3.0,ChIP-seq:H3K27ac x DNase-seq
UBERON:0008952,ChIP-seq:H3K27ac,ChIP-seq:H3K27me3,0.044119072243057444,1.0,ChIP-seq:H3K27ac x ChIP-seq:H3K27me3
UBERON:0008952,ChIP-seq:H3K27ac,ChIP-seq:H3K36me3,0.06402087235261524,1.0,ChIP-seq:H3K27ac x ChIP-seq:H3K36me3
UBERON:0008952,ChIP-seq:H3K27ac,ChIP-seq:H3K4me3,0.12023295995800995,1.0,ChIP-seq:H3K27ac x ChIP-seq:H3K4me3
UBERON:0008952,ChIP-seq:H3K27ac,ChIP-seq:CTCF,0.022251953780651094,4.0,ChIP-seq:CTCF x ChIP-seq:H3K27ac
UBERON:0008952,ChIP-seq:H3K27ac,RNA-seq,0.019952769473874025,12.0,ChIP-seq:H3K27ac x RNA-seq
UBERON:0008952,ChIP-seq:H3K27ac,ChIP-seq:POLR2A,0.05440314105062774,3.0,ChIP-seq:H3K27ac x ChIP-seq:POLR2A
UBERON:0008952,ChIP-seq:H3K27ac,ChIP-seq:POLR2AphosphoS5,0.04746158208165849,2.0,ChIP-seq:H3K27ac x ChIP-seq:POLR2AphosphoS5
UBERON:0008952,ChIP-seq:H3K27ac,ChIP-seq:EP300,0.009955885891730971,4.0,ChIP-seq:EP300 x ChIP-seq:H3K27ac
UBERON:0008952,ChIP-seq:H3K27me3,DNase-seq,-0.0128822653369078,3.0,ChIP-seq:H3K27me3 x DNase-seq
UBERON:0008952,ChIP-seq:H3K27me3,ChIP-seq:H3K27ac,0.015093795081347595,1.0,ChIP-seq:H3K27ac x ChIP-seq:H3K27me3
UBERON:0008952,ChIP-seq:H3K27me3,ChIP-seq:H3K36me3,0.03611799633061444,1.0,ChIP-seq:H3K27me3 x ChIP-seq:H3K36me3
UBERON:0008952,ChIP-seq:H3K27me3,ChIP-seq:H3K4me3,0.22823809676392134,1.0,ChIP-seq:H3K27me3 x ChIP-seq:H3K4me3
UBERON:0008952,ChIP-seq:H3K27me3,ChIP-seq:CTCF,-0.04259751658886671,4.0,ChIP-seq:CTCF x ChIP-seq:H3K27me3
UBERON:0008952,ChIP-seq:H3K27me3,RNA-seq,-0.01793267472470693,12.0,ChIP-seq:H3K27me3 x RNA-seq
UBERON:0008952,ChIP-seq:H3K27me3,ChIP-seq:POLR2A,-0.03382175700231032,3.0,ChIP-seq:H3K27me3 x ChIP-seq:POLR2A
UBERON:0008952,ChIP-seq:H3K27me3,ChIP-seq:POLR2AphosphoS5,0.010777141366686144,2.0,ChIP-seq:H3K27me3 x ChIP-seq:POLR2AphosphoS5
UBERON:0008952,ChIP-seq:H3K27me3,ChIP-seq:EP300,0.027759302120942325,4.0,ChIP-seq:EP300 x ChIP-seq:H3K27me3
UBERON:0008952,ChIP-seq:H3K36me3,DNase-seq,-0.008533869203401474,3.0,ChIP-seq:H3K36me3 x DNase-seq
UBERON:0008952,ChIP-seq:H3K36me3,ChIP-seq:H3K27ac,0.04868857930471868,1.0,ChIP-seq:H3K27ac x ChIP-seq:H3K36me3
UBERON:0008952,ChIP-seq:H3K36me3,ChIP-seq:H3K27me3,0.10827636067894683,1.0,ChIP-seq:H3K27me3 x ChIP-seq:H3K36me3
UBERON:0008952,ChIP-seq:H3K36me3,ChIP-seq:H3K4me3,0.13585950219353965,1.0,ChIP-seq:H3K36me3 x ChIP-seq:H3K4me3
UBERON:0008952,ChIP-seq:H3K36me3,ChIP-seq:CTCF,-0.013192740529775619,4.0,ChIP-seq:CTCF x ChIP-seq:H3K36me3
UBERON:0008952,ChIP-seq:H3K36me3,RNA-seq,0.016483437671935816,12.0,ChIP-seq:H3K36me3 x RNA-seq
UBERON:0008952,ChIP-seq:H3K36me3,ChIP-seq:POLR2A,0.013039281286976553,3.0,ChIP-seq:H3K36me3 x ChIP-seq:POLR2A
UBERON:0008952,ChIP-seq:H3K36me3,ChIP-seq:POLR2AphosphoS5,-0.006192693752901893,2.0,ChIP-seq:H3K36me3 x ChIP-seq:POLR2AphosphoS5
UBERON:0008952,ChIP-seq:H3K36me3,ChIP-seq:EP300,-0.01894621035227409,4.0,ChIP-seq:EP300 x ChIP-seq:H3K36me3
UBERON:0008952,ChIP-seq:H3K4me3,DNase-seq,-0.0011314262253369484,3.0,ChIP-seq:H3K4me3 x DNase-seq
UBERON:0008952,ChIP-seq:H3K4me3,ChIP-seq:H3K27ac,0.15999204509052228,1.0,ChIP-seq:H3K27ac x ChIP-seq:H3K4me3
UBERON:0008952,ChIP-seq:H3K4me3,ChIP-seq:H3K27me3,0.20549682056766816,1.0,ChIP-seq:H3K27me3 x ChIP-seq:H3K4me3
UBERON:0008952,ChIP-seq:H3K4me3,ChIP-seq:H3K36me3,0.09790639839475117,1.0,ChIP-seq:H3K36me3 x ChIP-seq:H3K4me3
UBERON:0008952,ChIP-seq:H3K4me3,ChIP-seq:CTCF,-0.00715796396136284,4.0,ChIP-seq:CTCF x ChIP-seq:H3K4me3
UBERON:0008952,ChIP-seq:H3K4me3,RNA-seq,0.004378482985267822,12.0,ChIP-seq:H3K4me3 x RNA-seq
UBERON:0008952,ChIP-seq:H3K4me3,ChIP-seq:POLR2A,0.01386728088061015,3.0,ChIP-seq:H3K4me3 x ChIP-seq:POLR2A
UBERON:0008952,ChIP-seq:H3K4me3,ChIP-seq:POLR2AphosphoS5,0.0068310371467045355,2.0,ChIP-seq:H3K4me3 x ChIP-seq:POLR2AphosphoS5
UBERON:0008952,ChIP-seq:H3K4me3,ChIP-seq:EP300,-0.023291976406024054,4.0,ChIP-seq:EP300 x ChIP-seq:H3K4me3
UBERON:0008952,ChIP-seq:CTCF,DNase-seq,-0.028670854885756818,12.0,ChIP-seq:CTCF x DNase-seq
UBERON:0008952,ChIP-seq:CTCF,ChIP-seq:H3K27ac,0.01000176968029988,4.0,ChIP-seq:CTCF x ChIP-seq:H3K27ac
UBERON:0008952,ChIP-seq:CTCF,ChIP-seq:H3K27me3,-0.008318544515333641,4.0,ChIP-seq:CTCF x ChIP-seq:H3K27me3
UBERON:0008952,ChIP-seq:CTCF,ChIP-seq:H3K36me3,-0.003978840159203009,4.0,ChIP-seq:CTCF x ChIP-seq:H3K36me3
UBERON:0008952,ChIP-seq:CTCF,ChIP-seq:H3K4me3,-0.008446500831565194,4.0,ChIP-seq:CTCF x ChIP-seq:H3K4me3
UBERON:0008952,ChIP-seq:CTCF,RNA-seq,0.0008238693408900311,48.0,ChIP-seq:CTCF x RNA-seq
UBERON:0008952,ChIP-seq:CTCF,ChIP-seq:POLR2A,0.0489802071542451,12.0,ChIP-seq:CTCF x ChIP-seq:POLR2A
UBERON:0008952,ChIP-seq:CTCF,ChIP-seq:POLR2AphosphoS5,0.011211263281958442,8.0,ChIP-seq:CTCF x ChIP-seq:POLR2AphosphoS5
UBERON:0008952,ChIP-seq:CTCF,ChIP-seq:EP300,0.035227295297842756,16.0,ChIP-seq:CTCF x ChIP-seq:EP300
UBERON:0008952,RNA-seq,DNase-seq,0.0200235812598318,36.0,DNase-seq x RNA-seq
UBERON:0008952,RNA-seq,ChIP-seq:H3K27ac,0.03281094704145267,12.0,ChIP-seq:H3K27ac x RNA-seq
UBERON:0008952,RNA-seq,ChIP-seq:H3K27me3,-0.00558104391755729,12.0,ChIP-seq:H3K27me3 x RNA-seq
UBERON:0008952,RNA-seq,ChIP-seq:H3K36me3,0.02768786884910005,12.0,ChIP-seq:H3K36me3 x RNA-seq
UBERON:0008952,RNA-seq,ChIP-seq:H3K4me3,0.010454199272532796,12.0,ChIP-seq:H3K4me3 x RNA-seq
UBERON:0008952,RNA-seq,ChIP-seq:CTCF,0.0069789302100737895,48.0,ChIP-seq:CTCF x RNA-seq
UBERON:0008952,RNA-seq,ChIP-seq:POLR2A,0.013671549642928923,36.0,ChIP-seq:POLR2A x RNA-seq
UBERON:0008952,RNA-seq,ChIP-seq:POLR2AphosphoS5,0.013305360007853737,24.0,ChIP-seq:POLR2AphosphoS5 x RNA-seq
UBERON:0008952,RNA-seq,ChIP-seq:EP300,0.0009202437523083808,48.0,ChIP-seq:EP300 x RNA-seq
UBERON:0008952,ChIP-seq:POLR2A,DNase-seq,0.02546660208065485,9.0,ChIP-seq:POLR2A x DNase-seq
UBERON:0008952,ChIP-seq:POLR2A,ChIP-seq:H3K27ac,0.06536532380453353,3.0,ChIP-seq:H3K27ac x ChIP-seq:POLR2A
UBERON:0008952,ChIP-seq:POLR2A,ChIP-seq:H3K27me3,0.006714430291533926,3.0,ChIP-seq:H3K27me3 x ChIP-seq:POLR2A
UBERON:0008952,ChIP-seq:POLR2A,ChIP-seq:H3K36me3,0.003030036906243632,3.0,ChIP-seq:H3K36me3 x ChIP-seq:POLR2A
UBERON:0008952,ChIP-seq:POLR2A,ChIP-seq:H3K4me3,0.002664375536201538,3.0,ChIP-seq:H3K4me3 x ChIP-seq:POLR2A
UBERON:0008952,ChIP-seq:POLR2A,ChIP-seq:CTCF,0.062356046040852875,12.0,ChIP-seq:CTCF x ChIP-seq:POLR2A
UBERON:0008952,ChIP-seq:POLR2A,RNA-seq,0.009099325401891623,36.0,ChIP-seq:POLR2A x RNA-seq
UBERON:0008952,ChIP-seq:POLR2A,ChIP-seq:POLR2AphosphoS5,0.0558752218882243,6.0,ChIP-seq:POLR2A x ChIP-seq:POLR2AphosphoS5
UBERON:0008952,ChIP-seq:POLR2A,ChIP-seq:EP300,0.0143231382736793,12.0,ChIP-seq:EP300 x ChIP-seq:POLR2A
UBERON:0008952,ChIP-seq:POLR2AphosphoS5,DNase-seq,0.05572768683889426,6.0,ChIP-seq:POLR2AphosphoS5 x DNase-seq
UBERON:0008952,ChIP-seq:POLR2AphosphoS5,ChIP-seq:H3K27ac,0.09373857320090871,2.0,ChIP-seq:H3K27ac x ChIP-seq:POLR2AphosphoS5
UBERON:0008952,ChIP-seq:POLR2AphosphoS5,ChIP-seq:H3K27me3,0.06687734318875718,2.0,ChIP-seq:H3K27me3 x ChIP-seq:POLR2AphosphoS5
UBERON:0008952,ChIP-seq:POLR2AphosphoS5,ChIP-seq:H3K36me3,0.025614133311642542,2.0,ChIP-seq:H3K36me3 x ChIP-seq:POLR2AphosphoS5
UBERON:0008952,ChIP-seq:POLR2AphosphoS5,ChIP-seq:H3K4me3,0.024320944658545562,2.0,ChIP-seq:H3K4me3 x ChIP-seq:POLR2AphosphoS5
UBERON:0008952,ChIP-seq:POLR2AphosphoS5,ChIP-seq:CTCF,0.029454925060272218,8.0,ChIP-seq:CTCF x ChIP-seq:POLR2AphosphoS5
UBERON:0008952,ChIP-seq:POLR2AphosphoS5,RNA-seq,0.012486394843180405,24.0,ChIP-seq:POLR2AphosphoS5 x RNA-seq
UBERON:0008952,ChIP-seq:POLR2AphosphoS5,ChIP-seq:POLR2A,0.05536615631797098,6.0,ChIP-seq:POLR2A x ChIP-seq:POLR2AphosphoS5
UBERON:0008952,ChIP-seq:POLR2AphosphoS5,ChIP-seq:EP300,0.15617355933556187,8.0,ChIP-seq:EP300 x ChIP-seq:POLR2AphosphoS5
UBERON:0008952,ChIP-seq:EP300,DNase-seq,0.05431865232705454,12.0,ChIP-seq:EP300 x DNase-seq
UBERON:0008952,ChIP-seq:EP300,ChIP-seq:H3K27ac,0.024832543859511245,4.0,ChIP-seq:EP300 x ChIP-seq:H3K27ac
UBERON:0008952,ChIP-seq:EP300,ChIP-seq:H3K27me3,0.15298044578782444,4.0,ChIP-seq:EP300 x ChIP-seq:H3K27me3
UBERON:0008952,ChIP-seq:EP300,ChIP-seq:H3K36me3,-0.0022023747916574826,4.0,ChIP-seq:EP300 x ChIP-seq:H3K36me3
UBERON:0008952,ChIP-seq:EP300,ChIP-seq:H3K4me3,0.07478381915147914,4.0,ChIP-seq:EP300 x ChIP-seq:H3K4me3
UBERON:0008952,ChIP-seq:EP300,ChIP-seq:CTCF,0.025604291558265685,16.0,ChIP-seq:CTCF x ChIP-seq:EP300
UBERON:0008952,ChIP-seq:EP300,RNA-seq,-0.001985837658532231,48.0,ChIP-seq:EP300 x RNA-seq
UBERON:0008952,ChIP-seq:EP300,ChIP-seq:POLR2A,0.02746569712956748,12.0,ChIP-seq:EP300 x ChIP-seq:POLR2A
UBERON:0008952,ChIP-seq:EP300,ChIP-seq:POLR2AphosphoS5,0.24999288150242396,8.0,ChIP-seq:EP300 x ChIP-seq:POLR2AphosphoS5
UBERON:0001255,DNase-seq,ChIP-seq:H3K27ac,-0.0057519868384172945,1.0,ChIP-seq:H3K27ac x DNase-seq
UBERON:0001255,DNase-seq,ChIP-seq:H3K36me3,-0.01518845139317727,1.0,ChIP-seq:H3K36me3 x DNase-seq
UBERON:0001255,DNase-seq,ChIP-seq:H3K4me1,-0.013267019196696903,1.0,ChIP-seq:H3K4me1 x DNase-seq
UBERON:0001255,DNase-seq,ChIP-seq:H3K4me3,-0.025302643727424537,1.0,ChIP-seq:H3K4me3 x DNase-seq
UBERON:0001255,DNase-seq,polyA plus RNA-seq,0.0004395615165375365,2.0,DNase-seq x polyA plus RNA-seq
UBERON:0001255,DNase-seq,RNA-seq,0.01577472464733297,2.0,DNase-seq x RNA-seq
UBERON:0001255,ChIP-seq:H3K27ac,DNase-seq,0.008232881006207747,1.0,ChIP-seq:H3K27ac x DNase-seq
UBERON:0001255,ChIP-seq:H3K27ac,ChIP-seq:H3K36me3,0.19917781296230497,1.0,ChIP-seq:H3K27ac x ChIP-seq:H3K36me3
UBERON:0001255,ChIP-seq:H3K27ac,ChIP-seq:H3K4me1,0.30900098707364954,1.0,ChIP-seq:H3K27ac x ChIP-seq:H3K4me1
UBERON:0001255,ChIP-seq:H3K27ac,ChIP-seq:H3K4me3,0.15583184195119282,1.0,ChIP-seq:H3K27ac x ChIP-seq:H3K4me3
UBERON:0001255,ChIP-seq:H3K27ac,polyA plus RNA-seq,0.021952234614202835,2.0,ChIP-seq:H3K27ac x polyA plus RNA-seq
UBERON:0001255,ChIP-seq:H3K27ac,RNA-seq,-0.004123239671109155,2.0,ChIP-seq:H3K27ac x RNA-seq
UBERON:0001255,ChIP-seq:H3K36me3,DNase-seq,-0.011672214645614661,1.0,ChIP-seq:H3K36me3 x DNase-seq
UBERON:0001255,ChIP-seq:H3K36me3,ChIP-seq:H3K27ac,0.2270639936129252,1.0,ChIP-seq:H3K27ac x ChIP-seq:H3K36me3
UBERON:0001255,ChIP-seq:H3K36me3,ChIP-seq:H3K4me1,0.382138685039852,1.0,ChIP-seq:H3K36me3 x ChIP-seq:H3K4me1
UBERON:0001255,ChIP-seq:H3K36me3,ChIP-seq:H3K4me3,0.10707314485727354,1.0,ChIP-seq:H3K36me3 x ChIP-seq:H3K4me3
UBERON:0001255,ChIP-seq:H3K36me3,polyA plus RNA-seq,0.0076042920948782775,2.0,ChIP-seq:H3K36me3 x polyA plus RNA-seq
UBERON:0001255,ChIP-seq:H3K36me3,RNA-seq,0.006046769490565852,2.0,ChIP-seq:H3K36me3 x RNA-seq
UBERON:0001255,ChIP-seq:H3K4me1,DNase-seq,0.009488734974499534,1.0,ChIP-seq:H3K4me1 x DNase-seq
UBERON:0001255,ChIP-seq:H3K4me1,ChIP-seq:H3K27ac,0.31580900925177113,1.0,ChIP-seq:H3K27ac x ChIP-seq:H3K4me1
UBERON:0001255,ChIP-seq:H3K4me1,ChIP-seq:H3K36me3,0.38716987611124754,1.0,ChIP-seq:H3K36me3 x ChIP-seq:H3K4me1
UBERON:0001255,ChIP-seq:H3K4me1,ChIP-seq:H3K4me3,0.03978513385667357,1.0,ChIP-seq:H3K4me1 x ChIP-seq:H3K4me3
UBERON:0001255,ChIP-seq:H3K4me1,polyA plus RNA-seq,0.008390431764687713,2.0,ChIP-seq:H3K4me1 x polyA plus RNA-seq
UBERON:0001255,ChIP-seq:H3K4me1,RNA-seq,-0.002730694540560385,2.0,ChIP-seq:H3K4me1 x RNA-seq
UBERON:0001255,ChIP-seq:H3K4me3,DNase-seq,-0.023337654692807963,1.0,ChIP-seq:H3K4me3 x DNase-seq
UBERON:0001255,ChIP-seq:H3K4me3,ChIP-seq:H3K27ac,0.15548679453355294,1.0,ChIP-seq:H3K27ac x ChIP-seq:H3K4me3
UBERON:0001255,ChIP-seq:H3K4me3,ChIP-seq:H3K36me3,0.10796291140652207,1.0,ChIP-seq:H3K36me3 x ChIP-seq:H3K4me3
UBERON:0001255,ChIP-seq:H3K4me3,ChIP-seq:H3K4me1,0.05230244994163513,1.0,ChIP-seq:H3K4me1 x ChIP-seq:H3K4me3
UBERON:0001255,ChIP-seq:H3K4me3,polyA plus RNA-seq,0.006752068811979539,2.0,ChIP-seq:H3K4me3 x polyA plus RNA-seq
UBERON:0001255,ChIP-seq:H3K4me3,RNA-seq,-0.014921444149762042,2.0,ChIP-seq:H3K4me3 x RNA-seq
UBERON:0001255,polyA plus RNA-seq,DNase-seq,-0.0012578399239016988,2.0,DNase-seq x polyA plus RNA-seq
UBERON:0001255,polyA plus RNA-seq,ChIP-seq:H3K27ac,0.015359648399882846,2.0,ChIP-seq:H3K27ac x polyA plus RNA-seq
UBERON:0001255,polyA plus RNA-seq,ChIP-seq:H3K36me3,-0.020454968409563498,2.0,ChIP-seq:H3K36me3 x polyA plus RNA-seq
UBERON:0001255,polyA plus RNA-seq,ChIP-seq:H3K4me1,-0.0004192821519530335,2.0,ChIP-seq:H3K4me1 x polyA plus RNA-seq
UBERON:0001255,polyA plus RNA-seq,ChIP-seq:H3K4me3,-0.018474339329919147,2.0,ChIP-seq:H3K4me3 x polyA plus RNA-seq
UBERON:0001255,polyA plus RNA-seq,RNA-seq,-0.018436000169858996,4.0,RNA-seq x polyA plus RNA-seq
UBERON:0001255,RNA-seq,DNase-seq,0.014027106027408554,2.0,DNase-seq x RNA-seq
UBERON:0001255,RNA-seq,ChIP-seq:H3K27ac,0.015264289476621298,2.0,ChIP-seq:H3K27ac x RNA-seq
UBERON:0001255,RNA-seq,ChIP-seq:H3K36me3,-0.004026674719714615,2.0,ChIP-seq:H3K36me3 x RNA-seq
UBERON:0001255,RNA-seq,ChIP-seq:H3K4me1,-0.0029821974103865414,2.0,ChIP-seq:H3K4me1 x RNA-seq
UBERON:0001255,RNA-seq,ChIP-seq:H3K4me3,-0.009958853949467803,2.0,ChIP-seq:H3K4me3 x RNA-seq
UBERON:0001255,RNA-seq,polyA plus RNA-seq,0.06066255604469331,4.0,RNA-seq x polyA plus RNA-seq
UBERON:0000995,DNase-seq,ChIP-seq:H3K27ac,0.153783330210933,1.0,ChIP-seq:H3K27ac x DNase-seq
UBERON:0000995,DNase-seq,ChIP-seq:CTCF,0.07638960813774781,2.0,ChIP-seq:CTCF x DNase-seq
UBERON:0000995,DNase-seq,RNA-seq,-0.0013175003459549401,6.0,DNase-seq x RNA-seq
UBERON:0000995,DNase-seq,ChIP-seq:POLR2A,0.09045814616339548,2.0,ChIP-seq:POLR2A x DNase-seq
UBERON:0000995,ChIP-seq:H3K27ac,DNase-seq,0.16979976852632733,1.0,ChIP-seq:H3K27ac x DNase-seq
UBERON:0000995,ChIP-seq:H3K27ac,ChIP-seq:CTCF,0.009433033273500556,2.0,ChIP-seq:CTCF x ChIP-seq:H3K27ac
UBERON:0000995,ChIP-seq:H3K27ac,RNA-seq,0.0013135852507947451,6.0,ChIP-seq:H3K27ac x RNA-seq
UBERON:0000995,ChIP-seq:H3K27ac,ChIP-seq:POLR2A,0.03518092632293701,2.0,ChIP-seq:H3K27ac x ChIP-seq:POLR2A
UBERON:0000995,ChIP-seq:CTCF,DNase-seq,0.11600862512398502,2.0,ChIP-seq:CTCF x DNase-seq
UBERON:0000995,ChIP-seq:CTCF,ChIP-seq:H3K27ac,0.01740145876451775,2.0,ChIP-seq:CTCF x ChIP-seq:H3K27ac
UBERON:0000995,ChIP-seq:CTCF,RNA-seq,-0.0075161738968487326,12.0,ChIP-seq:CTCF x RNA-seq
UBERON:0000995,ChIP-seq:CTCF,ChIP-seq:POLR2A,0.0838111298424857,4.0,ChIP-seq:CTCF x ChIP-seq:POLR2A
UBERON:0000995,RNA-seq,DNase-seq,0.012404157249408597,6.0,DNase-seq x RNA-seq
UBERON:0000995,RNA-seq,ChIP-seq:H3K27ac,0.016148234069837952,6.0,ChIP-seq:H3K27ac x RNA-seq
UBERON:0000995,RNA-seq,ChIP-seq:CTCF,0.00021756788581804576,12.0,ChIP-seq:CTCF x RNA-seq
UBERON:0000995,RNA-seq,ChIP-seq:POLR2A,0.005815580842040834,12.0,ChIP-seq:POLR2A x RNA-seq
UBERON:0000995,ChIP-seq:POLR2A,DNase-seq,0.12562347791495238,2.0,ChIP-seq:POLR2A x DNase-seq
UBERON:0000995,ChIP-seq:POLR2A,ChIP-seq:H3K27ac,0.06149067922874733,2.0,ChIP-seq:H3K27ac x ChIP-seq:POLR2A
UBERON:0000995,ChIP-seq:POLR2A,ChIP-seq:CTCF,0.10054322083791097,4.0,ChIP-seq:CTCF x ChIP-seq:POLR2A
UBERON:0000995,ChIP-seq:POLR2A,RNA-seq,0.00669176163191491,12.0,ChIP-seq:POLR2A x RNA-seq
UBERON:0000996,DNase-seq,ChIP-seq:H3K27ac,0.048366227819595806,2.0,ChIP-seq:H3K27ac x DNase-seq
UBERON:0000996,DNase-seq,ChIP-seq:H3K4me3,0.014570360752039171,2.0,ChIP-seq:H3K4me3 x DNase-seq
UBERON:0000996,DNase-seq,ChIP-seq:CTCF,0.03576965337874843,4.0,ChIP-seq:CTCF x DNase-seq
UBERON:0000996,DNase-seq,RNA-seq,0.008403714776771968,4.0,DNase-seq x RNA-seq
UBERON:0000996,DNase-seq,ChIP-seq:POLR2A,0.012196062930992665,4.0,ChIP-seq:POLR2A x DNase-seq
UBERON:0000996,DNase-seq,ChIP-seq:POLR2AphosphoS5,0.033450037240982056,4.0,ChIP-seq:POLR2AphosphoS5 x DNase-seq
UBERON:0000996,ChIP-seq:H3K27ac,DNase-seq,0.006626671583382121,2.0,ChIP-seq:H3K27ac x DNase-seq
UBERON:0000996,ChIP-seq:H3K27ac,ChIP-seq:H3K4me3,0.3153524113255878,1.0,ChIP-seq:H3K27ac x ChIP-seq:H3K4me3
UBERON:0000996,ChIP-seq:H3K27ac,ChIP-seq:CTCF,0.0015252166811157708,2.0,ChIP-seq:CTCF x ChIP-seq:H3K27ac
UBERON:0000996,ChIP-seq:H3K27ac,RNA-seq,0.02420679961420613,2.0,ChIP-seq:H3K27ac x RNA-seq
UBERON:0000996,ChIP-seq:H3K27ac,ChIP-seq:POLR2A,0.012245655059814453,2.0,ChIP-seq:H3K27ac x ChIP-seq:POLR2A
UBERON:0000996,ChIP-seq:H3K27ac,ChIP-seq:POLR2AphosphoS5,0.059662288853100376,2.0,ChIP-seq:H3K27ac x ChIP-seq:POLR2AphosphoS5
UBERON:0000996,ChIP-seq:H3K4me3,DNase-seq,-0.04733575696183234,2.0,ChIP-seq:H3K4me3 x DNase-seq
UBERON:0000996,ChIP-seq:H3K4me3,ChIP-seq:H3K27ac,0.32452254751582205,1.0,ChIP-seq:H3K27ac x ChIP-seq:H3K4me3
UBERON:0000996,ChIP-seq:H3K4me3,ChIP-seq:CTCF,0.01501211114958221,2.0,ChIP-seq:CTCF x ChIP-seq:H3K4me3
UBERON:0000996,ChIP-seq:H3K4me3,RNA-seq,0.02574658873698192,2.0,ChIP-seq:H3K4me3 x RNA-seq
UBERON:0000996,ChIP-seq:H3K4me3,ChIP-seq:POLR2A,0.01729753826345716,2.0,ChIP-seq:H3K4me3 x ChIP-seq:POLR2A
UBERON:0000996,ChIP-seq:H3K4me3,ChIP-seq:POLR2AphosphoS5,0.016041627952030735,2.0,ChIP-seq:H3K4me3 x ChIP-seq:POLR2AphosphoS5
UBERON:0000996,ChIP-seq:CTCF,DNase-seq,-0.026815016398724828,4.0,ChIP-seq:CTCF x DNase-seq
UBERON:0000996,ChIP-seq:CTCF,ChIP-seq:H3K27ac,0.012506613852801149,2.0,ChIP-seq:CTCF x ChIP-seq:H3K27ac
UBERON:0000996,ChIP-seq:CTCF,ChIP-seq:H3K4me3,0.02035156432972398,2.0,ChIP-seq:CTCF x ChIP-seq:H3K4me3
UBERON:0000996,ChIP-seq:CTCF,RNA-seq,0.006146507876416978,4.0,ChIP-seq:CTCF x RNA-seq
UBERON:0000996,ChIP-seq:CTCF,ChIP-seq:POLR2A,0.06088736014706747,4.0,ChIP-seq:CTCF x ChIP-seq:POLR2A
UBERON:0000996,ChIP-seq:CTCF,ChIP-seq:POLR2AphosphoS5,0.017023710267884393,4.0,ChIP-seq:CTCF x ChIP-seq:POLR2AphosphoS5
UBERON:0000996,RNA-seq,DNase-seq,0.024494057213983587,4.0,DNase-seq x RNA-seq
UBERON:0000996,RNA-seq,ChIP-seq:H3K27ac,0.028362795250651277,2.0,ChIP-seq:H3K27ac x RNA-seq
UBERON:0000996,RNA-seq,ChIP-seq:H3K4me3,0.022007937729358676,2.0,ChIP-seq:H3K4me3 x RNA-seq
UBERON:0000996,RNA-seq,ChIP-seq:CTCF,0.0014731572283541456,4.0,ChIP-seq:CTCF x RNA-seq
UBERON:0000996,RNA-seq,ChIP-seq:POLR2A,0.014035882694380625,4.0,ChIP-seq:POLR2A x RNA-seq
UBERON:0000996,RNA-seq,ChIP-seq:POLR2AphosphoS5,0.006442352065018246,4.0,ChIP-seq:POLR2AphosphoS5 x RNA-seq
UBERON:0000996,ChIP-seq:POLR2A,DNase-seq,-0.0010638346837967966,4.0,ChIP-seq:POLR2A x DNase-seq
UBERON:0000996,ChIP-seq:POLR2A,ChIP-seq:H3K27ac,0.04775434290921246,2.0,ChIP-seq:H3K27ac x ChIP-seq:POLR2A
UBERON:0000996,ChIP-seq:POLR2A,ChIP-seq:H3K4me3,0.040559065827103544,2.0,ChIP-seq:H3K4me3 x ChIP-seq:POLR2A
UBERON:0000996,ChIP-seq:POLR2A,ChIP-seq:CTCF,0.1029009792734595,4.0,ChIP-seq:CTCF x ChIP-seq:POLR2A
UBERON:0000996,ChIP-seq:POLR2A,RNA-seq,0.022603737805431286,4.0,ChIP-seq:POLR2A x RNA-seq
UBERON:0000996,ChIP-seq:POLR2A,ChIP-seq:POLR2AphosphoS5,-0.1250109225511551,4.0,ChIP-seq:POLR2A x ChIP-seq:POLR2AphosphoS5
UBERON:0000996,ChIP-seq:POLR2AphosphoS5,DNase-seq,-0.01963585830226386,4.0,ChIP-seq:POLR2AphosphoS5 x DNase-seq
UBERON:0000996,ChIP-seq:POLR2AphosphoS5,ChIP-seq:H3K27ac,0.09179050558143192,2.0,ChIP-seq:H3K27ac x ChIP-seq:POLR2AphosphoS5
UBERON:0000996,ChIP-seq:POLR2AphosphoS5,ChIP-seq:H3K4me3,0.028920766641927317,2.0,ChIP-seq:H3K4me3 x ChIP-seq:POLR2AphosphoS5
UBERON:0000996,ChIP-seq:POLR2AphosphoS5,ChIP-seq:CTCF,0.04346877131976333,4.0,ChIP-seq:CTCF x ChIP-seq:POLR2AphosphoS5
UBERON:0000996,ChIP-seq:POLR2AphosphoS5,RNA-seq,0.02345940978451691,4.0,ChIP-seq:POLR2AphosphoS5 x RNA-seq
UBERON:0000996,ChIP-seq:POLR2AphosphoS5,ChIP-seq:POLR2A,-0.009318102683339796,4.0,ChIP-seq:POLR2A x ChIP-seq:POLR2AphosphoS5
